"Name","Team","Defensive.Snaps","Composite_Score","Player_Grade","Position","Season","Conference","Defensive.Grades","Run.Defense.Grade","Pass.Rush.Grade","Coverage.Grade","Batted.Passes","Assistant","Stops","Sacks","NFL.Sacks","Hits","Hurries","Total.Pressures.Generated","Beaten.Defender","Pass.Break.Up","Interception","Forced.Fumble","Fumble.Recovery","Tackle.for.Loss.or.No.Gain","Dropped.Int","Pursuit.Pressure","Unblocked.Pass.Rush","First.Contact","Negative.Plays","Pass.Rush.Plays","Pass.Rush.Win.Percentage","Pass.Rush.Pressure.Percentage","Pass.Rush.Productivity","Run.Defense.Plays","Average.Depth.of.Tackle","Negative.Rush.Defense.Percentage","Positive.Rush.Defense.Percentage","Number.of.Negative.Plays","Coverage.Snaps","Receptions.Allowed","Completion.Percentage.Allowed","Pass.Yards.Allowed","Yards.per.Reception.Allowed","Touchdowns.Allowed","First.Downs.Allowed","Interceptions","Forced.Incompletions","Passer.Rating.Allowed","Receiving.Yards.Allowed.per.Snap","Plays.of.15..Yards.Allowed","Successful.Plays.Percentage","Sacks.per.Throwaway","Open.Targets","Drops...Off.Targets.Receptions.Forced","Total.Negative.Plays","Total.Positive.Plays","X15..Yards.Allowed.Percentage","Percentage.of.Open.Targets","Percentage.of.First.Down.or.Touchdown.Allowed","Interceptions.per.Target.Coverage.Percentage","Receiving.Yards.per.Coverage.Target","Average.Depth.of.Target.per.Coverage","Forced.Incompletion.Percentage","Jersey.Number","Total.Tackles","Missed.Tackle.Percentage","Assist.Tackles","Run.Stop","Run.Tackle.for.Losss.or.No.Gain","Missed.Tackle.Percentage.on.Run.Plays","Tackles.on.Run.Plays","Assist.Tackles.on.Run.Plays","Missed.Tackles.on.Run.Plays","Pass.Stop","Pass.Tackle.for.Loss.or.No.Gain","Pass.Missed.Tackles.Percentage","Total.Tackle.Snaps","Total.Tackles..Sacks...Assists...Sacks...Missed.","Assist.on.Pass.Plays","Tackles.on.Pass.Plays","Missed.Tackles.on.Pass.Plays","Conference_Level","Row_ID","row_id"
"Mark Fielder","MCNEESE",30,100,"A","DI",2026,"Southland",88.2,73.6,88.3,62.2,0,4,1,0,0,1,1,2,2,0,0,0,0,0,0,1,0,2,0,14,"21.40%","14.30%",7.1,16,4,"0","18.80%",0,NA,NA,NA,NA,NA,NA,NA,NA,NA,NA,NA,NA,NA,NA,NA,NA,NA,NA,NA,NA,NA,NA,NA,NA,NA,98,6,"0.00%",4,0,0,"0.00%",1,3,0,1,0,"0.00%",6,6,1,1,0,"FCS",83,83
"Ben Harman","ILL STATE",51,99.23,"A","DI",2026,"Missouri Valley",78,71.5,81.5,60,0,0,2,1,0,3,7,11,0,0,0,0,0,0,0,4,1,3,1,24,"25.00%","45.80%",25,27,0,"0","7.40%",0,NA,NA,NA,NA,NA,NA,NA,NA,NA,NA,NA,NA,NA,NA,NA,NA,NA,NA,NA,NA,NA,NA,NA,NA,NA,91,2,"0.00%",0,0,0,"0.00%",0,0,0,2,0,"0.00%",2,2,0,1,0,"FCS",147,147
"Cadricus Stanley","NC A&T",46,85.7,"A","DI",2026,"CAA",80.2,75,70,68,0,4,2,1,0,0,2,3,0,0,0,0,0,0,0,0,0,3,0,22,"13.60%","13.60%",9.1,24,2.5,"0","12.50%",0,NA,NA,NA,NA,NA,NA,NA,NA,NA,NA,NA,NA,NA,NA,NA,NA,NA,NA,NA,NA,NA,NA,NA,NA,NA,92,7,"0.00%",4,1,0,"0.00%",2,3,0,1,0,"0.00%",7,7,1,0,0,"FCS",331,331
"Kevin Johnson","WEBER ST",44,85.64,"A","DI",2026,"Big Sky",76,79.7,59.1,NA,0,1,6,1,0,1,0,2,0,0,0,0,0,2,0,2,0,6,0,21,"0.00%","9.50%",7.1,23,1.57,"0","21.70%",0,NA,NA,NA,NA,NA,NA,NA,NA,NA,NA,NA,NA,NA,NA,NA,NA,NA,NA,NA,NA,NA,NA,NA,NA,NA,44,9,"0.00%",1,5,2,"0.00%",7,1,0,1,0,"0.00%",9,9,0,0,0,"FCS",208,208
"Preston Hamilton","GARD-WEBB",34,81.89,"A","DI",2026,"Big South - OVC Football Association",71.1,59.5,75.4,60,0,0,3,2,0,0,2,4,0,0,0,0,0,0,0,3,0,3,3,21,"4.80%","19.10%",14.3,13,1,"23.10%","15.40%",3,NA,NA,NA,NA,NA,NA,NA,NA,NA,NA,NA,NA,NA,NA,NA,NA,NA,NA,NA,NA,NA,NA,NA,NA,NA,93,4,"0.00%",0,1,0,"0.00%",1,0,0,2,0,"0.00%",4,4,0,1,0,"FCS",47,47
"Bobby Piland Jr.","CAL POLY",52,80.93,"A","DI",2026,"Big Sky",68.5,69.6,60.7,NA,0,2,5,1,0,0,0,1,0,0,0,0,0,3,0,1,0,3,3,26,"0.00%","3.90%",3.9,26,-0.5,"11.50%","15.40%",3,NA,NA,NA,NA,NA,NA,NA,NA,NA,NA,NA,NA,NA,NA,NA,NA,NA,NA,NA,NA,NA,NA,NA,NA,NA,90,7,"0.00%",2,4,3,"0.00%",4,2,0,1,0,"0.00%",7,7,0,0,0,"FCS",99,99
"Preston Davis","LEHIGH",40,79.76,"B","DI",2026,"Patriot",74.9,73.8,67.6,NA,0,1,1,2,0,0,1,3,1,0,0,0,0,0,0,1,0,1,1,30,"10.00%","10.00%",8.3,10,0,"10.00%","50.00%",1,NA,NA,NA,NA,NA,NA,NA,NA,NA,NA,NA,NA,NA,NA,NA,NA,NA,NA,NA,NA,NA,NA,NA,NA,NA,99,3,"0.00%",1,0,0,"0.00%",0,1,0,1,0,"0.00%",3,3,0,0,0,"FCS",149,149
"Ugo Nwotite","VILLANOVA",57,77.03,"B","DI",2026,"Patriot",72.2,72.9,71,NA,0,2,2,0,0,0,4,4,1,0,0,0,0,2,0,0,0,3,4,23,"21.70%","17.40%",8.7,34,0,"8.80%","20.60%",3,NA,NA,NA,NA,NA,NA,NA,NA,NA,NA,NA,NA,NA,NA,NA,NA,NA,NA,NA,NA,NA,NA,NA,NA,NA,96,4,"20.00%",2,2,2,"20.00%",2,2,1,0,0,"0.00%",5,5,0,0,0,"FCS",164,164
"Jamarr Jones","TENN TECH",43,76.51,"B","DI",2026,"Southern",66.6,69.5,78.3,59.2,0,0,1,0,0,1,4,5,2,0,0,0,0,1,0,1,0,2,3,28,"21.40%","17.90%",8.9,14,2.5,"14.30%","21.40%",2,1,0,"0.00%",0,0,0,0,0,0,0,0,0,"100%",0,0,0,0,0,"0.00%","0.00%","0.00%","0.00%",0,0,"0.00%",65,2,"0.00%",0,1,1,"0.00%",2,0,0,0,0,"0.00%",2,2,0,0,0,"FCS",119,119
"Khalib Robinson","CHISTA",58,76.17,"B","DI",2026,"IND (FCS)",82.5,79.8,73.2,60,0,0,3,0,0,1,3,4,3,0,0,0,0,0,0,1,0,5,1,26,"23.10%","15.40%",7.7,32,1.33,"3.10%","25.00%",1,NA,NA,NA,NA,NA,NA,NA,NA,NA,NA,NA,NA,NA,NA,NA,NA,NA,NA,NA,NA,NA,NA,NA,NA,NA,91,4,"33.30%",0,3,0,"25.00%",3,0,1,0,0,"50.00%",6,6,0,1,1,"FCS",129,129
"Capri Martin","VILLANOVA",65,75.07,"B","DI",2026,"Patriot",78.3,81.8,60.6,NA,0,0,6,0,0,0,0,0,2,0,0,0,0,3,0,0,0,6,2,25,"8.00%","0.00%",0,40,0.71,"5.00%","20.00%",2,NA,NA,NA,NA,NA,NA,NA,NA,NA,NA,NA,NA,NA,NA,NA,NA,NA,NA,NA,NA,NA,NA,NA,NA,NA,0,7,"12.50%",0,6,3,"12.50%",7,0,1,0,0,"0.00%",8,8,0,0,0,"FCS",59,59
"Beau Shugarts","CITADEL",19,74.62,"B","DI",2026,"Southern",77.6,74.8,66.5,NA,0,1,2,1,0,0,0,1,0,0,0,0,0,1,0,0,0,2,0,5,"20.00%","20.00%",20,14,0,"0","21.40%",0,NA,NA,NA,NA,NA,NA,NA,NA,NA,NA,NA,NA,NA,NA,NA,NA,NA,NA,NA,NA,NA,NA,NA,NA,NA,52,3,"0.00%",1,1,1,"0.00%",1,1,0,1,0,"0.00%",3,3,0,0,0,"FCS",50,50
"Case Mankins","RHODE ISLD",53,74.07,"B","DI",2026,"CAA",73.6,75.9,62.3,NA,0,1,3,1,0,0,0,1,0,0,0,1,0,1,0,0,0,4,0,26,"3.90%","3.90%",3.9,27,5.5,"0","11.10%",0,NA,NA,NA,NA,NA,NA,NA,NA,NA,NA,NA,NA,NA,NA,NA,NA,NA,NA,NA,NA,NA,NA,NA,NA,NA,97,6,"0.00%",1,2,1,"0.00%",4,1,0,1,0,"0.00%",6,6,0,0,0,"FCS",92,92
"TJ Baldwin","RICHMOND",35,74,"B","DI",2026,"Patriot",81.5,84.1,57,61.8,0,3,3,0,0,0,0,0,0,0,0,0,0,3,0,0,0,4,0,16,"0.00%","0.00%",0,19,-0.33,"0","21.10%",0,NA,NA,NA,NA,NA,NA,NA,NA,NA,NA,NA,NA,NA,NA,NA,NA,NA,NA,NA,NA,NA,NA,NA,NA,NA,5,6,"0.00%",3,3,3,"0.00%",3,2,0,0,0,"0.00%",6,6,1,0,0,"FCS",58,58
"Eugene Allen IV","NORFOLK",24,72.77,"B","DI",2026,"MEAC",88.5,80.9,86.6,NA,1,0,3,0,0,0,1,1,0,0,0,0,0,1,0,0,0,3,1,18,"5.60%","5.60%",2.8,6,-1,"0","50.00%",0,NA,NA,NA,NA,NA,NA,NA,NA,NA,NA,NA,NA,NA,NA,NA,NA,NA,NA,NA,NA,NA,NA,NA,NA,NA,52,3,"0.00%",0,3,1,"0.00%",3,0,0,0,0,"0.00%",3,3,0,0,0,"FCS",341,341
"Amondi James","NC A&T",49,71.35,"B","DI",2026,"CAA",67.8,70.8,58.9,NA,0,1,2,1,0,0,1,2,0,0,0,0,0,2,0,2,0,4,1,26,"0.00%","7.70%",5.8,23,1.67,"4.30%","8.70%",1,NA,NA,NA,NA,NA,NA,NA,NA,NA,NA,NA,NA,NA,NA,NA,NA,NA,NA,NA,NA,NA,NA,NA,NA,NA,97,5,"0.00%",1,2,2,"0.00%",3,1,0,0,0,"0.00%",5,5,0,0,0,"FCS",70,70
"Chris Chol","DARTMOUTH",29,71.06,"B","DI",2026,"Ivy",83.9,67.6,90.2,NA,1,1,2,0,0,0,1,1,1,0,0,0,0,0,0,0,0,4,3,14,"14.30%","7.10%",3.6,15,2.5,"13.30%","26.70%",2,NA,NA,NA,NA,NA,NA,NA,NA,NA,NA,NA,NA,NA,NA,NA,NA,NA,NA,NA,NA,NA,NA,NA,NA,NA,96,3,"25.00%",1,2,0,"25.00%",2,1,1,0,0,"0.00%",4,4,0,0,0,"FCS",308,308
"Dean Mangiocavallo","GEORGETOWN",82,70.58,"B","DI",2026,"Patriot",65,47,81.4,NA,0,1,1,0,0,4,5,9,1,0,0,0,0,1,0,0,1,2,5,46,"19.60%","19.60%",9.8,36,2.5,"13.90%","11.10%",5,NA,NA,NA,NA,NA,NA,NA,NA,NA,NA,NA,NA,NA,NA,NA,NA,NA,NA,NA,NA,NA,NA,NA,NA,NA,0,3,"25.00%",1,1,1,"25.00%",2,1,1,0,0,"0.00%",4,4,0,0,0,"FCS",287,287
"Dishawn Misa","E WASHGTON",52,70.3,"B","DI",2026,"Big Sky",68.7,69.8,61.2,NA,0,2,2,1,0,0,1,2,0,0,0,1,0,0,0,0,1,2,1,22,"4.50%","9.10%",6.8,30,6,"3.30%","10.00%",1,NA,NA,NA,NA,NA,NA,NA,NA,NA,NA,NA,NA,NA,NA,NA,NA,NA,NA,NA,NA,NA,NA,NA,NA,NA,12,5,"0.00%",2,1,0,"0.00%",2,2,0,1,0,"0.00%",5,5,0,0,0,"FCS",37,37
"Hudson Page","ABILENE CH",61,69.79,"B","DI",2026,"United Athletic",61.5,58.3,65.6,NA,0,1,4,1,0,2,1,4,0,0,0,0,0,0,0,1,0,4,8,18,"16.70%","22.20%",13.9,43,6,"16.30%","11.60%",7,NA,NA,NA,NA,NA,NA,NA,NA,NA,NA,NA,NA,NA,NA,NA,NA,NA,NA,NA,NA,NA,NA,NA,NA,NA,42,7,"12.50%",1,3,0,"0.00%",5,1,0,1,0,"50.00%",8,8,0,0,1,"FCS",357,357
"Christian Ware-Terry","Argonauts",34,68.75,"B","DI",2026,"United Athletic",78.3,76.5,62.3,61.8,0,1,6,0,0,0,0,0,0,0,0,0,1,2,0,0,0,6,1,11,"0.00%","0.00%",0,23,1.17,"4.30%","21.70%",1,NA,NA,NA,NA,NA,NA,NA,NA,NA,NA,NA,NA,NA,NA,NA,NA,NA,NA,NA,NA,NA,NA,NA,NA,NA,15,8,"0.00%",1,5,2,"0.00%",6,1,0,1,0,"0.00%",8,8,0,1,0,"FCS",335,335
"Bergan Tetzlaff","S DAK ST",15,68.48,"B","DI",2026,"Missouri Valley",79.8,73.6,71,NA,0,1,1,1,0,0,0,1,0,0,0,0,1,0,0,0,0,1,0,7,"14.30%","14.30%",14.3,8,0,"0","25.00%",0,NA,NA,NA,NA,NA,NA,NA,NA,NA,NA,NA,NA,NA,NA,NA,NA,NA,NA,NA,NA,NA,NA,NA,NA,NA,36,2,"0.00%",1,0,0,"0.00%",0,1,0,1,0,"0.00%",2,2,0,0,0,"FCS",350,350
"Nicholas Mathious","WOFFORD",53,67.92,"B","DI",2026,"Southern",71.1,57.5,71.6,61.4,0,1,2,0,0,0,5,5,3,0,0,0,0,1,0,0,1,3,4,34,"20.60%","14.70%",7.3,19,0,"21.10%","15.80%",4,NA,NA,NA,NA,NA,NA,NA,NA,NA,NA,NA,NA,NA,NA,NA,NA,NA,NA,NA,NA,NA,NA,NA,NA,NA,95,3,"40.00%",1,1,1,"50.00%",1,1,2,1,0,"0.00%",5,5,0,1,0,"FCS",270,270
"Braxton Lassiter","RICHMOND",55,67.42,"B","DI",2026,"Patriot",72.5,71.8,63.4,61.8,0,2,2,1,0,0,2,3,0,0,0,0,0,1,0,0,0,3,1,37,"8.10%","8.10%",5.4,18,0,"5.60%","11.10%",1,NA,NA,NA,NA,NA,NA,NA,NA,NA,NA,NA,NA,NA,NA,NA,NA,NA,NA,NA,NA,NA,NA,NA,NA,NA,8,4,"0.00%",2,0,0,"0.00%",0,2,0,2,1,"0.00%",4,4,0,1,0,"FCS",141,141
"Joe Kelly","COLGATE",48,67.14,"B","DI",2026,"Patriot",53.1,59.7,70,37,0,1,1,2,0,0,3,5,0,0,0,0,0,0,0,0,0,3,5,31,"16.10%","16.10%",11.3,16,0,"12.50%","6.30%",2,1,1,"100%",16,16,0,1,0,0,118.8,16,1,"0.00%",0,0,0,1,0,"100%","0.00%","100%","0.00%",16,8,"0.00%",0,3,"40.00%",1,0,0,"0.00%",0,1,0,1,0,"50.00%",5,5,0,0,2,"FCS",223,223
"Liam Fitzgerald","BROWN",48,66.23,"B","DI",2026,"Ivy",63.2,53.9,71.5,NA,0,0,3,2,0,0,0,2,0,0,0,0,0,0,0,1,0,3,3,24,"4.20%","8.30%",8.3,24,4,"12.50%","4.20%",3,NA,NA,NA,NA,NA,NA,NA,NA,NA,NA,NA,NA,NA,NA,NA,NA,NA,NA,NA,NA,NA,NA,NA,NA,NA,94,3,"25.00%",0,1,0,"50.00%",1,0,1,2,0,"0.00%",4,4,0,0,0,"FCS",210,210
"Rodney Mills","LIUSHAR",45,65.05,"B","DI",2026,"Northeast",75.7,71,71.5,NA,0,0,1,0,0,1,4,5,1,0,0,0,0,0,0,0,1,3,1,21,"23.80%","23.80%",11.9,24,4,"4.20%","16.70%",1,NA,NA,NA,NA,NA,NA,NA,NA,NA,NA,NA,NA,NA,NA,NA,NA,NA,NA,NA,NA,NA,NA,NA,NA,NA,40,2,"0.00%",0,1,0,"0.00%",2,0,0,0,0,"0.00%",2,2,0,0,0,"FCS",203,203
"Sean Kabengele","LAFAYETTE",34,64.89,"B","DI",2026,"Patriot",79.5,73.9,70.3,61.7,0,1,2,0,0,0,3,3,0,0,0,0,0,1,0,0,0,0,0,16,"18.80%","18.80%",9.4,18,3,"0","16.70%",0,NA,NA,NA,NA,NA,NA,NA,NA,NA,NA,NA,NA,NA,NA,NA,NA,NA,NA,NA,NA,NA,NA,NA,NA,NA,91,3,"0.00%",1,1,0,"0.00%",1,1,0,1,1,"0.00%",3,3,0,1,0,"FCS",253,253
"Sidiq Cabaniss-Ali","NC A&T",21,63.91,"B","DI",2026,"CAA",70.4,60.6,77,NA,0,0,1,1,0,0,0,1,0,0,0,1,0,0,0,1,0,2,1,9,"0.00%","11.10%",11.1,12,3,"8.30%","0",1,NA,NA,NA,NA,NA,NA,NA,NA,NA,NA,NA,NA,NA,NA,NA,NA,NA,NA,NA,NA,NA,NA,NA,NA,NA,94,2,"0.00%",0,0,0,"0.00%",1,0,0,1,0,"0.00%",2,2,0,0,0,"FCS",258,258
"Zion Finau","WEBER ST",37,63.42,"B","DI",2026,"Big Sky",71.5,58.1,90.3,NA,0,0,1,1,0,0,0,1,0,0,0,1,0,0,0,0,0,2,3,17,"5.90%","5.90%",5.9,20,0,"10.00%","0",2,NA,NA,NA,NA,NA,NA,NA,NA,NA,NA,NA,NA,NA,NA,NA,NA,NA,NA,NA,NA,NA,NA,NA,NA,NA,90,1,"50.00%",0,0,0,"100%",0,0,1,1,0,"0.00%",2,2,0,0,0,"FCS",284,284
"Jamarion Stevenson","Argonauts",34,62.62,"B","DI",2026,"United Athletic",69,66.7,65.4,NA,0,1,2,1,0,0,1,2,0,0,0,0,0,1,0,0,0,1,0,16,"12.50%","12.50%",9.4,18,-1,"0","0",0,NA,NA,NA,NA,NA,NA,NA,NA,NA,NA,NA,NA,NA,NA,NA,NA,NA,NA,NA,NA,NA,NA,NA,NA,NA,44,3,"0.00%",1,1,1,"0.00%",1,1,0,1,0,"0.00%",3,3,0,0,0,"FCS",218,218
"Isaiah Boyd","ALBANY",45,61.87,"B","DI",2026,"CAA",66.1,66.4,60.6,NA,0,0,3,1,0,0,0,1,0,0,0,0,0,2,0,0,0,4,2,19,"5.30%","5.30%",5.3,26,1.33,"7.70%","7.70%",2,NA,NA,NA,NA,NA,NA,NA,NA,NA,NA,NA,NA,NA,NA,NA,NA,NA,NA,NA,NA,NA,NA,NA,NA,NA,55,4,"0.00%",0,2,2,"0.00%",3,0,0,1,0,"0.00%",4,4,0,0,0,"FCS",19,19
"Isaiah Perez","E WASHGTON",54,61.46,"B","DI",2026,"Big Sky",70.5,67.6,67.9,NA,0,0,2,0,0,0,2,2,2,0,0,0,0,2,0,0,0,2,3,24,"16.70%","8.30%",4.2,30,-1.5,"10.00%","16.70%",3,NA,NA,NA,NA,NA,NA,NA,NA,NA,NA,NA,NA,NA,NA,NA,NA,NA,NA,NA,NA,NA,NA,NA,NA,NA,4,2,"0.00%",0,2,2,"0.00%",2,0,0,0,0,"0.00%",2,2,0,0,0,"FCS",16,16
"Maxton Woodward","SAMFORD",23,61.03,"B","DI",2026,"Southern",82.7,84.3,57.1,NA,0,1,4,0,0,0,0,0,0,0,0,0,0,2,0,0,0,5,0,6,"0.00%","0.00%",0,17,0.75,"0","23.50%",0,NA,NA,NA,NA,NA,NA,NA,NA,NA,NA,NA,NA,NA,NA,NA,NA,NA,NA,NA,NA,NA,NA,NA,NA,NA,95,5,"0.00%",1,4,2,"0.00%",4,1,0,0,0,"0.00%",5,5,0,0,0,"FCS",175,175
"Jack Middleton","BROWN",42,60.91,"B","DI",2026,"Ivy",80.6,82.1,66,NA,0,2,2,0,0,1,0,1,0,0,0,0,0,0,0,0,0,2,0,19,"5.30%","5.30%",2.6,23,2.5,"0","26.10%",0,NA,NA,NA,NA,NA,NA,NA,NA,NA,NA,NA,NA,NA,NA,NA,NA,NA,NA,NA,NA,NA,NA,NA,NA,NA,91,4,"0.00%",2,2,0,"0.00%",2,2,0,0,0,"0.00%",4,4,0,0,0,"FCS",273,273
"Zekiel Seumalo","MONTANA",30,59.93,"C","DI",2026,"Big Sky",67.4,75.1,59.6,59.4,0,0,2,1,0,1,0,2,0,0,0,0,0,1,0,0,0,2,0,21,"9.50%","9.50%",7.1,7,0,"0","28.60%",0,2,0,"0.00%",0,0,0,0,0,0,0,0,0,"50.00%",0,0,0,0,0,"0.00%","0.00%","0.00%","0.00%",0,0,"0.00%",92,3,"0.00%",0,1,1,"0.00%",2,0,0,1,0,"0.00%",3,3,0,0,0,"FCS",313,313
"Sean Curtis","LAFAYETTE",42,59,"C","DI",2026,"Patriot",67.9,71.2,55.8,NA,0,1,3,0,0,0,2,2,0,0,0,0,0,2,0,1,1,4,2,18,"0.00%","11.10%",5.6,24,1,"8.30%","16.70%",2,NA,NA,NA,NA,NA,NA,NA,NA,NA,NA,NA,NA,NA,NA,NA,NA,NA,NA,NA,NA,NA,NA,NA,NA,NA,90,5,"0.00%",1,3,2,"0.00%",4,1,0,0,0,"0.00%",5,5,0,0,0,"FCS",252,252
"Cody Ford","STF AUSTIN",21,57.8,"C","DI",2026,"Southland",65.2,63.7,62.6,NA,0,1,1,1,0,0,1,2,0,0,0,0,0,0,0,1,0,2,0,14,"7.10%","14.30%",10.7,7,3,"0","0",0,NA,NA,NA,NA,NA,NA,NA,NA,NA,NA,NA,NA,NA,NA,NA,NA,NA,NA,NA,NA,NA,NA,NA,NA,NA,97,3,"0.00%",1,0,0,"0.00%",1,1,0,1,0,"0.00%",3,3,0,0,0,"FCS",225,225
"Isaiah Harvey","CHATTNOOGA",24,56.82,"C","DI",2026,"Southern",69.4,65.2,67.1,NA,0,0,1,1,0,0,2,3,0,0,0,0,0,0,0,1,0,1,0,14,"14.30%","21.40%",14.3,10,0,"0","0",0,NA,NA,NA,NA,NA,NA,NA,NA,NA,NA,NA,NA,NA,NA,NA,NA,NA,NA,NA,NA,NA,NA,NA,NA,NA,90,1,"0.00%",0,0,0,"0.00%",0,0,0,1,0,"0.00%",1,1,0,0,0,"FCS",152,152
"Michael Vaughn","LAFAYETTE",53,56.66,"C","DI",2026,"Patriot",60.8,59.6,69,NA,0,1,1,0,0,3,3,6,1,0,0,0,0,0,0,0,1,3,7,25,"24.00%","24.00%",12,28,2,"17.90%","21.40%",5,NA,NA,NA,NA,NA,NA,NA,NA,NA,NA,NA,NA,NA,NA,NA,NA,NA,NA,NA,NA,NA,NA,NA,NA,NA,95,2,"50.00%",1,1,0,"33.30%",1,1,1,0,0,"100%",4,4,0,0,1,"FCS",77,77
"Derek Berlitz","MAINE",39,56.28,"C","DI",2026,"CAA",72.4,72.3,63.5,60,0,1,1,0,0,1,0,1,1,0,0,0,0,1,0,0,0,3,1,22,"9.10%","4.50%",2.3,17,-2,"5.90%","23.50%",1,NA,NA,NA,NA,NA,NA,NA,NA,NA,NA,NA,NA,NA,NA,NA,NA,NA,NA,NA,NA,NA,NA,NA,NA,NA,27,4,"0.00%",1,1,1,"0.00%",1,1,0,0,0,"0.00%",4,4,0,2,0,"FCS",53,53
"Jordan Pritchard-Sewell","YNGTOWN ST",42,55.86,"C","DI",2026,"Missouri Valley",63.4,62.9,61,NA,0,2,0,0,0,0,2,2,1,0,0,0,1,0,0,1,0,1,2,21,"9.50%","9.50%",4.8,21,7,"4.80%","4.80%",1,NA,NA,NA,NA,NA,NA,NA,NA,NA,NA,NA,NA,NA,NA,NA,NA,NA,NA,NA,NA,NA,NA,NA,NA,NA,9,3,"0.00%",2,0,0,"0.00%",1,2,0,0,0,"0.00%",3,3,0,0,0,"FCS",196,196
"Garrison Butler","FURMAN",29,55.71,"C","DI",2026,"Southern",68.8,77.2,60.4,NA,0,1,1,0,0,0,2,2,0,0,0,0,0,1,0,0,1,4,1,14,"7.10%","14.30%",7.1,15,0,"6.70%","20.00%",1,NA,NA,NA,NA,NA,NA,NA,NA,NA,NA,NA,NA,NA,NA,NA,NA,NA,NA,NA,NA,NA,NA,NA,NA,NA,7,4,"0.00%",1,1,1,"0.00%",3,1,0,0,0,"0.00%",4,4,0,0,0,"FCS",169,169
"Lloyd Johnson","INCAR WORD",30,55.52,"C","DI",2026,"Southland",71.2,61.7,62.5,61.8,0,2,1,1,0,0,0,1,0,0,0,1,0,0,0,1,0,0,1,14,"0.00%","7.10%",7.1,16,0,"6.30%","0",1,NA,NA,NA,NA,NA,NA,NA,NA,NA,NA,NA,NA,NA,NA,NA,NA,NA,NA,NA,NA,NA,NA,NA,NA,NA,91,3,"0.00%",2,0,0,"0.00%",0,2,0,1,0,"0.00%",3,3,0,0,0,"FCS",54,54
"Chris Campanelli","NEW HAMP",37,55.22,"C","DI",2026,"CAA",75.6,74,65.7,NA,0,3,0,0,0,0,1,1,0,0,0,0,0,0,0,0,0,1,0,7,"14.30%","14.30%",7.1,30,0,"0","10.00%",0,NA,NA,NA,NA,NA,NA,NA,NA,NA,NA,NA,NA,NA,NA,NA,NA,NA,NA,NA,NA,NA,NA,NA,NA,NA,66,3,"0.00%",3,0,0,"0.00%",0,3,0,0,0,"0.00%",3,3,0,0,0,"FCS",280,280
"Marcellus Nash","HAMPTON",29,54.78,"C","DI",2026,"CAA",69.8,70.3,60.7,NA,1,2,1,0,0,0,1,1,0,0,0,0,0,1,0,1,0,2,1,11,"0.00%","9.10%",4.5,18,0.5,"5.60%","16.70%",1,NA,NA,NA,NA,NA,NA,NA,NA,NA,NA,NA,NA,NA,NA,NA,NA,NA,NA,NA,NA,NA,NA,NA,NA,NA,6,4,"0.00%",2,1,1,"0.00%",2,2,0,0,0,"0.00%",4,4,0,0,0,"FCS",134,134
"Marquacious Wright","LIUSHAR",46,54.63,"C","DI",2026,"Northeast",58.5,53.2,64.9,NA,0,0,1,1,0,0,1,2,1,0,0,0,0,0,0,1,0,3,3,22,"9.10%","9.10%",6.8,24,6,"12.50%","0",3,NA,NA,NA,NA,NA,NA,NA,NA,NA,NA,NA,NA,NA,NA,NA,NA,NA,NA,NA,NA,NA,NA,NA,NA,NA,44,3,"0.00%",0,0,0,"0.00%",2,0,0,1,0,"0.00%",3,3,0,0,0,"FCS",365,365
"Travis Jones","ILL STATE",47,54.22,"C","DI",2026,"Missouri Valley",65.8,66.6,59.8,60,1,1,3,0,0,0,0,0,1,0,0,0,0,2,0,0,0,3,2,20,"5.00%","0.00%",0,27,-1,"7.40%","14.80%",2,NA,NA,NA,NA,NA,NA,NA,NA,NA,NA,NA,NA,NA,NA,NA,NA,NA,NA,NA,NA,NA,NA,NA,NA,NA,92,4,"20.00%",1,2,2,"25.00%",2,1,1,1,0,"0.00%",5,5,0,1,0,"FCS",106,106
"Dawson Rodd","COLGATE",25,53.8,"C","DI",2026,"Patriot",71.8,72.1,62.4,NA,0,0,1,1,0,0,0,1,0,0,0,0,0,0,0,1,0,2,0,12,"0.00%","8.30%",8.3,13,1,"0","15.40%",0,NA,NA,NA,NA,NA,NA,NA,NA,NA,NA,NA,NA,NA,NA,NA,NA,NA,NA,NA,NA,NA,NA,NA,NA,NA,65,2,"0.00%",0,1,0,"0.00%",1,0,0,0,0,"0.00%",2,2,0,0,0,"FCS",238,238
"Bryce Rooks","MONMOUTH",39,53.65,"C","DI",2026,"CAA",64.5,66.2,59.1,NA,0,0,2,1,0,0,0,1,0,0,0,0,0,1,0,1,0,3,1,23,"0.00%","4.30%",4.3,16,1.5,"6.30%","12.50%",1,NA,NA,NA,NA,NA,NA,NA,NA,NA,NA,NA,NA,NA,NA,NA,NA,NA,NA,NA,NA,NA,NA,NA,NA,NA,92,3,"0.00%",0,2,1,"0.00%",2,0,0,0,0,"0.00%",3,3,0,0,0,"FCS",38,38
"JJ Lewis","MONMOUTH",56,53.49,"C","DI",2026,"CAA",68.3,62.8,70.9,NA,0,1,2,0,0,2,1,3,1,0,0,0,1,0,0,0,0,7,7,26,"15.40%","11.50%",5.8,30,2,"23.30%","33.30%",7,NA,NA,NA,NA,NA,NA,NA,NA,NA,NA,NA,NA,NA,NA,NA,NA,NA,NA,NA,NA,NA,NA,NA,NA,NA,8,3,"50.00%",1,2,0,"50.00%",2,1,3,0,0,"0.00%",6,6,0,0,0,"FCS",256,256
"Mason Burke","LNDNWD",31,53.33,"C","DI",2026,"Big South - OVC Football Association",68.8,69.2,61.6,60,1,4,0,0,0,0,1,1,0,0,0,0,0,0,0,0,0,1,0,17,"5.90%","5.90%",2.9,14,0,"0","7.10%",0,NA,NA,NA,NA,NA,NA,NA,NA,NA,NA,NA,NA,NA,NA,NA,NA,NA,NA,NA,NA,NA,NA,NA,NA,NA,4,4,"0.00%",4,0,0,"0.00%",0,3,0,0,0,"0.00%",4,4,1,0,0,"FCS",212,212
"David Alexander","CITADEL",30,52.61,"C","DI",2026,"Southern",78.3,79.8,58.2,NA,0,0,4,0,0,0,1,1,0,0,0,0,0,1,0,1,0,5,0,10,"0.00%","10.00%",5,20,1.5,"0","20.00%",0,NA,NA,NA,NA,NA,NA,NA,NA,NA,NA,NA,NA,NA,NA,NA,NA,NA,NA,NA,NA,NA,NA,NA,NA,NA,98,4,"20.00%",0,4,1,"0.00%",4,0,0,0,0,"100%",5,5,0,0,1,"FCS",130,130
"Jacinto Lopez","HARVARD",34,52.6,"C","DI",2026,"Ivy",74.5,80.8,55.5,60,0,2,2,0,0,0,0,0,0,0,0,0,0,1,0,0,0,3,0,18,"0.00%","0.00%",0,16,1,"0","18.80%",0,NA,NA,NA,NA,NA,NA,NA,NA,NA,NA,NA,NA,NA,NA,NA,NA,NA,NA,NA,NA,NA,NA,NA,NA,NA,59,4,"0.00%",2,2,1,"0.00%",2,2,0,0,0,"0.00%",4,4,0,0,0,"FCS",112,112
"Nathan Marsh","BROWN",31,52.56,"C","DI",2026,"Ivy",71.1,73.9,61.5,NA,0,0,1,1,0,0,0,1,0,0,0,1,0,0,0,0,1,2,0,21,"0.00%","4.80%",4.8,10,0,"0","30.00%",0,NA,NA,NA,NA,NA,NA,NA,NA,NA,NA,NA,NA,NA,NA,NA,NA,NA,NA,NA,NA,NA,NA,NA,NA,NA,40,1,"0.00%",0,0,0,"0.00%",0,0,0,1,0,"0.00%",1,1,0,0,0,"FCS",211,211
"Jordan Jones","CAMPBELL",36,52.36,"C","DI",2026,"CAA",77.3,89.9,55.2,NA,0,0,2,0,0,0,0,0,0,0,0,0,0,2,0,0,0,2,0,23,"0.00%","0.00%",0,13,-1.5,"0","15.40%",0,NA,NA,NA,NA,NA,NA,NA,NA,NA,NA,NA,NA,NA,NA,NA,NA,NA,NA,NA,NA,NA,NA,NA,NA,NA,15,2,"0.00%",0,2,2,"0.00%",2,0,0,0,0,"0.00%",2,2,0,0,0,"FCS",234,234
"Ejike Brown","HOUCHR",39,51.9,"C","DI",2026,"Southland",66.6,58.2,64.1,61,0,1,2,1,0,0,1,2,0,0,0,0,0,0,0,0,0,3,2,20,"10.00%","10.00%",7.5,19,0,"10.50%","0",2,NA,NA,NA,NA,NA,NA,NA,NA,NA,NA,NA,NA,NA,NA,NA,NA,NA,NA,NA,NA,NA,NA,NA,NA,NA,10,3,"0.00%",1,0,0,"0.00%",0,1,0,2,0,"0.00%",3,3,0,1,0,"FCS",128,128
"Logan Candis","NORFOLK",29,51.87,"C","DI",2026,"MEAC",74.5,78,61.2,NA,0,2,1,0,0,0,0,0,1,0,0,0,0,0,0,0,0,2,0,21,"4.80%","0.00%",0,8,1,"0","50.00%",0,NA,NA,NA,NA,NA,NA,NA,NA,NA,NA,NA,NA,NA,NA,NA,NA,NA,NA,NA,NA,NA,NA,NA,NA,NA,65,3,"0.00%",2,1,0,"0.00%",1,2,0,0,0,"0.00%",3,3,0,0,0,"FCS",317,317
"Kai Baugh","TXAMEA",47,51.66,"C","DI",2026,"Southland",70.8,74.6,55.8,NA,0,3,2,0,0,0,0,0,0,0,0,0,0,1,0,0,0,2,0,20,"0.00%","0.00%",0,27,-0.5,"0","11.10%",0,NA,NA,NA,NA,NA,NA,NA,NA,NA,NA,NA,NA,NA,NA,NA,NA,NA,NA,NA,NA,NA,NA,NA,NA,NA,42,5,"0.00%",3,2,1,"0.00%",2,3,0,0,0,"0.00%",5,5,0,0,0,"FCS",333,333
"Dh'King Brown","WOFFORD",27,51.35,"C","DI",2026,"Southern",62.9,64.1,65.7,60,0,0,1,1,0,0,0,1,1,0,0,0,0,0,0,0,1,2,1,17,"5.90%","5.90%",5.9,10,0,"0","0",0,NA,NA,NA,NA,NA,NA,NA,NA,NA,NA,NA,NA,NA,NA,NA,NA,NA,NA,NA,NA,NA,NA,NA,NA,NA,91,1,"50.00%",0,0,0,"0.00%",0,0,0,1,0,"50.00%",2,2,0,0,1,"FCS",269,269
"Jackson Stortz","N IOWA",37,51.14,"C","DI",2026,"Missouri Valley",71.8,71.4,64.8,NA,0,1,0,0,0,1,1,2,1,0,0,0,0,0,0,0,0,3,0,23,"13.00%","8.70%",4.3,14,1.5,"0","7.10%",0,NA,NA,NA,NA,NA,NA,NA,NA,NA,NA,NA,NA,NA,NA,NA,NA,NA,NA,NA,NA,NA,NA,NA,NA,NA,92,3,"0.00%",1,0,0,"0.00%",2,1,0,0,0,"0.00%",3,3,0,0,0,"FCS",64,64
"Isaac Saffold","GEORGETOWN",34,50.69,"C","DI",2026,"Patriot",64.2,56.2,68.9,NA,0,0,0,0,0,0,1,1,3,0,0,0,0,0,0,0,0,0,1,20,"20.00%","5.00%",2.5,14,6,"7.10%","0",1,NA,NA,NA,NA,NA,NA,NA,NA,NA,NA,NA,NA,NA,NA,NA,NA,NA,NA,NA,NA,NA,NA,NA,NA,NA,99,1,"0.00%",0,0,0,"0.00%",1,0,0,0,0,"0.00%",1,1,0,0,0,"FCS",148,148
"Sam Greenspan","CORNELL",44,50.58,"C","DI",2026,"Ivy",74.8,73.4,67.5,60,0,0,1,0,0,0,1,1,1,0,0,0,0,0,0,0,0,1,1,30,"6.70%","3.30%",1.7,14,2,"7.10%","14.30%",1,NA,NA,NA,NA,NA,NA,NA,NA,NA,NA,NA,NA,NA,NA,NA,NA,NA,NA,NA,NA,NA,NA,NA,NA,NA,88,2,"0.00%",0,1,0,"0.00%",1,0,0,0,0,"0.00%",2,2,0,1,0,"FCS",182,182
"Kortlin Rausaw","ABILENE CH",58,50.54,"C","DI",2026,"United Athletic",65.6,64.6,62.9,NA,0,1,2,0,0,0,1,1,1,0,0,0,0,1,0,0,0,3,3,18,"11.10%","5.60%",2.8,40,1,"7.50%","5.00%",3,NA,NA,NA,NA,NA,NA,NA,NA,NA,NA,NA,NA,NA,NA,NA,NA,NA,NA,NA,NA,NA,NA,NA,NA,NA,9,3,"0.00%",1,2,1,"0.00%",2,1,0,0,0,"0.00%",3,3,0,0,0,"FCS",1,1
"Chris Jackson II","HAMPTON",45,50.18,"C","DI",2026,"CAA",66,69.3,55.6,NA,0,1,3,0,0,0,0,0,0,0,0,0,0,2,0,0,0,2,2,21,"0.00%","0.00%",0,24,2.33,"8.30%","16.70%",2,NA,NA,NA,NA,NA,NA,NA,NA,NA,NA,NA,NA,NA,NA,NA,NA,NA,NA,NA,NA,NA,NA,NA,NA,NA,90,4,"0.00%",1,3,2,"0.00%",3,1,0,0,0,"0.00%",4,4,0,0,0,"FCS",90,90
"Calvin Kalu-Alexander","HOUCHR",31,50.14,"C","DI",2026,"Southland",76.7,74.9,67.1,NA,0,0,1,0,0,0,2,2,0,0,0,0,0,0,0,0,0,2,0,12,"16.70%","16.70%",8.3,19,2.5,"0","15.80%",0,NA,NA,NA,NA,NA,NA,NA,NA,NA,NA,NA,NA,NA,NA,NA,NA,NA,NA,NA,NA,NA,NA,NA,NA,NA,34,2,"0.00%",0,1,0,"0.00%",2,0,0,0,0,"0.00%",2,2,0,0,0,"FCS",324,324
"Mario Kljajic","CAMPBELL",33,50.09,"C","DI",2026,"CAA",69.5,72.2,60,60,0,1,1,0,0,0,0,0,1,0,0,0,0,1,0,0,0,1,0,23,"4.30%","0.00%",0,10,0,"0","20.00%",0,NA,NA,NA,NA,NA,NA,NA,NA,NA,NA,NA,NA,NA,NA,NA,NA,NA,NA,NA,NA,NA,NA,NA,NA,NA,91,3,"0.00%",1,1,1,"0.00%",1,1,0,0,0,"0.00%",3,3,0,1,0,"FCS",235,235
"Eli Webb","Argonauts",39,49.62,"C","DI",2026,"United Athletic",70.7,75.3,55,60,0,0,4,0,0,0,0,0,0,0,0,0,0,2,0,0,0,3,0,18,"0.00%","0.00%",0,21,-0.75,"0","4.80%",0,NA,NA,NA,NA,NA,NA,NA,NA,NA,NA,NA,NA,NA,NA,NA,NA,NA,NA,NA,NA,NA,NA,NA,NA,NA,19,5,"0.00%",0,4,2,"0.00%",4,0,0,0,0,"0.00%",5,5,0,1,0,"FCS",80,80
"Chase Kerns","W CAROLINA",40,49.49,"C","DI",2026,"Southern",73.1,73.9,61,61.7,0,2,0,0,0,0,1,1,0,0,0,0,0,0,0,0,0,3,0,15,"6.70%","6.70%",3.3,23,3,"0","13.00%",0,2,0,"0.00%",0,0,0,0,0,0,0,0,0,"50.00%",0,0,0,0,0,"0.00%","0.00%","0.00%","0.00%",0,0,"0.00%",16,3,"0.00%",2,0,0,"0.00%",1,1,0,0,0,"0.00%",3,3,1,0,0,"FCS",356,356
"Austin Young","CENT ARK",16,49.28,"C","DI",2026,"United Athletic",63.5,66.2,55.3,NA,0,0,0,0,0,0,0,0,0,0,0,0,0,0,0,0,0,1,0,7,"0.00%","0.00%",0,9,22,"0","0",0,NA,NA,NA,NA,NA,NA,NA,NA,NA,NA,NA,NA,NA,NA,NA,NA,NA,NA,NA,NA,NA,NA,NA,NA,NA,97,1,"0.00%",0,0,0,"0.00%",1,0,0,0,0,"0.00%",1,1,0,0,0,"FCS",172,172
"Tiu Afalava","FORDHAM",60,49.1,"C","DI",2026,"Patriot",69.1,72.1,56.4,NA,0,2,4,0,0,0,1,1,0,0,0,0,0,0,0,1,0,5,3,26,"0.00%","3.90%",1.9,34,1.5,"8.80%","20.60%",3,NA,NA,NA,NA,NA,NA,NA,NA,NA,NA,NA,NA,NA,NA,NA,NA,NA,NA,NA,NA,NA,NA,NA,NA,NA,90,6,"0.00%",2,4,0,"0.00%",4,2,0,0,0,"0.00%",6,6,0,0,0,"FCS",98,98
"Tyler Hammel","NEWHVN",44,49,"C","DI",2026,"Northeast",75.8,76.3,58,NA,0,0,3,0,0,0,0,0,0,0,0,0,0,2,0,0,0,3,0,5,"0.00%","0.00%",0,39,-0.33,"0","12.80%",0,NA,NA,NA,NA,NA,NA,NA,NA,NA,NA,NA,NA,NA,NA,NA,NA,NA,NA,NA,NA,NA,NA,NA,NA,NA,97,3,"0.00%",0,3,2,"0.00%",3,0,0,0,0,"0.00%",3,3,0,0,0,"FCS",306,306
"Christ Kore","MS VLY ST",46,48.87,"C","DI",2026,"SWAC",68.1,73.6,54.4,63.4,0,0,3,0,0,0,1,1,0,0,0,0,0,2,0,0,1,4,3,24,"0.00%","4.20%",2.1,22,1.5,"9.10%","40.90%",2,NA,NA,NA,NA,NA,NA,NA,NA,NA,NA,NA,NA,NA,NA,NA,NA,NA,NA,NA,NA,NA,NA,NA,NA,NA,48,3,"25.00%",0,3,2,"25.00%",3,0,1,0,0,"0.00%",4,4,0,0,0,"FCS",363,363
"Trevion Traylor","CENT ARK",39,48.77,"C","DI",2026,"United Athletic",65.1,64,62.4,NA,0,2,0,0,0,0,4,4,0,0,0,0,0,0,0,2,0,1,2,21,"9.50%","19.10%",9.5,18,0,"11.10%","16.70%",2,NA,NA,NA,NA,NA,NA,NA,NA,NA,NA,NA,NA,NA,NA,NA,NA,NA,NA,NA,NA,NA,NA,NA,NA,NA,11,2,"0.00%",2,0,0,"0.00%",0,2,0,0,0,"0.00%",2,2,0,0,0,"FCS",236,236
"Cornell English","PRESBYTERN",49,47.6,"C","DI",2026,"Pioneer",71.2,71,63.1,NA,0,1,1,0,0,0,1,1,0,0,0,0,0,1,0,0,0,1,0,18,"5.60%","5.60%",2.8,31,0,"0","3.20%",0,NA,NA,NA,NA,NA,NA,NA,NA,NA,NA,NA,NA,NA,NA,NA,NA,NA,NA,NA,NA,NA,NA,NA,NA,NA,90,2,"0.00%",1,1,1,"0.00%",1,1,0,0,0,"0.00%",2,2,0,0,0,"FCS",368,368
"Amir Dwight","S ILLINOIS",36,47.42,"C","DI",2026,"Missouri Valley",69.9,65.5,67.9,60,0,0,1,0,0,2,0,2,1,0,0,0,0,0,0,0,0,0,0,19,"15.80%","10.50%",5.3,17,0,"0","0",0,NA,NA,NA,NA,NA,NA,NA,NA,NA,NA,NA,NA,NA,NA,NA,NA,NA,NA,NA,NA,NA,NA,NA,NA,NA,94,1,"0.00%",0,0,0,"0.00%",0,0,0,1,0,"0.00%",1,1,0,1,0,"FCS",66,66
"Shawan Lewis","ALBANY",40,47.29,"C","DI",2026,"CAA",67.7,72.6,54,60,0,3,2,0,0,0,1,1,0,0,0,0,0,0,0,0,0,3,2,15,"6.70%","6.70%",3.3,24,2.5,"4.20%","16.70%",1,1,0,"0.00%",0,0,0,0,0,0,0,0,0,"100%",0,0,0,0,0,"0.00%","0.00%","0.00%","0.00%",0,0,"0.00%",11,5,"16.70%",3,2,0,"0.00%",2,3,0,0,0,"100%",6,6,0,0,1,"FCS",12,12
"Wyatt Boals","ILL STATE",27,47.22,"C","DI",2026,"Missouri Valley",71.4,70.8,63.2,NA,0,0,2,0,0,0,1,1,1,0,0,0,0,0,0,1,0,2,0,13,"7.70%","7.70%",3.9,14,2,"0","14.30%",0,NA,NA,NA,NA,NA,NA,NA,NA,NA,NA,NA,NA,NA,NA,NA,NA,NA,NA,NA,NA,NA,NA,NA,NA,NA,51,2,"0.00%",0,2,0,"0.00%",2,0,0,0,0,"0.00%",2,2,0,0,0,"FCS",145,145
"Brandan Green","CITADEL",26,46.98,"C","DI",2026,"Southern",63.4,59.4,67.6,60,0,1,1,0,0,0,1,1,0,0,0,0,0,0,0,1,0,1,2,8,"0.00%","12.50%",6.3,18,3,"11.10%","5.60%",2,NA,NA,NA,NA,NA,NA,NA,NA,NA,NA,NA,NA,NA,NA,NA,NA,NA,NA,NA,NA,NA,NA,NA,NA,NA,96,3,"0.00%",1,0,0,"0.00%",1,1,0,1,0,"0.00%",3,3,0,1,0,"FCS",352,352
"Matthias Corbin","VA MILT IN",42,46.79,"C","DI",2026,"Southern",62.3,67.4,53.7,NA,0,2,3,0,0,0,0,0,0,0,0,0,0,1,0,0,0,2,3,23,"0.00%","0.00%",0,19,2.75,"15.80%","15.80%",3,NA,NA,NA,NA,NA,NA,NA,NA,NA,NA,NA,NA,NA,NA,NA,NA,NA,NA,NA,NA,NA,NA,NA,NA,NA,32,6,"0.00%",2,3,1,"0.00%",4,2,0,0,0,"0.00%",6,6,0,0,0,"FCS",353,353
"Jaylin Tate","YALE",39,46.53,"C","DI",2026,"Ivy",73.8,70.6,68.8,NA,0,0,1,0,0,0,0,0,1,0,0,0,0,0,0,0,0,3,1,17,"5.90%","0.00%",0,22,2.5,"4.50%","13.60%",1,NA,NA,NA,NA,NA,NA,NA,NA,NA,NA,NA,NA,NA,NA,NA,NA,NA,NA,NA,NA,NA,NA,NA,NA,NA,96,2,"0.00%",0,1,0,"0.00%",2,0,0,0,0,"0.00%",2,2,0,0,0,"FCS",114,114
"Maurice Bonneau Jr.","CITADEL",31,46.45,"C","DI",2026,"Southern",62.2,54.8,63.9,64,0,1,1,1,0,0,0,1,0,0,0,0,0,0,0,0,0,3,2,11,"9.10%","9.10%",9.1,19,0,"10.50%","0",2,1,1,"100%",11,11,0,1,0,0,112.5,11,0,"0.00%",0,0,0,0,0,"0.00%","0.00%","100%","0.00%",11,6,"0.00%",5,2,"0.00%",1,0,0,"0.00%",0,0,0,1,0,"0.00%",2,2,1,0,0,"FCS",34,34
"Jordan Mendoza","MARIST",19,46.45,"C","DI",2026,"Pioneer",48.4,62.9,64.9,55.2,0,0,0,1,0,0,0,1,0,0,0,0,0,0,0,0,0,0,2,10,"10.00%","10.00%",10,7,0,"0","0",0,2,1,"100%",13,13,0,1,0,0,118.8,6.5,0,"0.00%",0,0,0,2,0,"0.00%","0.00%","100%","0.00%",13,13,"0.00%",91,1,"0.00%",0,0,0,"0.00%",0,0,0,0,0,"0.00%",1,1,0,0,0,"FCS",123,123
"Tommy Ducker","CORNELL",45,46.19,"C","DI",2026,"Ivy",59.2,48.5,67.7,NA,0,0,3,1,0,1,0,2,0,0,0,0,0,0,0,0,0,2,3,30,"6.70%","6.70%",5,15,2.5,"20.00%","0",3,NA,NA,NA,NA,NA,NA,NA,NA,NA,NA,NA,NA,NA,NA,NA,NA,NA,NA,NA,NA,NA,NA,NA,NA,NA,96,3,"0.00%",0,2,0,"0.00%",2,0,0,1,0,"0.00%",3,3,0,0,0,"FCS",192,192
"Rocco Marcelino","PRINCETON",35,46.15,"C","DI",2026,"Ivy",68.8,71.4,56.3,60,0,1,2,0,0,0,0,0,0,0,0,0,0,2,0,0,0,3,0,15,"0.00%","0.00%",0,20,0,"0","10.00%",0,NA,NA,NA,NA,NA,NA,NA,NA,NA,NA,NA,NA,NA,NA,NA,NA,NA,NA,NA,NA,NA,NA,NA,NA,NA,97,3,"0.00%",1,1,1,"0.00%",1,1,0,1,1,"0.00%",3,3,0,1,0,"FCS",88,88
"Montrell Henderson","CHATTNOOGA",34,46.06,"C","DI",2026,"Southern",72.3,75.3,54.7,60,0,1,1,0,0,0,1,1,0,0,0,0,0,1,0,1,0,3,0,10,"0.00%","10.00%",5,23,0,"0","13.00%",0,1,0,"0.00%",0,0,0,0,0,0,0,0,0,"100%",0,0,0,0,0,"0.00%","0.00%","0.00%","0.00%",0,0,"0.00%",91,2,"0.00%",1,1,1,"0.00%",1,1,0,0,0,"0.00%",2,2,0,0,0,"FCS",27,27
"Julian Fernandez","UC DAVIS",21,45.72,"C","DI",2026,"Big Sky",68.8,66.2,65.6,NA,1,1,1,0,0,0,0,0,0,0,0,0,0,0,0,0,0,1,1,7,"0.00%","0.00%",0,14,5,"7.10%","7.10%",1,NA,NA,NA,NA,NA,NA,NA,NA,NA,NA,NA,NA,NA,NA,NA,NA,NA,NA,NA,NA,NA,NA,NA,NA,NA,93,3,"0.00%",1,1,0,"0.00%",2,1,0,0,0,"0.00%",3,3,0,0,0,"FCS",266,266
"Amari James","LIUSHAR",19,45.64,"C","DI",2026,"Northeast",61.4,55.5,70,NA,0,2,0,0,0,0,1,1,1,0,0,0,0,0,0,0,0,1,2,6,"33.30%","16.70%",8.3,13,0,"15.40%","15.40%",2,NA,NA,NA,NA,NA,NA,NA,NA,NA,NA,NA,NA,NA,NA,NA,NA,NA,NA,NA,NA,NA,NA,NA,NA,NA,90,2,"33.30%",2,0,0,"33.30%",0,2,1,0,0,"0.00%",3,3,0,0,0,"FCS",319,319
"Mikhal Johnson","HARVARD",20,45.61,"C","DI",2026,"Ivy",74.6,73.5,64,60,0,0,0,0,0,0,0,0,1,0,0,0,0,0,0,0,0,2,0,8,"12.50%","0.00%",0,11,5,"0","18.20%",0,1,0,"0.00%",0,0,0,0,0,0,0,0,0,"100%",0,0,0,0,0,"0.00%","0.00%","0.00%","0.00%",0,0,"0.00%",93,1,"0.00%",0,0,0,"0.00%",1,0,0,0,0,"0.00%",1,1,0,0,0,"FCS",349,349
"CJ Johnson","STTHOM",28,45.47,"C","DI",2026,"Pioneer",65.1,67.8,56.5,NA,0,1,2,0,0,0,0,0,0,0,0,0,0,2,0,0,0,2,0,13,"0.00%","0.00%",0,15,0,"0","0",0,NA,NA,NA,NA,NA,NA,NA,NA,NA,NA,NA,NA,NA,NA,NA,NA,NA,NA,NA,NA,NA,NA,NA,NA,NA,94,3,"0.00%",1,2,2,"0.00%",2,1,0,0,0,"0.00%",3,3,0,0,0,"FCS",79,79
"Gavin Rowell","W CAROLINA",28,45.47,"C","DI",2026,"Southern",72.9,72.3,63.2,NA,0,0,2,0,0,0,1,1,0,0,0,0,0,0,0,0,0,3,0,12,"8.30%","8.30%",4.2,16,4,"0","12.50%",0,NA,NA,NA,NA,NA,NA,NA,NA,NA,NA,NA,NA,NA,NA,NA,NA,NA,NA,NA,NA,NA,NA,NA,NA,NA,33,3,"0.00%",0,2,0,"0.00%",3,0,0,0,0,"0.00%",3,3,0,0,0,"FCS",131,131
"Mack Johnson","YALE",37,45.47,"C","DI",2026,"Ivy",62.5,62.8,72.5,NA,0,0,2,0,0,0,1,1,0,0,0,0,0,0,0,0,0,3,4,11,"9.10%","9.10%",4.5,26,3,"15.40%","7.70%",4,NA,NA,NA,NA,NA,NA,NA,NA,NA,NA,NA,NA,NA,NA,NA,NA,NA,NA,NA,NA,NA,NA,NA,NA,NA,93,2,"0.00%",0,2,0,"0.00%",2,0,0,0,0,"0.00%",2,2,0,0,0,"FCS",144,144
"Ashton Jones","SE MO ST",44,45.32,"C","DI",2026,"Big South - OVC Football Association",57.2,64.9,57.8,NA,0,1,1,0,0,0,1,1,1,0,0,0,0,1,0,1,0,2,2,26,"3.90%","3.90%",1.9,18,1.5,"5.60%","11.10%",1,NA,NA,NA,NA,NA,NA,NA,NA,NA,NA,NA,NA,NA,NA,NA,NA,NA,NA,NA,NA,NA,NA,NA,NA,NA,93,3,"25.00%",1,1,1,"25.00%",2,1,1,0,0,"0.00%",4,4,0,0,0,"FCS",213,213
"Dakari Harris","TXAMEA",39,45.06,"C","DI",2026,"Southland",70.3,72.3,59.6,NA,0,2,0,0,0,0,1,1,0,0,0,0,0,0,0,0,0,1,0,18,"5.60%","5.60%",2.8,21,2,"0","14.30%",0,NA,NA,NA,NA,NA,NA,NA,NA,NA,NA,NA,NA,NA,NA,NA,NA,NA,NA,NA,NA,NA,NA,NA,NA,NA,78,3,"0.00%",2,0,0,"0.00%",1,2,0,0,0,"0.00%",3,3,0,0,0,"FCS",348,348
"Michael Joiner Jr.","ALABAMA ST",21,44.55,"C","DI",2026,"SWAC",67.2,62.7,66.9,NA,0,0,1,0,0,0,0,0,2,0,0,0,0,1,0,0,0,1,2,12,"16.70%","0.00%",0,9,-2,"22.20%","22.20%",2,NA,NA,NA,NA,NA,NA,NA,NA,NA,NA,NA,NA,NA,NA,NA,NA,NA,NA,NA,NA,NA,NA,NA,NA,NA,26,1,"0.00%",0,1,1,"0.00%",1,0,0,0,0,"0.00%",1,1,0,0,0,"FCS",159,159
"Sean Coverdale","MARIST",22,44.4,"C","DI",2026,"Pioneer",69.7,64.3,67.7,60,1,0,2,0,0,0,1,1,0,0,0,0,0,0,0,0,0,3,0,12,"8.30%","8.30%",4.2,10,4,"0","0",0,NA,NA,NA,NA,NA,NA,NA,NA,NA,NA,NA,NA,NA,NA,NA,NA,NA,NA,NA,NA,NA,NA,NA,NA,NA,92,1,"0.00%",0,1,0,"0.00%",1,0,0,0,0,"0.00%",1,1,0,0,0,"FCS",51,51
"Aidan Salow","N IOWA",43,44.32,"C","DI",2026,"Missouri Valley",68.8,70.8,56.8,61.9,0,2,1,0,0,0,0,0,1,0,0,0,0,0,0,0,0,2,0,28,"3.60%","0.00%",0,15,0,"0","13.30%",0,NA,NA,NA,NA,NA,NA,NA,NA,NA,NA,NA,NA,NA,NA,NA,NA,NA,NA,NA,NA,NA,NA,NA,NA,NA,56,3,"0.00%",2,0,0,"0.00%",0,2,0,1,0,"0.00%",3,3,0,1,0,"FCS",206,206
"Zack Black","MONTANA ST",44,44.18,"C","DI",2026,"Big Sky",63.2,72.9,59.6,60,0,1,0,0,0,0,1,1,1,0,0,0,0,0,0,0,0,1,1,27,"7.40%","3.70%",1.9,17,3,"0","11.80%",0,NA,NA,NA,NA,NA,NA,NA,NA,NA,NA,NA,NA,NA,NA,NA,NA,NA,NA,NA,NA,NA,NA,NA,NA,NA,50,2,"33.30%",1,0,0,"0.00%",1,1,0,0,0,"100%",3,3,0,0,1,"FCS",8,8
"Ashtin Rustemeyer","LNDNWD",42,44.18,"C","DI",2026,"Big South - OVC Football Association",67.3,68.6,56.9,61.8,0,0,3,0,0,0,1,1,0,0,0,0,0,1,0,0,0,4,1,26,"3.90%","3.90%",1.9,16,3.33,"6.30%","12.50%",1,NA,NA,NA,NA,NA,NA,NA,NA,NA,NA,NA,NA,NA,NA,NA,NA,NA,NA,NA,NA,NA,NA,NA,NA,NA,91,4,"20.00%",0,2,1,"25.00%",3,0,1,1,0,"0.00%",5,5,0,1,0,"FCS",15,15
"Antwuan Hampton","Argonauts",15,44.14,"C","DI",2026,"United Athletic",68.1,70.7,55.7,NA,0,2,0,0,0,0,1,1,0,0,0,0,0,0,0,1,0,1,0,8,"0.00%","12.50%",6.3,7,2,"0","14.30%",0,NA,NA,NA,NA,NA,NA,NA,NA,NA,NA,NA,NA,NA,NA,NA,NA,NA,NA,NA,NA,NA,NA,NA,NA,NA,91,3,"0.00%",2,0,0,"0.00%",1,2,0,0,0,"0.00%",3,3,0,0,0,"FCS",334,334
"Chance Pickard","NC A&T",45,44.12,"C","DI",2026,"CAA",70.1,70,64.1,60,2,0,0,0,0,1,1,2,0,0,0,0,0,0,0,1,0,0,0,33,"3.00%","6.10%",3,12,0,"0","16.70%",0,NA,NA,NA,NA,NA,NA,NA,NA,NA,NA,NA,NA,NA,NA,NA,NA,NA,NA,NA,NA,NA,NA,NA,NA,NA,58,1,"0.00%",0,0,0,"0.00%",0,0,0,0,0,"0.00%",1,1,0,1,0,"FCS",197,197
"Jeremy Johnson II","W CAROLINA",19,43.88,"C","DI",2026,"Southern",70.1,66.1,66.6,60,0,0,3,0,0,0,0,0,0,0,0,0,0,1,0,0,0,3,1,8,"0.00%","0.00%",0,11,-1.5,"9.10%","27.30%",1,NA,NA,NA,NA,NA,NA,NA,NA,NA,NA,NA,NA,NA,NA,NA,NA,NA,NA,NA,NA,NA,NA,NA,NA,NA,96,3,"0.00%",0,2,1,"0.00%",2,0,0,1,0,"0.00%",3,3,0,1,0,"FCS",268,268
"Tosin Akinsulire","RHODE ISLD",42,43.72,"C","DI",2026,"CAA",74.8,78.6,55,NA,0,1,3,0,0,0,0,0,0,0,0,0,0,0,0,0,0,4,0,15,"0.00%","0.00%",0,27,2.25,"0","25.90%",0,NA,NA,NA,NA,NA,NA,NA,NA,NA,NA,NA,NA,NA,NA,NA,NA,NA,NA,NA,NA,NA,NA,NA,NA,NA,92,5,"0.00%",1,3,0,"0.00%",4,1,0,0,0,"0.00%",5,5,0,0,0,"FCS",39,39
"Ebony Curry Jr.","YNGTOWN ST",39,43.69,"C","DI",2026,"Missouri Valley",59.3,57.4,61,NA,0,1,1,0,0,1,2,3,1,0,0,0,0,0,0,1,1,3,3,19,"10.50%","15.80%",7.9,20,1,"15.00%","10.00%",3,NA,NA,NA,NA,NA,NA,NA,NA,NA,NA,NA,NA,NA,NA,NA,NA,NA,NA,NA,NA,NA,NA,NA,NA,NA,8,2,"33.30%",1,1,0,"33.30%",1,1,1,0,0,"0.00%",3,3,0,0,0,"FCS",67,67
"Keller Patterson","COLUMBIA",39,43.67,"C","DI",2026,"Ivy",64.7,61.1,60.3,61.7,0,2,1,0,0,0,0,0,1,0,0,0,0,1,0,0,0,1,1,20,"5.00%","0.00%",0,19,0,"5.30%","5.30%",1,NA,NA,NA,NA,NA,NA,NA,NA,NA,NA,NA,NA,NA,NA,NA,NA,NA,NA,NA,NA,NA,NA,NA,NA,NA,0,3,"25.00%",2,1,1,"25.00%",1,2,1,0,0,"0.00%",4,4,0,0,0,"FCS",187,187
"Ahmir Crawley","LAFAYETTE",46,43.62,"C","DI",2026,"Patriot",68.9,71.8,59,NA,0,1,2,0,0,1,0,1,0,0,0,0,0,0,0,0,0,1,1,23,"4.30%","4.30%",2.2,23,2.5,"4.30%","17.40%",1,NA,NA,NA,NA,NA,NA,NA,NA,NA,NA,NA,NA,NA,NA,NA,NA,NA,NA,NA,NA,NA,NA,NA,NA,NA,55,3,"0.00%",1,2,0,"0.00%",2,1,0,0,0,"0.00%",3,3,0,0,0,"FCS",76,76
"Javen Johnson","HAMPTON",34,43.6,"C","DI",2026,"CAA",71.8,66.8,71,NA,0,0,1,0,0,0,1,1,0,0,0,0,0,1,0,0,0,3,2,15,"6.70%","6.70%",3.3,19,-3,"10.50%","15.80%",2,NA,NA,NA,NA,NA,NA,NA,NA,NA,NA,NA,NA,NA,NA,NA,NA,NA,NA,NA,NA,NA,NA,NA,NA,NA,99,1,"0.00%",0,1,1,"0.00%",1,0,0,0,0,"0.00%",1,1,0,0,0,"FCS",46,46
"Luke Reilly","LEHIGH",28,43.52,"C","DI",2026,"Patriot",69.1,66.9,65,NA,0,0,1,0,0,0,2,2,0,0,0,0,0,1,0,0,0,3,3,15,"13.30%","13.30%",6.7,13,0,"23.10%","46.20%",3,NA,NA,NA,NA,NA,NA,NA,NA,NA,NA,NA,NA,NA,NA,NA,NA,NA,NA,NA,NA,NA,NA,NA,NA,NA,97,1,"50.00%",0,1,1,"50.00%",1,0,1,0,0,"0.00%",2,2,0,0,0,"FCS",3,3
"Brysen Steele","STF AUSTIN",36,43.34,"C","DI",2026,"Southland",61.4,74.6,55.3,60,0,0,4,0,0,0,0,0,0,0,0,0,0,1,0,0,0,3,1,25,"0.00%","0.00%",0,11,2,"0","18.20%",0,NA,NA,NA,NA,NA,NA,NA,NA,NA,NA,NA,NA,NA,NA,NA,NA,NA,NA,NA,NA,NA,NA,NA,NA,NA,90,3,"0.00%",0,3,1,"0.00%",3,0,0,0,0,"0.00%",3,3,0,0,0,"FCS",325,325
"Jace Sifore","S DAK ST",21,43.26,"C","DI",2026,"Missouri Valley",64,58.1,66.9,60,0,0,1,0,0,0,1,1,1,0,0,0,0,1,0,0,1,2,1,12,"8.30%","8.30%",4.2,9,0,"11.10%","0",1,NA,NA,NA,NA,NA,NA,NA,NA,NA,NA,NA,NA,NA,NA,NA,NA,NA,NA,NA,NA,NA,NA,NA,NA,NA,91,1,"0.00%",0,0,0,"0.00%",0,0,0,1,1,"0.00%",1,1,0,1,0,"FCS",42,42
"Jesse Smith","LNDNWD",42,43.13,"C","DI",2026,"Big South - OVC Football Association",62.7,65.8,57.9,NA,0,1,1,0,0,1,2,3,0,0,0,0,0,0,0,1,0,2,0,26,"7.70%","11.50%",5.8,16,2.5,"0","0",0,NA,NA,NA,NA,NA,NA,NA,NA,NA,NA,NA,NA,NA,NA,NA,NA,NA,NA,NA,NA,NA,NA,NA,NA,NA,6,3,"0.00%",1,1,0,"0.00%",2,1,0,0,0,"0.00%",3,3,0,0,0,"FCS",115,115
"Zalen Watkins","GARD-WEBB",37,43.09,"C","DI",2026,"Big South - OVC Football Association",56,63.1,58.8,NA,0,0,3,0,0,1,1,2,0,0,0,0,0,1,0,1,0,3,4,23,"4.30%","8.70%",4.3,14,1,"21.40%","28.60%",3,NA,NA,NA,NA,NA,NA,NA,NA,NA,NA,NA,NA,NA,NA,NA,NA,NA,NA,NA,NA,NA,NA,NA,NA,NA,8,3,"0.00%",0,3,1,"0.00%",3,0,0,0,0,"0.00%",3,3,0,0,0,"FCS",311,311
"Isaac Nkwantabisah-Asiedu","MARIST",24,42.83,"C","DI",2026,"Pioneer",66.1,69.2,56.2,NA,0,1,1,0,0,0,0,0,0,0,0,0,0,0,0,0,0,0,0,12,"0.00%","0.00%",0,12,8.33,"0","8.30%",0,NA,NA,NA,NA,NA,NA,NA,NA,NA,NA,NA,NA,NA,NA,NA,NA,NA,NA,NA,NA,NA,NA,NA,NA,NA,90,4,"0.00%",1,1,0,"0.00%",3,1,0,0,0,"0.00%",4,4,0,0,0,"FCS",124,124
"Vin Ferrara","HOLY CROSS",53,42.83,"C","DI",2026,"Patriot",64,68.7,55.1,NA,0,0,3,0,0,0,0,0,0,0,0,0,1,2,0,0,0,4,2,30,"0.00%","0.00%",0,23,0.33,"8.70%","17.40%",2,NA,NA,NA,NA,NA,NA,NA,NA,NA,NA,NA,NA,NA,NA,NA,NA,NA,NA,NA,NA,NA,NA,NA,NA,NA,97,3,"25.00%",0,3,2,"25.00%",3,0,1,0,0,"0.00%",4,4,0,0,0,"FCS",249,249
"Thomas Gerke","BUCKNELL",30,42.75,"C","DI",2026,"Patriot",64.7,61,63.3,60,0,0,1,0,0,0,1,1,1,0,0,0,0,0,0,0,0,1,1,25,"8.00%","4.00%",2,5,5,"20.00%","20.00%",1,NA,NA,NA,NA,NA,NA,NA,NA,NA,NA,NA,NA,NA,NA,NA,NA,NA,NA,NA,NA,NA,NA,NA,NA,NA,99,2,"0.00%",0,0,0,"0.00%",1,0,0,1,0,"0.00%",2,2,0,1,0,"FCS",277,277
"James Dunnemann II","FORDHAM",17,42.52,"C","DI",2026,"Patriot",60.5,61.6,57.8,NA,0,0,1,0,0,1,1,2,0,0,0,0,0,1,0,0,2,1,1,9,"0.00%","22.20%",11.1,8,0,"12.50%","12.50%",1,NA,NA,NA,NA,NA,NA,NA,NA,NA,NA,NA,NA,NA,NA,NA,NA,NA,NA,NA,NA,NA,NA,NA,NA,NA,96,1,"0.00%",0,1,1,"0.00%",1,0,0,0,0,"0.00%",1,1,0,0,0,"FCS",310,310
"Gavin Linkous","ROB MORRIS",51,42.47,"C","DI",2026,"Northeast",67,68,57.4,NA,0,1,2,0,0,0,0,0,0,0,0,0,0,1,0,0,0,4,2,15,"0.00%","0.00%",0,36,2,"5.60%","8.30%",2,NA,NA,NA,NA,NA,NA,NA,NA,NA,NA,NA,NA,NA,NA,NA,NA,NA,NA,NA,NA,NA,NA,NA,NA,NA,58,3,"0.00%",1,2,1,"0.00%",2,1,0,0,0,"0.00%",3,3,0,0,0,"FCS",377,377
"Malachi Calhoun","HAMPTON",18,42.45,"C","DI",2026,"CAA",64.6,68.1,55.9,NA,0,1,1,0,0,0,0,0,0,0,0,0,0,1,0,0,0,1,0,10,"0.00%","0.00%",0,8,4,"0","12.50%",0,NA,NA,NA,NA,NA,NA,NA,NA,NA,NA,NA,NA,NA,NA,NA,NA,NA,NA,NA,NA,NA,NA,NA,NA,NA,31,3,"0.00%",1,1,1,"0.00%",2,1,0,0,0,"0.00%",3,3,0,0,0,"FCS",242,242
"Patrick Conserve","RHODE ISLD",30,42.23,"C","DI",2026,"CAA",71.5,76.2,54.8,NA,0,2,1,0,0,0,0,0,0,0,0,0,0,0,0,0,0,1,1,14,"0.00%","0.00%",0,16,2,"6.30%","31.30%",1,NA,NA,NA,NA,NA,NA,NA,NA,NA,NA,NA,NA,NA,NA,NA,NA,NA,NA,NA,NA,NA,NA,NA,NA,NA,51,3,"0.00%",2,1,0,"0.00%",1,2,0,0,0,"0.00%",3,3,0,0,0,"FCS",91,91
"Thad Parson","ALABAMA ST",26,42.13,"C","DI",2026,"SWAC",62.6,74.8,55.7,60.4,0,0,1,0,0,0,2,2,0,0,0,0,0,1,0,1,0,1,2,13,"7.70%","15.40%",7.7,12,-2,"8.30%","33.30%",1,1,0,"0.00%",0,0,0,0,0,0,0,0,0,"100%",0,0,0,1,0,"0.00%","0.00%","0.00%","0.00%",0,0,"0.00%",96,1,"0.00%",0,1,1,"0.00%",1,0,0,0,0,"0.00%",1,1,0,0,0,"FCS",328,328
"Max Bremer","S ILLINOIS",17,41.58,"C","DI",2026,"Missouri Valley",75.7,76.3,57.5,NA,0,0,2,0,0,0,0,0,0,0,0,0,0,1,0,0,0,2,0,4,"0.00%","0.00%",0,13,0.5,"0","15.40%",0,NA,NA,NA,NA,NA,NA,NA,NA,NA,NA,NA,NA,NA,NA,NA,NA,NA,NA,NA,NA,NA,NA,NA,NA,NA,49,2,"0.00%",0,2,1,"0.00%",2,0,0,0,0,"0.00%",2,2,0,0,0,"FCS",65,65
"Isaiah Hare","TXAMEA",22,41.48,"C","DI",2026,"Southland",66.9,66.2,62,NA,0,1,1,0,0,0,0,0,1,0,0,0,0,0,0,0,0,1,1,14,"7.10%","0.00%",0,8,2,"12.50%","25.00%",1,NA,NA,NA,NA,NA,NA,NA,NA,NA,NA,NA,NA,NA,NA,NA,NA,NA,NA,NA,NA,NA,NA,NA,NA,NA,93,2,"0.00%",1,1,0,"0.00%",1,1,0,0,0,"0.00%",2,2,0,0,0,"FCS",184,184
"Cooper Buffington","MONTANA",36,41.35,"C","DI",2026,"Big Sky",66.6,64.3,64.3,NA,0,0,2,0,0,0,3,3,0,0,0,0,0,0,0,0,0,2,2,25,"12.00%","12.00%",6,11,2,"18.20%","27.30%",2,NA,NA,NA,NA,NA,NA,NA,NA,NA,NA,NA,NA,NA,NA,NA,NA,NA,NA,NA,NA,NA,NA,NA,NA,NA,91,2,"0.00%",0,2,0,"0.00%",2,0,0,0,0,"0.00%",2,2,0,0,0,"FCS",278,278
"Braeden Kaczmarek","N ARIZONA",25,41.29,"C","DI",2026,"Big Sky",73.5,70.8,57,62,0,0,3,0,0,0,0,0,0,0,0,0,0,1,0,0,0,4,1,9,"0.00%","0.00%",0,16,0.5,"6.30%","18.80%",1,NA,NA,NA,NA,NA,NA,NA,NA,NA,NA,NA,NA,NA,NA,NA,NA,NA,NA,NA,NA,NA,NA,NA,NA,NA,98,3,"0.00%",0,2,1,"0.00%",2,0,0,1,0,"0.00%",3,3,0,1,0,"FCS",57,57
"Talon Marsh","MONTANA ST",33,41.01,"C","DI",2026,"Big Sky",71.2,74,59.7,NA,0,0,1,0,0,0,1,1,0,0,0,0,0,1,0,0,0,1,0,17,"5.90%","5.90%",2.9,16,-1,"0","12.50%",0,NA,NA,NA,NA,NA,NA,NA,NA,NA,NA,NA,NA,NA,NA,NA,NA,NA,NA,NA,NA,NA,NA,NA,NA,NA,99,1,"0.00%",0,1,1,"0.00%",1,0,0,0,0,"0.00%",1,1,0,0,0,"FCS",101,101
"Aaziah Scott","STHLSK",24,40.88,"C","DI",2026,"Northeast",57.7,55.1,65.5,NA,0,1,0,0,0,1,0,1,0,0,0,0,0,0,0,0,0,2,2,6,"16.70%","16.70%",8.3,18,4,"11.10%","0",2,NA,NA,NA,NA,NA,NA,NA,NA,NA,NA,NA,NA,NA,NA,NA,NA,NA,NA,NA,NA,NA,NA,NA,NA,NA,91,3,"0.00%",1,0,0,"0.00%",2,1,0,0,0,"0.00%",3,3,0,0,0,"FCS",343,343
"Brenden LeBlanc","E TENN ST",31,40.63,"C","DI",2026,"Southern",72.1,56.7,75.8,60,0,0,0,0,0,0,2,2,0,0,0,0,0,0,0,0,0,1,1,24,"8.30%","8.30%",4.2,7,0,"14.30%","0",1,NA,NA,NA,NA,NA,NA,NA,NA,NA,NA,NA,NA,NA,NA,NA,NA,NA,NA,NA,NA,NA,NA,NA,NA,NA,91,1,"0.00%",0,0,0,"0.00%",0,0,0,0,0,"0.00%",1,1,0,1,0,"FCS",93,93
"Bryce Ricks","MERRIMACK",27,40.53,"C","DI",2026,"IND (FCS)",67.3,67.1,61.5,NA,0,0,2,0,0,0,1,1,0,0,0,0,0,1,0,0,0,3,2,13,"7.70%","7.70%",3.9,14,0.5,"14.30%","21.40%",2,NA,NA,NA,NA,NA,NA,NA,NA,NA,NA,NA,NA,NA,NA,NA,NA,NA,NA,NA,NA,NA,NA,NA,NA,NA,90,2,"33.30%",0,2,1,"33.30%",2,0,1,0,0,"0.00%",3,3,0,0,0,"FCS",52,52
"Pete Melle","NEWHVN",22,40.47,"C","DI",2026,"Northeast",66.6,66.6,58.2,NA,0,1,2,0,0,0,0,0,0,0,0,0,0,1,0,0,0,2,3,3,"0.00%","0.00%",0,19,0.5,"15.80%","21.10%",3,NA,NA,NA,NA,NA,NA,NA,NA,NA,NA,NA,NA,NA,NA,NA,NA,NA,NA,NA,NA,NA,NA,NA,NA,NA,18,3,"0.00%",1,2,1,"0.00%",2,1,0,0,0,"0.00%",3,3,0,0,0,"FCS",23,23
"Duke Condie","MURRAY ST",33,40.31,"C","DI",2026,"Missouri Valley",67,68.6,57,NA,0,2,1,0,0,0,0,0,0,0,0,0,0,0,0,0,0,2,1,12,"0.00%","0.00%",0,21,3,"4.80%","9.50%",1,NA,NA,NA,NA,NA,NA,NA,NA,NA,NA,NA,NA,NA,NA,NA,NA,NA,NA,NA,NA,NA,NA,NA,NA,NA,57,3,"0.00%",2,1,0,"0.00%",1,2,0,0,0,"0.00%",3,3,0,0,0,"FCS",375,375
"Faisal Mass","HOWARD",33,40,"C","DI",2026,"MEAC",66.9,73.9,53.8,NA,0,1,1,0,0,0,0,0,0,0,0,0,0,0,0,0,0,3,0,17,"0.00%","0.00%",0,16,5.5,"0","18.80%",0,NA,NA,NA,NA,NA,NA,NA,NA,NA,NA,NA,NA,NA,NA,NA,NA,NA,NA,NA,NA,NA,NA,NA,NA,NA,10,3,"0.00%",1,1,0,"0.00%",2,1,0,0,0,"0.00%",3,3,0,0,0,"FCS",43,43
"Colin Scharriter","MERCYHURST",15,39.99,"D","DI",2026,"Northeast",71.8,64.2,65.1,61.4,0,1,0,0,0,0,1,1,0,0,0,0,0,0,0,0,0,0,0,7,"14.30%","14.30%",7.1,8,0,"0","0",0,NA,NA,NA,NA,NA,NA,NA,NA,NA,NA,NA,NA,NA,NA,NA,NA,NA,NA,NA,NA,NA,NA,NA,NA,NA,17,1,"0.00%",1,0,0,"0.00%",0,0,0,0,0,"0.00%",1,1,1,0,0,"FCS",31,31
"Bryce Stringer","PRESBYTERN",48,39.93,"D","DI",2026,"Pioneer",65.8,69.3,55.2,NA,0,1,0,0,0,0,0,0,0,0,0,0,0,0,0,0,0,2,0,17,"0.00%","0.00%",0,31,8,"0","3.20%",0,NA,NA,NA,NA,NA,NA,NA,NA,NA,NA,NA,NA,NA,NA,NA,NA,NA,NA,NA,NA,NA,NA,NA,NA,NA,16,3,"0.00%",1,0,0,"0.00%",2,1,0,0,0,"0.00%",3,3,0,0,0,"FCS",217,217
"Caden Wright","PRINCETON",20,39.77,"D","DI",2026,"Ivy",64.7,63.2,62.4,NA,0,2,0,0,0,0,1,1,0,0,0,0,0,0,0,0,0,0,1,10,"10.00%","10.00%",5,10,0,"10.00%","10.00%",1,NA,NA,NA,NA,NA,NA,NA,NA,NA,NA,NA,NA,NA,NA,NA,NA,NA,NA,NA,NA,NA,NA,NA,NA,NA,36,2,"0.00%",2,0,0,"0.00%",0,2,0,0,0,"0.00%",2,2,0,0,0,"FCS",89,89
"Gene Blalock","N IOWA",33,39.75,"D","DI",2026,"Missouri Valley",61.2,60.2,60.7,NA,0,0,0,0,0,0,0,0,2,0,0,0,0,0,0,0,0,0,1,20,"10.00%","0.00%",0,13,6,"7.70%","0",1,NA,NA,NA,NA,NA,NA,NA,NA,NA,NA,NA,NA,NA,NA,NA,NA,NA,NA,NA,NA,NA,NA,NA,NA,NA,9,1,"0.00%",0,0,0,"0.00%",1,0,0,0,0,"0.00%",1,1,0,0,0,"FCS",116,116
"Josh Fedd","HARVARD",33,39.61,"D","DI",2026,"Ivy",72.9,65.7,54.7,72.2,0,2,2,0,0,0,0,0,0,0,0,0,0,0,0,0,0,3,1,14,"0.00%","0.00%",0,16,1,"6.30%","6.30%",1,3,0,"0.00%",0,0,0,0,0,0,0,0,0,"33.30%",0,0,0,0,0,"0.00%","0.00%","0.00%","0.00%",0,0,"0.00%",8,5,"16.70%",2,1,0,"33.30%",1,1,1,1,0,"0.00%",6,6,1,2,0,"FCS",111,111
"Nate Stohl","PRINCETON",34,39.51,"D","DI",2026,"Ivy",68,67.1,56.9,61.7,0,1,3,0,0,0,0,0,0,0,0,0,0,0,0,0,0,5,3,16,"0.00%","0.00%",0,18,3.33,"16.70%","33.30%",3,NA,NA,NA,NA,NA,NA,NA,NA,NA,NA,NA,NA,NA,NA,NA,NA,NA,NA,NA,NA,NA,NA,NA,NA,NA,57,5,"16.70%",1,2,0,"20.00%",3,1,1,1,0,"0.00%",6,6,0,1,0,"FCS",296,296
"Logan Wright","CAMPBELL",43,39.4,"D","DI",2026,"CAA",67.1,72.4,59.6,57.6,0,1,0,0,0,0,0,0,1,0,0,0,0,0,0,0,0,0,0,26,"3.90%","0.00%",0,15,0,"0","13.30%",0,2,0,"0.00%",0,0,0,0,0,0,0,0,0,"0.00%",0,0,0,0,0,"0.00%","0.00%","0.00%","0.00%",0,0,"0.00%",9,1,"0.00%",1,0,0,"0.00%",0,1,0,0,0,"0.00%",1,1,0,0,0,"FCS",95,95
"Malik Moses","NORFOLK",26,39.4,"D","DI",2026,"MEAC",67.5,68.9,60.2,NA,1,2,0,0,0,0,0,0,0,0,0,0,0,0,0,0,0,0,1,15,"0.00%","0.00%",0,11,0,"9.10%","27.30%",1,NA,NA,NA,NA,NA,NA,NA,NA,NA,NA,NA,NA,NA,NA,NA,NA,NA,NA,NA,NA,NA,NA,NA,NA,NA,8,2,"0.00%",2,0,0,"0.00%",0,2,0,0,0,"0.00%",2,2,0,0,0,"FCS",183,183
"Justis La'ulu","E WASHGTON",51,39.38,"D","DI",2026,"Big Sky",62.1,65.1,54.3,60,0,1,3,0,0,0,0,0,0,0,0,0,0,1,0,0,0,2,2,23,"0.00%","0.00%",0,28,1,"7.10%","7.10%",2,NA,NA,NA,NA,NA,NA,NA,NA,NA,NA,NA,NA,NA,NA,NA,NA,NA,NA,NA,NA,NA,NA,NA,NA,NA,90,4,"0.00%",1,3,1,"0.00%",3,0,0,0,0,"0.00%",4,4,1,0,0,"FCS",21,21
"Damola Owode","STHLSK",24,39.16,"D","DI",2026,"Northeast",63,64.5,57.4,NA,0,2,1,0,0,0,0,0,0,0,0,0,0,0,0,0,0,2,1,12,"0.00%","0.00%",0,12,4,"8.30%","8.30%",1,NA,NA,NA,NA,NA,NA,NA,NA,NA,NA,NA,NA,NA,NA,NA,NA,NA,NA,NA,NA,NA,NA,NA,NA,NA,8,3,"0.00%",2,1,0,"0.00%",1,2,0,0,0,"0.00%",3,3,0,0,0,"FCS",222,222
"Hunter Sharbono","MONTANA ST",17,38.79,"D","DI",2026,"Big Sky",67.8,67.1,61.8,NA,0,0,1,0,0,0,1,1,0,0,0,0,0,0,0,0,0,1,0,11,"9.10%","9.10%",4.5,6,4,"0","16.70%",0,NA,NA,NA,NA,NA,NA,NA,NA,NA,NA,NA,NA,NA,NA,NA,NA,NA,NA,NA,NA,NA,NA,NA,NA,NA,90,1,"0.00%",0,1,0,"0.00%",1,0,0,0,0,"0.00%",1,1,0,0,0,"FCS",102,102
"Langston Cook","PRESBYTERN",42,38.53,"D","DI",2026,"Pioneer",60.3,62.4,55.4,NA,0,1,2,0,0,0,0,0,0,0,0,0,0,1,0,0,0,2,2,17,"0.00%","0.00%",0,25,2.67,"8.00%","8.00%",2,NA,NA,NA,NA,NA,NA,NA,NA,NA,NA,NA,NA,NA,NA,NA,NA,NA,NA,NA,NA,NA,NA,NA,NA,NA,57,4,"0.00%",1,2,1,"0.00%",3,1,0,0,0,"0.00%",4,4,0,0,0,"FCS",370,370
"Zacchaeus Dixon","MERCYHURST",36,38.35,"D","DI",2026,"Northeast",61,58.7,54.3,61,0,0,1,0,0,0,0,0,0,0,0,0,0,1,0,0,0,3,1,22,"0.00%","0.00%",0,14,12,"7.10%","0",1,NA,NA,NA,NA,NA,NA,NA,NA,NA,NA,NA,NA,NA,NA,NA,NA,NA,NA,NA,NA,NA,NA,NA,NA,NA,3,2,"0.00%",0,0,0,"0.00%",1,0,0,1,1,"0.00%",2,2,0,1,0,"FCS",56,56
"Cole Sisson","ALBANY",32,38.33,"D","DI",2026,"CAA",49.8,45,64.9,NA,0,0,1,1,0,0,0,1,0,0,0,0,0,0,0,1,0,1,6,12,"0.00%","8.30%",8.3,20,1,"30.00%","5.00%",6,NA,NA,NA,NA,NA,NA,NA,NA,NA,NA,NA,NA,NA,NA,NA,NA,NA,NA,NA,NA,NA,NA,NA,NA,NA,96,2,"0.00%",0,1,0,"0.00%",1,0,0,0,0,"0.00%",2,2,0,0,0,"FCS",229,229
"Myles Mays","CHATTNOOGA",23,38.29,"D","DI",2026,"Southern",68.3,68.5,61.3,NA,0,1,0,0,0,0,0,0,1,0,0,0,0,0,0,0,0,0,0,13,"7.70%","0.00%",0,10,0,"0","10.00%",0,NA,NA,NA,NA,NA,NA,NA,NA,NA,NA,NA,NA,NA,NA,NA,NA,NA,NA,NA,NA,NA,NA,NA,NA,NA,94,1,"0.00%",1,0,0,"0.00%",0,1,0,0,0,"0.00%",1,1,0,0,0,"FCS",237,237
"Cole Bennett","CORNELL",43,38.24,"D","DI",2026,"Ivy",64.7,64.6,61.5,NA,0,0,2,0,0,1,0,1,0,0,0,0,0,0,0,0,0,4,2,28,"3.60%","3.60%",1.8,15,3.25,"13.30%","20.00%",2,NA,NA,NA,NA,NA,NA,NA,NA,NA,NA,NA,NA,NA,NA,NA,NA,NA,NA,NA,NA,NA,NA,NA,NA,NA,98,4,"0.00%",0,2,0,"0.00%",4,0,0,0,0,"0.00%",4,4,0,0,0,"FCS",191,191
"Ryan Kuennen","N IOWA",33,38.16,"D","DI",2026,"Missouri Valley",65,63.3,62.8,NA,0,0,0,0,0,0,4,4,0,0,0,0,0,0,0,1,0,0,0,26,"11.50%","15.40%",7.7,7,0,"0","0",0,NA,NA,NA,NA,NA,NA,NA,NA,NA,NA,NA,NA,NA,NA,NA,NA,NA,NA,NA,NA,NA,NA,NA,NA,NA,NA,NA,NA,NA,NA,NA,NA,NA,NA,NA,NA,NA,NA,NA,NA,NA,NA,NA,"FCS",55,55
"Gideon Spottsville","ALCORN ST",33,38.04,"D","DI",2026,"SWAC",60.6,65.3,53.9,NA,0,1,0,0,0,0,0,0,0,0,0,0,0,0,0,0,0,0,0,16,"0.00%","0.00%",0,17,10,"0","0",0,NA,NA,NA,NA,NA,NA,NA,NA,NA,NA,NA,NA,NA,NA,NA,NA,NA,NA,NA,NA,NA,NA,NA,NA,NA,0,2,"0.00%",1,0,0,"0.00%",1,1,0,0,0,"0.00%",2,2,0,0,0,"FCS",127,127
"Jake Darling","HARVARD",34,37.8,"D","DI",2026,"Ivy",65.1,69.3,55.7,NA,0,1,1,0,0,0,0,0,0,0,0,0,0,1,0,0,0,0,1,18,"0.00%","0.00%",0,16,0,"6.30%","12.50%",1,NA,NA,NA,NA,NA,NA,NA,NA,NA,NA,NA,NA,NA,NA,NA,NA,NA,NA,NA,NA,NA,NA,NA,NA,NA,98,2,"0.00%",1,1,1,"0.00%",1,1,0,0,0,"0.00%",2,2,0,0,0,"FCS",110,110
"Gabriel Valeros","CHISTA",19,37.76,"D","DI",2026,"IND (FCS)",68,68.1,57.6,NA,0,2,1,0,0,0,0,0,0,0,0,0,0,0,0,0,0,3,2,2,"0.00%","0.00%",0,17,2,"11.80%","23.50%",2,NA,NA,NA,NA,NA,NA,NA,NA,NA,NA,NA,NA,NA,NA,NA,NA,NA,NA,NA,NA,NA,NA,NA,NA,NA,97,3,"25.00%",2,1,0,"25.00%",1,2,1,0,0,"0.00%",4,4,0,0,0,"FCS",360,360
"Keisean Johnson-Wilson","MONMOUTH",17,37.75,"D","DI",2026,"CAA",65.7,66.4,57.9,NA,0,1,1,0,0,0,0,0,0,0,0,0,0,1,0,0,0,0,1,6,"0.00%","0.00%",0,11,0,"9.10%","27.30%",1,NA,NA,NA,NA,NA,NA,NA,NA,NA,NA,NA,NA,NA,NA,NA,NA,NA,NA,NA,NA,NA,NA,NA,NA,NA,93,2,"0.00%",1,1,1,"0.00%",1,1,0,0,0,"0.00%",2,2,0,0,0,"FCS",321,321
"Levi Hoss","PRESBYTERN",41,37.74,"D","DI",2026,"Pioneer",69.8,74.6,54.2,NA,0,0,2,0,0,0,0,0,0,0,0,0,0,1,0,0,0,2,0,16,"0.00%","0.00%",0,25,0.5,"0","8.00%",0,NA,NA,NA,NA,NA,NA,NA,NA,NA,NA,NA,NA,NA,NA,NA,NA,NA,NA,NA,NA,NA,NA,NA,NA,NA,40,2,"0.00%",0,2,1,"0.00%",2,0,0,0,0,"0.00%",2,2,0,0,0,"FCS",369,369
"Isaiah Potts","E TENN ST",17,37.7,"D","DI",2026,"Southern",71.5,74.1,56.5,NA,0,1,1,0,0,0,0,0,0,0,0,0,0,0,0,0,0,2,0,8,"0.00%","0.00%",0,9,2,"0","33.30%",0,NA,NA,NA,NA,NA,NA,NA,NA,NA,NA,NA,NA,NA,NA,NA,NA,NA,NA,NA,NA,NA,NA,NA,NA,NA,97,2,"0.00%",1,1,0,"0.00%",1,1,0,0,0,"0.00%",2,2,0,0,0,"FCS",6,6
"Reis Kirschenman","S DAK ST",23,37.6,"D","DI",2026,"Missouri Valley",65.2,71.6,54.1,NA,0,1,1,0,0,0,0,0,0,0,0,0,0,0,0,0,0,0,0,13,"0.00%","0.00%",0,10,5,"0","10.00%",0,NA,NA,NA,NA,NA,NA,NA,NA,NA,NA,NA,NA,NA,NA,NA,NA,NA,NA,NA,NA,NA,NA,NA,NA,NA,8,2,"0.00%",1,1,0,"0.00%",1,1,0,0,0,"0.00%",2,2,0,0,0,"FCS",107,107
"Rhett Schaefer","S DAK ST",17,37.59,"D","DI",2026,"Missouri Valley",68.4,64.1,67.4,NA,0,0,0,0,0,0,1,1,0,0,0,0,0,0,0,0,0,0,0,7,"14.30%","14.30%",7.1,10,0,"0","0",0,NA,NA,NA,NA,NA,NA,NA,NA,NA,NA,NA,NA,NA,NA,NA,NA,NA,NA,NA,NA,NA,NA,NA,NA,NA,NA,NA,NA,NA,NA,NA,NA,NA,NA,NA,NA,NA,NA,NA,NA,NA,NA,NA,"FCS",198,198
"David Johnson","ROB MORRIS",46,37.57,"D","DI",2026,"Northeast",56.5,57.4,55.9,NA,0,2,1,0,0,1,0,1,0,0,0,0,0,0,0,1,0,4,3,28,"0.00%","3.60%",1.8,18,4,"16.70%","5.60%",3,NA,NA,NA,NA,NA,NA,NA,NA,NA,NA,NA,NA,NA,NA,NA,NA,NA,NA,NA,NA,NA,NA,NA,NA,NA,0,3,"0.00%",2,1,0,"0.00%",1,2,0,0,0,"0.00%",3,3,0,0,0,"FCS",140,140
"Ty Kauserud","FURMAN",29,37.23,"D","DI",2026,"Southern",63.4,65.6,56,NA,0,1,1,0,0,0,0,0,0,0,0,1,0,1,0,0,0,2,1,14,"0.00%","0.00%",0,15,0,"6.70%","6.70%",1,NA,NA,NA,NA,NA,NA,NA,NA,NA,NA,NA,NA,NA,NA,NA,NA,NA,NA,NA,NA,NA,NA,NA,NA,NA,0,2,"0.00%",1,1,1,"0.00%",1,1,0,0,0,"0.00%",2,2,0,0,0,"FCS",154,154
"Ke'Vion Wellington","MERCER",30,37.1,"D","DI",2026,"Southern",58.7,60.8,56.7,NA,0,1,0,0,0,0,2,2,1,0,0,0,0,0,0,1,0,1,3,19,"10.50%","10.50%",5.3,11,2,"18.20%","9.10%",2,NA,NA,NA,NA,NA,NA,NA,NA,NA,NA,NA,NA,NA,NA,NA,NA,NA,NA,NA,NA,NA,NA,NA,NA,NA,54,2,"33.30%",1,0,0,"0.00%",1,1,0,0,0,"100%",3,3,0,0,1,"FCS",94,94
"Maika Finau","GARD-WEBB",32,37.05,"D","DI",2026,"Big South - OVC Football Association",61.7,65.6,55.3,NA,0,1,0,0,0,0,0,0,0,0,0,0,0,0,0,0,0,1,0,19,"0.00%","0.00%",0,13,8,"0","0",0,NA,NA,NA,NA,NA,NA,NA,NA,NA,NA,NA,NA,NA,NA,NA,NA,NA,NA,NA,NA,NA,NA,NA,NA,NA,53,2,"0.00%",1,0,0,"0.00%",1,1,0,0,0,"0.00%",2,2,0,0,0,"FCS",33,33
"Tavales Curry","CAMPBELL",24,37.02,"D","DI",2026,"CAA",68.1,68.1,61.9,NA,0,1,0,0,0,0,1,1,0,0,0,0,0,0,0,0,0,0,0,15,"6.70%","6.70%",3.3,9,0,"0","11.10%",0,NA,NA,NA,NA,NA,NA,NA,NA,NA,NA,NA,NA,NA,NA,NA,NA,NA,NA,NA,NA,NA,NA,NA,NA,NA,5,1,"0.00%",1,0,0,"0.00%",0,1,0,0,0,"0.00%",1,1,0,0,0,"FCS",233,233
"River Abenroth","SAN DIEGO",16,36.98,"D","DI",2026,"Pioneer",64.5,66.1,57.2,NA,0,1,1,0,0,0,0,0,0,0,0,0,0,1,0,0,0,1,0,7,"0.00%","0.00%",0,9,0,"0","0",0,NA,NA,NA,NA,NA,NA,NA,NA,NA,NA,NA,NA,NA,NA,NA,NA,NA,NA,NA,NA,NA,NA,NA,NA,NA,96,2,"0.00%",1,1,1,"0.00%",1,1,0,0,0,"0.00%",2,2,0,0,0,"FCS",226,226
"Cameron Garner-Young","NEW HAMP",52,36.73,"D","DI",2026,"CAA",66.1,67.3,56.9,NA,0,1,2,0,0,0,0,0,0,0,0,0,0,0,0,0,0,3,3,13,"0.00%","0.00%",0,39,2.67,"7.70%","10.30%",3,NA,NA,NA,NA,NA,NA,NA,NA,NA,NA,NA,NA,NA,NA,NA,NA,NA,NA,NA,NA,NA,NA,NA,NA,NA,9,4,"0.00%",1,2,0,"0.00%",3,1,0,0,0,"0.00%",4,4,0,0,0,"FCS",26,26
"Bilal Tucker","YNGTOWN ST",21,36.73,"D","DI",2026,"Missouri Valley",64.8,63.2,62.1,NA,0,0,0,0,0,0,1,1,1,0,0,0,0,0,0,0,1,0,0,15,"6.70%","6.70%",3.3,6,0,"0","0",0,NA,NA,NA,NA,NA,NA,NA,NA,NA,NA,NA,NA,NA,NA,NA,NA,NA,NA,NA,NA,NA,NA,NA,NA,NA,NA,NA,NA,NA,NA,NA,NA,NA,NA,NA,NA,NA,NA,NA,NA,NA,NA,NA,"FCS",271,271
"Machi Robinson","TEXAS STHN",43,36.66,"D","DI",2026,"SWAC",64.8,69,54.3,NA,0,1,2,0,0,0,0,0,0,0,0,0,0,0,0,0,0,3,1,20,"0.00%","0.00%",0,23,4,"4.30%","8.70%",1,NA,NA,NA,NA,NA,NA,NA,NA,NA,NA,NA,NA,NA,NA,NA,NA,NA,NA,NA,NA,NA,NA,NA,NA,NA,52,3,"0.00%",1,2,0,"0.00%",2,1,0,0,0,"0.00%",3,3,0,0,0,"FCS",301,301
"Trevon Piggee","E ILLINOIS",45,36.64,"D","DI",2026,"Big South - OVC Football Association",65.2,67.5,55.7,NA,0,1,1,0,0,0,0,0,0,0,0,0,0,1,0,0,0,1,2,16,"0.00%","0.00%",0,29,0,"6.90%","10.30%",2,NA,NA,NA,NA,NA,NA,NA,NA,NA,NA,NA,NA,NA,NA,NA,NA,NA,NA,NA,NA,NA,NA,NA,NA,NA,9,2,"0.00%",1,1,1,"0.00%",1,1,0,0,0,"0.00%",2,2,0,0,0,"FCS",2,2
"EJ Perez","BROWN",29,36.58,"D","DI",2026,"Ivy",65,68.1,56.9,NA,0,0,0,0,0,0,0,0,0,0,0,0,0,0,0,0,0,2,0,18,"0.00%","0.00%",0,11,9,"0","9.10%",0,NA,NA,NA,NA,NA,NA,NA,NA,NA,NA,NA,NA,NA,NA,NA,NA,NA,NA,NA,NA,NA,NA,NA,NA,NA,50,1,"0.00%",0,0,0,"0.00%",1,0,0,0,0,"0.00%",1,1,0,0,0,"FCS",274,274
"Joshua Johnson","DARTMOUTH",60,36.51,"D","DI",2026,"Ivy",64.1,72.9,55.4,NA,0,0,3,0,0,0,0,0,0,0,0,0,0,0,0,0,0,4,4,29,"0.00%","0.00%",0,31,2.4,"9.70%","25.80%",3,NA,NA,NA,NA,NA,NA,NA,NA,NA,NA,NA,NA,NA,NA,NA,NA,NA,NA,NA,NA,NA,NA,NA,NA,NA,44,5,"0.00%",0,3,0,"0.00%",5,0,0,0,0,"0.00%",5,5,0,0,0,"FCS",62,62
"Carson Freese","PRESBYTERN",32,36.34,"D","DI",2026,"Pioneer",65.4,64.7,61.5,NA,0,0,1,0,0,0,1,1,0,0,0,0,0,0,0,0,0,1,1,15,"6.70%","6.70%",3.3,17,4,"5.90%","5.90%",1,NA,NA,NA,NA,NA,NA,NA,NA,NA,NA,NA,NA,NA,NA,NA,NA,NA,NA,NA,NA,NA,NA,NA,NA,NA,93,1,"0.00%",0,1,0,"0.00%",1,0,0,0,0,"0.00%",1,1,0,0,0,"FCS",35,35
"Reid Jones","CENT ARK",31,36.19,"D","DI",2026,"United Athletic",51.8,49.1,60.5,NA,0,1,1,0,0,0,2,2,1,0,0,0,0,0,0,2,0,2,3,16,"6.30%","12.50%",6.3,15,3,"20.00%","6.70%",3,NA,NA,NA,NA,NA,NA,NA,NA,NA,NA,NA,NA,NA,NA,NA,NA,NA,NA,NA,NA,NA,NA,NA,NA,NA,48,3,"40.00%",1,1,0,"40.00%",2,1,2,0,0,"0.00%",5,5,0,0,0,"FCS",160,160
"Logan Green","S DAK ST",24,36.06,"D","DI",2026,"Missouri Valley",65.9,63.2,64.3,NA,0,0,0,0,0,0,3,3,0,0,0,0,0,0,0,0,0,0,1,13,"23.10%","23.10%",11.5,11,0,"0","0",0,NA,NA,NA,NA,NA,NA,NA,NA,NA,NA,NA,NA,NA,NA,NA,NA,NA,NA,NA,NA,NA,NA,NA,NA,NA,51,0,"100%",0,0,0,"0.00%",0,0,0,0,0,"100%",1,1,0,0,1,"FCS",41,41
"Michael Wright Jr.","YNGTOWN ST",41,36,"D","DI",2026,"Missouri Valley",65,67.6,55.3,NA,0,1,0,0,0,0,0,0,0,0,0,0,0,0,0,0,0,1,1,15,"0.00%","0.00%",0,26,6,"3.90%","7.70%",1,NA,NA,NA,NA,NA,NA,NA,NA,NA,NA,NA,NA,NA,NA,NA,NA,NA,NA,NA,NA,NA,NA,NA,NA,NA,45,2,"0.00%",1,0,0,"0.00%",1,1,0,0,0,"0.00%",2,2,0,0,0,"FCS",272,272
"Demetrius Baldwin","FURMAN",52,35.98,"D","DI",2026,"Southern",68,75.4,53.9,NA,0,1,2,0,0,0,0,0,0,0,0,0,0,0,0,0,0,5,1,29,"0.00%","0.00%",0,23,1.5,"4.30%","17.40%",1,NA,NA,NA,NA,NA,NA,NA,NA,NA,NA,NA,NA,NA,NA,NA,NA,NA,NA,NA,NA,NA,NA,NA,NA,NA,93,3,"25.00%",1,2,0,"25.00%",2,1,1,0,0,"0.00%",4,4,0,0,0,"FCS",153,153
"Julian Njelita","CAL POLY",34,35.98,"D","DI",2026,"Big Sky",57.4,58.2,57.4,NA,0,1,0,0,0,0,0,0,1,0,0,0,0,0,0,0,0,1,1,26,"3.90%","0.00%",0,8,6,"12.50%","0",1,NA,NA,NA,NA,NA,NA,NA,NA,NA,NA,NA,NA,NA,NA,NA,NA,NA,NA,NA,NA,NA,NA,NA,NA,NA,94,2,"0.00%",1,0,0,"0.00%",1,1,0,0,0,"0.00%",2,2,0,0,0,"FCS",346,346
"Jadin Nelson","LEHIGH",24,35.84,"D","DI",2026,"Patriot",71.6,74.7,59.3,NA,0,0,0,0,0,0,1,1,0,0,0,0,0,0,0,0,0,0,1,14,"7.10%","7.10%",3.6,10,0,"10.00%","40.00%",1,NA,NA,NA,NA,NA,NA,NA,NA,NA,NA,NA,NA,NA,NA,NA,NA,NA,NA,NA,NA,NA,NA,NA,NA,NA,NA,NA,NA,NA,NA,NA,NA,NA,NA,NA,NA,NA,NA,NA,NA,NA,NA,NA,"FCS",78,78
"Matisse Brosseau","DARTMOUTH",21,35.76,"D","DI",2026,"Ivy",61.6,62.7,58.7,NA,0,0,1,0,0,0,0,0,1,0,0,0,0,1,0,0,0,0,2,12,"8.30%","0.00%",0,9,0,"22.20%","22.20%",2,NA,NA,NA,NA,NA,NA,NA,NA,NA,NA,NA,NA,NA,NA,NA,NA,NA,NA,NA,NA,NA,NA,NA,NA,NA,45,1,"0.00%",0,1,1,"0.00%",1,0,0,0,0,"0.00%",1,1,0,0,0,"FCS",309,309
"Brian Oliver Jr.","FORDHAM",54,35.61,"D","DI",2026,"Patriot",66.2,69,56.5,NA,0,0,2,0,0,0,0,0,0,0,0,0,0,1,0,0,0,4,2,25,"0.00%","0.00%",0,29,1,"6.90%","10.30%",2,NA,NA,NA,NA,NA,NA,NA,NA,NA,NA,NA,NA,NA,NA,NA,NA,NA,NA,NA,NA,NA,NA,NA,NA,NA,50,3,"25.00%",0,2,1,"25.00%",3,0,1,0,0,"0.00%",4,4,0,0,0,"FCS",367,367
"Chris Oliver","PRINCETON",21,35.6,"D","DI",2026,"Ivy",61,59.1,60.8,60,0,1,1,0,0,0,1,1,0,0,0,0,0,0,0,1,0,1,1,14,"0.00%","7.10%",3.6,7,0,"14.30%","0",1,NA,NA,NA,NA,NA,NA,NA,NA,NA,NA,NA,NA,NA,NA,NA,NA,NA,NA,NA,NA,NA,NA,NA,NA,NA,96,2,"0.00%",1,0,0,"0.00%",0,1,0,1,0,"0.00%",2,2,0,1,0,"FCS",177,177
"Amari Deason","HOUCHR",35,35.48,"D","DI",2026,"Southland",60.7,62.7,56.6,NA,0,3,0,0,0,0,0,0,0,0,0,0,0,0,0,0,0,0,1,21,"0.00%","0.00%",0,14,0,"7.10%","0",1,NA,NA,NA,NA,NA,NA,NA,NA,NA,NA,NA,NA,NA,NA,NA,NA,NA,NA,NA,NA,NA,NA,NA,NA,NA,44,3,"0.00%",3,0,0,"0.00%",0,3,0,0,0,"0.00%",3,3,0,0,0,"FCS",251,251
"Blake Holmes","NEW HAMP",33,35.47,"D","DI",2026,"CAA",70.9,71.7,58.4,NA,0,0,2,0,0,0,0,0,0,0,0,0,0,0,0,0,0,3,1,9,"0.00%","0.00%",0,24,2.5,"4.20%","12.50%",1,NA,NA,NA,NA,NA,NA,NA,NA,NA,NA,NA,NA,NA,NA,NA,NA,NA,NA,NA,NA,NA,NA,NA,NA,NA,53,2,"0.00%",0,2,0,"0.00%",2,0,0,0,0,"0.00%",2,2,0,0,0,"FCS",281,281
"Gabe Flores","HOLY CROSS",37,35.31,"D","DI",2026,"Patriot",62.5,62,60.6,NA,0,1,0,0,0,0,2,2,0,0,0,0,0,0,0,1,0,0,2,21,"4.80%","9.50%",4.8,16,0,"12.50%","12.50%",2,NA,NA,NA,NA,NA,NA,NA,NA,NA,NA,NA,NA,NA,NA,NA,NA,NA,NA,NA,NA,NA,NA,NA,NA,NA,50,1,"0.00%",1,0,0,"0.00%",0,1,0,0,0,"0.00%",1,1,0,0,0,"FCS",151,151
"Jerry Martin","MURRAY ST",25,35.22,"D","DI",2026,"Missouri Valley",63.6,65.7,55.4,NA,0,1,1,0,0,0,0,0,0,0,0,0,0,1,0,0,0,2,1,8,"0.00%","0.00%",0,17,0,"5.90%","5.90%",1,NA,NA,NA,NA,NA,NA,NA,NA,NA,NA,NA,NA,NA,NA,NA,NA,NA,NA,NA,NA,NA,NA,NA,NA,NA,97,2,"0.00%",1,1,1,"0.00%",1,1,0,0,0,"0.00%",2,2,0,0,0,"FCS",329,329
"Sean Scheck","SAN DIEGO",16,35.2,"D","DI",2026,"Pioneer",64.3,65.8,57.3,NA,0,0,2,0,0,0,0,0,0,0,0,0,0,1,0,0,0,1,0,7,"0.00%","0.00%",0,9,1,"0","0",0,NA,NA,NA,NA,NA,NA,NA,NA,NA,NA,NA,NA,NA,NA,NA,NA,NA,NA,NA,NA,NA,NA,NA,NA,NA,76,2,"0.00%",0,2,1,"0.00%",2,0,0,0,0,"0.00%",2,2,0,0,0,"FCS",132,132
"Davis Prichard","CAMPBELL",20,35.2,"D","DI",2026,"CAA",51.8,60.7,59.7,NA,0,0,0,0,0,0,2,2,0,0,0,0,0,0,0,0,1,1,1,18,"5.60%","11.10%",5.6,2,4,"0","0",0,NA,NA,NA,NA,NA,NA,NA,NA,NA,NA,NA,NA,NA,NA,NA,NA,NA,NA,NA,NA,NA,NA,NA,NA,NA,27,1,"0.00%",0,0,0,"0.00%",1,0,0,0,0,"0.00%",1,1,0,0,0,"FCS",347,347
"Adam DeSantis","COLGATE",15,35.18,"D","DI",2026,"Patriot",62.7,58.6,63.5,60,0,0,2,0,0,0,1,1,0,0,0,0,0,0,0,0,0,2,1,6,"16.70%","16.70%",8.3,9,0,"11.10%","0",1,NA,NA,NA,NA,NA,NA,NA,NA,NA,NA,NA,NA,NA,NA,NA,NA,NA,NA,NA,NA,NA,NA,NA,NA,NA,96,1,"0.00%",0,0,0,"0.00%",0,0,0,1,0,"0.00%",1,1,0,1,0,"FCS",224,224
"TrayVaughn Swanigan","NC CENT",32,35.08,"D","DI",2026,"MEAC",63.8,68.2,56.1,NA,0,0,1,0,0,1,1,2,0,0,0,0,0,0,0,0,1,1,2,21,"4.80%","9.50%",4.8,11,1,"9.10%","9.10%",1,NA,NA,NA,NA,NA,NA,NA,NA,NA,NA,NA,NA,NA,NA,NA,NA,NA,NA,NA,NA,NA,NA,NA,NA,NA,97,1,"0.00%",0,1,0,"0.00%",1,0,0,0,0,"0.00%",1,1,0,0,0,"FCS",165,165
"Christian Santiago","ALBANY",18,35.05,"D","DI",2026,"CAA",69.9,70.1,58.7,NA,0,0,1,0,0,0,0,0,0,0,0,0,0,1,0,0,0,1,0,5,"0.00%","0.00%",0,13,-1,"0","7.70%",0,NA,NA,NA,NA,NA,NA,NA,NA,NA,NA,NA,NA,NA,NA,NA,NA,NA,NA,NA,NA,NA,NA,NA,NA,NA,97,1,"0.00%",0,1,1,"0.00%",1,0,0,0,0,"0.00%",1,1,0,0,0,"FCS",71,71
"Kenneth Andrews","ALCORN ST",54,35.03,"D","DI",2026,"SWAC",62.3,67.6,54.3,NA,0,1,1,0,0,0,1,1,0,0,0,0,0,0,0,0,1,2,1,32,"0.00%","3.10%",1.6,22,1,"4.50%","9.10%",1,NA,NA,NA,NA,NA,NA,NA,NA,NA,NA,NA,NA,NA,NA,NA,NA,NA,NA,NA,NA,NA,NA,NA,NA,NA,98,2,"0.00%",1,1,0,"0.00%",1,0,0,0,0,"0.00%",2,2,1,0,0,"FCS",230,230
"Adam Camphor","SE MO ST",32,35,"D","DI",2026,"Big South - OVC Football Association",69.7,70.1,62.4,NA,0,0,0,0,0,0,1,1,0,0,0,0,0,0,0,0,0,0,0,18,"5.60%","5.60%",2.8,14,0,"0","7.10%",0,NA,NA,NA,NA,NA,NA,NA,NA,NA,NA,NA,NA,NA,NA,NA,NA,NA,NA,NA,NA,NA,NA,NA,NA,NA,NA,NA,NA,NA,NA,NA,NA,NA,NA,NA,NA,NA,NA,NA,NA,NA,NA,NA,"FCS",262,262
"Folu Shobowale","GEORGETOWN",62,34.93,"D","DI",2026,"Patriot",57.9,57.6,58.2,NA,0,2,0,0,0,0,2,2,0,0,0,0,0,0,0,0,0,2,2,38,"5.30%","5.30%",2.6,24,3,"8.30%","8.30%",2,NA,NA,NA,NA,NA,NA,NA,NA,NA,NA,NA,NA,NA,NA,NA,NA,NA,NA,NA,NA,NA,NA,NA,NA,NA,55,3,"25.00%",2,0,0,"25.00%",1,2,1,0,0,"0.00%",4,4,0,0,0,"FCS",286,286
"Ivan Murray Jr.","VILLANOVA",50,34.9,"D","DI",2026,"Patriot",62.7,68.2,55.6,60,0,1,1,0,0,0,0,0,0,0,0,0,0,1,0,0,0,3,3,20,"0.00%","0.00%",0,30,0.5,"6.70%","10.00%",2,NA,NA,NA,NA,NA,NA,NA,NA,NA,NA,NA,NA,NA,NA,NA,NA,NA,NA,NA,NA,NA,NA,NA,NA,NA,9,3,"40.00%",1,1,1,"25.00%",2,1,1,0,0,"100%",5,5,0,0,1,"FCS",60,60
"Jason Morbitzer","BUCKNELL",41,34.83,"D","DI",2026,"Patriot",65,69.8,57.9,60,0,1,0,0,0,0,1,1,0,0,0,0,0,0,0,0,0,1,1,32,"3.10%","3.10%",1.6,9,0,"11.10%","44.40%",1,NA,NA,NA,NA,NA,NA,NA,NA,NA,NA,NA,NA,NA,NA,NA,NA,NA,NA,NA,NA,NA,NA,NA,NA,NA,92,2,"33.30%",1,0,0,"50.00%",0,1,1,0,0,"0.00%",3,3,0,1,0,"FCS",178,178
"Braylen Ricks","MARIST",26,34.82,"D","DI",2026,"Pioneer",65.9,69.7,57.3,NA,0,0,1,0,0,1,0,1,0,0,0,0,0,0,0,0,1,1,0,19,"0.00%","5.30%",2.6,7,1,"0","14.30%",0,NA,NA,NA,NA,NA,NA,NA,NA,NA,NA,NA,NA,NA,NA,NA,NA,NA,NA,NA,NA,NA,NA,NA,NA,NA,98,1,"0.00%",0,1,0,"0.00%",1,0,0,0,0,"0.00%",1,1,0,0,0,"FCS",215,215
"Carson Gue","VA MILT IN",24,34.54,"D","DI",2026,"Southern",65.2,67.8,56.2,62.2,0,1,1,0,0,0,0,0,0,0,0,0,0,0,0,0,0,2,0,9,"0.00%","0.00%",0,11,3,"0","9.10%",0,4,0,"0.00%",0,0,0,0,0,0,0,0,0,"50.00%",0,0,0,0,0,"0.00%","0.00%","0.00%","0.00%",0,0,"0.00%",7,2,"0.00%",1,1,0,"0.00%",1,1,0,0,0,"0.00%",2,2,0,0,0,"FCS",314,314
"Ky Tayo","CHATTNOOGA",33,34.51,"D","DI",2026,"Southern",58.5,59.2,55,60,0,2,0,0,0,0,0,0,0,0,0,0,0,0,0,0,0,2,1,9,"0.00%","0.00%",0,23,7,"4.30%","0",1,1,0,"0.00%",0,0,0,0,0,0,0,0,0,"100%",0,0,0,0,0,"0.00%","0.00%","0.00%","0.00%",0,0,"0.00%",55,3,"25.00%",2,0,0,"25.00%",1,2,1,0,0,"0.00%",4,4,0,0,0,"FCS",17,17
"Kevin Bright","SACR HEART",31,34.23,"D","DI",2026,"CAA",65.1,66.2,57.1,NA,0,1,1,0,0,0,0,0,0,0,0,0,0,0,0,0,0,3,2,9,"0.00%","0.00%",0,22,2.5,"9.10%","9.10%",2,NA,NA,NA,NA,NA,NA,NA,NA,NA,NA,NA,NA,NA,NA,NA,NA,NA,NA,NA,NA,NA,NA,NA,NA,NA,94,3,"0.00%",1,1,0,"0.00%",2,1,0,0,0,"0.00%",3,3,0,0,0,"FCS",261,261
"Ebenezer Bedada","CAMPBELL",24,34.22,"D","DI",2026,"CAA",60.6,66.8,53.8,60,0,1,1,0,0,0,0,0,0,0,0,0,0,1,0,0,0,1,0,18,"0.00%","0.00%",0,6,-1,"0","16.70%",0,NA,NA,NA,NA,NA,NA,NA,NA,NA,NA,NA,NA,NA,NA,NA,NA,NA,NA,NA,NA,NA,NA,NA,NA,NA,1,2,"0.00%",1,1,1,"0.00%",1,0,0,0,0,"0.00%",2,2,1,0,0,"FCS",44,44
"David Czapp","VA MILT IN",34,34.14,"D","DI",2026,"Southern",60.3,62.7,55.6,NA,0,2,0,0,0,0,0,0,0,0,0,0,0,0,0,0,0,2,1,17,"0.00%","0.00%",0,17,3,"5.90%","0",1,NA,NA,NA,NA,NA,NA,NA,NA,NA,NA,NA,NA,NA,NA,NA,NA,NA,NA,NA,NA,NA,NA,NA,NA,NA,91,3,"0.00%",2,0,0,"0.00%",1,2,0,0,0,"0.00%",3,3,0,0,0,"FCS",354,354
"Jeff Bowie","S DAKOTA",57,34.06,"D","DI",2026,"Missouri Valley",59.8,68.1,53.2,NA,0,0,1,0,0,0,1,1,0,0,0,0,0,1,0,1,0,1,3,23,"0.00%","4.30%",2.2,34,0,"2.90%","5.90%",1,NA,NA,NA,NA,NA,NA,NA,NA,NA,NA,NA,NA,NA,NA,NA,NA,NA,NA,NA,NA,NA,NA,NA,NA,NA,93,1,"0.00%",0,1,1,"0.00%",1,0,0,0,0,"0.00%",1,1,0,0,0,"FCS",5,5
"Tony Deloach","ALCORN ST",16,33.81,"D","DI",2026,"SWAC",62.2,58.3,66.6,NA,0,0,0,0,0,0,1,1,0,0,0,0,0,0,0,0,0,0,1,6,"16.70%","16.70%",8.3,10,0,"10.00%","0",1,NA,NA,NA,NA,NA,NA,NA,NA,NA,NA,NA,NA,NA,NA,NA,NA,NA,NA,NA,NA,NA,NA,NA,NA,NA,NA,NA,NA,NA,NA,NA,NA,NA,NA,NA,NA,NA,NA,NA,NA,NA,NA,NA,"FCS",231,231
"Ty Conze","Argonauts",42,33.71,"D","DI",2026,"United Athletic",62.6,64.2,57.5,NA,0,1,1,0,0,0,0,0,1,0,0,0,0,0,0,0,0,1,1,17,"5.90%","0.00%",0,25,1,"4.00%","4.00%",1,NA,NA,NA,NA,NA,NA,NA,NA,NA,NA,NA,NA,NA,NA,NA,NA,NA,NA,NA,NA,NA,NA,NA,NA,NA,7,2,"33.30%",1,1,0,"33.30%",1,1,1,0,0,"0.00%",3,3,0,0,0,"FCS",336,336
"Vanier Baptiste III","W CAROLINA",19,33.6,"D","DI",2026,"Southern",65.2,67.2,57.8,NA,0,0,1,0,0,0,0,0,0,0,0,0,0,1,0,0,0,1,0,12,"0.00%","0.00%",0,7,0,"0","14.30%",0,NA,NA,NA,NA,NA,NA,NA,NA,NA,NA,NA,NA,NA,NA,NA,NA,NA,NA,NA,NA,NA,NA,NA,NA,NA,14,1,"0.00%",0,1,1,"0.00%",1,0,0,0,0,"0.00%",1,1,0,0,0,"FCS",155,155
"Kehinde Akintunde","MERCER",37,33.51,"D","DI",2026,"Southern",61.6,65.6,55.2,NA,0,0,3,0,0,0,0,0,0,0,0,0,0,1,0,0,0,4,3,23,"0.00%","0.00%",0,14,-0.33,"21.40%","28.60%",3,NA,NA,NA,NA,NA,NA,NA,NA,NA,NA,NA,NA,NA,NA,NA,NA,NA,NA,NA,NA,NA,NA,NA,NA,NA,99,3,"0.00%",0,3,1,"0.00%",3,0,0,0,0,"0.00%",3,3,0,0,0,"FCS",323,323
"Hollis Sams","MS VLY ST",51,33.49,"D","DI",2026,"SWAC",63.2,67,54.1,60,0,0,1,0,0,0,1,1,0,0,0,0,0,0,0,0,0,2,6,25,"4.00%","4.00%",2,26,4,"23.10%","30.80%",6,NA,NA,NA,NA,NA,NA,NA,NA,NA,NA,NA,NA,NA,NA,NA,NA,NA,NA,NA,NA,NA,NA,NA,NA,NA,58,2,"0.00%",0,1,0,"0.00%",1,0,0,0,0,"0.00%",2,2,0,1,0,"FCS",364,364
"Jamaal Cherry","TEXAS STHN",42,33.43,"D","DI",2026,"SWAC",65.7,67.7,58.7,NA,0,0,1,0,0,0,1,1,0,0,0,0,0,1,0,0,0,0,1,22,"4.50%","4.50%",2.3,20,-3,"5.00%","10.00%",1,NA,NA,NA,NA,NA,NA,NA,NA,NA,NA,NA,NA,NA,NA,NA,NA,NA,NA,NA,NA,NA,NA,NA,NA,NA,99,1,"0.00%",0,1,1,"0.00%",1,0,0,0,0,"0.00%",1,1,0,0,0,"FCS",307,307
"Anthony Spivey","CHISTA",34,33.26,"D","DI",2026,"IND (FCS)",59.7,59.2,59.6,NA,0,1,0,0,0,0,2,2,0,0,0,0,0,0,0,1,0,0,1,17,"5.90%","11.80%",5.9,17,0,"5.90%","5.90%",1,NA,NA,NA,NA,NA,NA,NA,NA,NA,NA,NA,NA,NA,NA,NA,NA,NA,NA,NA,NA,NA,NA,NA,NA,NA,92,1,"0.00%",1,0,0,"0.00%",0,1,0,0,0,"0.00%",1,1,0,0,0,"FCS",361,361
"Chaz Knox","ELON",31,33.06,"D","DI",2026,"CAA",62.3,65.7,54.8,NA,0,0,2,0,0,0,0,0,0,0,0,0,0,1,0,0,0,2,2,16,"0.00%","0.00%",0,15,1,"13.30%","13.30%",2,NA,NA,NA,NA,NA,NA,NA,NA,NA,NA,NA,NA,NA,NA,NA,NA,NA,NA,NA,NA,NA,NA,NA,NA,NA,95,2,"0.00%",0,2,1,"0.00%",2,0,0,0,0,"0.00%",2,2,0,0,0,"FCS",241,241
"Isaiah Fowler","MCNEESE",28,32.96,"D","DI",2026,"Southland",63.8,65,57.3,NA,0,2,0,0,0,0,0,0,0,0,0,0,0,0,0,0,0,0,1,11,"0.00%","0.00%",0,17,0,"5.90%","5.90%",1,NA,NA,NA,NA,NA,NA,NA,NA,NA,NA,NA,NA,NA,NA,NA,NA,NA,NA,NA,NA,NA,NA,NA,NA,NA,99,2,"0.00%",2,0,0,"0.00%",0,2,0,0,0,"0.00%",2,2,0,0,0,"FCS",118,118
"Nick Porada","CITADEL",22,32.76,"D","DI",2026,"Southern",51.6,47.4,61.7,60,0,1,2,0,0,0,1,1,0,0,0,0,0,0,0,1,0,4,4,8,"0.00%","12.50%",6.3,14,2,"28.60%","14.30%",4,NA,NA,NA,NA,NA,NA,NA,NA,NA,NA,NA,NA,NA,NA,NA,NA,NA,NA,NA,NA,NA,NA,NA,NA,NA,54,3,"25.00%",1,1,0,"33.30%",1,1,1,1,0,"0.00%",4,4,0,1,0,"FCS",49,49
"K'Mard Kimble","STF AUSTIN",17,32.59,"D","DI",2026,"Southland",65.6,63,62.9,NA,0,0,0,0,0,0,0,0,1,0,0,0,0,0,0,0,0,0,0,11,"9.10%","0.00%",0,6,0,"0","0",0,NA,NA,NA,NA,NA,NA,NA,NA,NA,NA,NA,NA,NA,NA,NA,NA,NA,NA,NA,NA,NA,NA,NA,NA,NA,NA,NA,NA,NA,NA,NA,NA,NA,NA,NA,NA,NA,NA,NA,NA,NA,NA,NA,"FCS",207,207
"Jack Inserra","BUCKNELL",38,32.43,"D","DI",2026,"Patriot",56.7,55.4,56.7,60.1,0,1,2,0,0,0,1,1,0,0,0,0,0,0,0,1,0,2,1,31,"0.00%","3.20%",1.6,7,1,"14.30%","14.30%",1,NA,NA,NA,NA,NA,NA,NA,NA,NA,NA,NA,NA,NA,NA,NA,NA,NA,NA,NA,NA,NA,NA,NA,NA,NA,12,3,"0.00%",1,1,0,"0.00%",1,0,0,1,0,"0.00%",3,3,1,1,0,"FCS",73,73
"Brendan Bigos","MONMOUTH",35,32.36,"D","DI",2026,"CAA",60.2,61.3,56.8,NA,0,1,1,0,0,0,0,0,0,0,0,0,0,1,0,0,0,0,2,13,"0.00%","0.00%",0,22,-1,"9.10%","9.10%",2,NA,NA,NA,NA,NA,NA,NA,NA,NA,NA,NA,NA,NA,NA,NA,NA,NA,NA,NA,NA,NA,NA,NA,NA,NA,90,2,"0.00%",1,1,1,"0.00%",1,1,0,0,0,"0.00%",2,2,0,0,0,"FCS",25,25
"Timothy Maxson","SE MO ST",39,32.24,"D","DI",2026,"Big South - OVC Football Association",64.5,71.4,54.3,NA,0,0,1,0,0,0,0,0,0,0,0,0,0,1,0,0,0,2,0,22,"0.00%","0.00%",0,17,-1,"0","5.90%",0,NA,NA,NA,NA,NA,NA,NA,NA,NA,NA,NA,NA,NA,NA,NA,NA,NA,NA,NA,NA,NA,NA,NA,NA,NA,98,1,"0.00%",0,1,1,"0.00%",1,0,0,0,0,"0.00%",1,1,0,0,0,"FCS",214,214
"Gio Divers","CHISTA",32,32.23,"D","DI",2026,"IND (FCS)",64.6,64.1,61.5,60,0,0,0,0,0,0,0,0,2,0,0,0,0,0,0,0,0,2,1,19,"10.50%","0.00%",0,12,0,"8.30%","16.70%",1,1,0,"0.00%",0,0,0,0,0,0,0,0,0,"0.00%",0,0,0,0,0,"0.00%","0.00%","0.00%","0.00%",0,0,"0.00%",15,0,"100%",0,0,0,"100%",0,0,2,0,0,"0.00%",2,2,0,0,0,"FCS",121,121
"Nico Guerra","TEXAS STHN",23,32.06,"D","DI",2026,"SWAC",63.2,66.8,55.3,NA,0,0,1,0,0,0,0,0,0,0,0,0,0,0,0,0,0,2,0,12,"0.00%","0.00%",0,11,5.5,"0","0",0,NA,NA,NA,NA,NA,NA,NA,NA,NA,NA,NA,NA,NA,NA,NA,NA,NA,NA,NA,NA,NA,NA,NA,NA,NA,95,2,"0.00%",0,1,0,"0.00%",2,0,0,0,0,"0.00%",2,2,0,0,0,"FCS",227,227
"Julius Davis","HOUCHR",28,32.04,"D","DI",2026,"Southland",55.4,56.4,61,59.7,0,0,0,0,0,0,0,0,1,0,0,0,0,0,0,0,0,0,1,16,"6.30%","0.00%",0,11,5,"9.10%","0",1,1,0,"0.00%",0,0,0,0,0,0,0,0,0,"0.00%",0,0,0,0,0,"0.00%","0.00%","0.00%","0.00%",0,0,"0.00%",52,1,"0.00%",0,0,0,"0.00%",1,0,0,0,0,"0.00%",1,1,0,0,0,"FCS",32,32
"Austin Coronado","COLUMBIA",42,32,"D","DI",2026,"Ivy",64.7,65.6,58.5,61.8,0,0,0,0,0,0,0,0,1,0,0,0,0,0,0,0,0,1,0,17,"5.90%","0.00%",0,23,0,"0","4.30%",0,2,0,"0.00%",0,0,0,0,0,0,0,0,0,"100%",0,0,0,0,0,"0.00%","0.00%","0.00%","0.00%",0,0,"0.00%",9,1,"0.00%",0,0,0,"0.00%",0,0,0,0,0,"0.00%",1,1,0,1,0,"FCS",285,285
"Josh Meltzer","E TENN ST",27,31.97,"D","DI",2026,"Southern",65.5,68.6,55.8,60,0,1,0,0,0,0,0,0,0,0,0,0,0,0,0,0,0,0,0,15,"0.00%","0.00%",0,12,0,"0","8.30%",0,NA,NA,NA,NA,NA,NA,NA,NA,NA,NA,NA,NA,NA,NA,NA,NA,NA,NA,NA,NA,NA,NA,NA,NA,NA,50,2,"0.00%",1,0,0,"0.00%",0,1,0,0,0,"0.00%",2,2,0,1,0,"FCS",122,122
"Chris Dixon","S DAKOTA",54,31.94,"D","DI",2026,"Missouri Valley",68.3,71.1,55.7,60,0,1,0,0,0,0,0,0,0,0,0,0,0,0,0,0,0,2,1,21,"0.00%","0.00%",0,33,0,"3.00%","9.10%",1,NA,NA,NA,NA,NA,NA,NA,NA,NA,NA,NA,NA,NA,NA,NA,NA,NA,NA,NA,NA,NA,NA,NA,NA,NA,50,2,"33.30%",1,0,0,"50.00%",0,1,1,0,0,"0.00%",3,3,0,1,0,"FCS",40,40
"Lorenzo Portella","LEHIGH",31,31.94,"D","DI",2026,"Patriot",63.1,71.9,54,NA,0,0,0,0,0,0,0,0,0,0,0,0,0,0,0,0,0,0,1,23,"0.00%","0.00%",0,8,5,"12.50%","50.00%",1,NA,NA,NA,NA,NA,NA,NA,NA,NA,NA,NA,NA,NA,NA,NA,NA,NA,NA,NA,NA,NA,NA,NA,NA,NA,93,1,"0.00%",0,0,0,"0.00%",1,0,0,0,0,"0.00%",1,1,0,0,0,"FCS",150,150
"Jaydon Eason","STF AUSTIN",22,31.35,"D","DI",2026,"Southland",61.1,69.7,53.6,59.5,0,0,1,0,0,0,1,1,0,0,0,0,0,0,0,0,1,1,0,15,"0.00%","6.70%",3.3,6,1,"0","16.70%",0,1,0,"0.00%",0,0,0,0,0,0,0,0,0,"100%",0,0,0,0,0,"0.00%","0.00%","0.00%","0.00%",0,0,"0.00%",99,1,"0.00%",0,1,0,"0.00%",1,0,0,0,0,"0.00%",1,1,0,0,0,"FCS",219,219
"Braden Nwoko","STF AUSTIN",15,31.33,"D","DI",2026,"Southland",63.1,66.7,55.9,NA,0,0,0,0,0,0,0,0,0,0,0,0,0,0,0,0,0,1,0,10,"0.00%","0.00%",0,5,6,"0","20.00%",0,NA,NA,NA,NA,NA,NA,NA,NA,NA,NA,NA,NA,NA,NA,NA,NA,NA,NA,NA,NA,NA,NA,NA,NA,NA,92,1,"0.00%",0,0,0,"0.00%",1,0,0,0,0,"0.00%",1,1,0,0,0,"FCS",351,351
"Alijah Alexander","MCNEESE",30,31.3,"D","DI",2026,"Southland",61.3,63.2,56.7,NA,0,2,0,0,0,0,0,0,0,0,0,0,0,0,0,0,0,0,1,16,"0.00%","0.00%",0,14,0,"7.10%","0",1,NA,NA,NA,NA,NA,NA,NA,NA,NA,NA,NA,NA,NA,NA,NA,NA,NA,NA,NA,NA,NA,NA,NA,NA,NA,55,2,"0.00%",2,0,0,"0.00%",0,2,0,0,0,"0.00%",2,2,0,0,0,"FCS",125,125
"Princeton Toxey","NORFOLK",17,31.18,"D","DI",2026,"MEAC",64.4,68.7,55.7,NA,0,0,0,0,0,0,1,1,0,0,0,0,0,0,0,1,0,1,0,10,"0.00%","10.00%",5,7,0,"0","14.30%",0,NA,NA,NA,NA,NA,NA,NA,NA,NA,NA,NA,NA,NA,NA,NA,NA,NA,NA,NA,NA,NA,NA,NA,NA,NA,NA,NA,NA,NA,NA,NA,NA,NA,NA,NA,NA,NA,NA,NA,NA,NA,NA,NA,"FCS",195,195
"Marlon Cook","INCAR WORD",20,31.17,"D","DI",2026,"Southland",54.7,55,57.9,NA,0,1,0,0,0,0,0,0,0,0,0,0,0,0,0,0,0,1,3,8,"0.00%","0.00%",0,12,7,"25.00%","25.00%",3,NA,NA,NA,NA,NA,NA,NA,NA,NA,NA,NA,NA,NA,NA,NA,NA,NA,NA,NA,NA,NA,NA,NA,NA,NA,33,2,"0.00%",1,0,0,"0.00%",1,1,0,0,0,"0.00%",2,2,0,0,0,"FCS",339,339
"Caleb Estrada","CHISTA",54,30.99,"D","DI",2026,"IND (FCS)",64.7,67.7,54.7,NA,0,2,0,0,0,0,0,0,0,0,0,0,0,0,0,0,0,1,1,20,"0.00%","0.00%",0,34,0,"2.90%","5.90%",1,NA,NA,NA,NA,NA,NA,NA,NA,NA,NA,NA,NA,NA,NA,NA,NA,NA,NA,NA,NA,NA,NA,NA,NA,NA,86,2,"33.30%",2,0,0,"33.30%",0,2,1,0,0,"0.00%",3,3,0,0,0,"FCS",362,362
"Taylor Faalele","DARTMOUTH",43,30.91,"D","DI",2026,"Ivy",59.3,61,56.1,NA,0,0,2,0,0,0,0,0,0,0,0,0,0,0,0,0,0,5,4,21,"0.00%","0.00%",0,22,5.67,"18.20%","13.60%",4,NA,NA,NA,NA,NA,NA,NA,NA,NA,NA,NA,NA,NA,NA,NA,NA,NA,NA,NA,NA,NA,NA,NA,NA,NA,90,3,"0.00%",0,2,0,"0.00%",3,0,0,0,0,"0.00%",3,3,0,0,0,"FCS",216,216
"Titus Miller","SE MO ST",15,30.86,"D","DI",2026,"Big South - OVC Football Association",64.2,62,62.3,NA,0,0,0,0,0,0,1,1,0,0,0,0,0,0,0,0,0,0,0,10,"10.00%","10.00%",5,5,0,"0","0",0,NA,NA,NA,NA,NA,NA,NA,NA,NA,NA,NA,NA,NA,NA,NA,NA,NA,NA,NA,NA,NA,NA,NA,NA,NA,NA,NA,NA,NA,NA,NA,NA,NA,NA,NA,NA,NA,NA,NA,NA,NA,NA,NA,"FCS",181,181
"Aiden Jeter","SAMFORD",25,30.81,"D","DI",2026,"Southern",68.2,70.3,56.7,NA,0,0,1,0,0,0,0,0,0,0,0,0,0,0,0,0,0,0,1,8,"0.00%","0.00%",0,17,2,"5.90%","11.80%",1,NA,NA,NA,NA,NA,NA,NA,NA,NA,NA,NA,NA,NA,NA,NA,NA,NA,NA,NA,NA,NA,NA,NA,NA,NA,92,1,"0.00%",0,1,0,"0.00%",1,0,0,0,0,"0.00%",1,1,0,0,0,"FCS",75,75
"Brady Echols","WM & MARY",38,30.8,"D","DI",2026,"Patriot",57.6,55.5,54.7,61.7,0,1,0,0,0,0,0,0,0,0,0,0,0,0,0,0,0,0,2,20,"0.00%","0.00%",0,18,8,"11.10%","5.60%",2,NA,NA,NA,NA,NA,NA,NA,NA,NA,NA,NA,NA,NA,NA,NA,NA,NA,NA,NA,NA,NA,NA,NA,NA,NA,96,2,"0.00%",1,0,0,"0.00%",1,0,0,0,0,"0.00%",2,2,1,0,0,"FCS",189,189
"Cam Moore","MERCER",38,30.67,"D","DI",2026,"Southern",62,60.7,55.6,61.8,0,1,1,0,0,0,0,0,0,0,0,0,0,1,0,0,0,1,1,21,"0.00%","0.00%",0,17,0,"5.90%","0",1,NA,NA,NA,NA,NA,NA,NA,NA,NA,NA,NA,NA,NA,NA,NA,NA,NA,NA,NA,NA,NA,NA,NA,NA,NA,4,2,"0.00%",1,0,0,"0.00%",0,1,0,1,1,"0.00%",2,2,0,1,0,"FCS",168,168
"Jeremiah Shelby","WOFFORD",46,30.61,"D","DI",2026,"Southern",61.3,62,59,NA,0,1,0,0,0,0,0,0,1,0,0,0,0,0,0,0,0,2,3,28,"3.60%","0.00%",0,18,0,"16.70%","16.70%",3,NA,NA,NA,NA,NA,NA,NA,NA,NA,NA,NA,NA,NA,NA,NA,NA,NA,NA,NA,NA,NA,NA,NA,NA,NA,97,1,"50.00%",1,0,0,"50.00%",0,1,1,0,0,"0.00%",2,2,0,0,0,"FCS",327,327
"Travon Sylvester","STF AUSTIN",22,30.52,"D","DI",2026,"Southland",59.2,66.3,54.8,59.5,0,0,1,0,0,0,0,0,0,0,0,0,0,1,0,0,0,1,0,14,"0.00%","0.00%",0,7,0,"0","0",0,1,0,"0.00%",0,0,0,0,0,0,0,0,0,"100%",0,0,0,0,0,"0.00%","0.00%","0.00%","0.00%",0,0,"0.00%",96,1,"0.00%",0,1,1,"0.00%",1,0,0,0,0,"0.00%",1,1,0,0,0,"FCS",20,20
"Valentino Garcia","ILL STATE",23,30.28,"D","DI",2026,"Missouri Valley",66,66.9,57.3,NA,0,0,1,0,0,0,0,0,0,0,0,0,0,0,0,0,0,0,0,6,"0.00%","0.00%",0,17,3,"0","0",0,NA,NA,NA,NA,NA,NA,NA,NA,NA,NA,NA,NA,NA,NA,NA,NA,NA,NA,NA,NA,NA,NA,NA,NA,NA,76,1,"0.00%",0,1,0,"0.00%",1,0,0,0,0,"0.00%",1,1,0,0,0,"FCS",146,146
"Adewola Adeniyi","TEXAS STHN",35,30.2,"D","DI",2026,"SWAC",62.4,63.2,59,NA,1,0,2,0,0,0,0,0,0,0,0,0,0,0,0,0,0,2,2,20,"0.00%","0.00%",0,15,1,"13.30%","13.30%",2,NA,NA,NA,NA,NA,NA,NA,NA,NA,NA,NA,NA,NA,NA,NA,NA,NA,NA,NA,NA,NA,NA,NA,NA,NA,92,2,"0.00%",0,2,0,"0.00%",2,0,0,0,0,"0.00%",2,2,0,0,0,"FCS",372,372
"Liam Forster","PENN",43,29.97,"D","DI",2026,"Ivy",55,55.1,56.5,NA,0,2,0,0,0,0,0,0,0,0,0,0,0,0,0,0,0,1,5,11,"0.00%","0.00%",0,32,3,"15.60%","9.40%",5,NA,NA,NA,NA,NA,NA,NA,NA,NA,NA,NA,NA,NA,NA,NA,NA,NA,NA,NA,NA,NA,NA,NA,NA,NA,99,3,"0.00%",2,0,0,"0.00%",1,2,0,0,0,"0.00%",3,3,0,0,0,"FCS",143,143
"Landon Carson","ALCORN ST",42,29.93,"D","DI",2026,"SWAC",65.3,69.4,55.9,NA,0,0,1,0,0,0,0,0,0,0,0,0,0,1,0,0,0,1,0,22,"0.00%","0.00%",0,20,-3,"0","5.00%",0,NA,NA,NA,NA,NA,NA,NA,NA,NA,NA,NA,NA,NA,NA,NA,NA,NA,NA,NA,NA,NA,NA,NA,NA,NA,40,1,"0.00%",0,1,1,"0.00%",1,0,0,0,0,"0.00%",1,1,0,0,0,"FCS",358,358
"Seedi Sheriff","STHLSK",20,29.92,"D","DI",2026,"Northeast",60.5,60.8,58.1,60,0,0,2,0,0,0,0,0,0,0,0,0,0,0,0,0,0,3,1,6,"0.00%","0.00%",0,13,4,"7.70%","0",1,1,0,"0.00%",0,0,0,0,0,0,0,0,0,"0.00%",0,0,0,0,0,"0.00%","0.00%","0.00%","0.00%",0,0,"0.00%",79,2,"0.00%",0,2,0,"0.00%",2,0,0,0,0,"0.00%",2,2,0,0,0,"FCS",344,344
"Joseph Polite","WOFFORD",33,29.91,"D","DI",2026,"Southern",50.4,49.1,62.7,60,0,0,0,0,0,0,1,1,3,0,0,0,0,0,0,1,0,2,6,19,"15.80%","5.30%",2.6,14,0,"28.60%","14.30%",4,NA,NA,NA,NA,NA,NA,NA,NA,NA,NA,NA,NA,NA,NA,NA,NA,NA,NA,NA,NA,NA,NA,NA,NA,NA,90,0,"100%",0,0,0,"100%",0,0,1,0,0,"100%",3,3,0,0,2,"FCS",303,303
"Manase Tupou","MONTANA",28,29.89,"D","DI",2026,"Big Sky",61.4,64.8,55.2,NA,0,0,1,0,0,0,0,0,0,0,0,0,0,1,0,0,0,1,1,16,"0.00%","0.00%",0,12,0,"8.30%","8.30%",1,NA,NA,NA,NA,NA,NA,NA,NA,NA,NA,NA,NA,NA,NA,NA,NA,NA,NA,NA,NA,NA,NA,NA,NA,NA,95,1,"0.00%",0,1,1,"0.00%",1,0,0,0,0,"0.00%",1,1,0,0,0,"FCS",135,135
"Caldwell Bussey","FURMAN",52,29.77,"D","DI",2026,"Southern",65.3,70.1,55,NA,0,1,0,0,0,0,0,0,0,0,0,0,0,0,0,0,0,2,0,29,"0.00%","0.00%",0,23,0,"0","8.70%",0,NA,NA,NA,NA,NA,NA,NA,NA,NA,NA,NA,NA,NA,NA,NA,NA,NA,NA,NA,NA,NA,NA,NA,NA,NA,94,1,"0.00%",1,0,0,"0.00%",0,1,0,0,0,"0.00%",1,1,0,0,0,"FCS",81,81
"Tyreek'e Robinson","E TENN ST",15,29.7,"D","DI",2026,"Southern",64.9,67.3,57.1,NA,0,1,0,0,0,0,0,0,0,0,0,0,0,0,0,0,0,0,0,10,"0.00%","0.00%",0,5,0,"0","20.00%",0,NA,NA,NA,NA,NA,NA,NA,NA,NA,NA,NA,NA,NA,NA,NA,NA,NA,NA,NA,NA,NA,NA,NA,NA,NA,98,1,"0.00%",1,0,0,"0.00%",0,1,0,0,0,"0.00%",1,1,0,0,0,"FCS",180,180
"Jake Williams","UC DAVIS",31,29.62,"D","DI",2026,"Big Sky",60.1,57.9,63.3,NA,0,0,0,0,0,0,0,0,1,0,0,0,0,0,0,0,0,2,4,11,"9.10%","0.00%",0,20,0,"20.00%","15.00%",4,NA,NA,NA,NA,NA,NA,NA,NA,NA,NA,NA,NA,NA,NA,NA,NA,NA,NA,NA,NA,NA,NA,NA,NA,NA,NA,NA,NA,NA,NA,NA,NA,NA,NA,NA,NA,NA,NA,NA,NA,NA,NA,NA,"FCS",138,138
"Bryan Robertson","ROB MORRIS",20,29.46,"D","DI",2026,"Northeast",52.7,52.9,58.2,NA,0,1,1,0,0,0,0,0,0,0,0,0,0,0,0,0,0,2,4,6,"0.00%","0.00%",0,14,5,"28.60%","7.10%",4,NA,NA,NA,NA,NA,NA,NA,NA,NA,NA,NA,NA,NA,NA,NA,NA,NA,NA,NA,NA,NA,NA,NA,NA,NA,95,3,"0.00%",1,1,0,"0.00%",2,1,0,0,0,"0.00%",3,3,0,0,0,"FCS",291,291
"Kaiden Turner","STF AUSTIN",24,29.1,"D","DI",2026,"Southland",60.3,69.3,51.8,61.1,0,1,0,0,0,0,0,0,0,0,0,0,0,0,0,0,0,1,0,19,"0.00%","0.00%",0,4,0,"0","25.00%",0,1,0,"0.00%",0,0,0,0,0,0,0,0,0,"0.00%",0,0,0,0,0,"0.00%","0.00%","0.00%","0.00%",0,0,"0.00%",44,2,"0.00%",1,0,0,"0.00%",0,1,0,0,0,"0.00%",2,2,0,1,0,"FCS",158,158
"Farradj Titikpina","MAINE",26,29.04,"D","DI",2026,"CAA",62.1,63.9,56.3,NA,0,0,1,0,0,0,0,0,0,0,0,0,0,1,0,0,0,1,2,9,"0.00%","0.00%",0,17,-1,"11.80%","11.80%",2,NA,NA,NA,NA,NA,NA,NA,NA,NA,NA,NA,NA,NA,NA,NA,NA,NA,NA,NA,NA,NA,NA,NA,NA,NA,99,1,"0.00%",0,1,1,"0.00%",1,0,0,0,0,"0.00%",1,1,0,0,0,"FCS",96,96
"Shanard Lo-Ray","MERCYHURST",22,28.89,"D","DI",2026,"Northeast",64,62.7,60.8,60,0,0,1,0,0,0,0,0,0,0,0,0,0,0,0,0,0,1,0,14,"0.00%","0.00%",0,8,0,"0","0",0,NA,NA,NA,NA,NA,NA,NA,NA,NA,NA,NA,NA,NA,NA,NA,NA,NA,NA,NA,NA,NA,NA,NA,NA,NA,19,1,"0.00%",0,0,0,"0.00%",0,0,0,1,0,"0.00%",1,1,0,1,0,"FCS",167,167
"Josaiah Asuega","MONTANA ST",19,28.85,"D","DI",2026,"Big Sky",66.2,69.1,56.7,NA,0,0,0,0,0,0,0,0,0,0,0,0,0,0,0,0,0,1,0,11,"0.00%","0.00%",0,8,2,"0","12.50%",0,NA,NA,NA,NA,NA,NA,NA,NA,NA,NA,NA,NA,NA,NA,NA,NA,NA,NA,NA,NA,NA,NA,NA,NA,NA,94,1,"0.00%",0,0,0,"0.00%",1,0,0,0,0,"0.00%",1,1,0,0,0,"FCS",257,257
"Ryan Odita","HOWARD",17,28.83,"D","DI",2026,"MEAC",55.9,56.5,57.7,NA,0,1,1,0,0,0,0,0,0,0,0,0,0,1,0,0,0,0,2,6,"0.00%","0.00%",0,11,-2,"18.20%","0",2,NA,NA,NA,NA,NA,NA,NA,NA,NA,NA,NA,NA,NA,NA,NA,NA,NA,NA,NA,NA,NA,NA,NA,NA,NA,98,2,"0.00%",1,1,1,"0.00%",1,1,0,0,0,"0.00%",2,2,0,0,0,"FCS",162,162
"Jaice Tupea","E WASHGTON",16,28.76,"D","DI",2026,"Big Sky",56.9,58.1,56.8,NA,0,1,1,0,0,0,0,0,0,0,0,0,0,0,0,0,0,0,2,7,"0.00%","0.00%",0,9,3,"22.20%","11.10%",2,NA,NA,NA,NA,NA,NA,NA,NA,NA,NA,NA,NA,NA,NA,NA,NA,NA,NA,NA,NA,NA,NA,NA,NA,NA,98,2,"0.00%",1,1,0,"0.00%",1,1,0,0,0,"0.00%",2,2,0,0,0,"FCS",240,240
"Brandon Ukonu","HARVARD",19,28.76,"D","DI",2026,"Ivy",60.8,61.8,57.6,NA,0,0,1,0,0,0,0,0,0,0,0,0,0,1,0,0,0,0,1,8,"0.00%","0.00%",0,11,-1,"9.10%","9.10%",1,NA,NA,NA,NA,NA,NA,NA,NA,NA,NA,NA,NA,NA,NA,NA,NA,NA,NA,NA,NA,NA,NA,NA,NA,NA,96,1,"0.00%",0,1,1,"0.00%",1,0,0,0,0,"0.00%",1,1,0,0,0,"FCS",248,248
"Herbert Ware","PORTLAND",36,28.75,"D","DI",2026,"Big Sky",61.9,64.5,55.7,NA,0,0,1,0,0,0,0,0,0,0,0,0,0,0,0,0,0,3,2,17,"0.00%","0.00%",0,19,5,"10.50%","15.80%",2,NA,NA,NA,NA,NA,NA,NA,NA,NA,NA,NA,NA,NA,NA,NA,NA,NA,NA,NA,NA,NA,NA,NA,NA,NA,90,2,"33.30%",0,1,0,"33.30%",2,0,1,0,0,"0.00%",3,3,0,0,0,"FCS",136,136
"Brekien Harold","ALABAMA ST",31,28.69,"D","DI",2026,"SWAC",61.4,62.9,57.1,NA,0,0,0,0,0,0,0,0,0,0,0,0,0,0,0,0,0,1,1,16,"0.00%","0.00%",0,15,5,"6.70%","6.70%",1,NA,NA,NA,NA,NA,NA,NA,NA,NA,NA,NA,NA,NA,NA,NA,NA,NA,NA,NA,NA,NA,NA,NA,NA,NA,99,1,"0.00%",0,0,0,"0.00%",1,0,0,0,0,"0.00%",1,1,0,0,0,"FCS",228,228
"Rylan Shibley","ELON",34,28.61,"D","DI",2026,"CAA",60.8,61.8,58.3,NA,0,0,0,0,0,0,2,2,0,0,0,0,0,0,0,0,0,0,1,19,"10.50%","10.50%",5.3,15,0,"6.70%","6.70%",1,NA,NA,NA,NA,NA,NA,NA,NA,NA,NA,NA,NA,NA,NA,NA,NA,NA,NA,NA,NA,NA,NA,NA,NA,NA,NA,NA,NA,NA,NA,NA,NA,NA,NA,NA,NA,NA,NA,NA,NA,NA,NA,NA,"FCS",302,302
"Rashad Reid","ELON",48,28.56,"D","DI",2026,"CAA",60.2,61.4,58.3,NA,1,0,0,0,0,0,1,1,0,0,0,0,0,0,0,0,1,0,1,35,"0.00%","2.90%",1.4,13,0,"7.70%","7.70%",1,NA,NA,NA,NA,NA,NA,NA,NA,NA,NA,NA,NA,NA,NA,NA,NA,NA,NA,NA,NA,NA,NA,NA,NA,NA,NA,NA,NA,NA,NA,NA,NA,NA,NA,NA,NA,NA,NA,NA,NA,NA,NA,NA,"FCS",171,171
"Lamarion Hatcher","STF AUSTIN",19,28.54,"D","DI",2026,"Southland",60.8,63.3,56.6,NA,0,0,1,0,0,0,0,0,0,0,0,0,0,0,0,0,0,1,0,13,"0.00%","0.00%",0,6,4,"0","0",0,NA,NA,NA,NA,NA,NA,NA,NA,NA,NA,NA,NA,NA,NA,NA,NA,NA,NA,NA,NA,NA,NA,NA,NA,NA,91,1,"0.00%",0,1,0,"0.00%",1,0,0,0,0,"0.00%",1,1,0,0,0,"FCS",232,232
"Mason Baldic","BROWN",42,28.45,"D","DI",2026,"Ivy",58.5,60.3,55.6,NA,0,0,1,0,0,0,0,0,0,0,0,0,0,1,0,0,0,2,2,19,"0.00%","0.00%",0,23,0.5,"8.70%","8.70%",2,NA,NA,NA,NA,NA,NA,NA,NA,NA,NA,NA,NA,NA,NA,NA,NA,NA,NA,NA,NA,NA,NA,NA,NA,NA,96,2,"0.00%",0,1,1,"0.00%",2,0,0,0,0,"0.00%",2,2,0,0,0,"FCS",209,209
"Charleston Waugh","TEXAS STHN",19,28.44,"D","DI",2026,"SWAC",61.9,64.8,55.3,NA,0,0,1,0,0,0,0,0,0,0,0,0,0,0,0,0,0,0,0,10,"0.00%","0.00%",0,9,4,"0","0",0,NA,NA,NA,NA,NA,NA,NA,NA,NA,NA,NA,NA,NA,NA,NA,NA,NA,NA,NA,NA,NA,NA,NA,NA,NA,98,1,"0.00%",0,1,0,"0.00%",1,0,0,0,0,"0.00%",1,1,0,0,0,"FCS",337,337
"AJ Koukou","VILLANOVA",19,28.31,"D","DI",2026,"Patriot",60.9,61.4,57.8,NA,0,0,1,0,0,0,0,0,0,0,0,0,0,0,0,0,0,1,2,6,"0.00%","0.00%",0,13,4,"15.40%","15.40%",2,NA,NA,NA,NA,NA,NA,NA,NA,NA,NA,NA,NA,NA,NA,NA,NA,NA,NA,NA,NA,NA,NA,NA,NA,NA,50,1,"0.00%",0,1,0,"0.00%",1,0,0,0,0,"0.00%",1,1,0,0,0,"FCS",163,163
"Teddy Roby","ALCORN ST",15,28.27,"D","DI",2026,"SWAC",65.5,66.9,57.7,NA,0,0,1,0,0,0,0,0,0,0,0,0,0,0,0,0,0,1,0,8,"0.00%","0.00%",0,7,1,"0","14.30%",0,NA,NA,NA,NA,NA,NA,NA,NA,NA,NA,NA,NA,NA,NA,NA,NA,NA,NA,NA,NA,NA,NA,NA,NA,NA,99,1,"0.00%",0,1,0,"0.00%",1,0,0,0,0,"0.00%",1,1,0,0,0,"FCS",359,359
"Cameron Daniels","MURRAY ST",31,28.13,"D","DI",2026,"Missouri Valley",61.4,60.1,61.4,NA,0,0,0,0,0,0,1,1,0,0,0,0,0,0,0,0,0,1,1,14,"7.10%","7.10%",3.6,17,0,"5.90%","0",1,NA,NA,NA,NA,NA,NA,NA,NA,NA,NA,NA,NA,NA,NA,NA,NA,NA,NA,NA,NA,NA,NA,NA,NA,NA,NA,NA,NA,NA,NA,NA,NA,NA,NA,NA,NA,NA,NA,NA,NA,NA,NA,NA,"FCS",279,279
"Kanstin Brooks","TENN TECH",39,28.09,"D","DI",2026,"Southern",58.9,58.5,59.4,59.8,1,0,1,0,0,0,0,0,0,0,0,0,0,0,0,0,0,1,2,24,"0.00%","0.00%",0,14,3,"14.30%","7.10%",2,1,0,"0.00%",0,0,0,0,0,0,0,0,0,"100%",0,0,0,0,0,"0.00%","0.00%","0.00%","0.00%",0,0,"0.00%",0,1,"0.00%",0,1,0,"0.00%",1,0,0,0,0,"0.00%",1,1,0,0,0,"FCS",4,4
"Jeremiah Johnson","PRESBYTERN",25,28.05,"D","DI",2026,"Pioneer",61.4,62.7,56.5,NA,0,0,1,0,0,0,0,0,0,0,0,0,0,1,0,0,0,2,1,7,"0.00%","0.00%",0,18,0,"5.60%","5.60%",1,NA,NA,NA,NA,NA,NA,NA,NA,NA,NA,NA,NA,NA,NA,NA,NA,NA,NA,NA,NA,NA,NA,NA,NA,NA,98,1,"50.00%",0,1,1,"50.00%",1,0,1,0,0,"0.00%",2,2,0,0,0,"FCS",371,371
"Elijah Clark","NC CENT",22,28.01,"D","DI",2026,"MEAC",61.9,67,55.3,NA,0,1,0,0,0,0,0,0,0,0,0,0,0,0,0,0,0,0,0,16,"0.00%","0.00%",0,6,0,"0","16.70%",0,NA,NA,NA,NA,NA,NA,NA,NA,NA,NA,NA,NA,NA,NA,NA,NA,NA,NA,NA,NA,NA,NA,NA,NA,NA,95,1,"0.00%",1,0,0,"0.00%",0,1,0,0,0,"0.00%",1,1,0,0,0,"FCS",105,105
"Nathan Jackson","VA MILT IN",21,28.01,"D","DI",2026,"Southern",62.6,66.7,55.7,NA,0,0,1,0,0,0,0,0,0,0,0,0,0,1,0,0,0,1,0,13,"0.00%","0.00%",0,8,-3,"0","12.50%",0,NA,NA,NA,NA,NA,NA,NA,NA,NA,NA,NA,NA,NA,NA,NA,NA,NA,NA,NA,NA,NA,NA,NA,NA,NA,38,1,"0.00%",0,1,1,"0.00%",1,0,0,0,0,"0.00%",1,1,0,0,0,"FCS",366,366
"Dandrevius Dorsey","PRESBYTERN",19,27.92,"D","DI",2026,"Pioneer",60.9,63.5,54.9,60,0,1,0,0,0,0,0,0,0,0,0,0,0,0,0,0,0,2,0,10,"0.00%","0.00%",0,9,0,"0","0",0,NA,NA,NA,NA,NA,NA,NA,NA,NA,NA,NA,NA,NA,NA,NA,NA,NA,NA,NA,NA,NA,NA,NA,NA,NA,15,2,"0.00%",1,0,0,"0.00%",0,1,0,0,0,"0.00%",2,2,0,1,0,"FCS",117,117
"Chase Carter","INCAR WORD",19,27.85,"D","DI",2026,"Southland",57,58,57.1,NA,0,0,1,0,0,0,0,0,0,0,0,0,0,0,0,0,0,2,2,8,"0.00%","0.00%",0,11,5.5,"18.20%","9.10%",2,NA,NA,NA,NA,NA,NA,NA,NA,NA,NA,NA,NA,NA,NA,NA,NA,NA,NA,NA,NA,NA,NA,NA,NA,NA,5,2,"0.00%",0,1,0,"0.00%",2,0,0,0,0,"0.00%",2,2,0,0,0,"FCS",18,18
"A'Amear Walton","STF AUSTIN",26,27.82,"D","DI",2026,"Southland",63.3,63.2,55.3,61.7,0,0,1,0,0,1,0,1,0,0,0,0,0,0,0,0,0,1,0,20,"5.00%","5.00%",2.5,6,0,"0","0",0,NA,NA,NA,NA,NA,NA,NA,NA,NA,NA,NA,NA,NA,NA,NA,NA,NA,NA,NA,NA,NA,NA,NA,NA,NA,11,1,"0.00%",0,0,0,"0.00%",0,0,0,1,0,"0.00%",1,1,0,1,0,"FCS",315,315
"Brody Targgart","S DAK ST",17,27.81,"D","DI",2026,"Missouri Valley",55.7,58.8,53.7,NA,0,0,0,0,0,0,2,2,0,0,0,0,0,0,0,2,0,1,2,7,"0.00%","28.60%",14.3,10,0,"10.00%","0",1,NA,NA,NA,NA,NA,NA,NA,NA,NA,NA,NA,NA,NA,NA,NA,NA,NA,NA,NA,NA,NA,NA,NA,NA,NA,52,0,"100%",0,0,0,"0.00%",0,0,0,0,0,"100%",1,1,0,0,1,"FCS",282,282
"Kezni Brown","LIUSHAR",42,27.8,"D","DI",2026,"Northeast",55.3,56.2,55.6,NA,0,0,0,0,0,0,0,0,0,0,0,0,0,0,0,0,0,0,4,17,"0.00%","0.00%",0,25,9,"16.00%","8.00%",4,NA,NA,NA,NA,NA,NA,NA,NA,NA,NA,NA,NA,NA,NA,NA,NA,NA,NA,NA,NA,NA,NA,NA,NA,NA,5,1,"0.00%",0,0,0,"0.00%",1,0,0,0,0,"0.00%",1,1,0,0,0,"FCS",68,68
"Tyler Owens","NEWHVN",33,27.77,"D","DI",2026,"Northeast",62.5,62.4,58.6,NA,0,1,0,0,0,0,0,0,0,0,0,0,0,0,0,0,0,2,2,4,"0.00%","0.00%",0,29,0,"6.90%","3.50%",2,NA,NA,NA,NA,NA,NA,NA,NA,NA,NA,NA,NA,NA,NA,NA,NA,NA,NA,NA,NA,NA,NA,NA,NA,NA,96,1,"0.00%",1,0,0,"0.00%",0,1,0,0,0,"0.00%",1,1,0,0,0,"FCS",373,373
"Luca Lopez","PENN",25,27.65,"D","DI",2026,"Ivy",67.8,69.1,57.4,NA,0,0,0,0,0,0,0,0,0,0,0,0,0,0,0,0,0,0,1,8,"0.00%","0.00%",0,17,0,"5.90%","17.60%",1,NA,NA,NA,NA,NA,NA,NA,NA,NA,NA,NA,NA,NA,NA,NA,NA,NA,NA,NA,NA,NA,NA,NA,NA,NA,NA,NA,NA,NA,NA,NA,NA,NA,NA,NA,NA,NA,NA,NA,NA,NA,NA,NA,"FCS",260,260
"Jaylan Jarrett","ALABAMA ST",28,27.62,"D","DI",2026,"SWAC",65.1,68.2,55.9,NA,0,0,1,0,0,0,0,0,0,0,0,0,0,0,0,0,0,0,1,13,"0.00%","0.00%",0,15,1,"6.70%","20.00%",1,NA,NA,NA,NA,NA,NA,NA,NA,NA,NA,NA,NA,NA,NA,NA,NA,NA,NA,NA,NA,NA,NA,NA,NA,NA,55,1,"0.00%",0,1,0,"0.00%",1,0,0,0,0,"0.00%",1,1,0,0,0,"FCS",87,87
"MJ Campbell","NC CENT",38,27.56,"D","DI",2026,"MEAC",59.7,65.5,53.7,NA,0,0,1,0,0,0,0,0,0,0,0,0,0,0,0,0,0,1,0,26,"0.00%","0.00%",0,12,4,"0","0",0,NA,NA,NA,NA,NA,NA,NA,NA,NA,NA,NA,NA,NA,NA,NA,NA,NA,NA,NA,NA,NA,NA,NA,NA,NA,0,1,"0.00%",0,1,0,"0.00%",1,0,0,0,0,"0.00%",1,1,0,0,0,"FCS",298,298
"Joey Patierno","MARIST",22,27.41,"D","DI",2026,"Pioneer",60.9,65.7,55.6,NA,0,1,0,0,0,0,0,0,0,0,0,0,0,0,0,0,0,0,0,18,"0.00%","0.00%",0,4,0,"0","25.00%",0,NA,NA,NA,NA,NA,NA,NA,NA,NA,NA,NA,NA,NA,NA,NA,NA,NA,NA,NA,NA,NA,NA,NA,NA,NA,89,1,"0.00%",1,0,0,"0.00%",0,1,0,0,0,"0.00%",1,1,0,0,0,"FCS",48,48
"Sebastian Regis","STNY BROOK",46,27.39,"D","DI",2026,"CAA",59.3,63.2,54,NA,0,1,1,0,0,0,0,0,0,0,0,0,0,0,0,0,0,2,2,24,"0.00%","0.00%",0,22,1,"9.10%","4.50%",2,NA,NA,NA,NA,NA,NA,NA,NA,NA,NA,NA,NA,NA,NA,NA,NA,NA,NA,NA,NA,NA,NA,NA,NA,NA,8,2,"0.00%",1,1,0,"0.00%",1,1,0,0,0,"0.00%",2,2,0,0,0,"FCS",188,188
"Reggie Reed Jr.","HOWARD",32,27.25,"D","DI",2026,"MEAC",62.3,65.7,55.4,NA,0,1,0,0,0,0,0,0,0,0,0,0,0,0,0,0,0,1,0,16,"0.00%","0.00%",0,16,0,"0","0",0,NA,NA,NA,NA,NA,NA,NA,NA,NA,NA,NA,NA,NA,NA,NA,NA,NA,NA,NA,NA,NA,NA,NA,NA,NA,15,1,"0.00%",1,0,0,"0.00%",0,1,0,0,0,"0.00%",1,1,0,0,0,"FCS",29,29
"Xavier Trotter","INCAR WORD",37,26.95,"D","DI",2026,"Southland",63.9,66.3,55.3,60,0,1,0,0,0,0,0,0,0,0,0,0,0,0,0,0,0,2,2,16,"0.00%","0.00%",0,21,0,"9.50%","19.10%",2,NA,NA,NA,NA,NA,NA,NA,NA,NA,NA,NA,NA,NA,NA,NA,NA,NA,NA,NA,NA,NA,NA,NA,NA,NA,44,2,"50.00%",1,0,0,"66.70%",0,1,2,0,0,"0.00%",4,4,0,1,0,"FCS",340,340
"Mason Ball","E TENN ST",18,26.79,"D","DI",2026,"Southern",63.6,66.8,56,NA,0,0,1,0,0,0,0,0,0,0,0,0,0,0,0,0,0,1,0,11,"0.00%","0.00%",0,7,1,"0","14.30%",0,NA,NA,NA,NA,NA,NA,NA,NA,NA,NA,NA,NA,NA,NA,NA,NA,NA,NA,NA,NA,NA,NA,NA,NA,NA,99,1,"0.00%",0,1,0,"0.00%",1,0,0,0,0,"0.00%",1,1,0,0,0,"FCS",200,200
"Rocco DiLeonardi","STTHOM",34,26.77,"D","DI",2026,"Pioneer",57.7,64.8,53.3,NA,0,0,1,0,0,0,0,0,0,0,0,0,0,0,0,0,0,1,0,26,"0.00%","0.00%",0,8,4,"0","0",0,NA,NA,NA,NA,NA,NA,NA,NA,NA,NA,NA,NA,NA,NA,NA,NA,NA,NA,NA,NA,NA,NA,NA,NA,NA,92,1,"0.00%",0,1,0,"0.00%",1,0,0,0,0,"0.00%",1,1,0,0,0,"FCS",201,201
"Jayden Wilson-Abrams","E TENN ST",19,26.75,"D","DI",2026,"Southern",61.8,61.7,59,60,0,0,1,0,0,0,0,0,0,0,0,0,0,0,0,0,0,1,0,15,"0.00%","0.00%",0,4,0,"0","0",0,NA,NA,NA,NA,NA,NA,NA,NA,NA,NA,NA,NA,NA,NA,NA,NA,NA,NA,NA,NA,NA,NA,NA,NA,NA,22,1,"0.00%",0,0,0,"0.00%",0,0,0,1,0,"0.00%",1,1,0,1,0,"FCS",139,139
"King Smith","LNDNWD",23,26.71,"D","DI",2026,"Big South - OVC Football Association",51.5,51.9,56.5,NA,0,0,2,0,0,0,0,0,0,0,0,0,0,1,0,0,0,1,4,11,"0.00%","0.00%",0,12,2,"33.30%","8.30%",4,NA,NA,NA,NA,NA,NA,NA,NA,NA,NA,NA,NA,NA,NA,NA,NA,NA,NA,NA,NA,NA,NA,NA,NA,NA,53,2,"0.00%",0,2,1,"0.00%",2,0,0,0,0,"0.00%",2,2,0,0,0,"FCS",185,185
"Ramon McAndrews","MERCYHURST",25,26.63,"D","DI",2026,"Northeast",60.8,63.2,56.6,NA,0,1,0,0,0,0,0,0,0,0,0,0,0,0,0,0,0,0,0,14,"0.00%","0.00%",0,11,0,"0","0",0,NA,NA,NA,NA,NA,NA,NA,NA,NA,NA,NA,NA,NA,NA,NA,NA,NA,NA,NA,NA,NA,NA,NA,NA,NA,55,1,"0.00%",1,0,0,"0.00%",0,1,0,0,0,"0.00%",1,1,0,0,0,"FCS",166,166
"Cameryn Heath","WM & MARY",38,26.52,"D","DI",2026,"Patriot",51.5,48.5,60.6,NA,1,2,0,0,0,0,0,0,0,0,0,0,0,0,0,0,0,0,6,17,"0.00%","0.00%",0,21,0,"28.60%","9.50%",6,NA,NA,NA,NA,NA,NA,NA,NA,NA,NA,NA,NA,NA,NA,NA,NA,NA,NA,NA,NA,NA,NA,NA,NA,NA,51,2,"0.00%",2,0,0,"0.00%",0,2,0,0,0,"0.00%",2,2,0,0,0,"FCS",190,190
"Trent Carrade","UC DAVIS",38,26.39,"D","DI",2026,"Big Sky",57.4,56.7,58.7,NA,0,1,0,0,0,0,1,1,0,0,0,0,0,0,0,0,0,1,3,23,"4.30%","4.30%",2.2,15,0,"20.00%","13.30%",3,NA,NA,NA,NA,NA,NA,NA,NA,NA,NA,NA,NA,NA,NA,NA,NA,NA,NA,NA,NA,NA,NA,NA,NA,NA,90,1,"0.00%",1,0,0,"0.00%",0,1,0,0,0,"0.00%",1,1,0,0,0,"FCS",103,103
"Peter Lagemann","BUCKNELL",35,26.36,"D","DI",2026,"Patriot",58.7,65.2,53.9,NA,0,0,1,0,0,0,0,0,0,0,0,0,0,0,0,0,0,1,1,24,"0.00%","0.00%",0,11,3,"9.10%","18.20%",1,NA,NA,NA,NA,NA,NA,NA,NA,NA,NA,NA,NA,NA,NA,NA,NA,NA,NA,NA,NA,NA,NA,NA,NA,NA,97,1,"0.00%",0,1,0,"0.00%",1,0,0,0,0,"0.00%",1,1,0,0,0,"FCS",275,275
"Isaac Keim","MONTANA",31,26.25,"D","DI",2026,"Big Sky",54.4,65.2,54.5,NA,0,0,1,0,0,0,0,0,0,0,0,0,0,0,0,0,0,1,3,18,"0.00%","0.00%",0,13,2,"15.40%","15.40%",2,NA,NA,NA,NA,NA,NA,NA,NA,NA,NA,NA,NA,NA,NA,NA,NA,NA,NA,NA,NA,NA,NA,NA,NA,NA,48,2,"0.00%",0,1,0,"0.00%",2,0,0,0,0,"0.00%",2,2,0,0,0,"FCS",204,204
"Obi Udom","ABILENE CH",57,26.22,"D","DI",2026,"United Athletic",57.7,56.6,60,NA,0,1,0,0,0,0,1,1,0,0,0,0,0,0,0,0,0,2,5,17,"5.90%","5.90%",2.9,40,0,"12.50%","5.00%",5,NA,NA,NA,NA,NA,NA,NA,NA,NA,NA,NA,NA,NA,NA,NA,NA,NA,NA,NA,NA,NA,NA,NA,NA,NA,92,1,"50.00%",1,0,0,"50.00%",0,1,1,0,0,"0.00%",2,2,0,0,0,"FCS",170,170
"Javon Taylor","PORTLAND",24,26.2,"D","DI",2026,"Big Sky",64.8,69.3,55.5,NA,0,0,0,0,0,0,0,0,0,0,0,0,0,0,0,0,0,0,0,14,"0.00%","0.00%",0,10,0,"0","10.00%",0,NA,NA,NA,NA,NA,NA,NA,NA,NA,NA,NA,NA,NA,NA,NA,NA,NA,NA,NA,NA,NA,NA,NA,NA,NA,NA,NA,NA,NA,NA,NA,NA,NA,NA,NA,NA,NA,NA,NA,NA,NA,NA,NA,"FCS",332,332
"Adrian Stone","W CAROLINA",20,26.14,"D","DI",2026,"Southern",60.1,60.4,58.2,NA,0,1,0,0,0,0,0,0,0,0,0,0,0,0,0,0,0,1,1,8,"0.00%","0.00%",0,12,0,"8.30%","0",1,NA,NA,NA,NA,NA,NA,NA,NA,NA,NA,NA,NA,NA,NA,NA,NA,NA,NA,NA,NA,NA,NA,NA,NA,NA,99,1,"0.00%",1,0,0,"0.00%",0,1,0,0,0,"0.00%",1,1,0,0,0,"FCS",156,156
"Reece Satterwhite","LNDNWD",31,26.04,"D","DI",2026,"Big South - OVC Football Association",52,53.2,54.7,NA,0,0,1,0,0,0,0,0,0,0,0,0,0,1,0,0,0,2,4,17,"0.00%","0.00%",0,14,3,"28.60%","7.10%",4,NA,NA,NA,NA,NA,NA,NA,NA,NA,NA,NA,NA,NA,NA,NA,NA,NA,NA,NA,NA,NA,NA,NA,NA,NA,92,2,"0.00%",0,1,1,"0.00%",2,0,0,0,0,"0.00%",2,2,0,0,0,"FCS",254,254
"Ean Johnson-Kelley","MERCER",19,25.98,"D","DI",2026,"Southern",49.7,60.8,58.4,NA,0,0,0,0,0,0,2,2,0,0,0,0,0,0,0,0,0,0,2,15,"13.30%","13.30%",6.7,4,0,"0","0",0,NA,NA,NA,NA,NA,NA,NA,NA,NA,NA,NA,NA,NA,NA,NA,NA,NA,NA,NA,NA,NA,NA,NA,NA,NA,55,0,"100%",0,0,0,"0.00%",0,0,0,0,0,"100%",1,1,0,0,1,"FCS",255,255
"Dantey Menard","NORFOLK",31,25.91,"D","DI",2026,"MEAC",54.3,51.7,59.5,NA,0,1,0,0,0,0,0,0,1,0,0,0,0,0,0,0,0,0,3,20,"5.00%","0.00%",0,11,0,"27.30%","9.10%",3,NA,NA,NA,NA,NA,NA,NA,NA,NA,NA,NA,NA,NA,NA,NA,NA,NA,NA,NA,NA,NA,NA,NA,NA,NA,95,1,"0.00%",1,0,0,"0.00%",0,1,0,0,0,"0.00%",1,1,0,0,0,"FCS",104,104
"Bryce Gentry-Warrick","MERRIMACK",19,25.89,"D","DI",2026,"IND (FCS)",52.7,64.8,55.7,60,0,0,0,0,0,0,0,0,0,0,0,0,0,0,0,0,0,2,1,7,"0.00%","0.00%",0,12,4,"0","0",0,NA,NA,NA,NA,NA,NA,NA,NA,NA,NA,NA,NA,NA,NA,NA,NA,NA,NA,NA,NA,NA,NA,NA,NA,NA,6,1,"50.00%",0,0,0,"0.00%",1,0,0,0,0,"100%",2,2,0,0,1,"FCS",69,69
"Anthony Gray","TXAMEA",33,25.85,"D","DI",2026,"Southland",55.2,52.6,60.5,NA,0,0,1,0,0,0,1,1,0,0,0,0,0,0,0,0,0,2,2,18,"5.60%","5.60%",2.8,15,4,"13.30%","6.70%",2,NA,NA,NA,NA,NA,NA,NA,NA,NA,NA,NA,NA,NA,NA,NA,NA,NA,NA,NA,NA,NA,NA,NA,NA,NA,12,1,"50.00%",0,1,0,"50.00%",1,0,1,0,0,"0.00%",2,2,0,0,0,"FCS",28,28
"Renardo Lewis","GARD-WEBB",33,25.82,"D","DI",2026,"Big South - OVC Football Association",55.7,58,55.3,NA,0,1,0,0,0,0,1,1,0,0,0,0,0,0,0,1,0,1,1,24,"0.00%","4.20%",2.1,9,0,"11.10%","0",1,NA,NA,NA,NA,NA,NA,NA,NA,NA,NA,NA,NA,NA,NA,NA,NA,NA,NA,NA,NA,NA,NA,NA,NA,NA,99,1,"0.00%",1,0,0,"0.00%",0,1,0,0,0,"0.00%",1,1,0,0,0,"FCS",126,126
"Mike Hamilton","MAINE",22,25.28,"D","DI",2026,"CAA",63.9,64.8,57.9,NA,0,0,0,0,0,0,0,0,0,0,0,0,0,0,0,0,0,1,0,8,"0.00%","0.00%",0,14,0,"0","0",0,NA,NA,NA,NA,NA,NA,NA,NA,NA,NA,NA,NA,NA,NA,NA,NA,NA,NA,NA,NA,NA,NA,NA,NA,NA,NA,NA,NA,NA,NA,NA,NA,NA,NA,NA,NA,NA,NA,NA,NA,NA,NA,NA,"FCS",24,24
"Keoni Perkins","DARTMOUTH",32,25.12,"D","DI",2026,"Ivy",56.2,57,56.5,NA,0,0,1,0,0,0,0,0,0,0,0,0,0,0,0,0,0,1,3,15,"0.00%","0.00%",0,17,3.67,"17.60%","5.90%",3,NA,NA,NA,NA,NA,NA,NA,NA,NA,NA,NA,NA,NA,NA,NA,NA,NA,NA,NA,NA,NA,NA,NA,NA,NA,97,3,"0.00%",0,1,0,"0.00%",3,0,0,0,0,"0.00%",3,3,0,0,0,"FCS",63,63
"Tyher Howard-Thompson","HAMPTON",25,25.1,"D","DI",2026,"CAA",63.4,64.9,57.6,NA,0,0,0,0,0,0,0,0,0,0,0,0,0,0,0,0,0,0,0,12,"0.00%","0.00%",0,13,0,"0","0",0,NA,NA,NA,NA,NA,NA,NA,NA,NA,NA,NA,NA,NA,NA,NA,NA,NA,NA,NA,NA,NA,NA,NA,NA,NA,NA,NA,NA,NA,NA,NA,NA,NA,NA,NA,NA,NA,NA,NA,NA,NA,NA,NA,"FCS",376,376
"Terrell Elliott","INCAR WORD",27,25.02,"D","DI",2026,"Southland",59.1,59.7,57.4,NA,0,1,0,0,0,0,0,0,0,0,0,0,0,0,0,0,0,1,2,10,"0.00%","0.00%",0,17,0,"11.80%","5.90%",2,NA,NA,NA,NA,NA,NA,NA,NA,NA,NA,NA,NA,NA,NA,NA,NA,NA,NA,NA,NA,NA,NA,NA,NA,NA,9,1,"0.00%",1,0,0,"0.00%",0,1,0,0,0,"0.00%",1,1,0,0,0,"FCS",157,157
"Achilles Anderson","HARVARD",19,24.95,"D","DI",2026,"Ivy",63.6,64.8,57.5,NA,0,0,0,0,0,0,0,0,0,0,0,0,0,0,0,0,0,1,0,8,"0.00%","0.00%",0,11,0,"0","0",0,NA,NA,NA,NA,NA,NA,NA,NA,NA,NA,NA,NA,NA,NA,NA,NA,NA,NA,NA,NA,NA,NA,NA,NA,NA,NA,NA,NA,NA,NA,NA,NA,NA,NA,NA,NA,NA,NA,NA,NA,NA,NA,NA,"FCS",246,246
"Jaylin Johnson","SACR HEART",24,24.87,"D","DI",2026,"CAA",62.9,64.8,57.4,NA,0,0,0,0,0,0,0,0,0,0,0,0,0,0,0,0,0,0,0,13,"0.00%","0.00%",0,11,0,"0","0",0,NA,NA,NA,NA,NA,NA,NA,NA,NA,NA,NA,NA,NA,NA,NA,NA,NA,NA,NA,NA,NA,NA,NA,NA,NA,NA,NA,NA,NA,NA,NA,NA,NA,NA,NA,NA,NA,NA,NA,NA,NA,NA,NA,"FCS",108,108
"Chase Robinson","HAMPTON",19,24.82,"D","DI",2026,"CAA",55.3,51.9,62.9,NA,0,0,0,0,0,0,1,1,0,0,0,0,0,0,0,0,0,0,1,10,"10.00%","10.00%",5,9,0,"11.10%","0",1,NA,NA,NA,NA,NA,NA,NA,NA,NA,NA,NA,NA,NA,NA,NA,NA,NA,NA,NA,NA,NA,NA,NA,NA,NA,NA,NA,NA,NA,NA,NA,NA,NA,NA,NA,NA,NA,NA,NA,NA,NA,NA,NA,"FCS",245,245
"Landon Williams","STF AUSTIN",26,24.73,"D","DI",2026,"Southland",57.9,66.3,51.9,NA,0,1,0,0,0,0,0,0,0,0,0,0,0,0,0,0,0,0,0,18,"0.00%","0.00%",0,8,0,"0","12.50%",0,NA,NA,NA,NA,NA,NA,NA,NA,NA,NA,NA,NA,NA,NA,NA,NA,NA,NA,NA,NA,NA,NA,NA,NA,NA,33,1,"0.00%",1,0,0,"0.00%",0,1,0,0,0,"0.00%",1,1,0,0,0,"FCS",36,36
"Jaysen Oriol","NC CENT",25,24.73,"D","DI",2026,"MEAC",53.5,62.4,59.2,NA,0,0,0,0,0,0,1,1,0,0,0,0,0,0,0,0,0,1,2,17,"5.90%","5.90%",2.9,8,0,"12.50%","25.00%",1,NA,NA,NA,NA,NA,NA,NA,NA,NA,NA,NA,NA,NA,NA,NA,NA,NA,NA,NA,NA,NA,NA,NA,NA,NA,96,0,"100%",0,0,0,"100%",0,0,1,0,0,"0.00%",1,1,0,0,0,"FCS",378,378
"Evan Tyler","STTHOM",42,24.65,"D","DI",2026,"Pioneer",59.8,65.5,53.5,60,0,0,1,0,0,0,0,0,0,0,0,0,0,0,0,0,0,1,0,27,"0.00%","0.00%",0,15,0,"0","0",0,NA,NA,NA,NA,NA,NA,NA,NA,NA,NA,NA,NA,NA,NA,NA,NA,NA,NA,NA,NA,NA,NA,NA,NA,NA,42,1,"0.00%",0,0,0,"0.00%",0,0,0,1,0,"0.00%",1,1,0,1,0,"FCS",45,45
"Nate Sullivan","VILLANOVA",16,24.61,"D","DI",2026,"Patriot",63.6,64.4,57.4,NA,0,0,0,0,0,0,0,0,0,0,0,0,0,0,0,0,0,0,1,4,"0.00%","0.00%",0,12,0,"8.30%","8.30%",1,NA,NA,NA,NA,NA,NA,NA,NA,NA,NA,NA,NA,NA,NA,NA,NA,NA,NA,NA,NA,NA,NA,NA,NA,NA,NA,NA,NA,NA,NA,NA,NA,NA,NA,NA,NA,NA,NA,NA,NA,NA,NA,NA,"FCS",292,292
"Michael Albert","PRINCETON",23,24.56,"D","DI",2026,"Ivy",59.9,54.9,54.6,61,0,1,0,0,0,0,1,1,0,0,0,0,0,0,0,1,0,0,1,16,"0.00%","6.30%",3.1,7,0,"14.30%","0",1,NA,NA,NA,NA,NA,NA,NA,NA,NA,NA,NA,NA,NA,NA,NA,NA,NA,NA,NA,NA,NA,NA,NA,NA,NA,95,1,"0.00%",1,0,0,"0.00%",0,0,0,0,0,"0.00%",1,1,1,0,0,"FCS",295,295
"Jackson Ford","HAMPTON",23,24.33,"D","DI",2026,"CAA",62.1,64.1,57.3,NA,0,0,0,0,0,0,0,0,0,0,0,0,0,0,0,0,0,0,0,14,"0.00%","0.00%",0,9,0,"0","0",0,NA,NA,NA,NA,NA,NA,NA,NA,NA,NA,NA,NA,NA,NA,NA,NA,NA,NA,NA,NA,NA,NA,NA,NA,NA,NA,NA,NA,NA,NA,NA,NA,NA,NA,NA,NA,NA,NA,NA,NA,NA,NA,NA,"FCS",243,243
"Josh Gonzalez","INCAR WORD",18,24.22,"D","DI",2026,"Southland",58.2,58.7,57.8,NA,0,0,1,0,0,0,0,0,0,0,0,0,0,0,0,0,0,2,2,6,"0.00%","0.00%",0,12,2,"16.70%","8.30%",2,NA,NA,NA,NA,NA,NA,NA,NA,NA,NA,NA,NA,NA,NA,NA,NA,NA,NA,NA,NA,NA,NA,NA,NA,NA,99,1,"0.00%",0,1,0,"0.00%",1,0,0,0,0,"0.00%",1,1,0,0,0,"FCS",10,10
"Hyson Bey-Buie","N IOWA",18,24.11,"D","DI",2026,"Missouri Valley",58.9,61.1,55.8,NA,0,0,1,0,0,0,0,0,0,0,0,0,0,0,0,0,0,1,1,9,"0.00%","0.00%",0,9,2,"11.10%","11.10%",1,NA,NA,NA,NA,NA,NA,NA,NA,NA,NA,NA,NA,NA,NA,NA,NA,NA,NA,NA,NA,NA,NA,NA,NA,NA,50,1,"0.00%",0,1,0,"0.00%",1,0,0,0,0,"0.00%",1,1,0,0,0,"FCS",205,205
"Aidan Adamski","STTHOM",26,24.03,"D","DI",2026,"Pioneer",59,65.1,54,NA,0,0,1,0,0,0,0,0,0,0,0,0,0,0,0,0,0,1,0,19,"0.00%","0.00%",0,7,1,"0","0",0,NA,NA,NA,NA,NA,NA,NA,NA,NA,NA,NA,NA,NA,NA,NA,NA,NA,NA,NA,NA,NA,NA,NA,NA,NA,99,1,"0.00%",0,1,0,"0.00%",1,0,0,0,0,"0.00%",1,1,0,0,0,"FCS",283,283
"Brandon Dunn","CORNELL",19,23.97,"D","DI",2026,"Ivy",61.2,66.5,55,NA,0,0,0,0,0,0,0,0,0,0,0,0,0,0,0,0,0,0,0,14,"0.00%","0.00%",0,5,0,"0","20.00%",0,NA,NA,NA,NA,NA,NA,NA,NA,NA,NA,NA,NA,NA,NA,NA,NA,NA,NA,NA,NA,NA,NA,NA,NA,NA,NA,NA,NA,NA,NA,NA,NA,NA,NA,NA,NA,NA,NA,NA,NA,NA,NA,NA,"FCS",239,239
"Ajayi Ajaga","YNGTOWN ST",22,23.95,"D","DI",2026,"Missouri Valley",62.5,68,53.8,NA,0,0,0,0,0,0,0,0,0,0,0,0,0,0,0,0,0,0,0,11,"0.00%","0.00%",0,11,0,"0","9.10%",0,NA,NA,NA,NA,NA,NA,NA,NA,NA,NA,NA,NA,NA,NA,NA,NA,NA,NA,NA,NA,NA,NA,NA,NA,NA,NA,NA,NA,NA,NA,NA,NA,NA,NA,NA,NA,NA,NA,NA,NA,NA,NA,NA,"FCS",199,199
"Josh Osuagwu","STHLSK",27,23.8,"D","DI",2026,"Northeast",60.1,61,57.4,NA,0,0,0,0,0,0,0,0,0,0,0,0,0,0,0,0,0,2,2,12,"0.00%","0.00%",0,15,3,"13.30%","13.30%",2,NA,NA,NA,NA,NA,NA,NA,NA,NA,NA,NA,NA,NA,NA,NA,NA,NA,NA,NA,NA,NA,NA,NA,NA,NA,90,1,"50.00%",0,0,0,"50.00%",1,0,1,0,0,"0.00%",2,2,0,0,0,"FCS",221,221
"Zaiden Wallace","MONTANA",18,23.56,"D","DI",2026,"Big Sky",54.6,56.9,55.6,NA,0,0,0,0,0,0,0,0,0,0,0,0,0,0,0,0,0,0,1,12,"0.00%","0.00%",0,6,5,"16.70%","0",1,NA,NA,NA,NA,NA,NA,NA,NA,NA,NA,NA,NA,NA,NA,NA,NA,NA,NA,NA,NA,NA,NA,NA,NA,NA,55,1,"0.00%",0,0,0,"0.00%",1,0,0,0,0,"0.00%",1,1,0,0,0,"FCS",179,179
"Asher Tomaszewski","S DAKOTA",18,23.54,"D","DI",2026,"Missouri Valley",61.7,63.4,56.9,NA,0,0,0,0,0,0,0,0,0,0,0,0,0,0,0,0,0,1,0,8,"0.00%","0.00%",0,10,0,"0","0",0,NA,NA,NA,NA,NA,NA,NA,NA,NA,NA,NA,NA,NA,NA,NA,NA,NA,NA,NA,NA,NA,NA,NA,NA,NA,NA,NA,NA,NA,NA,NA,NA,NA,NA,NA,NA,NA,NA,NA,NA,NA,NA,NA,"FCS",85,85
"Unknown D70 Mercyhurst","MERCYHURST",21,23.53,"D","DI",2026,"Northeast",60.9,63.5,56.8,NA,0,0,0,0,0,0,0,0,0,0,0,0,0,0,0,0,0,0,0,14,"0.00%","0.00%",0,7,0,"0","0",0,NA,NA,NA,NA,NA,NA,NA,NA,NA,NA,NA,NA,NA,NA,NA,NA,NA,NA,NA,NA,NA,NA,NA,NA,NA,NA,NA,NA,NA,NA,NA,NA,NA,NA,NA,NA,NA,NA,NA,NA,NA,NA,NA,"FCS",379,379
"Fernando Jeanty","W CAROLINA",35,23.29,"D","DI",2026,"Southern",61.9,65.7,54.8,NA,0,0,0,0,0,0,0,0,0,0,0,0,0,0,0,0,0,0,0,18,"0.00%","0.00%",0,17,0,"0","0",0,NA,NA,NA,NA,NA,NA,NA,NA,NA,NA,NA,NA,NA,NA,NA,NA,NA,NA,NA,NA,NA,NA,NA,NA,NA,NA,NA,NA,NA,NA,NA,NA,NA,NA,NA,NA,NA,NA,NA,NA,NA,NA,NA,"FCS",326,326
"Kion Wright","ALBANY",16,23.23,"D","DI",2026,"CAA",61.3,62.4,57.3,NA,0,0,0,0,0,0,0,0,0,0,0,0,0,0,0,0,0,0,0,5,"0.00%","0.00%",0,11,0,"0","0",0,NA,NA,NA,NA,NA,NA,NA,NA,NA,NA,NA,NA,NA,NA,NA,NA,NA,NA,NA,NA,NA,NA,NA,NA,NA,NA,NA,NA,NA,NA,NA,NA,NA,NA,NA,NA,NA,NA,NA,NA,NA,NA,NA,"FCS",86,86
"Gavin Molloy","CAL POLY",18,23.16,"D","DI",2026,"Big Sky",61.2,63.7,56.2,NA,0,0,0,0,0,0,0,0,0,0,0,0,0,0,0,0,0,0,0,8,"0.00%","0.00%",0,10,0,"0","0",0,NA,NA,NA,NA,NA,NA,NA,NA,NA,NA,NA,NA,NA,NA,NA,NA,NA,NA,NA,NA,NA,NA,NA,NA,NA,NA,NA,NA,NA,NA,NA,NA,NA,NA,NA,NA,NA,NA,NA,NA,NA,NA,NA,"FCS",330,330
"D'Angelo Sheppard","CITADEL",22,23.1,"D","DI",2026,"Southern",55.8,55.7,58.2,NA,0,1,0,0,0,0,0,0,0,0,0,0,0,0,0,0,0,1,2,7,"0.00%","0.00%",0,15,0,"13.30%","0",2,NA,NA,NA,NA,NA,NA,NA,NA,NA,NA,NA,NA,NA,NA,NA,NA,NA,NA,NA,NA,NA,NA,NA,NA,NA,10,1,"0.00%",1,0,0,"0.00%",0,1,0,0,0,"0.00%",1,1,0,0,0,"FCS",304,304
"Liam Rooney","BUCKNELL",15,23.08,"D","DI",2026,"Patriot",56.1,57.6,56.7,NA,0,1,0,0,0,0,0,0,0,0,0,0,0,0,0,0,0,1,1,8,"0.00%","0.00%",0,7,0,"14.30%","0",1,NA,NA,NA,NA,NA,NA,NA,NA,NA,NA,NA,NA,NA,NA,NA,NA,NA,NA,NA,NA,NA,NA,NA,NA,NA,93,1,"0.00%",1,0,0,"0.00%",0,1,0,0,0,"0.00%",1,1,0,0,0,"FCS",276,276
"Jaidyn Mattis","NORFOLK",16,22.85,"D","DI",2026,"MEAC",60.2,62.2,57,NA,0,0,0,0,0,0,0,0,0,0,0,0,0,0,0,0,0,0,0,11,"0.00%","0.00%",0,5,0,"0","0",0,NA,NA,NA,NA,NA,NA,NA,NA,NA,NA,NA,NA,NA,NA,NA,NA,NA,NA,NA,NA,NA,NA,NA,NA,NA,NA,NA,NA,NA,NA,NA,NA,NA,NA,NA,NA,NA,NA,NA,NA,NA,NA,NA,"FCS",342,342
"Charlie Meehleib","BUCKNELL",39,22.75,"D","DI",2026,"Patriot",53.4,52.2,57.2,NA,0,0,1,0,0,0,1,1,0,0,0,0,0,0,0,0,0,1,3,26,"3.90%","3.90%",1.9,13,3,"23.10%","15.40%",3,NA,NA,NA,NA,NA,NA,NA,NA,NA,NA,NA,NA,NA,NA,NA,NA,NA,NA,NA,NA,NA,NA,NA,NA,NA,35,1,"0.00%",0,1,0,"0.00%",1,0,0,0,0,"0.00%",1,1,0,0,0,"FCS",176,176
"Gage Homola","CORNELL",28,22.71,"D","DI",2026,"Ivy",51.8,59.6,49.2,NA,0,0,0,0,0,0,1,1,0,0,0,0,0,0,0,1,0,3,2,20,"0.00%","5.00%",2.5,8,5,"12.50%","12.50%",1,NA,NA,NA,NA,NA,NA,NA,NA,NA,NA,NA,NA,NA,NA,NA,NA,NA,NA,NA,NA,NA,NA,NA,NA,NA,90,2,"33.30%",0,0,0,"0.00%",2,0,0,0,0,"100%",3,3,0,0,1,"FCS",193,193
"Rayne Mayo Jr.","UC DAVIS",35,22.61,"D","DI",2026,"Big Sky",60.6,63.5,55.7,NA,0,0,0,0,0,0,0,0,0,0,0,0,0,0,0,0,0,0,1,20,"0.00%","0.00%",0,15,0,"6.70%","6.70%",1,NA,NA,NA,NA,NA,NA,NA,NA,NA,NA,NA,NA,NA,NA,NA,NA,NA,NA,NA,NA,NA,NA,NA,NA,NA,NA,NA,NA,NA,NA,NA,NA,NA,NA,NA,NA,NA,NA,NA,NA,NA,NA,NA,"FCS",137,137
"Jared Hirschfeld","SACR HEART",36,22.59,"D","DI",2026,"CAA",60.8,61.8,57,NA,0,0,0,0,0,0,0,0,0,0,0,0,0,0,0,0,0,1,2,14,"0.00%","0.00%",0,22,0,"9.10%","4.50%",2,NA,NA,NA,NA,NA,NA,NA,NA,NA,NA,NA,NA,NA,NA,NA,NA,NA,NA,NA,NA,NA,NA,NA,NA,NA,NA,NA,NA,NA,NA,NA,NA,NA,NA,NA,NA,NA,NA,NA,NA,NA,NA,NA,"FCS",109,109
"Tyler Durant","SAMFORD",15,22.5,"D","DI",2026,"Southern",59.4,59.6,58.6,NA,0,0,0,0,0,0,0,0,0,0,0,0,0,0,0,0,0,0,1,4,"0.00%","0.00%",0,11,0,"9.10%","0",1,NA,NA,NA,NA,NA,NA,NA,NA,NA,NA,NA,NA,NA,NA,NA,NA,NA,NA,NA,NA,NA,NA,NA,NA,NA,NA,NA,NA,NA,NA,NA,NA,NA,NA,NA,NA,NA,NA,NA,NA,NA,NA,NA,"FCS",174,174
"Chance Symons","INCAR WORD",17,22.3,"D","DI",2026,"Southland",55.2,56.4,56.7,NA,0,1,0,0,0,0,0,0,0,0,0,0,0,0,0,0,0,0,3,5,"0.00%","0.00%",0,12,0,"25.00%","16.70%",3,NA,NA,NA,NA,NA,NA,NA,NA,NA,NA,NA,NA,NA,NA,NA,NA,NA,NA,NA,NA,NA,NA,NA,NA,NA,11,1,"0.00%",1,0,0,"0.00%",0,1,0,0,0,"0.00%",1,1,0,0,0,"FCS",133,133
"Eddie Vega","PORTLAND",69,22.25,"D","DI",2026,"Big Sky",60.9,69.4,50.2,NA,0,0,0,0,0,0,1,1,0,0,0,0,0,0,0,1,0,1,1,40,"0.00%","2.50%",1.3,29,0,"0","6.90%",0,NA,NA,NA,NA,NA,NA,NA,NA,NA,NA,NA,NA,NA,NA,NA,NA,NA,NA,NA,NA,NA,NA,NA,NA,NA,80,0,"100%",0,0,0,"0.00%",0,0,0,0,0,"100%",1,1,0,0,1,"FCS",297,297
"Jadon Best","CAMPBELL",21,22.15,"D","DI",2026,"CAA",59.4,61.5,56.7,NA,0,0,0,0,0,0,0,0,0,0,0,0,0,0,0,0,0,0,0,17,"0.00%","0.00%",0,4,0,"0","0",0,NA,NA,NA,NA,NA,NA,NA,NA,NA,NA,NA,NA,NA,NA,NA,NA,NA,NA,NA,NA,NA,NA,NA,NA,NA,NA,NA,NA,NA,NA,NA,NA,NA,NA,NA,NA,NA,NA,NA,NA,NA,NA,NA,"FCS",305,305
"Malachi Edgerly","CORNELL",21,21.83,"D","DI",2026,"Ivy",53.5,50.9,60.6,NA,0,0,0,0,0,0,1,1,0,0,0,0,0,0,0,0,0,1,3,12,"8.30%","8.30%",4.2,9,0,"33.30%","11.10%",3,NA,NA,NA,NA,NA,NA,NA,NA,NA,NA,NA,NA,NA,NA,NA,NA,NA,NA,NA,NA,NA,NA,NA,NA,NA,NA,NA,NA,NA,NA,NA,NA,NA,NA,NA,NA,NA,NA,NA,NA,NA,NA,NA,"FCS",61,61
"Walker Owens","STTHOM",39,21.8,"D","DI",2026,"Pioneer",59.2,65.7,53,NA,0,0,0,0,0,0,0,0,0,0,0,0,0,0,0,0,0,1,0,24,"0.00%","0.00%",0,15,0,"0","0",0,NA,NA,NA,NA,NA,NA,NA,NA,NA,NA,NA,NA,NA,NA,NA,NA,NA,NA,NA,NA,NA,NA,NA,NA,NA,NA,NA,NA,NA,NA,NA,NA,NA,NA,NA,NA,NA,NA,NA,NA,NA,NA,NA,"FCS",202,202
"Joey Finley","STF AUSTIN",15,21.31,"D","DI",2026,"Southland",58.5,62,55.3,NA,0,0,0,0,0,0,0,0,0,0,0,0,0,0,0,0,0,0,0,9,"0.00%","0.00%",0,6,0,"0","0",0,NA,NA,NA,NA,NA,NA,NA,NA,NA,NA,NA,NA,NA,NA,NA,NA,NA,NA,NA,NA,NA,NA,NA,NA,NA,NA,NA,NA,NA,NA,NA,NA,NA,NA,NA,NA,NA,NA,NA,NA,NA,NA,NA,"FCS",120,120
"Brandon Martin","ROB MORRIS",19,21.31,"D","DI",2026,"Northeast",49.1,62,55.3,NA,0,0,0,0,0,0,0,0,0,0,0,0,0,0,0,0,0,0,1,12,"0.00%","0.00%",0,7,0,"0","0",0,NA,NA,NA,NA,NA,NA,NA,NA,NA,NA,NA,NA,NA,NA,NA,NA,NA,NA,NA,NA,NA,NA,NA,NA,NA,NA,NA,NA,NA,NA,NA,NA,NA,NA,NA,NA,NA,NA,NA,NA,NA,NA,NA,"FCS",173,173
"Lucien Griffin","MERCYHURST",23,21.23,"D","DI",2026,"Northeast",57.9,62,55.2,NA,0,0,0,0,0,0,0,0,0,0,0,0,0,0,0,0,0,0,0,15,"0.00%","0.00%",0,8,0,"0","0",0,NA,NA,NA,NA,NA,NA,NA,NA,NA,NA,NA,NA,NA,NA,NA,NA,NA,NA,NA,NA,NA,NA,NA,NA,NA,NA,NA,NA,NA,NA,NA,NA,NA,NA,NA,NA,NA,NA,NA,NA,NA,NA,NA,"FCS",288,288
"Jason Seraphin","HOWARD",37,21.13,"D","DI",2026,"MEAC",46.1,42.8,60.8,NA,0,0,1,0,0,0,1,1,0,0,0,0,0,0,0,0,0,3,8,14,"7.10%","7.10%",3.6,23,3,"34.80%","4.30%",8,NA,NA,NA,NA,NA,NA,NA,NA,NA,NA,NA,NA,NA,NA,NA,NA,NA,NA,NA,NA,NA,NA,NA,NA,NA,9,2,"0.00%",0,1,0,"0.00%",2,0,0,0,0,"0.00%",2,2,0,0,0,"FCS",30,30
"Osman Kamara","ROB MORRIS",50,20.76,"D","DI",2026,"Northeast",47.6,52.2,55.9,NA,0,0,0,0,0,0,0,0,0,0,0,0,0,0,0,0,0,0,6,17,"0.00%","0.00%",0,33,5,"15.20%","6.10%",5,NA,NA,NA,NA,NA,NA,NA,NA,NA,NA,NA,NA,NA,NA,NA,NA,NA,NA,NA,NA,NA,NA,NA,NA,NA,98,1,"0.00%",0,0,0,"0.00%",1,0,0,0,0,"0.00%",1,1,0,0,0,"FCS",318,318
"BreShun Hall","HAMPTON",24,20.54,"D","DI",2026,"CAA",57.9,60.3,55.7,60,0,0,0,0,0,0,0,0,0,0,0,0,0,0,0,0,0,0,1,14,"0.00%","0.00%",0,9,0,"11.10%","11.10%",1,1,0,"0.00%",0,0,0,0,0,0,0,0,0,"0.00%",0,0,0,0,0,"0.00%","0.00%","0.00%","0.00%",0,0,"0.00%",NA,NA,NA,NA,NA,NA,NA,NA,NA,NA,NA,NA,NA,NA,NA,NA,NA,NA,"FCS",244,244
"Aidan Horodnik","HOLY CROSS",40,20.49,"D","DI",2026,"Patriot",58,60.6,55.4,NA,0,0,0,0,0,0,0,0,0,0,0,0,0,0,0,0,0,0,2,24,"0.00%","0.00%",0,16,0,"12.50%","6.30%",2,NA,NA,NA,NA,NA,NA,NA,NA,NA,NA,NA,NA,NA,NA,NA,NA,NA,NA,NA,NA,NA,NA,NA,NA,NA,NA,NA,NA,NA,NA,NA,NA,NA,NA,NA,NA,NA,NA,NA,NA,NA,NA,NA,"FCS",220,220
"Brandon Mills","MURRAY ST",33,20.33,"D","DI",2026,"Missouri Valley",53.9,54,56.8,NA,0,0,0,0,0,0,0,0,0,0,0,0,0,0,0,0,0,1,3,14,"0.00%","0.00%",0,19,3,"15.80%","5.30%",3,NA,NA,NA,NA,NA,NA,NA,NA,NA,NA,NA,NA,NA,NA,NA,NA,NA,NA,NA,NA,NA,NA,NA,NA,NA,95,1,"0.00%",0,0,0,"0.00%",1,0,0,0,0,"0.00%",1,1,0,0,0,"FCS",316,316
"Rufus Toe","HOUCHR",35,20.32,"D","DI",2026,"Southland",54.4,54.3,55,60.1,0,1,0,0,0,0,0,0,0,0,0,0,0,0,0,0,0,0,2,14,"0.00%","0.00%",0,20,0,"10.00%","0",2,1,0,"0.00%",0,0,0,0,0,0,0,0,0,"0.00%",0,0,0,0,0,"0.00%","0.00%","0.00%","0.00%",0,0,"0.00%",32,1,"0.00%",1,0,0,"0.00%",0,0,0,0,0,"0.00%",1,1,1,0,0,"FCS",13,13
"Jackson Murray","N ARIZONA",27,20.31,"D","DI",2026,"Big Sky",54.5,50.9,62.4,NA,0,0,0,0,0,0,1,1,0,0,0,0,0,0,0,0,0,1,3,14,"7.10%","7.10%",3.6,13,0,"23.10%","7.70%",3,NA,NA,NA,NA,NA,NA,NA,NA,NA,NA,NA,NA,NA,NA,NA,NA,NA,NA,NA,NA,NA,NA,NA,NA,NA,0,0,"100%",0,0,0,"100%",0,0,1,0,0,"0.00%",1,1,0,0,0,"FCS",300,300
"Bryce Purnell","MAINE",35,19.95,"F","DI",2026,"CAA",57.6,59,56,NA,0,0,0,0,0,0,0,0,0,0,0,0,0,0,0,0,0,0,2,17,"0.00%","0.00%",0,18,0,"11.10%","11.10%",2,NA,NA,NA,NA,NA,NA,NA,NA,NA,NA,NA,NA,NA,NA,NA,NA,NA,NA,NA,NA,NA,NA,NA,NA,NA,NA,NA,NA,NA,NA,NA,NA,NA,NA,NA,NA,NA,NA,NA,NA,NA,NA,NA,"FCS",14,14
"Marquan Saddler Jr.","STHLSK",24,19.83,"F","DI",2026,"Northeast",48.3,48.2,57.9,NA,0,0,0,0,0,0,0,0,0,0,0,0,0,0,0,0,0,2,4,6,"0.00%","0.00%",0,18,5,"22.20%","0",4,NA,NA,NA,NA,NA,NA,NA,NA,NA,NA,NA,NA,NA,NA,NA,NA,NA,NA,NA,NA,NA,NA,NA,NA,NA,99,1,"0.00%",0,0,0,"0.00%",1,0,0,0,0,"0.00%",1,1,0,0,0,"FCS",263,263
"Andrew Zook","LNDNWD",42,19.35,"F","DI",2026,"Big South - OVC Football Association",57,60,54.5,NA,0,0,0,0,0,0,0,0,0,0,0,0,0,0,0,0,0,0,1,26,"0.00%","0.00%",0,16,0,"6.30%","0",1,NA,NA,NA,NA,NA,NA,NA,NA,NA,NA,NA,NA,NA,NA,NA,NA,NA,NA,NA,NA,NA,NA,NA,NA,NA,NA,NA,NA,NA,NA,NA,NA,NA,NA,NA,NA,NA,NA,NA,NA,NA,NA,NA,"FCS",72,72
"Jeremiah Young","INCAR WORD",35,19.31,"F","DI",2026,"Southland",50,49.5,55.8,60,0,0,2,0,0,0,0,0,0,0,0,0,0,0,0,0,0,3,5,13,"0.00%","0.00%",0,21,3.67,"23.80%","4.80%",5,1,0,"0.00%",0,0,0,0,0,0,0,0,0,"100%",0,0,0,0,0,"0.00%","0.00%","0.00%","0.00%",0,0,"0.00%",6,3,"25.00%",0,2,0,"25.00%",3,0,1,0,0,"0.00%",4,4,0,0,0,"FCS",299,299
"Tobi Akintade","HOUCHR",27,18.77,"F","DI",2026,"Southland",59,59.4,57.5,NA,0,0,0,0,0,0,0,0,0,0,0,0,0,0,0,0,0,0,1,10,"0.00%","0.00%",0,17,0,"5.90%","5.90%",1,NA,NA,NA,NA,NA,NA,NA,NA,NA,NA,NA,NA,NA,NA,NA,NA,NA,NA,NA,NA,NA,NA,NA,NA,NA,92,0,"100%",0,0,0,"100%",0,0,1,0,0,"0.00%",1,1,0,0,0,"FCS",250,250
"Ellis Daniels","VA MILT IN",35,18.48,"F","DI",2026,"Southern",55.7,56.1,56.5,NA,0,0,0,0,0,0,0,0,0,0,0,0,0,0,0,0,0,0,2,17,"0.00%","0.00%",0,18,0,"11.10%","0",2,NA,NA,NA,NA,NA,NA,NA,NA,NA,NA,NA,NA,NA,NA,NA,NA,NA,NA,NA,NA,NA,NA,NA,NA,NA,NA,NA,NA,NA,NA,NA,NA,NA,NA,NA,NA,NA,NA,NA,NA,NA,NA,NA,"FCS",355,355
"James Collins II","E ILLINOIS",47,18.44,"F","DI",2026,"Big South - OVC Football Association",54.7,55.4,55.3,NA,0,0,1,0,0,0,0,0,0,0,0,0,0,0,0,0,0,3,4,21,"0.00%","0.00%",0,26,2,"15.40%","3.90%",4,NA,NA,NA,NA,NA,NA,NA,NA,NA,NA,NA,NA,NA,NA,NA,NA,NA,NA,NA,NA,NA,NA,NA,NA,NA,55,1,"50.00%",0,1,0,"50.00%",1,0,1,0,0,"0.00%",2,2,0,0,0,"FCS",11,11
"Milton White Jr.","MURRAY ST",15,18.34,"F","DI",2026,"Missouri Valley",54.8,56.9,55.7,NA,0,0,0,0,0,0,0,0,0,0,0,0,0,0,0,0,0,0,1,6,"0.00%","0.00%",0,9,0,"11.10%","0",1,NA,NA,NA,NA,NA,NA,NA,NA,NA,NA,NA,NA,NA,NA,NA,NA,NA,NA,NA,NA,NA,NA,NA,NA,NA,NA,NA,NA,NA,NA,NA,NA,NA,NA,NA,NA,NA,NA,NA,NA,NA,NA,NA,"FCS",374,374
"Izak Simpson","CAL POLY",16,18.33,"F","DI",2026,"Big Sky",53.7,54.7,57.4,NA,0,0,0,0,0,0,0,0,0,0,0,0,0,0,0,0,0,1,2,9,"0.00%","0.00%",0,7,0,"28.60%","14.30%",2,NA,NA,NA,NA,NA,NA,NA,NA,NA,NA,NA,NA,NA,NA,NA,NA,NA,NA,NA,NA,NA,NA,NA,NA,NA,NA,NA,NA,NA,NA,NA,NA,NA,NA,NA,NA,NA,NA,NA,NA,NA,NA,NA,"FCS",345,345
"Elijah Brooks","VA MILT IN",38,17.53,"F","DI",2026,"Southern",55.1,50.7,55.4,61.8,0,1,0,0,0,0,0,0,0,0,0,0,0,0,0,0,0,1,4,21,"0.00%","0.00%",0,17,0,"23.50%","5.90%",4,NA,NA,NA,NA,NA,NA,NA,NA,NA,NA,NA,NA,NA,NA,NA,NA,NA,NA,NA,NA,NA,NA,NA,NA,NA,90,1,"0.00%",1,0,0,"0.00%",0,1,0,0,0,"0.00%",1,1,0,0,0,"FCS",82,82
"Levy Kinlock","HARVARD",16,17.22,"F","DI",2026,"Ivy",58.8,58.4,58.3,60.6,0,0,0,0,0,0,0,0,0,0,0,0,0,0,0,0,0,2,2,4,"0.00%","0.00%",0,10,0,"20.00%","20.00%",2,2,0,"0.00%",0,0,0,0,0,0,0,0,0,"100%",0,0,0,0,0,"0.00%","0.00%","0.00%","0.00%",0,0,"0.00%",11,0,"100%",0,0,0,"100%",0,0,2,0,0,"0.00%",2,2,0,0,0,"FCS",247,247
"Kyle Dillon","HOWARD",30,17.18,"F","DI",2026,"MEAC",45.2,43.9,56.2,NA,0,0,1,0,0,0,0,0,0,0,0,0,0,1,0,0,0,0,5,11,"0.00%","0.00%",0,19,0,"26.30%","5.30%",5,NA,NA,NA,NA,NA,NA,NA,NA,NA,NA,NA,NA,NA,NA,NA,NA,NA,NA,NA,NA,NA,NA,NA,NA,NA,44,1,"0.00%",0,1,1,"0.00%",1,0,0,0,0,"0.00%",1,1,0,0,0,"FCS",293,293
"Devin Huegel","UC DAVIS",18,17.14,"F","DI",2026,"Big Sky",43.5,53.9,56.6,NA,0,0,0,0,0,0,0,0,0,0,0,0,0,0,0,0,0,1,3,7,"0.00%","0.00%",0,11,0,"27.30%","0",3,NA,NA,NA,NA,NA,NA,NA,NA,NA,NA,NA,NA,NA,NA,NA,NA,NA,NA,NA,NA,NA,NA,NA,NA,NA,NA,NA,NA,NA,NA,NA,NA,NA,NA,NA,NA,NA,NA,NA,NA,NA,NA,NA,"FCS",267,267
"John Sualla Jr.","NEWHVN",25,16.83,"F","DI",2026,"Northeast",54.3,54.1,59.3,NA,0,0,0,0,0,0,0,0,0,0,0,0,0,0,0,0,0,0,3,3,"0.00%","0.00%",0,22,0,"13.60%","4.50%",3,NA,NA,NA,NA,NA,NA,NA,NA,NA,NA,NA,NA,NA,NA,NA,NA,NA,NA,NA,NA,NA,NA,NA,NA,NA,98,0,"100%",0,0,0,"100%",0,0,1,0,0,"0.00%",1,1,0,0,0,"FCS",100,100
"Matias Ortiz Jr.","MERCYHURST",15,16.7,"F","DI",2026,"Northeast",47.6,49.3,56.1,NA,0,0,0,0,0,0,0,0,0,0,0,0,0,0,0,0,0,1,2,6,"0.00%","0.00%",0,9,3,"22.20%","0",2,NA,NA,NA,NA,NA,NA,NA,NA,NA,NA,NA,NA,NA,NA,NA,NA,NA,NA,NA,NA,NA,NA,NA,NA,NA,97,1,"0.00%",0,0,0,"0.00%",1,0,0,0,0,"0.00%",1,1,0,0,0,"FCS",186,186
"Maurice Seals","STNY BROOK",39,15.98,"F","DI",2026,"CAA",46,48.8,49.2,NA,0,0,0,0,0,0,2,2,0,0,0,0,0,0,0,2,0,2,5,17,"0.00%","11.80%",5.9,22,2,"18.20%","9.10%",4,NA,NA,NA,NA,NA,NA,NA,NA,NA,NA,NA,NA,NA,NA,NA,NA,NA,NA,NA,NA,NA,NA,NA,NA,NA,95,1,"50.00%",0,0,0,"0.00%",1,0,0,0,0,"100%",2,2,0,0,1,"FCS",265,265
"Naquan Johnson","LIUSHAR",21,14.82,"F","DI",2026,"Northeast",42.9,42.8,55.8,NA,0,0,0,0,0,0,1,1,0,0,0,0,0,0,0,1,0,0,4,9,"0.00%","11.10%",5.6,12,0,"33.30%","8.30%",4,NA,NA,NA,NA,NA,NA,NA,NA,NA,NA,NA,NA,NA,NA,NA,NA,NA,NA,NA,NA,NA,NA,NA,NA,NA,NA,NA,NA,NA,NA,NA,NA,NA,NA,NA,NA,NA,NA,NA,NA,NA,NA,NA,"FCS",312,312
"Premiere Whitley","E ILLINOIS",50,14.34,"F","DI",2026,"Big South - OVC Football Association",43.8,42.5,54.3,NA,0,0,1,0,0,0,0,0,0,0,0,0,0,0,0,0,0,1,7,20,"0.00%","0.00%",0,30,5,"23.30%","0",7,NA,NA,NA,NA,NA,NA,NA,NA,NA,NA,NA,NA,NA,NA,NA,NA,NA,NA,NA,NA,NA,NA,NA,NA,NA,13,1,"0.00%",0,1,0,"0.00%",1,0,0,0,0,"0.00%",1,1,0,0,0,"FCS",289,289
"Lawrence Falatea","N ARIZONA",22,13.64,"F","DI",2026,"Big Sky",44.7,44.3,55.7,60,0,1,0,0,0,0,0,0,0,0,0,0,0,0,0,0,0,0,3,7,"0.00%","0.00%",0,14,0,"21.40%","0",3,1,0,"0.00%",0,0,0,0,0,0,0,0,0,"100%",0,0,0,0,0,"0.00%","0.00%","0.00%","0.00%",0,0,"0.00%",50,1,"0.00%",1,0,0,"0.00%",0,1,0,0,0,"0.00%",1,1,0,0,0,"FCS",7,7
"Lucas Allen","WM & MARY",34,13.4,"F","DI",2026,"Patriot",39.3,45.3,53.9,NA,0,0,0,0,0,0,1,1,0,0,0,0,0,0,0,1,0,0,5,17,"0.00%","5.90%",2.9,17,0,"23.50%","0",4,NA,NA,NA,NA,NA,NA,NA,NA,NA,NA,NA,NA,NA,NA,NA,NA,NA,NA,NA,NA,NA,NA,NA,NA,NA,NA,NA,NA,NA,NA,NA,NA,NA,NA,NA,NA,NA,NA,NA,NA,NA,NA,NA,"FCS",320,320
"Jack Sacchetti","PENN",16,13.28,"F","DI",2026,"Ivy",47,47.8,56.7,NA,0,0,0,0,0,0,0,0,0,0,0,0,0,0,0,0,0,0,3,6,"0.00%","0.00%",0,10,0,"30.00%","0",3,NA,NA,NA,NA,NA,NA,NA,NA,NA,NA,NA,NA,NA,NA,NA,NA,NA,NA,NA,NA,NA,NA,NA,NA,NA,NA,NA,NA,NA,NA,NA,NA,NA,NA,NA,NA,NA,NA,NA,NA,NA,NA,NA,"FCS",338,338
"Jayden Baer","N ARIZONA",18,13.07,"F","DI",2026,"Big Sky",45.9,46.2,57.7,NA,0,0,0,0,0,0,0,0,0,0,0,0,0,0,0,0,0,0,3,6,"0.00%","0.00%",0,12,0,"25.00%","8.30%",3,NA,NA,NA,NA,NA,NA,NA,NA,NA,NA,NA,NA,NA,NA,NA,NA,NA,NA,NA,NA,NA,NA,NA,NA,NA,NA,NA,NA,NA,NA,NA,NA,NA,NA,NA,NA,NA,NA,NA,NA,NA,NA,NA,"FCS",259,259
"Lance Bassett","S ILLINOIS",27,12.9,"F","DI",2026,"Missouri Valley",47.7,47.1,56.8,NA,0,0,0,0,0,0,0,0,0,0,0,0,0,0,0,0,0,0,3,11,"0.00%","0.00%",0,16,0,"18.80%","0",3,NA,NA,NA,NA,NA,NA,NA,NA,NA,NA,NA,NA,NA,NA,NA,NA,NA,NA,NA,NA,NA,NA,NA,NA,NA,NA,NA,NA,NA,NA,NA,NA,NA,NA,NA,NA,NA,NA,NA,NA,NA,NA,NA,"FCS",84,84
"Davin Dzidzienyo","WM & MARY",35,12.84,"F","DI",2026,"Patriot",41.2,40.6,54,59.3,0,0,0,0,0,0,0,0,0,0,0,0,0,0,0,0,0,1,5,17,"0.00%","0.00%",0,17,6,"29.40%","0",5,1,0,"0.00%",0,0,0,0,0,0,0,0,0,"100%",0,0,0,0,0,"0.00%","0.00%","0.00%","0.00%",0,0,"0.00%",1,1,"0.00%",0,0,0,"0.00%",1,0,0,0,0,"0.00%",1,1,0,0,0,"FCS",9,9
"Nolin Thompson","CORNELL",28,12.62,"F","DI",2026,"Ivy",53,50.5,53.8,62.8,0,0,0,0,0,0,0,0,0,0,0,0,0,0,0,0,0,2,2,12,"0.00%","0.00%",0,11,0,"18.20%","9.10%",2,5,0,"0.00%",0,0,0,0,0,0,0,0,0,"60.00%",0,0,0,0,0,"0.00%","0.00%","0.00%","0.00%",0,0,"0.00%",NA,NA,NA,NA,NA,NA,NA,NA,NA,NA,NA,NA,NA,NA,NA,NA,NA,NA,"FCS",194,194
"Nathan Hayes","ELON",36,12.56,"F","DI",2026,"CAA",48.3,44.8,57.8,NA,0,0,0,0,0,1,0,1,0,0,0,0,0,0,0,0,0,1,4,23,"4.30%","4.30%",2.2,13,0,"30.80%","7.70%",4,NA,NA,NA,NA,NA,NA,NA,NA,NA,NA,NA,NA,NA,NA,NA,NA,NA,NA,NA,NA,NA,NA,NA,NA,NA,34,0,"100%",0,0,0,"100%",0,0,1,0,0,"0.00%",1,1,0,0,0,"FCS",322,322
"Calogero LoGrasso","BUCKNELL",37,12.44,"F","DI",2026,"Patriot",42.9,33.4,60.8,NA,1,0,0,0,0,0,1,1,0,0,0,0,0,0,0,1,0,1,6,25,"0.00%","4.00%",2,12,0,"50.00%","0",6,NA,NA,NA,NA,NA,NA,NA,NA,NA,NA,NA,NA,NA,NA,NA,NA,NA,NA,NA,NA,NA,NA,NA,NA,NA,NA,NA,NA,NA,NA,NA,NA,NA,NA,NA,NA,NA,NA,NA,NA,NA,NA,NA,"FCS",74,74
"Dorsett Edwards","HOWARD",15,12.16,"F","DI",2026,"MEAC",42.3,43,59.1,NA,0,0,0,0,0,0,0,0,0,0,0,0,0,0,0,0,0,0,4,3,"0.00%","0.00%",0,12,0,"33.30%","0",4,NA,NA,NA,NA,NA,NA,NA,NA,NA,NA,NA,NA,NA,NA,NA,NA,NA,NA,NA,NA,NA,NA,NA,NA,NA,NA,NA,NA,NA,NA,NA,NA,NA,NA,NA,NA,NA,NA,NA,NA,NA,NA,NA,"FCS",294,294
"Asher Wilson","ROB MORRIS",28,10.09,"F","DI",2026,"Northeast",29.6,38.5,55,60,0,1,0,0,0,0,0,0,0,0,0,0,0,0,0,0,0,0,4,21,"0.00%","0.00%",0,7,0,"28.60%","0",2,NA,NA,NA,NA,NA,NA,NA,NA,NA,NA,NA,NA,NA,NA,NA,NA,NA,NA,NA,NA,NA,NA,NA,NA,NA,9,1,"0.00%",1,0,0,"0.00%",0,0,0,0,0,"0.00%",1,1,1,0,0,"FCS",290,290
"Cooper Austin","YALE",30,8.81,"F","DI",2026,"Ivy",33.3,30.2,56.8,NA,0,0,1,0,0,0,0,0,0,0,0,0,0,1,0,0,0,1,6,12,"0.00%","0.00%",0,18,0,"33.30%","5.60%",6,NA,NA,NA,NA,NA,NA,NA,NA,NA,NA,NA,NA,NA,NA,NA,NA,NA,NA,NA,NA,NA,NA,NA,NA,NA,99,1,"0.00%",0,1,1,"0.00%",1,0,0,0,0,"0.00%",1,1,0,0,0,"FCS",113,113
"Israel Lucas","HOWARD",41,8.25,"F","DI",2026,"MEAC",47,45.6,55.6,NA,0,0,0,0,0,0,0,0,0,0,0,0,0,0,0,0,0,0,6,18,"0.00%","0.00%",0,23,0,"26.10%","8.70%",6,NA,NA,NA,NA,NA,NA,NA,NA,NA,NA,NA,NA,NA,NA,NA,NA,NA,NA,NA,NA,NA,NA,NA,NA,NA,95,0,"100%",0,0,0,"100%",0,0,1,0,0,"0.00%",1,1,0,0,0,"FCS",161,161
"Ty Gordon","WM & MARY",34,7.1,"F","DI",2026,"Patriot",43.3,42.5,53.4,NA,0,0,0,0,0,0,0,0,0,0,0,0,0,0,0,0,0,0,5,17,"0.00%","0.00%",0,17,0,"29.40%","11.80%",5,NA,NA,NA,NA,NA,NA,NA,NA,NA,NA,NA,NA,NA,NA,NA,NA,NA,NA,NA,NA,NA,NA,NA,NA,NA,NA,NA,NA,NA,NA,NA,NA,NA,NA,NA,NA,NA,NA,NA,NA,NA,NA,NA,"FCS",97,97
"Alani Ma'afu","N ARIZONA",23,4.95,"F","DI",2026,"Big Sky",40.1,38.2,57.4,NA,0,0,0,0,0,0,0,0,0,0,0,0,0,0,0,0,0,0,4,11,"0.00%","0.00%",0,12,0,"33.30%","0",4,NA,NA,NA,NA,NA,NA,NA,NA,NA,NA,NA,NA,NA,NA,NA,NA,NA,NA,NA,NA,NA,NA,NA,NA,NA,91,0,"100%",0,0,0,"100%",0,0,1,0,0,"0.00%",1,1,0,0,0,"FCS",22,22
"Nathaniel McDonald","WM & MARY",33,4.93,"F","DI",2026,"Patriot",39.3,32.5,55.7,NA,0,0,0,0,0,0,1,1,0,0,0,0,0,0,0,0,0,0,4,20,"5.00%","5.00%",2.5,13,0,"30.80%","0",4,NA,NA,NA,NA,NA,NA,NA,NA,NA,NA,NA,NA,NA,NA,NA,NA,NA,NA,NA,NA,NA,NA,NA,NA,NA,NA,NA,NA,NA,NA,NA,NA,NA,NA,NA,NA,NA,NA,NA,NA,NA,NA,NA,"FCS",142,142
"Josh Leath","STNY BROOK",17,0,"F","DI",2026,"CAA",26.6,28.2,56,57.9,0,0,0,0,0,0,0,0,0,0,0,0,0,0,0,0,0,0,5,11,"0.00%","0.00%",0,6,0,"66.70%","0",4,NA,NA,NA,NA,NA,NA,NA,NA,NA,NA,NA,NA,NA,NA,NA,NA,NA,NA,NA,NA,NA,NA,NA,NA,NA,NA,NA,NA,NA,NA,NA,NA,NA,NA,NA,NA,NA,NA,NA,NA,NA,NA,NA,"FCS",264,264
