"Name","Team","Defensive.Snaps","Composite_Score","Player_Grade","Position","Season","Conference","Defensive.Grades","Run.Defense.Grade","Pass.Rush.Grade","Coverage.Grade","Batted.Passes","Assistant","Stops","Sacks","NFL.Sacks","Hits","Hurries","Total.Pressures.Generated","Beaten.Defender","Pass.Break.Up","Interception","Forced.Fumble","Fumble.Recovery","Tackle.for.Loss.or.No.Gain","Dropped.Int","Pursuit.Pressure","Unblocked.Pass.Rush","First.Contact","Negative.Plays","Pass.Rush.Plays","Pass.Rush.Win.Percentage","Pass.Rush.Pressure.Percentage","Pass.Rush.Productivity","Run.Defense.Plays","Average.Depth.of.Tackle","Negative.Rush.Defense.Percentage","Positive.Rush.Defense.Percentage","Number.of.Negative.Plays","Coverage.Snaps","Receptions.Allowed","Completion.Percentage.Allowed","Pass.Yards.Allowed","Yards.per.Reception.Allowed","Touchdowns.Allowed","First.Downs.Allowed","Interceptions","Forced.Incompletions","Passer.Rating.Allowed","Receiving.Yards.Allowed.per.Snap","Plays.of.15..Yards.Allowed","Successful.Plays.Percentage","Sacks.per.Throwaway","Open.Targets","Drops...Off.Targets.Receptions.Forced","Total.Negative.Plays","Total.Positive.Plays","X15..Yards.Allowed.Percentage","Percentage.of.Open.Targets","Percentage.of.First.Down.or.Touchdown.Allowed","Interceptions.per.Target.Coverage.Percentage","Receiving.Yards.per.Coverage.Target","Average.Depth.of.Target.per.Coverage","Forced.Incompletion.Percentage","Jersey.Number","Total.Tackles","Missed.Tackle.Percentage","Assist.Tackles","Run.Stop","Run.Tackle.for.Losss.or.No.Gain","Missed.Tackle.Percentage.on.Run.Plays","Tackles.on.Run.Plays","Assist.Tackles.on.Run.Plays","Missed.Tackles.on.Run.Plays","Pass.Stop","Pass.Tackle.for.Loss.or.No.Gain","Pass.Missed.Tackles.Percentage","Total.Tackle.Snaps","Total.Tackles..Sacks...Assists...Sacks...Missed.","Assist.on.Pass.Plays","Tackles.on.Pass.Plays","Missed.Tackles.on.Pass.Plays","Conference_Level","Row_ID","row_id"
"Mason Knipp","INDIANA ST",25,100,"A","DI",2026,"Missouri Valley",90.8,81,84.8,NA,0,1,4,1,0,0,2,3,3,0,0,0,0,1,0,1,0,3,0,15,"33.30%","20.00%",13.3,10,1,"0","40.00%",0,NA,NA,NA,NA,NA,NA,NA,NA,NA,NA,NA,NA,NA,NA,NA,NA,NA,NA,NA,NA,NA,NA,NA,NA,NA,93,5,"0.00%",1,3,1,"0.00%",3,1,0,1,0,"0.00%",5,5,0,0,0,"FCS",181,181
"Jaydon Eason","STF AUSTIN",36,79.65,"B","DI",2026,"Southland",71.8,65.9,71.4,NA,0,1,4,3,0,0,0,3,0,0,0,1,0,1,0,0,1,3,1,18,"11.10%","16.70%",16.7,18,-3,"5.60%","5.60%",1,NA,NA,NA,NA,NA,NA,NA,NA,NA,NA,NA,NA,NA,NA,NA,NA,NA,NA,NA,NA,NA,NA,NA,NA,NA,99,5,"0.00%",1,1,1,"0.00%",1,1,0,3,0,"0.00%",5,5,0,0,0,"FCS",223,223
"Jadin Nelson","LEHIGH",46,79.27,"B","DI",2026,"Patriot",65.4,71.8,62,60,1,3,4,1,0,1,0,2,1,0,0,0,0,2,0,0,1,3,1,28,"7.10%","7.10%",5.4,18,1.5,"0","5.60%",0,NA,NA,NA,NA,NA,NA,NA,NA,NA,NA,NA,NA,NA,NA,NA,NA,NA,NA,NA,NA,NA,NA,NA,NA,NA,54,7,"0.00%",3,2,1,"0.00%",2,3,0,2,1,"0.00%",7,7,0,1,0,"FCS",80,80
"Shamir Boyd","TOWSON",49,77.89,"B","DI",2026,"CAA",71,74.1,77,NA,1,2,0,0,0,3,2,5,0,0,0,0,0,0,0,2,0,3,2,24,"12.50%","20.80%",10.4,25,5,"4.00%","12.00%",1,NA,NA,NA,NA,NA,NA,NA,NA,NA,NA,NA,NA,NA,NA,NA,NA,NA,NA,NA,NA,NA,NA,NA,NA,NA,40,3,"0.00%",2,0,0,"0.00%",1,2,0,0,0,"0.00%",3,3,0,0,0,"FCS",95,95
"Capri Martin","VILLANOVA",58,76.14,"B","DI",2026,"Patriot",76,76.7,64.7,NA,0,5,2,0,0,0,1,1,3,0,0,0,0,2,0,0,1,2,1,23,"13.00%","4.30%",2.2,35,-1.5,"2.90%","8.60%",1,NA,NA,NA,NA,NA,NA,NA,NA,NA,NA,NA,NA,NA,NA,NA,NA,NA,NA,NA,NA,NA,NA,NA,NA,NA,0,7,"0.00%",5,2,2,"0.00%",2,5,0,0,0,"0.00%",7,7,0,0,0,"FCS",62,62
"Mikhal Johnson","HARVARD",31,73.63,"B","DI",2026,"Ivy",80.6,74.9,73.3,NA,0,1,2,1,0,0,2,3,1,0,0,0,1,1,0,0,0,4,0,17,"23.50%","17.60%",11.8,14,0,"0","21.40%",0,NA,NA,NA,NA,NA,NA,NA,NA,NA,NA,NA,NA,NA,NA,NA,NA,NA,NA,NA,NA,NA,NA,NA,NA,NA,93,3,"0.00%",1,1,1,"0.00%",1,1,0,1,0,"0.00%",3,3,0,0,0,"FCS",345,345
"Colby Spencer","FORDHAM",39,71.18,"B","DI",2026,"Patriot",64.3,56.2,66.9,60.4,0,2,3,2,0,0,3,5,0,0,0,0,0,0,0,1,1,2,2,25,"12.00%","20.00%",14,13,0,"15.40%","0",2,1,0,"0.00%",0,0,0,0,0,0,0,0,0,"100%",0,0,0,0,0,"0.00%","0.00%","0.00%","0.00%",0,0,"0.00%",98,5,"0.00%",2,0,0,"0.00%",0,2,0,3,0,"0.00%",5,5,0,1,0,"FCS",40,40
"Kylyn Macklin","N DAKOTA",37,71.01,"B","DI",2026,"Missouri Valley",76.8,79.6,60.4,NA,0,2,5,1,0,0,0,1,0,0,0,0,0,2,0,1,0,4,0,16,"0","6.30%",6.3,21,-0.25,"0","19.10%",0,NA,NA,NA,NA,NA,NA,NA,NA,NA,NA,NA,NA,NA,NA,NA,NA,NA,NA,NA,NA,NA,NA,NA,NA,NA,99,7,"0.00%",2,4,2,"0.00%",4,2,0,1,0,"0.00%",7,7,0,0,0,"FCS",1,1
"Gio Divers","CHISTA",46,70.27,"B","DI",2026,"IND (FCS)",76.6,71.9,72.8,NA,0,1,2,0,0,2,1,3,0,0,0,0,0,2,0,0,1,6,3,19,"10.50%","15.80%",7.9,27,4,"11.10%","22.20%",3,NA,NA,NA,NA,NA,NA,NA,NA,NA,NA,NA,NA,NA,NA,NA,NA,NA,NA,NA,NA,NA,NA,NA,NA,NA,15,6,"25.00%",1,2,2,"25.00%",5,1,2,0,0,"0.00%",8,8,0,0,0,"FCS",132,132
"Jyheam Ingram","N ALABAMA",41,68.96,"B","DI",2026,"United Athletic",82.9,76,76.9,NA,1,0,2,0,0,1,1,2,3,0,0,0,0,0,0,0,1,2,0,23,"17.40%","8.70%",4.3,18,2,"0","22.20%",0,NA,NA,NA,NA,NA,NA,NA,NA,NA,NA,NA,NA,NA,NA,NA,NA,NA,NA,NA,NA,NA,NA,NA,NA,NA,44,2,"0.00%",0,2,0,"0.00%",2,0,0,0,0,"0.00%",2,2,0,0,0,"FCS",108,108
"Premiere Whitley","E ILLINOIS",47,66.68,"B","DI",2026,"Big South - OVC Football Association",84.2,91.4,58.1,60,0,2,2,1,0,0,0,1,0,0,0,1,0,1,0,1,0,3,0,26,"0","3.90%",3.9,21,0,"0","14.30%",0,NA,NA,NA,NA,NA,NA,NA,NA,NA,NA,NA,NA,NA,NA,NA,NA,NA,NA,NA,NA,NA,NA,NA,NA,NA,13,4,"0.00%",2,1,1,"0.00%",1,1,0,1,0,"0.00%",4,4,1,0,0,"FCS",288,288
"JJ Lewis","MONMOUTH",48,65.45,"B","DI",2026,"CAA",81.3,73.7,80.3,NA,0,1,2,1,0,0,0,1,1,0,0,0,0,0,0,0,0,3,1,18,"11.10%","5.60%",5.6,30,2,"3.30%","10.00%",1,NA,NA,NA,NA,NA,NA,NA,NA,NA,NA,NA,NA,NA,NA,NA,NA,NA,NA,NA,NA,NA,NA,NA,NA,NA,8,4,"0.00%",1,1,0,"0.00%",2,1,0,1,0,"0.00%",4,4,0,0,0,"FCS",251,251
"Mitchel Jaskowiak","IDAHO",55,64.21,"B","DI",2026,"Big Sky",76.3,78.5,60,NA,0,2,4,0,0,0,1,1,0,0,0,0,0,1,0,0,0,5,1,19,"5.30%","5.30%",2.6,36,8.5,"2.80%","19.40%",1,NA,NA,NA,NA,NA,NA,NA,NA,NA,NA,NA,NA,NA,NA,NA,NA,NA,NA,NA,NA,NA,NA,NA,NA,NA,45,8,"0.00%",2,4,1,"0.00%",6,2,0,0,0,"0.00%",8,8,0,0,0,"FCS",23,23
"Hayden Loveless","TOWSON",47,63.57,"B","DI",2026,"CAA",74.9,65.8,76.5,NA,1,1,2,0,0,2,1,3,1,0,0,0,0,0,0,0,1,0,1,26,"11.50%","11.50%",5.8,21,3.5,"4.80%","4.80%",1,NA,NA,NA,NA,NA,NA,NA,NA,NA,NA,NA,NA,NA,NA,NA,NA,NA,NA,NA,NA,NA,NA,NA,NA,NA,97,3,"0.00%",1,2,0,"0.00%",2,1,0,0,0,"0.00%",3,3,0,0,0,"FCS",347,347
"Nate Stohl","PRINCETON",40,63.11,"B","DI",2026,"Ivy",62.2,57.3,72.5,NA,0,4,3,0,0,0,2,2,0,0,0,0,0,1,0,0,0,5,5,11,"18.20%","18.20%",9.1,29,3,"17.20%","17.20%",5,NA,NA,NA,NA,NA,NA,NA,NA,NA,NA,NA,NA,NA,NA,NA,NA,NA,NA,NA,NA,NA,NA,NA,NA,NA,57,8,"0.00%",4,3,1,"0.00%",4,4,0,0,0,"0.00%",8,8,0,0,0,"FCS",296,296
"Isaiah Harvey","CHATTNOOGA",23,63.1,"B","DI",2026,"Southern",72,57.9,69.8,62.1,0,0,2,2,0,0,1,3,0,0,0,1,1,0,0,1,0,2,1,14,"14.30%","21.40%",17.9,9,0,"11.10%","0",1,NA,NA,NA,NA,NA,NA,NA,NA,NA,NA,NA,NA,NA,NA,NA,NA,NA,NA,NA,NA,NA,NA,NA,NA,NA,90,2,"0.00%",0,0,0,"0.00%",0,0,0,1,0,"0.00%",2,2,0,0,0,"FCS",156,156
"Josh Fedd","HARVARD",37,63.09,"B","DI",2026,"Ivy",68.7,53.9,73.7,NA,0,0,2,2,0,0,1,3,1,0,0,0,0,0,0,0,0,4,1,26,"15.40%","11.50%",9.6,11,5,"9.10%","0",1,NA,NA,NA,NA,NA,NA,NA,NA,NA,NA,NA,NA,NA,NA,NA,NA,NA,NA,NA,NA,NA,NA,NA,NA,NA,8,3,"0.00%",0,0,0,"0.00%",1,0,0,2,0,"0.00%",3,3,0,0,0,"FCS",121,121
"Zack Black","MONTANA ST",46,63.07,"B","DI",2026,"Big Sky",69.2,63.8,68.8,60,0,1,4,1,0,0,2,3,0,0,0,0,0,0,0,0,0,3,2,27,"11.10%","11.10%",7.4,19,4.5,"10.50%","10.50%",2,NA,NA,NA,NA,NA,NA,NA,NA,NA,NA,NA,NA,NA,NA,NA,NA,NA,NA,NA,NA,NA,NA,NA,NA,NA,50,5,"0.00%",1,2,0,"0.00%",2,1,0,2,0,"0.00%",5,5,0,1,0,"FCS",9,9
"Sebastian Regis","STNY BROOK",47,62.26,"B","DI",2026,"CAA",69.3,71,62.7,60,0,1,2,2,0,0,1,3,0,0,0,0,0,0,0,1,0,2,0,32,"6.30%","9.40%",7.8,15,1,"0","6.70%",0,NA,NA,NA,NA,NA,NA,NA,NA,NA,NA,NA,NA,NA,NA,NA,NA,NA,NA,NA,NA,NA,NA,NA,NA,NA,8,4,"0.00%",1,1,0,"0.00%",1,0,0,1,0,"0.00%",4,4,1,0,0,"FCS",193,193
"Aaziah Scott","STHLSK",35,60.87,"B","DI",2026,"Northeast",89.5,90.8,66,NA,0,1,1,0,0,2,0,2,0,0,0,1,0,1,0,0,0,2,1,18,"11.10%","11.10%",5.6,17,0,"5.90%","11.80%",1,NA,NA,NA,NA,NA,NA,NA,NA,NA,NA,NA,NA,NA,NA,NA,NA,NA,NA,NA,NA,NA,NA,NA,NA,NA,91,2,"0.00%",1,1,1,"0.00%",1,1,0,0,0,"0.00%",2,2,0,0,0,"FCS",342,342
"Ben Harman","ILL STATE",36,59.68,"C","DI",2026,"Missouri Valley",72.3,77.4,57.4,60,0,1,3,0,0,0,2,2,0,0,0,0,0,2,0,2,0,4,1,20,"0","10.00%",5,16,-1,"6.30%","43.80%",1,NA,NA,NA,NA,NA,NA,NA,NA,NA,NA,NA,NA,NA,NA,NA,NA,NA,NA,NA,NA,NA,NA,NA,NA,NA,91,4,"20.00%",1,2,2,"25.00%",2,1,1,1,0,"0.00%",5,5,0,1,0,"FCS",150,150
"Jack Middleton","BROWN",40,59.6,"C","DI",2026,"Ivy",72.8,67.8,69.2,NA,0,0,1,0,0,1,4,5,2,0,0,0,0,0,0,0,0,3,0,31,"22.60%","16.10%",8.1,9,4,"0","11.10%",0,NA,NA,NA,NA,NA,NA,NA,NA,NA,NA,NA,NA,NA,NA,NA,NA,NA,NA,NA,NA,NA,NA,NA,NA,NA,91,1,"0.00%",0,1,0,"0.00%",1,0,0,0,0,"0.00%",1,1,0,0,0,"FCS",271,271
"Cole Bennett","CORNELL",34,58.96,"C","DI",2026,"Ivy",65,62.1,65.4,NA,0,2,1,0,0,0,2,2,0,0,0,0,0,0,0,0,0,4,2,12,"16.70%","16.70%",8.3,22,13,"9.10%","4.50%",2,NA,NA,NA,NA,NA,NA,NA,NA,NA,NA,NA,NA,NA,NA,NA,NA,NA,NA,NA,NA,NA,NA,NA,NA,NA,98,5,"0.00%",2,1,0,"0.00%",3,2,0,0,0,"0.00%",5,5,0,0,0,"FCS",196,196
"Ugo Nwotite","VILLANOVA",47,58.71,"C","DI",2026,"Patriot",80,86.2,65,NA,0,2,2,0,0,0,1,1,0,0,0,0,1,1,0,0,0,4,3,17,"5.90%","5.90%",2.9,30,1,"6.70%","30.00%",2,NA,NA,NA,NA,NA,NA,NA,NA,NA,NA,NA,NA,NA,NA,NA,NA,NA,NA,NA,NA,NA,NA,NA,NA,NA,96,6,"14.30%",2,2,1,"14.30%",4,2,1,0,0,"0.00%",7,7,0,0,0,"FCS",164,164
"Chris Campanelli","NEW HAMP",55,58.26,"C","DI",2026,"CAA",71.6,56.8,90.3,NA,0,0,4,0,0,0,0,0,2,0,0,0,0,1,0,0,0,5,6,22,"9.10%","0.00%",0,33,1.25,"18.20%","18.20%",6,NA,NA,NA,NA,NA,NA,NA,NA,NA,NA,NA,NA,NA,NA,NA,NA,NA,NA,NA,NA,NA,NA,NA,NA,NA,66,4,"20.00%",0,4,1,"20.00%",4,0,1,0,0,"0.00%",5,5,0,0,0,"FCS",277,277
"Hudson Page","ABILENE CH",65,57.79,"C","DI",2026,"United Athletic",61.5,68.8,59.6,NA,0,0,5,1,0,1,2,4,0,0,0,0,0,0,0,1,0,5,2,40,"7.50%","10.00%",6.3,25,3.25,"8.00%","8.00%",2,NA,NA,NA,NA,NA,NA,NA,NA,NA,NA,NA,NA,NA,NA,NA,NA,NA,NA,NA,NA,NA,NA,NA,NA,NA,42,5,"0.00%",0,4,0,"0.00%",4,0,0,1,0,"0.00%",5,5,0,0,0,"FCS",351,351
"Kenneth Andrews","ALCORN ST",46,57.77,"C","DI",2026,"SWAC",75.6,82.8,58.2,NA,0,1,2,1,0,0,1,2,0,0,0,0,0,1,0,1,0,2,0,24,"4.20%","8.30%",6.3,22,-1,"0","31.80%",0,NA,NA,NA,NA,NA,NA,NA,NA,NA,NA,NA,NA,NA,NA,NA,NA,NA,NA,NA,NA,NA,NA,NA,NA,NA,91,3,"0.00%",1,1,1,"0.00%",1,1,0,1,0,"0.00%",3,3,0,0,0,"FCS",232,232
"Jeremiah Young","INCAR WORD",48,57.22,"C","DI",2026,"Southland",71.7,74.9,60.6,60,0,1,3,0,0,1,1,2,0,0,0,1,0,1,0,0,1,4,2,28,"3.60%","7.10%",3.6,20,3.2,"10.00%","20.00%",2,NA,NA,NA,NA,NA,NA,NA,NA,NA,NA,NA,NA,NA,NA,NA,NA,NA,NA,NA,NA,NA,NA,NA,NA,NA,6,6,"14.30%",1,3,1,"16.70%",5,0,1,0,0,"0.00%",7,7,1,0,0,"FCS",301,301
"Joseph Polite","WOFFORD",25,56.85,"C","DI",2026,"Southern",70,67.2,66.6,NA,0,1,2,1,0,0,0,1,0,0,0,0,0,0,0,0,0,3,2,6,"16.70%","16.70%",16.7,19,3,"10.50%","15.80%",2,NA,NA,NA,NA,NA,NA,NA,NA,NA,NA,NA,NA,NA,NA,NA,NA,NA,NA,NA,NA,NA,NA,NA,NA,NA,90,3,"0.00%",1,1,0,"0.00%",1,1,0,1,0,"0.00%",3,3,0,0,0,"FCS",307,307
"Ejike Brown","HOUCHR",61,55.74,"C","DI",2026,"Southland",67.6,59.9,61.1,65.3,0,1,3,1,0,1,1,3,0,0,0,0,0,1,0,0,0,4,4,36,"8.30%","8.30%",5.6,24,1.5,"16.70%","16.70%",4,1,0,"0.00%",0,0,0,0,0,0,0,0,0,"0.00%",0,0,0,0,0,"0.00%","0.00%","0.00%","0.00%",0,0,"0.00%",10,5,"16.70%",1,1,1,"33.30%",2,0,1,2,0,"0.00%",6,6,1,1,0,"FCS",135,135
"Rylan Shibley","ELON",36,55.45,"C","DI",2026,"CAA",70,71,61.7,NA,0,0,3,1,0,0,0,1,0,0,0,0,0,1,0,1,0,3,0,20,"0","5.00%",5,16,3,"0","6.30%",0,NA,NA,NA,NA,NA,NA,NA,NA,NA,NA,NA,NA,NA,NA,NA,NA,NA,NA,NA,NA,NA,NA,NA,NA,NA,6,4,"0.00%",0,2,1,"0.00%",3,0,0,1,0,"0.00%",4,4,0,0,0,"FCS",305,305
"Chase Kerns","W CAROLINA",27,55.34,"C","DI",2026,"Southern",73,69.3,68.2,NA,0,1,1,1,0,0,0,1,1,0,0,1,0,0,0,0,1,1,2,15,"6.70%","6.70%",6.7,12,1,"16.70%","25.00%",2,NA,NA,NA,NA,NA,NA,NA,NA,NA,NA,NA,NA,NA,NA,NA,NA,NA,NA,NA,NA,NA,NA,NA,NA,NA,16,3,"0.00%",1,1,0,"0.00%",1,1,0,0,0,"0.00%",3,3,0,0,0,"FCS",348,348
"TJ Baldwin","RICHMOND",43,55.28,"C","DI",2026,"Patriot",73.7,74,63,NA,0,3,2,0,0,0,1,1,0,0,0,0,0,2,0,0,0,0,0,20,"5.00%","5.00%",2.5,23,-0.5,"0","13.00%",0,NA,NA,NA,NA,NA,NA,NA,NA,NA,NA,NA,NA,NA,NA,NA,NA,NA,NA,NA,NA,NA,NA,NA,NA,NA,5,5,"0.00%",3,2,2,"0.00%",2,3,0,0,0,"0.00%",5,5,0,0,0,"FCS",61,61
"Demoris Jenkins","AUSTINPEAY",29,55.07,"C","DI",2026,"United Athletic",76.4,70.5,62.4,63.6,0,0,1,1,0,1,0,2,0,0,0,1,0,0,0,0,1,2,0,20,"5.00%","10.00%",7.5,9,3,"0","22.20%",0,NA,NA,NA,NA,NA,NA,NA,NA,NA,NA,NA,NA,NA,NA,NA,NA,NA,NA,NA,NA,NA,NA,NA,NA,NA,11,3,"0.00%",0,0,0,"0.00%",1,0,0,1,0,"0.00%",3,3,0,1,0,"FCS",101,101
"Julius Davis","HOUCHR",37,54.9,"C","DI",2026,"Southland",85.2,66.3,67.7,60,0,1,0,0,0,1,0,1,2,0,0,0,0,1,0,0,0,2,1,19,"15.80%","5.30%",2.6,18,4,"5.60%","11.10%",1,NA,NA,NA,NA,NA,NA,NA,NA,NA,NA,NA,NA,NA,NA,NA,NA,NA,NA,NA,NA,NA,NA,NA,NA,NA,52,3,"0.00%",1,0,0,"0.00%",1,1,0,0,1,"0.00%",3,3,0,1,0,"FCS",33,33
"Chris Wilson","TENN MARTN",57,54.72,"C","DI",2026,"Big South - OVC Football Association",71.8,78.5,61.1,60,1,2,4,0,0,0,1,1,0,0,0,0,0,0,0,0,0,6,2,29,"3.50%","3.50%",1.7,28,4,"3.60%","17.90%",1,NA,NA,NA,NA,NA,NA,NA,NA,NA,NA,NA,NA,NA,NA,NA,NA,NA,NA,NA,NA,NA,NA,NA,NA,NA,51,7,"0.00%",2,3,0,"0.00%",5,2,0,0,0,"0.00%",7,7,0,0,0,"FCS",291,291
"A'Amear Walton","STF AUSTIN",44,54.51,"C","DI",2026,"Southland",77,79,63.1,NA,0,4,1,0,0,1,0,1,1,0,0,0,0,0,0,0,0,1,1,22,"9.10%","4.50%",2.3,22,1,"4.50%","31.80%",1,NA,NA,NA,NA,NA,NA,NA,NA,NA,NA,NA,NA,NA,NA,NA,NA,NA,NA,NA,NA,NA,NA,NA,NA,NA,11,5,"0.00%",4,1,0,"0.00%",1,4,0,0,0,"0.00%",5,5,0,0,0,"FCS",317,317
"Obi Udom","ABILENE CH",60,54.39,"C","DI",2026,"United Athletic",77.1,64.3,80.7,60,0,1,2,0,0,0,2,2,0,0,0,1,0,0,0,0,0,2,2,38,"5.30%","5.30%",2.6,22,4.5,"9.10%","9.10%",2,NA,NA,NA,NA,NA,NA,NA,NA,NA,NA,NA,NA,NA,NA,NA,NA,NA,NA,NA,NA,NA,NA,NA,NA,NA,92,3,"0.00%",1,1,0,"0.00%",2,1,0,0,0,"0.00%",3,3,0,0,0,"FCS",170,170
"Jae'Von Reels","SAN DIEGO",38,54.14,"C","DI",2026,"Pioneer",76.1,86.9,49.5,63.1,0,1,3,0,0,0,1,1,0,0,0,0,0,2,0,0,1,4,3,19,"0","5.30%",2.6,18,-1,"11.10%","22.20%",2,1,0,"0.00%",0,0,0,0,0,0,0,0,0,"0.00%",0,0,0,0,0,"0.00%","0.00%","0.00%","0.00%",0,0,"0.00%",95,4,"20.00%",1,2,2,"0.00%",2,0,0,1,0,"33.30%",5,5,1,1,1,"FCS",178,178
"Justin Dutton","MORGAN ST",38,54.02,"C","DI",2026,"MEAC",69.4,77.2,62.7,NA,0,0,2,0,0,0,2,2,1,0,0,0,0,1,0,1,0,2,1,22,"9.10%","9.10%",4.5,16,1,"0","25.00%",0,NA,NA,NA,NA,NA,NA,NA,NA,NA,NA,NA,NA,NA,NA,NA,NA,NA,NA,NA,NA,NA,NA,NA,NA,NA,44,2,"0.00%",0,2,1,"0.00%",2,0,0,0,0,"0.00%",2,2,0,0,0,"FCS",92,92
"Khalib Robinson","CHISTA",46,53.28,"C","DI",2026,"IND (FCS)",73.9,79.9,57,NA,0,0,2,0,0,1,1,2,0,0,0,1,0,1,0,1,1,5,2,21,"0","9.50%",4.8,25,1.67,"8.00%","16.00%",2,NA,NA,NA,NA,NA,NA,NA,NA,NA,NA,NA,NA,NA,NA,NA,NA,NA,NA,NA,NA,NA,NA,NA,NA,NA,91,3,"0.00%",0,2,1,"0.00%",3,0,0,0,0,"0.00%",3,3,0,0,0,"FCS",136,136
"Joshua White","N ALABAMA",20,52.97,"C","DI",2026,"United Athletic",82.5,83.9,63.4,NA,1,1,2,0,0,0,0,0,0,0,0,0,0,2,0,0,0,2,0,14,"0","0.00%",0,6,-1.5,"0","66.70%",0,NA,NA,NA,NA,NA,NA,NA,NA,NA,NA,NA,NA,NA,NA,NA,NA,NA,NA,NA,NA,NA,NA,NA,NA,NA,0,3,"0.00%",1,2,2,"0.00%",2,1,0,0,0,"0.00%",3,3,0,0,0,"FCS",17,17
"Maurice Seals","STNY BROOK",30,52.14,"C","DI",2026,"CAA",72,72,63.3,NA,0,0,2,1,0,0,0,1,0,0,0,1,0,1,0,1,0,2,0,14,"0","7.10%",7.1,16,-1,"0","12.50%",0,NA,NA,NA,NA,NA,NA,NA,NA,NA,NA,NA,NA,NA,NA,NA,NA,NA,NA,NA,NA,NA,NA,NA,NA,NA,95,2,"0.00%",0,1,1,"0.00%",1,0,0,1,0,"0.00%",2,2,0,0,0,"FCS",262,262
"Tosin Akinsulire","RHODE ISLD",55,52.02,"C","DI",2026,"CAA",64,65.7,67.1,NA,0,1,2,1,0,0,0,1,0,0,0,0,0,0,0,1,0,5,3,15,"0","6.70%",6.7,40,4,"5.00%","7.50%",2,NA,NA,NA,NA,NA,NA,NA,NA,NA,NA,NA,NA,NA,NA,NA,NA,NA,NA,NA,NA,NA,NA,NA,NA,NA,92,3,"25.00%",1,1,0,"33.30%",1,1,1,1,0,"0.00%",4,4,0,0,0,"FCS",42,42
"Jeremiah Shelby","WOFFORD",33,51.76,"C","DI",2026,"Southern",59.3,57.7,63.2,NA,0,1,3,0,0,0,1,1,0,0,0,0,0,3,0,1,0,4,5,6,"0","16.70%",8.3,27,-1.33,"18.50%","14.80%",5,NA,NA,NA,NA,NA,NA,NA,NA,NA,NA,NA,NA,NA,NA,NA,NA,NA,NA,NA,NA,NA,NA,NA,NA,NA,97,4,"20.00%",1,3,3,"20.00%",3,1,1,0,0,"0.00%",5,5,0,0,0,"FCS",331,331
"Landon Williams","STF AUSTIN",18,51.46,"C","DI",2026,"Southland",69.8,66.7,65.4,NA,0,0,0,0,0,1,1,2,0,0,0,0,0,0,0,0,1,1,1,7,"14.30%","28.60%",14.3,11,8,"9.10%","18.20%",1,NA,NA,NA,NA,NA,NA,NA,NA,NA,NA,NA,NA,NA,NA,NA,NA,NA,NA,NA,NA,NA,NA,NA,NA,NA,33,1,"50.00%",0,0,0,"50.00%",1,0,1,0,0,"0.00%",2,2,0,0,0,"FCS",38,38
"Hikifo'Ou Maile","IDAHO",43,51.4,"C","DI",2026,"Big Sky",74,77.2,57.4,58.7,0,3,0,0,0,0,1,1,0,0,0,0,0,0,0,1,0,1,0,12,"0","8.30%",4.2,30,3,"0","13.30%",0,1,0,"0.00%",0,0,0,0,0,0,0,0,0,"100%",0,0,0,0,0,"0.00%","0.00%","0.00%","0.00%",0,0,"0.00%",98,5,"0.00%",3,0,0,"0.00%",1,3,0,0,0,"0.00%",5,5,0,1,0,"FCS",312,312
"Shaun Aletor","SAN DIEGO",15,50.63,"C","DI",2026,"Pioneer",60.8,49,70.7,NA,0,1,1,1,0,0,1,2,1,0,0,0,0,0,0,1,0,1,2,10,"20.00%","20.00%",15,5,0,"40.00%","20.00%",2,NA,NA,NA,NA,NA,NA,NA,NA,NA,NA,NA,NA,NA,NA,NA,NA,NA,NA,NA,NA,NA,NA,NA,NA,NA,93,2,"0.00%",1,0,0,"0.00%",0,1,0,1,0,"0.00%",2,2,0,0,0,"FCS",177,177
"MJ Campbell","NC CENT",59,50.58,"C","DI",2026,"MEAC",72,69.5,67.9,NA,0,0,2,1,0,0,0,1,1,0,0,0,0,0,0,1,0,3,1,32,"3.10%","3.10%",3.1,27,1,"3.70%","11.10%",1,NA,NA,NA,NA,NA,NA,NA,NA,NA,NA,NA,NA,NA,NA,NA,NA,NA,NA,NA,NA,NA,NA,NA,NA,NA,0,2,"0.00%",0,1,0,"0.00%",1,0,0,1,0,"0.00%",2,2,0,0,0,"FCS",300,300
"Dean Mangiocavallo","GEORGETOWN",59,50.52,"C","DI",2026,"Patriot",68.7,65.7,66.3,NA,0,3,0,0,0,0,2,2,2,0,0,0,0,0,0,1,0,0,0,45,"6.70%","4.40%",2.2,14,0,"0","0",0,NA,NA,NA,NA,NA,NA,NA,NA,NA,NA,NA,NA,NA,NA,NA,NA,NA,NA,NA,NA,NA,NA,NA,NA,NA,0,3,"0.00%",3,0,0,"0.00%",0,3,0,0,0,"0.00%",3,3,0,0,0,"FCS",283,283
"John Starman","S DAKOTA",49,50.46,"C","DI",2026,"Missouri Valley",62.4,59.6,63.3,60,0,1,2,1,0,0,1,2,0,0,0,0,0,0,0,1,0,3,5,23,"4.30%","8.70%",6.5,26,3,"19.20%","19.20%",5,NA,NA,NA,NA,NA,NA,NA,NA,NA,NA,NA,NA,NA,NA,NA,NA,NA,NA,NA,NA,NA,NA,NA,NA,NA,44,4,"20.00%",1,1,0,"33.30%",1,1,1,1,0,"0.00%",5,5,0,1,0,"FCS",35,35
"Jake Darling","HARVARD",33,50.4,"C","DI",2026,"Ivy",73.4,79.9,55.2,60,0,1,3,0,0,0,0,0,0,0,0,0,0,2,0,0,0,3,0,18,"0","0.00%",0,15,0,"0","20.00%",0,NA,NA,NA,NA,NA,NA,NA,NA,NA,NA,NA,NA,NA,NA,NA,NA,NA,NA,NA,NA,NA,NA,NA,NA,NA,98,5,"0.00%",1,2,2,"0.00%",3,1,0,1,0,"0.00%",5,5,0,1,0,"FCS",120,120
"Jayden Baer","N ARIZONA",23,50.06,"C","DI",2026,"Big Sky",76.5,71.3,70.1,NA,1,0,1,0,0,0,2,2,0,0,0,0,0,1,0,0,0,1,0,15,"13.30%","13.30%",6.7,8,0,"0","25.00%",0,NA,NA,NA,NA,NA,NA,NA,NA,NA,NA,NA,NA,NA,NA,NA,NA,NA,NA,NA,NA,NA,NA,NA,NA,NA,96,1,"0.00%",0,1,1,"0.00%",1,0,0,0,0,"0.00%",1,1,0,0,0,"FCS",254,254
"Ty Conze","Argonauts",36,49.98,"C","DI",2026,"United Athletic",74.8,74.1,64.8,NA,0,2,1,0,0,0,1,1,1,0,0,0,0,1,0,0,0,1,0,14,"14.30%","7.10%",3.6,22,-1,"0","9.10%",0,NA,NA,NA,NA,NA,NA,NA,NA,NA,NA,NA,NA,NA,NA,NA,NA,NA,NA,NA,NA,NA,NA,NA,NA,NA,7,3,"0.00%",2,1,1,"0.00%",1,2,0,0,0,"0.00%",3,3,0,0,0,"FCS",339,339
"Reid Jones","CENT ARK",46,49.95,"C","DI",2026,"United Athletic",72.3,78.6,59.7,60,0,1,3,0,0,0,1,1,0,0,0,0,0,1,0,1,0,3,1,21,"0","4.80%",2.4,25,1.5,"0","20.00%",0,NA,NA,NA,NA,NA,NA,NA,NA,NA,NA,NA,NA,NA,NA,NA,NA,NA,NA,NA,NA,NA,NA,NA,NA,NA,48,4,"20.00%",1,2,0,"0.00%",2,1,0,1,1,"50.00%",5,5,0,1,1,"FCS",162,162
"Eli Webb","Argonauts",38,49.56,"C","DI",2026,"United Athletic",54.3,52.1,60.1,NA,0,0,2,1,0,0,1,2,0,0,0,0,0,0,0,0,1,2,2,14,"7.10%","14.30%",10.7,24,10,"8.30%","0",2,NA,NA,NA,NA,NA,NA,NA,NA,NA,NA,NA,NA,NA,NA,NA,NA,NA,NA,NA,NA,NA,NA,NA,NA,NA,19,2,"0.00%",0,1,0,"0.00%",1,0,0,1,0,"0.00%",2,2,0,0,0,"FCS",84,84
"Rasheen Duncan","TENN MARTN",31,48.74,"C","DI",2026,"Big South - OVC Football Association",64.4,60.5,64.9,60,0,0,2,1,0,0,0,1,0,0,0,0,0,0,0,0,0,2,1,15,"6.70%","6.70%",6.7,16,5,"6.30%","0",1,NA,NA,NA,NA,NA,NA,NA,NA,NA,NA,NA,NA,NA,NA,NA,NA,NA,NA,NA,NA,NA,NA,NA,NA,NA,96,3,"0.00%",0,0,0,"0.00%",1,0,0,2,0,"0.00%",3,3,0,1,0,"FCS",315,315
"Joshua Johnson","DARTMOUTH",48,48.6,"C","DI",2026,"Ivy",61.9,56,73.4,NA,0,1,2,0,0,0,0,0,3,0,0,0,0,0,0,0,0,4,5,13,"23.10%","0.00%",0,35,3.33,"14.30%","11.40%",5,NA,NA,NA,NA,NA,NA,NA,NA,NA,NA,NA,NA,NA,NA,NA,NA,NA,NA,NA,NA,NA,NA,NA,NA,NA,44,4,"0.00%",1,2,0,"0.00%",3,1,0,0,0,"0.00%",4,4,0,0,0,"FCS",65,65
"Artin Balidemaj","RHODE ISLD",29,48.42,"C","DI",2026,"CAA",73,71.1,65.6,NA,0,0,2,0,0,0,1,1,0,0,0,0,0,2,0,0,0,1,0,9,"11.10%","11.10%",5.6,20,-0.5,"0","10.00%",0,NA,NA,NA,NA,NA,NA,NA,NA,NA,NA,NA,NA,NA,NA,NA,NA,NA,NA,NA,NA,NA,NA,NA,NA,NA,94,2,"0.00%",0,2,2,"0.00%",2,0,0,0,0,"0.00%",2,2,0,0,0,"FCS",290,290
"Timothy Maxson","SE MO ST",41,47.98,"C","DI",2026,"Big South - OVC Football Association",72.9,74.7,61.6,60,0,1,1,0,0,0,2,2,0,0,0,0,0,1,0,0,0,1,1,21,"9.50%","9.50%",4.8,20,-1,"5.00%","20.00%",1,NA,NA,NA,NA,NA,NA,NA,NA,NA,NA,NA,NA,NA,NA,NA,NA,NA,NA,NA,NA,NA,NA,NA,NA,NA,98,3,"0.00%",1,1,1,"0.00%",1,1,0,0,0,"0.00%",3,3,0,1,0,"FCS",216,216
"Logan Barnes","WAGNER",47,47.84,"C","DI",2026,"Northeast",62.3,58,63.5,60,0,0,2,0,0,0,0,0,2,0,0,0,0,1,0,0,0,1,3,30,"6.70%","0.00%",0,17,8,"17.60%","5.90%",3,NA,NA,NA,NA,NA,NA,NA,NA,NA,NA,NA,NA,NA,NA,NA,NA,NA,NA,NA,NA,NA,NA,NA,NA,NA,0,2,"0.00%",0,1,0,"0.00%",1,0,0,1,1,"0.00%",2,2,0,1,0,"FCS",60,60
"Casey Bending","STETSON",59,47.69,"C","DI",2026,"Pioneer",66.7,61.7,66.8,NA,0,0,1,0,0,0,4,4,1,0,0,0,0,1,0,1,1,4,3,40,"7.50%","10.00%",5,19,-1,"15.80%","15.80%",3,NA,NA,NA,NA,NA,NA,NA,NA,NA,NA,NA,NA,NA,NA,NA,NA,NA,NA,NA,NA,NA,NA,NA,NA,NA,6,1,"50.00%",0,1,1,"50.00%",1,0,1,0,0,"0.00%",2,2,0,0,0,"FCS",67,67
"Levy Kinlock","HARVARD",37,47.64,"C","DI",2026,"Ivy",68.3,71,60.9,NA,0,2,1,1,0,0,0,1,1,0,0,0,0,0,0,0,0,0,0,23,"8.70%","4.30%",4.3,14,0,"0","14.30%",0,NA,NA,NA,NA,NA,NA,NA,NA,NA,NA,NA,NA,NA,NA,NA,NA,NA,NA,NA,NA,NA,NA,NA,NA,NA,11,3,"0.00%",2,0,0,"0.00%",0,2,0,1,0,"0.00%",3,3,0,0,0,"FCS",244,244
"Trevon Piggee","E ILLINOIS",55,47.52,"C","DI",2026,"Big South - OVC Football Association",65.3,63.8,62.9,60,0,1,4,0,0,0,2,2,0,0,0,0,0,0,0,1,0,5,4,22,"4.50%","9.10%",4.5,33,2.33,"12.10%","15.20%",4,NA,NA,NA,NA,NA,NA,NA,NA,NA,NA,NA,NA,NA,NA,NA,NA,NA,NA,NA,NA,NA,NA,NA,NA,NA,9,5,"16.70%",1,3,0,"20.00%",3,1,1,1,0,"0.00%",6,6,0,1,0,"FCS",3,3
"Mason Baldic","BROWN",35,47.38,"C","DI",2026,"Ivy",68.5,71.3,59.5,60,0,1,3,1,0,0,0,1,0,0,0,0,0,0,0,0,0,4,0,23,"4.30%","4.30%",4.3,12,1.5,"0","16.70%",0,NA,NA,NA,NA,NA,NA,NA,NA,NA,NA,NA,NA,NA,NA,NA,NA,NA,NA,NA,NA,NA,NA,NA,NA,NA,96,4,"0.00%",1,2,0,"0.00%",2,0,0,1,0,"0.00%",4,4,1,0,0,"FCS",210,210
"Trent Carrade","UC DAVIS",22,47.37,"C","DI",2026,"Big Sky",70.1,71.5,61.4,NA,0,2,1,1,0,0,0,1,0,0,0,0,0,0,0,0,1,2,0,16,"0","6.30%",6.3,6,0,"0","33.30%",0,NA,NA,NA,NA,NA,NA,NA,NA,NA,NA,NA,NA,NA,NA,NA,NA,NA,NA,NA,NA,NA,NA,NA,NA,NA,90,3,"0.00%",2,0,0,"0.00%",0,2,0,1,0,"0.00%",3,3,0,0,0,"FCS",111,111
"Dashawn Fields","DUQUESNE",46,47.04,"C","DI",2026,"Northeast",52.7,50.4,68.3,51.1,0,1,0,0,0,0,2,2,2,0,0,0,0,0,0,1,0,2,6,25,"12.00%","8.00%",4,21,7,"19.10%","4.80%",4,NA,NA,NA,NA,NA,NA,NA,NA,NA,NA,NA,NA,NA,NA,NA,NA,NA,NA,NA,NA,NA,NA,NA,NA,NA,6,2,"50.00%",1,0,0,"50.00%",1,0,1,0,0,"50.00%",4,4,1,0,1,"FCS",202,202
"Logan Green","S DAK ST",41,46.76,"C","DI",2026,"Missouri Valley",69.1,69.2,63.8,NA,0,0,1,1,0,0,2,3,0,0,0,0,0,0,0,1,0,2,0,29,"6.90%","10.30%",6.9,12,0,"0","8.30%",0,NA,NA,NA,NA,NA,NA,NA,NA,NA,NA,NA,NA,NA,NA,NA,NA,NA,NA,NA,NA,NA,NA,NA,NA,NA,51,1,"0.00%",0,0,0,"0.00%",0,0,0,1,0,"0.00%",1,1,0,0,0,"FCS",45,45
"Duston Chavis","TENN MARTN",62,46.74,"C","DI",2026,"Big South - OVC Football Association",66.3,67.1,60.8,NA,0,3,0,0,0,1,0,1,1,0,0,0,0,0,0,0,0,1,1,29,"6.90%","3.50%",1.7,33,5,"3.00%","6.10%",1,NA,NA,NA,NA,NA,NA,NA,NA,NA,NA,NA,NA,NA,NA,NA,NA,NA,NA,NA,NA,NA,NA,NA,NA,NA,23,4,"0.00%",3,0,0,"0.00%",1,3,0,0,0,"0.00%",4,4,0,0,0,"FCS",292,292
"Seven Cloud","TARLETON",48,46.69,"C","DI",2026,"United Athletic",71.5,66.7,69.2,61.2,0,1,1,0,0,1,2,3,0,0,0,0,0,0,0,0,1,5,2,26,"7.70%","11.50%",5.8,21,1,"9.50%","14.30%",2,1,0,"0.00%",0,0,0,0,0,0,0,0,0,"100%",0,0,0,0,0,"0.00%","0.00%","0.00%","0.00%",0,0,"0.00%",7,2,"33.30%",1,1,0,"50.00%",1,0,1,0,0,"0.00%",3,3,1,0,0,"FCS",355,355
"Zacchaeus Dixon","MERCYHURST",57,46.57,"C","DI",2026,"Northeast",65.3,78.6,53.7,61.8,1,1,1,0,0,0,2,2,0,0,0,0,0,1,0,0,2,2,0,43,"0","4.70%",2.3,13,-3,"0","23.10%",0,1,0,"0.00%",0,0,0,0,0,0,0,0,0,"0.00%",0,0,0,0,0,"0.00%","0.00%","0.00%","0.00%",0,0,"0.00%",3,3,"0.00%",1,1,1,"0.00%",1,1,0,0,0,"0.00%",3,3,0,1,0,"FCS",58,58
"Kahmari Valentine","WAGNER",39,46.53,"C","DI",2026,"Northeast",68.5,74.2,57.4,60,0,2,2,0,0,0,2,2,0,0,0,0,0,1,0,0,0,1,1,22,"9.10%","9.10%",4.5,16,1,"0","12.50%",0,1,0,"0.00%",0,0,0,0,0,0,0,0,0,"0.00%",0,0,0,0,0,"0.00%","0.00%","0.00%","0.00%",0,0,"0.00%",56,4,"20.00%",2,2,1,"0.00%",2,2,0,0,0,"100%",5,5,0,0,1,"FCS",298,298
"Javon Taylor","PORTLAND",47,46.52,"C","DI",2026,"Big Sky",55.9,51.3,63.2,60,0,1,2,1,0,0,0,1,1,0,0,0,0,0,0,0,1,2,5,21,"4.80%","4.80%",4.8,26,4,"19.20%","0",5,NA,NA,NA,NA,NA,NA,NA,NA,NA,NA,NA,NA,NA,NA,NA,NA,NA,NA,NA,NA,NA,NA,NA,NA,NA,97,4,"0.00%",1,1,0,"0.00%",2,0,0,1,0,"0.00%",4,4,1,0,0,"FCS",336,336
"Rufus Toe","HOUCHR",56,46.12,"C","DI",2026,"Southland",57.8,65.9,52.1,59.2,0,4,0,0,0,1,2,3,0,0,0,0,0,0,0,2,1,2,3,35,"0","8.60%",4.3,20,3,"10.00%","20.00%",2,1,0,"0.00%",0,0,0,0,0,0,0,0,0,"0.00%",0,0,0,0,0,"0.00%","0.00%","0.00%","0.00%",0,0,"0.00%",32,5,"28.60%",4,0,0,"16.70%",1,4,1,0,0,"100%",7,7,0,0,1,"FCS",14,14
"Antony Morris","VALPO",45,46.04,"C","DI",2026,"Pioneer",64,63.2,61,60,0,2,1,1,0,0,0,1,0,0,0,0,0,0,0,1,0,2,2,24,"0","4.20%",4.2,21,0,"9.50%","9.50%",2,NA,NA,NA,NA,NA,NA,NA,NA,NA,NA,NA,NA,NA,NA,NA,NA,NA,NA,NA,NA,NA,NA,NA,NA,NA,98,4,"0.00%",2,0,0,"0.00%",0,2,0,1,0,"0.00%",4,4,0,1,0,"FCS",130,130
"Sharod Watkins","CENT CT ST",33,45.77,"C","DI",2026,"Northeast",76.3,78.9,60.6,NA,0,1,1,0,0,0,2,2,0,0,0,0,0,0,0,1,0,3,0,18,"5.60%","11.10%",5.6,15,1,"0","26.70%",0,NA,NA,NA,NA,NA,NA,NA,NA,NA,NA,NA,NA,NA,NA,NA,NA,NA,NA,NA,NA,NA,NA,NA,NA,NA,55,2,"0.00%",1,1,0,"0.00%",1,1,0,0,0,"0.00%",2,2,0,0,0,"FCS",47,47
"Amiree Alexander","SE LA",56,45.15,"C","DI",2026,"Southland",73.9,78.6,61,NA,0,0,2,0,0,0,1,1,1,0,0,0,0,1,0,0,0,5,3,34,"5.90%","2.90%",1.5,22,0.33,"9.10%","22.70%",2,NA,NA,NA,NA,NA,NA,NA,NA,NA,NA,NA,NA,NA,NA,NA,NA,NA,NA,NA,NA,NA,NA,NA,NA,NA,54,3,"25.00%",0,2,1,"0.00%",3,0,0,0,0,"100%",4,4,0,0,1,"FCS",217,217
"Ky Tayo","CHATTNOOGA",27,44.94,"C","DI",2026,"Southern",70.8,73.2,59.9,NA,0,2,1,0,0,0,1,1,0,0,0,0,0,1,0,0,0,2,1,17,"5.90%","5.90%",2.9,10,1,"10.00%","30.00%",1,NA,NA,NA,NA,NA,NA,NA,NA,NA,NA,NA,NA,NA,NA,NA,NA,NA,NA,NA,NA,NA,NA,NA,NA,NA,55,4,"0.00%",2,1,1,"0.00%",2,2,0,0,0,"0.00%",4,4,0,0,0,"FCS",18,18
"Jacinto Lopez","HARVARD",23,44.78,"C","DI",2026,"Ivy",70.8,67.6,65.9,NA,0,0,0,0,0,1,1,2,1,0,0,0,0,0,0,1,0,1,0,15,"13.30%","13.30%",6.7,8,0,"0","12.50%",0,NA,NA,NA,NA,NA,NA,NA,NA,NA,NA,NA,NA,NA,NA,NA,NA,NA,NA,NA,NA,NA,NA,NA,NA,NA,NA,NA,NA,NA,NA,NA,NA,NA,NA,NA,NA,NA,NA,NA,NA,NA,NA,NA,"FCS",122,122
"Nolin Thompson","CORNELL",27,44.26,"C","DI",2026,"Ivy",71,71.1,57.9,62.1,0,2,3,0,0,0,0,0,0,0,0,0,0,0,0,0,0,5,1,4,"0","0.00%",0,21,3.2,"4.80%","14.30%",1,2,0,"0.00%",0,0,0,0,0,0,0,0,0,"50.00%",0,0,0,0,0,"0.00%","0.00%","0.00%","0.00%",0,0,"0.00%",34,8,"0.00%",2,3,0,"0.00%",5,2,0,0,0,"0.00%",8,8,0,1,0,"FCS",199,199
"Antori Hamilton","AUSTINPEAY",33,44.18,"C","DI",2026,"United Athletic",74.2,72.8,65.6,NA,0,0,1,1,0,0,0,1,0,0,0,0,0,0,0,0,0,1,0,13,"7.70%","7.70%",7.7,20,0,"0","15.00%",0,NA,NA,NA,NA,NA,NA,NA,NA,NA,NA,NA,NA,NA,NA,NA,NA,NA,NA,NA,NA,NA,NA,NA,NA,NA,51,1,"0.00%",0,0,0,"0.00%",0,0,0,1,0,"0.00%",1,1,0,0,0,"FCS",161,161
"Logan Wright","CAMPBELL",35,44,"C","DI",2026,"CAA",72.2,69.2,66.6,60,0,0,2,0,0,0,2,2,0,0,0,0,0,0,0,0,0,3,0,28,"7.10%","7.10%",3.6,7,2,"0","14.30%",0,NA,NA,NA,NA,NA,NA,NA,NA,NA,NA,NA,NA,NA,NA,NA,NA,NA,NA,NA,NA,NA,NA,NA,NA,NA,9,2,"0.00%",0,1,0,"0.00%",1,0,0,1,0,"0.00%",2,2,0,1,0,"FCS",102,102
"Chase Carter","INCAR WORD",48,43.85,"C","DI",2026,"Southland",67.8,71.7,58.1,NA,0,1,2,0,0,1,0,1,0,0,0,0,0,1,0,1,0,3,2,29,"0","3.50%",1.7,19,0.67,"10.50%","26.30%",2,NA,NA,NA,NA,NA,NA,NA,NA,NA,NA,NA,NA,NA,NA,NA,NA,NA,NA,NA,NA,NA,NA,NA,NA,NA,5,4,"0.00%",1,2,1,"0.00%",3,1,0,0,0,"0.00%",4,4,0,0,0,"FCS",19,19
"Jason Morbitzer","BUCKNELL",61,43.46,"C","DI",2026,"Patriot",72.6,75.6,54.9,62.1,0,2,2,0,0,0,0,0,0,0,0,0,0,1,0,0,0,1,1,28,"0","0.00%",0,33,3,"3.00%","18.20%",1,NA,NA,NA,NA,NA,NA,NA,NA,NA,NA,NA,NA,NA,NA,NA,NA,NA,NA,NA,NA,NA,NA,NA,NA,NA,92,4,"0.00%",2,1,0,"0.00%",1,2,0,1,1,"0.00%",4,4,0,1,0,"FCS",182,182
"Trevion Traylor","CENT ARK",55,43.36,"C","DI",2026,"United Athletic",64.8,73.2,56.1,60,1,1,1,0,0,0,3,3,0,0,0,0,0,0,0,2,0,2,4,29,"3.50%","10.30%",5.2,26,1,"7.70%","19.20%",2,NA,NA,NA,NA,NA,NA,NA,NA,NA,NA,NA,NA,NA,NA,NA,NA,NA,NA,NA,NA,NA,NA,NA,NA,NA,11,2,"50.00%",1,1,0,"0.00%",1,1,0,0,0,"100%",4,4,0,0,2,"FCS",237,237
"Wayne Coleman","CENT CT ST",43,43.15,"C","DI",2026,"Northeast",59,55.4,62.2,60,0,2,1,1,0,1,0,2,0,0,0,0,0,0,0,0,1,2,3,23,"4.30%","8.70%",6.5,20,0,"15.00%","5.00%",3,NA,NA,NA,NA,NA,NA,NA,NA,NA,NA,NA,NA,NA,NA,NA,NA,NA,NA,NA,NA,NA,NA,NA,NA,NA,1,3,"0.00%",2,0,0,"0.00%",0,1,0,1,0,"0.00%",3,3,1,0,0,"FCS",96,96
"Rayne Mayo Jr.","UC DAVIS",22,43.09,"C","DI",2026,"Big Sky",69.8,71.3,60.3,60,0,3,1,0,0,0,0,0,0,0,0,0,0,1,0,0,0,0,0,16,"0","0.00%",0,6,0,"0","33.30%",0,NA,NA,NA,NA,NA,NA,NA,NA,NA,NA,NA,NA,NA,NA,NA,NA,NA,NA,NA,NA,NA,NA,NA,NA,NA,92,4,"0.00%",3,1,1,"0.00%",1,2,0,0,0,"0.00%",4,4,1,0,0,"FCS",142,142
"Ashton Jones","SE MO ST",46,42.88,"C","DI",2026,"Big South - OVC Football Association",65.7,65.9,64.1,59.3,1,0,2,0,0,0,1,1,0,0,0,0,0,1,0,0,0,0,2,18,"5.60%","5.60%",2.8,27,2,"7.40%","11.10%",2,1,0,"0.00%",0,0,0,0,0,0,0,0,0,"100%",0,0,0,0,0,"0.00%","0.00%","0.00%","0.00%",0,0,"0.00%",93,2,"0.00%",0,2,1,"0.00%",2,0,0,0,0,"0.00%",2,2,0,0,0,"FCS",215,215
"Cam Moore","MERCER",41,42.7,"C","DI",2026,"Southern",70.1,73.2,55.8,NA,0,2,0,0,0,0,0,0,0,0,0,0,0,0,0,0,0,1,2,15,"0","0.00%",0,26,9.5,"7.70%","23.10%",2,NA,NA,NA,NA,NA,NA,NA,NA,NA,NA,NA,NA,NA,NA,NA,NA,NA,NA,NA,NA,NA,NA,NA,NA,NA,4,4,"0.00%",2,0,0,"0.00%",2,2,0,0,0,"0.00%",4,4,0,0,0,"FCS",169,169
"Braxton Lassiter","RICHMOND",46,42.67,"C","DI",2026,"Patriot",68.4,58.2,77.5,NA,0,2,0,0,0,0,2,2,1,0,0,0,0,0,0,0,0,2,3,24,"12.50%","8.30%",4.2,22,0,"13.60%","13.60%",3,NA,NA,NA,NA,NA,NA,NA,NA,NA,NA,NA,NA,NA,NA,NA,NA,NA,NA,NA,NA,NA,NA,NA,NA,NA,8,2,"50.00%",2,0,0,"50.00%",0,2,2,0,0,"0.00%",4,4,0,0,0,"FCS",144,144
"Justis La'ulu","E WASHGTON",40,42.65,"C","DI",2026,"Big Sky",61.9,58.6,63.7,59.8,0,0,1,0,0,0,2,2,2,0,0,0,0,1,0,1,0,2,3,27,"11.10%","7.40%",3.7,12,0,"16.70%","8.30%",2,1,0,"0.00%",0,0,0,0,0,0,0,0,0,"100%",0,0,0,0,0,"0.00%","0.00%","0.00%","0.00%",0,0,"0.00%",90,1,"50.00%",0,1,1,"0.00%",1,0,0,0,0,"100%",2,2,0,0,1,"FCS",22,22
"Vin Ferrara","HOLY CROSS",50,42.44,"C","DI",2026,"Patriot",74.6,84.5,57.4,NA,0,2,1,0,0,0,1,1,0,0,0,0,0,0,0,0,0,1,0,34,"2.90%","2.90%",1.5,16,1,"0","31.30%",0,NA,NA,NA,NA,NA,NA,NA,NA,NA,NA,NA,NA,NA,NA,NA,NA,NA,NA,NA,NA,NA,NA,NA,NA,NA,97,3,"0.00%",2,1,0,"0.00%",1,2,0,0,0,"0.00%",3,3,0,0,0,"FCS",246,246
"Titus Miller","SE MO ST",22,42.26,"C","DI",2026,"Big South - OVC Football Association",65.8,62.7,65,NA,0,0,1,1,0,0,0,1,0,0,0,0,0,0,0,1,0,3,1,10,"0","10.00%",10,12,0,"8.30%","8.30%",1,NA,NA,NA,NA,NA,NA,NA,NA,NA,NA,NA,NA,NA,NA,NA,NA,NA,NA,NA,NA,NA,NA,NA,NA,NA,95,1,"0.00%",0,0,0,"0.00%",0,0,0,1,0,"0.00%",1,1,0,0,0,"FCS",184,184
"EJ Perez","BROWN",29,42.01,"C","DI",2026,"Ivy",74.8,77.6,61,NA,0,2,1,0,0,0,0,0,1,0,0,0,0,0,0,0,0,1,0,19,"5.30%","0.00%",0,10,1,"0","40.00%",0,NA,NA,NA,NA,NA,NA,NA,NA,NA,NA,NA,NA,NA,NA,NA,NA,NA,NA,NA,NA,NA,NA,NA,NA,NA,50,3,"0.00%",2,1,0,"0.00%",1,2,0,0,0,"0.00%",3,3,0,0,0,"FCS",272,272
"Jack Sacchetti","PENN",25,41.39,"C","DI",2026,"Ivy",75.2,74.8,64.7,NA,0,0,0,0,0,1,0,1,1,0,0,0,0,0,0,0,0,0,0,14,"14.30%","7.10%",3.6,11,0,"0","27.30%",0,NA,NA,NA,NA,NA,NA,NA,NA,NA,NA,NA,NA,NA,NA,NA,NA,NA,NA,NA,NA,NA,NA,NA,NA,NA,NA,NA,NA,NA,NA,NA,NA,NA,NA,NA,NA,NA,NA,NA,NA,NA,NA,NA,"FCS",340,340
"Zayden Cook","UTAHTC",44,41.12,"C","DI",2026,"Big Sky",63.9,65,58.5,NA,0,2,2,0,0,0,1,1,0,0,0,0,0,0,0,0,1,2,2,18,"0","5.60%",2.8,26,4,"7.70%","7.70%",2,NA,NA,NA,NA,NA,NA,NA,NA,NA,NA,NA,NA,NA,NA,NA,NA,NA,NA,NA,NA,NA,NA,NA,NA,NA,95,5,"0.00%",2,2,0,"0.00%",3,2,0,0,0,"0.00%",5,5,0,0,0,"FCS",173,173
"Isaiah Hare","TXAMEA",39,40.92,"C","DI",2026,"Southland",62.7,58.2,65.5,60,0,1,1,0,0,0,2,2,0,0,0,0,0,1,0,0,1,2,2,18,"5.60%","11.10%",5.6,21,0,"9.50%","4.80%",2,NA,NA,NA,NA,NA,NA,NA,NA,NA,NA,NA,NA,NA,NA,NA,NA,NA,NA,NA,NA,NA,NA,NA,NA,NA,93,2,"33.30%",1,1,1,"50.00%",1,0,1,0,0,"0.00%",3,3,1,0,0,"FCS",189,189
"Al Sandifer","AUSTINPEAY",43,40.48,"C","DI",2026,"United Athletic",59.6,59.7,58.8,NA,0,0,2,1,0,0,0,1,0,0,0,0,0,1,0,1,0,3,3,23,"0","4.30%",4.3,20,1,"15.00%","10.00%",3,NA,NA,NA,NA,NA,NA,NA,NA,NA,NA,NA,NA,NA,NA,NA,NA,NA,NA,NA,NA,NA,NA,NA,NA,NA,45,3,"25.00%",0,2,1,"33.30%",2,0,1,0,0,"0.00%",4,4,0,0,0,"FCS",234,234
"Rashaud Pernell","NEW HAMP",20,40.46,"C","DI",2026,"CAA",55,52,62.1,NA,0,0,2,1,0,0,0,1,0,0,0,0,0,0,0,1,0,2,2,8,"0","12.50%",12.5,12,2,"16.70%","8.30%",2,NA,NA,NA,NA,NA,NA,NA,NA,NA,NA,NA,NA,NA,NA,NA,NA,NA,NA,NA,NA,NA,NA,NA,NA,NA,14,2,"0.00%",0,1,0,"0.00%",1,0,0,1,0,"0.00%",2,2,0,0,0,"FCS",37,37
"River Abenroth","SAN DIEGO",37,40.38,"C","DI",2026,"Pioneer",70,74.9,54.5,NA,0,2,1,0,0,0,0,0,0,0,0,0,0,1,0,0,0,3,1,16,"0","0.00%",0,21,2.5,"4.80%","14.30%",1,NA,NA,NA,NA,NA,NA,NA,NA,NA,NA,NA,NA,NA,NA,NA,NA,NA,NA,NA,NA,NA,NA,NA,NA,NA,96,4,"0.00%",2,1,1,"0.00%",2,2,0,0,0,"0.00%",4,4,0,0,0,"FCS",230,230
"Bobby Piland Jr.","CAL POLY",67,40.3,"C","DI",2026,"Big Sky",48.8,44.3,62,NA,0,2,3,0,0,0,0,0,2,0,0,0,0,1,0,0,0,7,11,28,"7.10%","0.00%",0,39,3.6,"28.20%","17.90%",11,NA,NA,NA,NA,NA,NA,NA,NA,NA,NA,NA,NA,NA,NA,NA,NA,NA,NA,NA,NA,NA,NA,NA,NA,NA,90,7,"12.50%",2,3,1,"12.50%",5,2,1,0,0,"0.00%",8,8,0,0,0,"FCS",107,107
"Derek Berlitz","MAINE",43,40.24,"C","DI",2026,"CAA",65.5,67.7,58.1,60,0,0,1,0,0,0,1,1,0,0,0,0,0,1,0,0,0,3,1,22,"4.50%","4.50%",2.3,21,2.5,"4.80%","4.80%",1,NA,NA,NA,NA,NA,NA,NA,NA,NA,NA,NA,NA,NA,NA,NA,NA,NA,NA,NA,NA,NA,NA,NA,NA,NA,27,3,"0.00%",0,1,1,"0.00%",2,0,0,0,0,"0.00%",3,3,0,1,0,"FCS",55,55
"Kortlin Rausaw","ABILENE CH",62,39.66,"D","DI",2026,"United Athletic",62.6,68.9,53.1,NA,0,2,3,0,0,0,1,1,0,0,0,0,0,0,0,1,0,1,2,36,"0","2.80%",1.4,26,3,"7.70%","11.50%",2,NA,NA,NA,NA,NA,NA,NA,NA,NA,NA,NA,NA,NA,NA,NA,NA,NA,NA,NA,NA,NA,NA,NA,NA,NA,9,5,"0.00%",2,3,0,"0.00%",3,2,0,0,0,"0.00%",5,5,0,0,0,"FCS",2,2
"Jackson Murray","N ARIZONA",39,39.48,"D","DI",2026,"Big Sky",70.8,72.4,60.3,NA,0,0,1,0,0,0,0,0,1,0,0,0,0,0,0,0,0,3,1,19,"5.30%","0.00%",0,20,5.33,"5.00%","15.00%",1,NA,NA,NA,NA,NA,NA,NA,NA,NA,NA,NA,NA,NA,NA,NA,NA,NA,NA,NA,NA,NA,NA,NA,NA,NA,0,3,"0.00%",0,1,0,"0.00%",3,0,0,0,0,"0.00%",3,3,0,0,0,"FCS",302,302
"Dorian Royal","ALBANY",30,39.38,"D","DI",2026,"CAA",75.9,77.3,57.5,NA,0,1,2,0,0,0,0,0,0,0,0,0,0,1,0,0,0,3,0,6,"0","0.00%",0,24,0.5,"0","16.70%",0,NA,NA,NA,NA,NA,NA,NA,NA,NA,NA,NA,NA,NA,NA,NA,NA,NA,NA,NA,NA,NA,NA,NA,NA,NA,95,3,"0.00%",1,2,1,"0.00%",2,1,0,0,0,"0.00%",3,3,0,0,0,"FCS",5,5
"Tyler Owens","NEWHVN",21,39.04,"D","DI",2026,"Northeast",71.1,63.6,63.3,68.5,0,1,1,0,0,0,0,0,1,0,0,0,0,1,0,0,0,1,0,9,"11.10%","0.00%",0,12,0,"0","0",0,NA,NA,NA,NA,NA,NA,NA,NA,NA,NA,NA,NA,NA,NA,NA,NA,NA,NA,NA,NA,NA,NA,NA,NA,NA,96,2,"0.00%",1,0,0,"0.00%",0,0,0,1,1,"0.00%",2,2,1,1,0,"FCS",369,369
"Alex Yearwood","STETSON",39,38.98,"D","DI",2026,"Pioneer",62.7,59.8,62,60,0,0,1,0,0,1,2,3,0,0,0,0,0,0,0,1,1,1,1,29,"3.50%","10.30%",5.2,10,0,"10.00%","0",1,NA,NA,NA,NA,NA,NA,NA,NA,NA,NA,NA,NA,NA,NA,NA,NA,NA,NA,NA,NA,NA,NA,NA,NA,NA,92,1,"0.00%",0,0,0,"0.00%",0,0,0,1,0,"0.00%",1,1,0,1,0,"FCS",316,316
"Gabe Flores","HOLY CROSS",47,38.97,"D","DI",2026,"Patriot",69.7,63.1,64.7,62.1,0,0,1,0,0,1,1,2,0,0,0,0,0,1,0,1,0,2,1,30,"3.30%","6.70%",3.3,17,0,"5.90%","11.80%",1,NA,NA,NA,NA,NA,NA,NA,NA,NA,NA,NA,NA,NA,NA,NA,NA,NA,NA,NA,NA,NA,NA,NA,NA,NA,50,1,"50.00%",0,0,0,"100%",0,0,1,1,1,"0.00%",2,2,0,1,0,"FCS",155,155
"Xavier Potts","TARLETON",51,38.91,"D","DI",2026,"United Athletic",68.3,71.6,55.2,61.1,0,1,2,0,0,0,0,0,0,0,0,0,0,2,0,0,0,2,0,28,"0","0.00%",0,23,-0.5,"0","8.70%",0,NA,NA,NA,NA,NA,NA,NA,NA,NA,NA,NA,NA,NA,NA,NA,NA,NA,NA,NA,NA,NA,NA,NA,NA,NA,22,3,"0.00%",1,2,2,"0.00%",2,1,0,0,0,"0.00%",3,3,0,0,0,"FCS",52,52
"Nathan Marsh","BROWN",42,38.89,"D","DI",2026,"Ivy",65.9,67.5,61,NA,0,0,0,0,0,1,1,2,1,0,0,0,0,0,0,1,0,0,0,32,"6.30%","6.30%",3.1,10,0,"0","10.00%",0,NA,NA,NA,NA,NA,NA,NA,NA,NA,NA,NA,NA,NA,NA,NA,NA,NA,NA,NA,NA,NA,NA,NA,NA,NA,NA,NA,NA,NA,NA,NA,NA,NA,NA,NA,NA,NA,NA,NA,NA,NA,NA,NA,"FCS",212,212
"Lucas Allen","WM & MARY",30,38.76,"D","DI",2026,"Patriot",57.3,65.7,57.5,NA,0,1,1,0,0,0,0,0,1,0,0,0,0,1,0,0,0,2,3,13,"7.70%","0.00%",0,17,3,"11.80%","17.60%",2,NA,NA,NA,NA,NA,NA,NA,NA,NA,NA,NA,NA,NA,NA,NA,NA,NA,NA,NA,NA,NA,NA,NA,NA,NA,90,3,"0.00%",1,1,1,"0.00%",2,1,0,0,0,"0.00%",3,3,0,0,0,"FCS",325,325
"Colin Scharriter","MERCYHURST",42,38.62,"D","DI",2026,"Northeast",66.1,73.8,54.3,NA,0,2,1,0,0,0,0,0,0,0,0,0,0,1,0,0,0,2,0,28,"0","0.00%",0,14,1.33,"0","7.10%",0,NA,NA,NA,NA,NA,NA,NA,NA,NA,NA,NA,NA,NA,NA,NA,NA,NA,NA,NA,NA,NA,NA,NA,NA,NA,17,5,"0.00%",2,1,1,"0.00%",3,2,0,0,0,"0.00%",5,5,0,0,0,"FCS",31,31
"Jack Inserra","BUCKNELL",60,38.56,"D","DI",2026,"Patriot",70.1,71.7,61.2,NA,0,0,1,0,0,0,1,1,1,0,0,0,0,0,0,0,0,1,0,27,"7.40%","3.70%",1.9,33,3,"0","9.10%",0,NA,NA,NA,NA,NA,NA,NA,NA,NA,NA,NA,NA,NA,NA,NA,NA,NA,NA,NA,NA,NA,NA,NA,NA,NA,12,1,"0.00%",0,1,0,"0.00%",1,0,0,0,0,"0.00%",1,1,0,0,0,"FCS",77,77
"Taylor Faalele","DARTMOUTH",37,38.56,"D","DI",2026,"Ivy",71.7,72.8,57.6,NA,0,1,2,0,0,0,0,0,0,0,0,0,0,1,0,0,0,4,1,9,"0","0.00%",0,28,1.33,"3.60%","14.30%",1,NA,NA,NA,NA,NA,NA,NA,NA,NA,NA,NA,NA,NA,NA,NA,NA,NA,NA,NA,NA,NA,NA,NA,NA,NA,90,4,"0.00%",1,2,1,"0.00%",3,1,0,0,0,"0.00%",4,4,0,0,0,"FCS",219,219
"Kaiden Turner","STF AUSTIN",22,38.54,"D","DI",2026,"Southland",65.1,70.6,54.6,60,0,1,1,0,0,0,1,1,0,0,0,0,1,0,0,0,0,1,1,13,"7.70%","7.70%",3.9,9,5,"0","22.20%",0,NA,NA,NA,NA,NA,NA,NA,NA,NA,NA,NA,NA,NA,NA,NA,NA,NA,NA,NA,NA,NA,NA,NA,NA,NA,44,2,"33.30%",1,1,0,"0.00%",1,0,0,0,0,"50.00%",3,3,1,0,1,"FCS",159,159
"Cameron Daniels","MURRAY ST",27,38.5,"D","DI",2026,"Missouri Valley",65,63.3,63.4,NA,0,1,1,0,0,0,1,1,0,0,0,0,0,0,0,0,0,1,2,12,"8.30%","8.30%",4.2,15,4.5,"13.30%","13.30%",2,NA,NA,NA,NA,NA,NA,NA,NA,NA,NA,NA,NA,NA,NA,NA,NA,NA,NA,NA,NA,NA,NA,NA,NA,NA,90,3,"0.00%",1,1,0,"0.00%",2,1,0,0,0,"0.00%",3,3,0,0,0,"FCS",276,276
"Lucien Griffin","MERCYHURST",53,38.5,"D","DI",2026,"Northeast",62.9,68,55.2,60.5,0,2,2,0,0,0,2,2,0,0,0,0,0,0,0,0,0,5,1,32,"6.30%","6.30%",3.1,20,3.33,"0","0",0,1,0,"0.00%",0,0,0,0,0,0,0,0,0,"100%",0,0,0,0,0,"0.00%","0.00%","0.00%","0.00%",0,0,"0.00%",9,5,"16.70%",2,1,0,"0.00%",3,2,0,0,0,"100%",6,6,0,0,1,"FCS",286,286
"Kehinde Akintunde","MERCER",32,38.48,"D","DI",2026,"Southern",53.9,58,63.1,NA,0,2,1,0,0,0,1,1,0,0,0,1,0,0,0,0,0,0,6,12,"8.30%","8.30%",4.2,20,4,"25.00%","15.00%",5,NA,NA,NA,NA,NA,NA,NA,NA,NA,NA,NA,NA,NA,NA,NA,NA,NA,NA,NA,NA,NA,NA,NA,NA,NA,99,3,"0.00%",2,1,0,"0.00%",1,2,0,0,0,"0.00%",3,3,0,0,0,"FCS",328,328
"Isaiah Perez","E WASHGTON",38,38.43,"D","DI",2026,"Big Sky",58.4,57.1,59.7,NA,0,0,3,1,0,0,0,1,0,0,0,0,0,0,0,1,0,2,2,25,"0","4.00%",4,13,2.5,"15.40%","0",2,NA,NA,NA,NA,NA,NA,NA,NA,NA,NA,NA,NA,NA,NA,NA,NA,NA,NA,NA,NA,NA,NA,NA,NA,NA,4,3,"0.00%",0,2,0,"0.00%",2,0,0,1,0,"0.00%",3,3,0,0,0,"FCS",16,16
"Thomas Jolly","YNGTOWN ST",54,38.31,"D","DI",2026,"Missouri Valley",65.1,62.9,64.4,NA,0,0,1,0,0,1,0,1,1,0,0,0,0,1,0,0,0,1,2,23,"8.70%","4.30%",2.2,31,0,"6.50%","6.50%",2,NA,NA,NA,NA,NA,NA,NA,NA,NA,NA,NA,NA,NA,NA,NA,NA,NA,NA,NA,NA,NA,NA,NA,NA,NA,95,1,"0.00%",0,1,1,"0.00%",1,0,0,0,0,"0.00%",1,1,0,0,0,"FCS",269,269
"Tavales Curry","CAMPBELL",23,38.28,"D","DI",2026,"CAA",71.5,74,60.5,NA,0,0,1,0,0,0,1,1,0,0,0,0,0,1,0,0,0,1,0,14,"7.10%","7.10%",3.6,9,0,"0","11.10%",0,NA,NA,NA,NA,NA,NA,NA,NA,NA,NA,NA,NA,NA,NA,NA,NA,NA,NA,NA,NA,NA,NA,NA,NA,NA,5,1,"0.00%",0,1,1,"0.00%",1,0,0,0,0,"0.00%",1,1,0,0,0,"FCS",235,235
"Preston Hamilton","GARD-WEBB",23,38.25,"D","DI",2026,"Big South - OVC Football Association",73.4,77,56.8,NA,0,0,3,0,0,0,0,0,0,0,0,0,0,1,0,0,0,3,0,12,"0","0.00%",0,11,1,"0","18.20%",0,NA,NA,NA,NA,NA,NA,NA,NA,NA,NA,NA,NA,NA,NA,NA,NA,NA,NA,NA,NA,NA,NA,NA,NA,NA,93,3,"0.00%",0,3,1,"0.00%",3,0,0,0,0,"0.00%",3,3,0,0,0,"FCS",51,51
"Anthony Chuman","MORGAN ST",31,38.24,"D","DI",2026,"MEAC",58.1,63.7,53,NA,0,1,0,0,0,0,4,4,0,0,0,0,0,0,0,2,1,1,2,20,"5.00%","20.00%",10,11,0,"9.10%","9.10%",1,NA,NA,NA,NA,NA,NA,NA,NA,NA,NA,NA,NA,NA,NA,NA,NA,NA,NA,NA,NA,NA,NA,NA,NA,NA,99,1,"50.00%",1,0,0,"0.00%",0,1,0,0,0,"100%",2,2,0,0,1,"FCS",306,306
"Julian Fernandez","UC DAVIS",27,38.22,"D","DI",2026,"Big Sky",66,74.7,54.6,NA,0,1,1,0,0,0,1,1,0,0,0,0,0,1,0,1,0,1,0,21,"0","4.80%",2.4,6,-1,"0","33.30%",0,NA,NA,NA,NA,NA,NA,NA,NA,NA,NA,NA,NA,NA,NA,NA,NA,NA,NA,NA,NA,NA,NA,NA,NA,NA,93,2,"0.00%",1,1,1,"0.00%",1,1,0,0,0,"0.00%",2,2,0,0,0,"FCS",264,264
"Liam Fitzgerald","BROWN",35,38.15,"D","DI",2026,"Ivy",68.7,74.6,58.3,NA,0,1,0,0,0,0,0,0,1,0,0,0,0,0,0,0,0,2,0,26,"3.90%","0.00%",0,9,4,"0","33.30%",0,NA,NA,NA,NA,NA,NA,NA,NA,NA,NA,NA,NA,NA,NA,NA,NA,NA,NA,NA,NA,NA,NA,NA,NA,NA,94,2,"0.00%",1,0,0,"0.00%",1,1,0,0,0,"0.00%",2,2,0,0,0,"FCS",211,211
"Luke Reilly","LEHIGH",22,37.99,"D","DI",2026,"Patriot",71,67.6,66.4,NA,1,0,1,0,0,0,0,0,1,0,0,0,0,0,0,0,0,1,0,14,"7.10%","0.00%",0,8,2,"0","12.50%",0,NA,NA,NA,NA,NA,NA,NA,NA,NA,NA,NA,NA,NA,NA,NA,NA,NA,NA,NA,NA,NA,NA,NA,NA,NA,97,1,"0.00%",0,1,0,"0.00%",1,0,0,0,0,"0.00%",1,1,0,0,0,"FCS",4,4
"Chris Brown","AUSTINPEAY",15,37.5,"D","DI",2026,"United Athletic",80.7,81.7,57.9,60.4,0,0,1,0,0,0,0,0,0,0,0,0,0,0,0,0,0,1,0,4,"0","0.00%",0,9,4.5,"0","44.40%",0,2,0,"0.00%",0,0,0,0,0,0,0,0,0,"0.00%",0,0,0,0,0,"0.00%","0.00%","0.00%","0.00%",0,0,"0.00%",8,2,"0.00%",0,1,0,"0.00%",2,0,0,0,0,"0.00%",2,2,0,0,0,"FCS",221,221
"Joe Kelly","COLGATE",48,37.43,"D","DI",2026,"Patriot",61.6,66.1,56.5,NA,0,1,0,0,0,0,0,0,1,0,0,0,0,0,0,0,0,1,0,35,"2.90%","0.00%",0,13,8,"0","0",0,NA,NA,NA,NA,NA,NA,NA,NA,NA,NA,NA,NA,NA,NA,NA,NA,NA,NA,NA,NA,NA,NA,NA,NA,NA,0,2,"0.00%",1,0,0,"0.00%",1,1,0,0,0,"0.00%",2,2,0,0,0,"FCS",228,228
"Ebenezer Bedada","CAMPBELL",30,37.18,"D","DI",2026,"CAA",66.6,63.1,64.6,NA,0,1,1,1,0,0,0,1,0,0,0,0,0,0,0,0,0,2,1,23,"4.30%","4.30%",4.3,7,0,"14.30%","14.30%",1,NA,NA,NA,NA,NA,NA,NA,NA,NA,NA,NA,NA,NA,NA,NA,NA,NA,NA,NA,NA,NA,NA,NA,NA,NA,1,2,"33.30%",1,0,0,"50.00%",0,1,1,1,0,"0.00%",3,3,0,0,0,"FCS",48,48
"Jordan Jeudy","MORGAN ST",41,36.9,"D","DI",2026,"MEAC",58.1,62,53.4,60,0,1,1,0,0,0,1,1,0,0,0,0,0,0,0,1,0,1,1,25,"0","4.00%",2,16,6.33,"6.30%","0",1,NA,NA,NA,NA,NA,NA,NA,NA,NA,NA,NA,NA,NA,NA,NA,NA,NA,NA,NA,NA,NA,NA,NA,NA,NA,8,4,"0.00%",1,1,0,"0.00%",3,0,0,0,0,"0.00%",4,4,1,0,0,"FCS",53,53
"Nicholas Mathious","WOFFORD",34,36.86,"D","DI",2026,"Southern",72.2,75.7,54.7,NA,0,1,3,0,0,0,0,0,0,0,0,0,0,1,0,0,0,3,1,10,"0","0.00%",0,24,-0.67,"4.20%","20.80%",1,NA,NA,NA,NA,NA,NA,NA,NA,NA,NA,NA,NA,NA,NA,NA,NA,NA,NA,NA,NA,NA,NA,NA,NA,NA,95,4,"0.00%",1,3,1,"0.00%",3,1,0,0,0,"0.00%",4,4,0,0,0,"FCS",268,268
"Jace Sifore","S DAK ST",33,36.75,"D","DI",2026,"Missouri Valley",65.1,61.8,63.5,60,0,0,1,0,0,0,1,1,1,0,0,0,0,0,0,1,0,0,0,25,"4.00%","4.00%",2,8,0,"0","0",0,NA,NA,NA,NA,NA,NA,NA,NA,NA,NA,NA,NA,NA,NA,NA,NA,NA,NA,NA,NA,NA,NA,NA,NA,NA,91,1,"0.00%",0,0,0,"0.00%",0,0,0,1,0,"0.00%",1,1,0,1,0,"FCS",46,46
"Garrett Risley","VALPO",50,36.67,"D","DI",2026,"Pioneer",54.3,48.7,62,60,0,1,0,0,0,2,2,4,0,0,0,0,0,0,0,1,1,3,4,29,"6.90%","13.80%",6.9,21,0,"19.10%","9.50%",4,NA,NA,NA,NA,NA,NA,NA,NA,NA,NA,NA,NA,NA,NA,NA,NA,NA,NA,NA,NA,NA,NA,NA,NA,NA,91,2,"33.30%",1,0,0,"50.00%",0,1,1,0,0,"0.00%",3,3,0,1,0,"FCS",318,318
"Sidiq Cabaniss-Ali","NC A&T",59,36.45,"D","DI",2026,"CAA",64.6,70.9,58.5,60,0,1,1,0,0,0,1,1,0,0,0,0,0,0,0,0,0,4,1,33,"3.00%","3.00%",1.5,26,4.33,"0","3.90%",0,NA,NA,NA,NA,NA,NA,NA,NA,NA,NA,NA,NA,NA,NA,NA,NA,NA,NA,NA,NA,NA,NA,NA,NA,NA,94,4,"20.00%",1,1,0,"0.00%",3,1,0,0,0,"100%",5,5,0,0,1,"FCS",253,253
"Preston Davis","LEHIGH",42,35.74,"D","DI",2026,"Patriot",62.7,60.4,63.2,NA,0,1,1,0,0,0,1,1,1,0,0,0,0,1,0,0,0,1,2,22,"9.10%","4.50%",2.3,20,-2,"10.00%","5.00%",2,NA,NA,NA,NA,NA,NA,NA,NA,NA,NA,NA,NA,NA,NA,NA,NA,NA,NA,NA,NA,NA,NA,NA,NA,NA,99,2,"0.00%",1,1,1,"0.00%",1,1,0,0,0,"0.00%",2,2,0,0,0,"FCS",152,152
"Jamarion Stevenson","Argonauts",24,35.66,"D","DI",2026,"United Athletic",69.7,70.1,61,NA,0,0,1,0,0,0,1,1,0,0,0,0,0,1,0,0,0,2,0,11,"9.10%","9.10%",4.5,13,-1,"0","7.70%",0,NA,NA,NA,NA,NA,NA,NA,NA,NA,NA,NA,NA,NA,NA,NA,NA,NA,NA,NA,NA,NA,NA,NA,NA,NA,44,1,"0.00%",0,1,1,"0.00%",1,0,0,0,0,"0.00%",1,1,0,0,0,"FCS",222,222
"Kezni Brown","LIUSHAR",46,35.57,"D","DI",2026,"Northeast",62.8,67.7,59.8,58,0,0,2,0,0,1,0,1,0,0,0,0,0,0,0,0,0,3,1,21,"4.80%","4.80%",2.4,23,5,"4.30%","8.70%",1,2,0,"0.00%",0,0,0,0,0,0,0,0,0,"50.00%",0,0,0,0,0,"0.00%","0.00%","0.00%","0.00%",0,0,"0.00%",5,2,"33.30%",0,2,0,"33.30%",2,0,1,0,0,"0.00%",3,3,0,0,0,"FCS",73,73
"Isaac Saffold","GEORGETOWN",25,35.48,"D","DI",2026,"Patriot",72.7,75.1,56.3,61.1,0,1,3,0,0,0,0,0,0,0,0,0,0,0,0,0,0,4,0,17,"0","0.00%",0,8,2,"0","37.50%",0,NA,NA,NA,NA,NA,NA,NA,NA,NA,NA,NA,NA,NA,NA,NA,NA,NA,NA,NA,NA,NA,NA,NA,NA,NA,99,4,"0.00%",1,3,0,"0.00%",3,1,0,0,0,"0.00%",4,4,0,0,0,"FCS",151,151
"Eddie Vega","PORTLAND",74,35.35,"D","DI",2026,"Big Sky",62.4,63.6,57.6,60,0,0,2,0,0,0,0,0,1,0,0,0,0,0,0,0,0,4,3,36,"2.80%","0.00%",0,38,3.33,"7.90%","2.60%",3,NA,NA,NA,NA,NA,NA,NA,NA,NA,NA,NA,NA,NA,NA,NA,NA,NA,NA,NA,NA,NA,NA,NA,NA,NA,80,4,"0.00%",0,2,0,"0.00%",3,0,0,0,0,"0.00%",4,4,0,1,0,"FCS",299,299
"Mi'Jai Mickles","HOUCHR",40,35.18,"D","DI",2026,"Southland",48.1,56.3,62.2,NA,0,2,0,0,0,1,2,3,0,0,0,0,0,0,0,0,0,2,5,19,"15.80%","15.80%",7.9,21,0,"14.30%","0",3,NA,NA,NA,NA,NA,NA,NA,NA,NA,NA,NA,NA,NA,NA,NA,NA,NA,NA,NA,NA,NA,NA,NA,NA,NA,99,2,"0.00%",2,0,0,"0.00%",0,2,0,0,0,"0.00%",2,2,0,0,0,"FCS",329,329
"Achilles Anderson","HARVARD",31,35.09,"D","DI",2026,"Ivy",63.6,63.6,59.5,60,0,0,0,0,0,1,0,1,1,0,0,0,0,0,0,1,0,0,0,17,"5.90%","5.90%",2.9,14,0,"0","0",0,NA,NA,NA,NA,NA,NA,NA,NA,NA,NA,NA,NA,NA,NA,NA,NA,NA,NA,NA,NA,NA,NA,NA,NA,NA,97,1,"0.00%",0,0,0,"0.00%",0,0,0,0,0,"0.00%",1,1,0,1,0,"FCS",243,243
"Brendan Bigos","MONMOUTH",28,34.98,"D","DI",2026,"CAA",77.1,79.5,56.9,NA,0,0,2,0,0,0,0,0,0,0,0,0,0,0,0,0,0,3,0,8,"0","0.00%",0,20,2.67,"0","25.00%",0,NA,NA,NA,NA,NA,NA,NA,NA,NA,NA,NA,NA,NA,NA,NA,NA,NA,NA,NA,NA,NA,NA,NA,NA,NA,90,3,"0.00%",0,2,0,"0.00%",3,0,0,0,0,"0.00%",3,3,0,0,0,"FCS",26,26
"Sean Scheck","SAN DIEGO",42,34.79,"D","DI",2026,"Pioneer",56.5,52.8,60.5,60,0,0,0,1,0,0,1,2,0,0,0,0,0,0,0,1,0,1,2,21,"4.80%","9.50%",7.1,21,0,"9.50%","0",2,NA,NA,NA,NA,NA,NA,NA,NA,NA,NA,NA,NA,NA,NA,NA,NA,NA,NA,NA,NA,NA,NA,NA,NA,NA,76,2,"33.30%",0,0,0,"100%",0,0,1,0,0,"0.00%",3,3,0,1,0,"FCS",138,138
"Alex Goworowski","VALPO",52,34.75,"D","DI",2026,"Pioneer",55.4,54.1,56.7,60,0,1,4,0,0,0,0,0,0,0,0,0,0,1,0,0,0,4,4,30,"0","0.00%",0,22,1.67,"18.20%","9.10%",4,NA,NA,NA,NA,NA,NA,NA,NA,NA,NA,NA,NA,NA,NA,NA,NA,NA,NA,NA,NA,NA,NA,NA,NA,NA,42,5,"16.70%",1,3,1,"25.00%",3,0,1,1,0,"0.00%",6,6,1,1,0,"FCS",49,49
"Tommy Ducker","CORNELL",51,34.54,"D","DI",2026,"Ivy",63.9,64,60,60.2,0,1,4,0,0,0,0,0,0,0,0,0,0,0,0,0,0,4,5,22,"0","0.00%",0,27,2.75,"18.50%","22.20%",5,2,0,"0.00%",0,0,0,0,0,0,0,0,0,"100%",0,0,0,0,0,"0.00%","0.00%","0.00%","0.00%",0,0,"0.00%",96,5,"0.00%",1,4,0,"0.00%",4,1,0,0,0,"0.00%",5,5,0,0,0,"FCS",197,197
"Lance Bassett","S ILLINOIS",26,34.52,"D","DI",2026,"Missouri Valley",58.5,55.2,62.9,NA,0,0,1,1,0,0,0,1,0,0,0,0,0,0,0,1,0,1,3,14,"0","7.10%",7.1,12,0,"25.00%","16.70%",3,NA,NA,NA,NA,NA,NA,NA,NA,NA,NA,NA,NA,NA,NA,NA,NA,NA,NA,NA,NA,NA,NA,NA,NA,NA,98,1,"0.00%",0,0,0,"0.00%",0,0,0,1,0,"0.00%",1,1,0,0,0,"FCS",87,87
"Dh'King Brown","WOFFORD",25,34.42,"D","DI",2026,"Southern",63.4,58.3,57.5,61,0,1,3,0,0,0,0,0,0,0,0,0,0,0,0,0,0,4,3,7,"0","0.00%",0,18,4.67,"16.70%","5.60%",3,NA,NA,NA,NA,NA,NA,NA,NA,NA,NA,NA,NA,NA,NA,NA,NA,NA,NA,NA,NA,NA,NA,NA,NA,NA,91,5,"0.00%",1,2,0,"0.00%",3,1,0,1,0,"0.00%",5,5,0,1,0,"FCS",267,267
"Lloyd Johnson","INCAR WORD",16,34.29,"D","DI",2026,"Southland",62.3,63.4,57.5,NA,0,1,1,0,0,0,1,1,0,0,0,0,0,0,0,0,1,2,1,7,"0","14.30%",7.1,9,2,"11.10%","11.10%",1,NA,NA,NA,NA,NA,NA,NA,NA,NA,NA,NA,NA,NA,NA,NA,NA,NA,NA,NA,NA,NA,NA,NA,NA,NA,91,2,"0.00%",1,1,0,"0.00%",1,1,0,0,0,"0.00%",2,2,0,0,0,"FCS",56,56
"Thomas Gerke","BUCKNELL",32,34.24,"D","DI",2026,"Patriot",69.3,71.4,56.9,NA,0,2,2,0,0,0,0,0,0,0,0,0,0,0,0,0,0,2,1,12,"0","0.00%",0,20,1.5,"5.00%","15.00%",1,NA,NA,NA,NA,NA,NA,NA,NA,NA,NA,NA,NA,NA,NA,NA,NA,NA,NA,NA,NA,NA,NA,NA,NA,NA,99,4,"0.00%",2,2,0,"0.00%",2,2,0,0,0,"0.00%",4,4,0,0,0,"FCS",274,274
"Ebony Curry Jr.","YNGTOWN ST",56,34.2,"D","DI",2026,"Missouri Valley",59.8,61.4,56.5,NA,0,2,1,0,0,1,0,1,0,0,0,0,0,1,0,0,0,4,5,25,"4.00%","4.00%",2,31,0.33,"16.10%","19.40%",5,NA,NA,NA,NA,NA,NA,NA,NA,NA,NA,NA,NA,NA,NA,NA,NA,NA,NA,NA,NA,NA,NA,NA,NA,NA,8,5,"16.70%",2,1,1,"16.70%",3,2,1,0,0,"0.00%",6,6,0,0,0,"FCS",72,72
"Nathan Moorehead","WAGNER",29,34.19,"D","DI",2026,"Northeast",62.8,60.2,63.3,NA,0,0,1,0,0,0,0,0,2,0,0,0,0,0,0,0,0,1,2,17,"11.80%","0.00%",0,12,3,"16.70%","8.30%",2,NA,NA,NA,NA,NA,NA,NA,NA,NA,NA,NA,NA,NA,NA,NA,NA,NA,NA,NA,NA,NA,NA,NA,NA,NA,90,1,"0.00%",0,1,0,"0.00%",1,0,0,0,0,"0.00%",1,1,0,0,0,"FCS",154,154
"Quoy Rainey","DELWARE ST",29,34.13,"D","DI",2026,"MEAC",65.8,71.3,55.3,NA,0,0,1,0,0,0,0,0,0,0,0,0,0,1,0,0,0,1,1,20,"0","0.00%",0,9,3.5,"11.10%","22.20%",1,NA,NA,NA,NA,NA,NA,NA,NA,NA,NA,NA,NA,NA,NA,NA,NA,NA,NA,NA,NA,NA,NA,NA,NA,NA,98,2,"0.00%",0,1,1,"0.00%",2,0,0,0,0,"0.00%",2,2,0,0,0,"FCS",304,304
"Christian Ware-Terry","Argonauts",36,34.04,"D","DI",2026,"United Athletic",64.7,68.2,55,NA,0,1,2,0,0,0,0,0,0,0,0,0,0,2,0,0,0,3,1,16,"0","0.00%",0,20,-1.5,"5.00%","10.00%",1,NA,NA,NA,NA,NA,NA,NA,NA,NA,NA,NA,NA,NA,NA,NA,NA,NA,NA,NA,NA,NA,NA,NA,NA,NA,15,3,"25.00%",1,2,2,"25.00%",2,1,1,0,0,"0.00%",4,4,0,0,0,"FCS",338,338
"Naquan Johnson","LIUSHAR",24,33.92,"D","DI",2026,"Northeast",66.6,70,55.7,NA,0,1,0,0,0,1,0,1,0,0,0,0,0,0,0,1,0,0,0,11,"0","9.10%",4.5,13,0,"0","7.70%",0,NA,NA,NA,NA,NA,NA,NA,NA,NA,NA,NA,NA,NA,NA,NA,NA,NA,NA,NA,NA,NA,NA,NA,NA,NA,51,1,"0.00%",1,0,0,"0.00%",0,0,0,0,0,"0.00%",1,1,1,0,0,"FCS",313,313
"AJ Koukou","VILLANOVA",29,33.77,"D","DI",2026,"Patriot",68.8,66.6,65.3,NA,0,0,0,0,0,0,1,1,0,0,0,0,0,0,0,0,0,1,0,9,"11.10%","11.10%",5.6,20,0,"0","0",0,NA,NA,NA,NA,NA,NA,NA,NA,NA,NA,NA,NA,NA,NA,NA,NA,NA,NA,NA,NA,NA,NA,NA,NA,NA,NA,NA,NA,NA,NA,NA,NA,NA,NA,NA,NA,NA,NA,NA,NA,NA,NA,NA,"FCS",163,163
"Andre Morris Jr.","TENN MARTN",21,33.68,"D","DI",2026,"Big South - OVC Football Association",69.3,71.6,57.7,NA,0,1,1,0,0,0,0,0,0,0,0,0,0,1,0,0,0,3,0,11,"0","0.00%",0,10,0,"0","10.00%",0,NA,NA,NA,NA,NA,NA,NA,NA,NA,NA,NA,NA,NA,NA,NA,NA,NA,NA,NA,NA,NA,NA,NA,NA,NA,54,2,"0.00%",1,1,1,"0.00%",1,1,0,0,0,"0.00%",2,2,0,0,0,"FCS",68,68
"Patrick Conserve","RHODE ISLD",45,33.58,"D","DI",2026,"CAA",61.7,58.3,67.6,NA,0,0,0,0,0,0,1,1,1,0,0,0,0,0,0,0,0,0,4,12,"16.70%","8.30%",4.2,33,0,"12.10%","3.00%",4,NA,NA,NA,NA,NA,NA,NA,NA,NA,NA,NA,NA,NA,NA,NA,NA,NA,NA,NA,NA,NA,NA,NA,NA,NA,NA,NA,NA,NA,NA,NA,NA,NA,NA,NA,NA,NA,NA,NA,NA,NA,NA,NA,"FCS",97,97
"Reis Kirschenman","S DAK ST",35,33.53,"D","DI",2026,"Missouri Valley",62.5,56.3,65.2,60,0,0,1,0,0,0,2,2,1,0,0,0,0,1,0,1,0,2,2,23,"8.70%","8.70%",4.3,11,-4,"18.20%","18.20%",2,1,0,"0.00%",0,0,0,0,0,0,0,0,0,"100%",0,0,0,0,0,"0.00%","0.00%","0.00%","0.00%",0,0,"0.00%",8,1,"50.00%",0,1,1,"50.00%",1,0,1,0,0,"0.00%",2,2,0,0,0,"FCS",117,117
"Ashton Nawrocki","BUTLER",41,33.52,"D","DI",2026,"Pioneer",56.6,65.7,65.6,60,0,1,0,0,0,0,1,1,1,0,0,0,0,0,0,0,0,0,3,29,"6.90%","3.50%",1.7,12,0,"8.30%","8.30%",1,NA,NA,NA,NA,NA,NA,NA,NA,NA,NA,NA,NA,NA,NA,NA,NA,NA,NA,NA,NA,NA,NA,NA,NA,NA,15,1,"50.00%",1,0,0,"0.00%",0,1,0,0,0,"100%",2,2,0,0,1,"FCS",82,82
"Tavarious Elliott","SE MO ST",24,33.13,"D","DI",2026,"Big South - OVC Football Association",70.7,72.4,57.9,NA,0,1,2,0,0,0,0,0,0,0,0,0,0,0,0,0,0,1,1,11,"0","0.00%",0,13,2,"7.70%","30.80%",1,NA,NA,NA,NA,NA,NA,NA,NA,NA,NA,NA,NA,NA,NA,NA,NA,NA,NA,NA,NA,NA,NA,NA,NA,NA,90,3,"0.00%",1,2,0,"0.00%",2,1,0,0,0,"0.00%",3,3,0,0,0,"FCS",258,258
"Marquan Saddler Jr.","STHLSK",33,33.13,"D","DI",2026,"Northeast",72.5,77.6,55.8,NA,0,1,2,0,0,0,0,0,0,0,0,0,0,0,0,0,0,1,1,17,"0","0.00%",0,16,2,"6.30%","18.80%",1,NA,NA,NA,NA,NA,NA,NA,NA,NA,NA,NA,NA,NA,NA,NA,NA,NA,NA,NA,NA,NA,NA,NA,NA,NA,99,3,"25.00%",1,2,0,"0.00%",2,1,0,0,0,"100%",4,4,0,0,1,"FCS",260,260
"Nathaniel McDonald","WM & MARY",63,33.12,"D","DI",2026,"Patriot",46.2,41.2,59.7,NA,0,1,2,1,0,0,1,2,0,0,0,0,0,0,0,0,1,7,7,25,"4.00%","8.00%",6,38,4.5,"18.40%","0",7,NA,NA,NA,NA,NA,NA,NA,NA,NA,NA,NA,NA,NA,NA,NA,NA,NA,NA,NA,NA,NA,NA,NA,NA,NA,99,4,"33.30%",1,1,0,"40.00%",2,1,2,1,0,"0.00%",5,6,0,0,0,"FCS",145,145
"Bryce Ricks","MERRIMACK",27,32.98,"D","DI",2026,"IND (FCS)",68.2,67.2,62.9,NA,0,0,1,0,0,0,1,1,0,0,0,0,0,1,0,0,0,1,0,16,"6.30%","6.30%",3.1,11,-2,"0","0",0,NA,NA,NA,NA,NA,NA,NA,NA,NA,NA,NA,NA,NA,NA,NA,NA,NA,NA,NA,NA,NA,NA,NA,NA,NA,90,1,"0.00%",0,1,1,"0.00%",1,0,0,0,0,"0.00%",1,1,0,0,0,"FCS",54,54
"Marius Landsfeld","TARLETON",20,32.79,"D","DI",2026,"United Athletic",65.9,68.7,56.2,NA,0,1,2,0,0,0,0,0,0,0,0,0,0,1,0,0,0,2,1,10,"0","0.00%",0,10,1,"10.00%","20.00%",1,NA,NA,NA,NA,NA,NA,NA,NA,NA,NA,NA,NA,NA,NA,NA,NA,NA,NA,NA,NA,NA,NA,NA,NA,NA,94,3,"25.00%",1,2,1,"25.00%",2,1,1,0,0,"0.00%",4,4,0,0,0,"FCS",105,105
"Amir Dwight","S ILLINOIS",34,32.69,"D","DI",2026,"Missouri Valley",62,62.2,59.7,NA,0,1,1,0,0,0,1,1,0,0,0,0,0,0,0,0,0,1,1,22,"4.50%","4.50%",2.3,12,5,"8.30%","16.70%",1,NA,NA,NA,NA,NA,NA,NA,NA,NA,NA,NA,NA,NA,NA,NA,NA,NA,NA,NA,NA,NA,NA,NA,NA,NA,94,2,"33.30%",1,1,0,"33.30%",1,1,1,0,0,"0.00%",3,3,0,0,0,"FCS",71,71
"TrayVaughn Swanigan","NC CENT",51,32.58,"D","DI",2026,"MEAC",59.1,59,58.6,NA,0,0,2,0,0,0,0,0,1,0,0,0,0,1,0,0,0,3,3,27,"3.70%","0.00%",0,24,2,"12.50%","4.20%",3,NA,NA,NA,NA,NA,NA,NA,NA,NA,NA,NA,NA,NA,NA,NA,NA,NA,NA,NA,NA,NA,NA,NA,NA,NA,97,2,"0.00%",0,2,1,"0.00%",2,0,0,0,0,"0.00%",2,2,0,0,0,"FCS",165,165
"Rocco Marcelino","PRINCETON",40,32.54,"D","DI",2026,"Ivy",70.4,72.2,57.2,NA,0,1,2,0,0,0,0,0,0,0,0,0,0,0,0,0,0,2,2,11,"0","0.00%",0,29,2,"6.90%","17.20%",2,NA,NA,NA,NA,NA,NA,NA,NA,NA,NA,NA,NA,NA,NA,NA,NA,NA,NA,NA,NA,NA,NA,NA,NA,NA,97,3,"0.00%",1,2,0,"0.00%",2,1,0,0,0,"0.00%",3,3,0,0,0,"FCS",93,93
"Kristopher Boyd","MORGAN ST",31,32.38,"D","DI",2026,"MEAC",65.7,71.3,54.9,60,0,0,1,0,0,0,0,0,0,0,0,0,0,0,0,0,0,3,0,19,"0","0.00%",0,12,4,"0","16.70%",0,NA,NA,NA,NA,NA,NA,NA,NA,NA,NA,NA,NA,NA,NA,NA,NA,NA,NA,NA,NA,NA,NA,NA,NA,NA,52,2,"0.00%",0,1,0,"0.00%",1,0,0,0,0,"0.00%",2,2,0,1,0,"FCS",91,91
"Cole Sisson","ALBANY",26,32.2,"D","DI",2026,"CAA",60.3,50.8,76.3,NA,0,0,0,0,0,0,1,1,0,0,0,0,0,0,0,0,0,0,3,9,"11.10%","11.10%",5.6,17,0,"17.60%","0",3,NA,NA,NA,NA,NA,NA,NA,NA,NA,NA,NA,NA,NA,NA,NA,NA,NA,NA,NA,NA,NA,NA,NA,NA,NA,NA,NA,NA,NA,NA,NA,NA,NA,NA,NA,NA,NA,NA,NA,NA,NA,NA,NA,"FCS",231,231
"Travis Jones","ILL STATE",40,32.18,"D","DI",2026,"Missouri Valley",50.8,57.6,56.8,NA,1,0,0,0,0,2,0,2,0,0,0,0,0,0,0,1,1,1,3,25,"0","8.00%",4,15,0,"13.30%","6.70%",2,NA,NA,NA,NA,NA,NA,NA,NA,NA,NA,NA,NA,NA,NA,NA,NA,NA,NA,NA,NA,NA,NA,NA,NA,NA,NA,NA,NA,NA,NA,NA,NA,NA,NA,NA,NA,NA,NA,NA,NA,NA,NA,NA,"FCS",115,115
"Myles Mays","CHATTNOOGA",24,32.09,"D","DI",2026,"Southern",67.5,69.4,59.2,NA,0,0,2,0,0,0,1,1,0,0,0,0,0,0,0,0,0,4,0,14,"7.10%","7.10%",3.6,10,0,"0","10.00%",0,NA,NA,NA,NA,NA,NA,NA,NA,NA,NA,NA,NA,NA,NA,NA,NA,NA,NA,NA,NA,NA,NA,NA,NA,NA,94,4,"0.00%",0,2,0,"0.00%",4,0,0,0,0,"0.00%",4,4,0,0,0,"FCS",238,238
"Blake Thorp","VALPO",16,31.97,"D","DI",2026,"Pioneer",68.8,69.2,58.2,NA,0,0,1,0,0,0,0,0,0,0,0,0,0,0,0,0,0,1,1,4,"0","0.00%",0,12,6,"8.30%","16.70%",1,NA,NA,NA,NA,NA,NA,NA,NA,NA,NA,NA,NA,NA,NA,NA,NA,NA,NA,NA,NA,NA,NA,NA,NA,NA,84,1,"0.00%",0,1,0,"0.00%",1,0,0,0,0,"0.00%",1,1,0,0,0,"FCS",350,350
"Emmanuel Olojo","VALPO",25,31.71,"D","DI",2026,"Pioneer",73.6,75.8,58,NA,0,2,0,0,0,0,0,0,0,0,0,0,0,0,0,0,0,0,1,11,"0","0.00%",0,14,0,"7.10%","35.70%",1,NA,NA,NA,NA,NA,NA,NA,NA,NA,NA,NA,NA,NA,NA,NA,NA,NA,NA,NA,NA,NA,NA,NA,NA,NA,99,2,"0.00%",2,0,0,"0.00%",0,2,0,0,0,"0.00%",2,2,0,0,0,"FCS",293,293
"K'Mard Kimble","STF AUSTIN",27,31.65,"D","DI",2026,"Southland",64.9,67.3,56.8,NA,0,1,0,0,0,0,0,0,0,0,0,0,0,0,0,0,0,2,0,13,"0","0.00%",0,14,6,"0","7.10%",0,NA,NA,NA,NA,NA,NA,NA,NA,NA,NA,NA,NA,NA,NA,NA,NA,NA,NA,NA,NA,NA,NA,NA,NA,NA,95,2,"0.00%",1,0,0,"0.00%",1,1,0,0,0,"0.00%",2,2,0,0,0,"FCS",209,209
"Asher Tomaszewski","S DAKOTA",24,31.64,"D","DI",2026,"Missouri Valley",55.5,56.8,55.8,NA,0,1,1,0,0,0,0,0,0,0,0,0,0,0,0,0,0,0,2,10,"0","0.00%",0,14,10,"14.30%","0",2,NA,NA,NA,NA,NA,NA,NA,NA,NA,NA,NA,NA,NA,NA,NA,NA,NA,NA,NA,NA,NA,NA,NA,NA,NA,99,2,"0.00%",1,1,0,"0.00%",1,1,0,0,0,"0.00%",2,2,0,0,0,"FCS",88,88
"Tyler Hammel","NEWHVN",50,31.59,"D","DI",2026,"Northeast",63.8,68.6,56.4,60.4,0,0,1,0,0,0,0,0,1,0,0,0,0,0,0,0,0,2,0,33,"3.00%","0.00%",0,16,3.5,"0","6.30%",0,1,0,"0.00%",0,0,0,0,0,0,0,0,0,"0.00%",0,0,0,0,0,"0.00%","0.00%","0.00%","0.00%",0,0,"0.00%",97,2,"0.00%",0,1,0,"0.00%",2,0,0,0,0,"0.00%",2,2,0,0,0,"FCS",309,309
"Walter Goggins","N ALABAMA",20,31.44,"D","DI",2026,"United Athletic",63.5,60.7,64.3,NA,0,1,1,0,0,0,1,1,0,0,0,0,0,0,0,0,0,2,2,10,"10.00%","10.00%",5,10,1,"20.00%","30.00%",2,NA,NA,NA,NA,NA,NA,NA,NA,NA,NA,NA,NA,NA,NA,NA,NA,NA,NA,NA,NA,NA,NA,NA,NA,NA,41,2,"33.30%",1,1,0,"33.30%",1,1,1,0,0,"0.00%",3,3,0,0,0,"FCS",85,85
"Mack Johnson","YALE",30,31.34,"D","DI",2026,"Ivy",63.6,64.8,59.1,NA,0,0,1,0,0,0,0,0,1,0,0,0,0,0,0,0,0,1,0,17,"5.90%","0.00%",0,13,4,"0","0",0,NA,NA,NA,NA,NA,NA,NA,NA,NA,NA,NA,NA,NA,NA,NA,NA,NA,NA,NA,NA,NA,NA,NA,NA,NA,93,1,"0.00%",0,1,0,"0.00%",1,0,0,0,0,"0.00%",1,1,0,0,0,"FCS",147,147
"Mond Cole","N ALABAMA",23,31.13,"D","DI",2026,"United Athletic",67.4,69.4,57.5,NA,0,0,2,0,0,0,0,0,0,0,0,0,0,1,0,0,0,3,1,12,"0","0.00%",0,11,0,"9.10%","18.20%",1,NA,NA,NA,NA,NA,NA,NA,NA,NA,NA,NA,NA,NA,NA,NA,NA,NA,NA,NA,NA,NA,NA,NA,NA,NA,98,2,"0.00%",0,2,1,"0.00%",2,0,0,0,0,"0.00%",2,2,0,0,0,"FCS",140,140
"Cameryn Heath","WM & MARY",25,31.09,"D","DI",2026,"Patriot",55.1,54.8,57,60,0,0,1,0,0,0,0,0,0,0,0,0,0,0,0,0,0,2,2,8,"0","0.00%",0,17,9,"11.80%","5.90%",2,NA,NA,NA,NA,NA,NA,NA,NA,NA,NA,NA,NA,NA,NA,NA,NA,NA,NA,NA,NA,NA,NA,NA,NA,NA,51,2,"0.00%",0,1,0,"0.00%",1,0,0,0,0,"0.00%",2,2,0,1,0,"FCS",195,195
"Broderick Tommie Jr.","TENN MARTN",47,31.08,"D","DI",2026,"Big South - OVC Football Association",68.8,70.1,61,NA,0,0,0,0,0,0,0,0,1,0,0,0,0,0,0,0,0,0,0,25,"4.00%","0.00%",0,22,0,"0","9.10%",0,NA,NA,NA,NA,NA,NA,NA,NA,NA,NA,NA,NA,NA,NA,NA,NA,NA,NA,NA,NA,NA,NA,NA,NA,NA,NA,NA,NA,NA,NA,NA,NA,NA,NA,NA,NA,NA,NA,NA,NA,NA,NA,NA,"FCS",126,126
"Semaj Fluellyn","W GEORGIA",20,31.02,"D","DI",2026,"United Athletic",66.5,66.4,59,60,0,0,1,0,0,0,0,0,0,0,0,0,0,0,0,0,0,2,0,9,"0","0.00%",0,11,3,"0","0",0,NA,NA,NA,NA,NA,NA,NA,NA,NA,NA,NA,NA,NA,NA,NA,NA,NA,NA,NA,NA,NA,NA,NA,NA,NA,96,2,"0.00%",0,1,0,"0.00%",1,0,0,0,0,"0.00%",2,2,0,1,0,"FCS",370,370
"Malcolm Jefferies","DELWARE ST",29,30.75,"D","DI",2026,"MEAC",52.2,57.8,59.1,60.2,0,1,1,0,0,0,0,0,1,0,0,0,0,0,0,0,0,1,3,17,"5.90%","0.00%",0,11,3,"27.30%","9.10%",3,1,0,"0.00%",0,0,0,0,0,0,0,0,0,"100%",0,0,0,0,0,"0.00%","0.00%","0.00%","0.00%",0,0,"0.00%",11,2,"0.00%",1,1,0,"0.00%",1,0,0,0,0,"0.00%",2,2,1,0,0,"FCS",32,32
"Tiu Afalava","FORDHAM",37,30.63,"D","DI",2026,"Patriot",69.8,72.9,55.3,NA,0,0,2,0,0,0,0,0,0,0,0,0,0,0,0,0,0,2,0,14,"0","0.00%",0,23,3.5,"0","13.00%",0,NA,NA,NA,NA,NA,NA,NA,NA,NA,NA,NA,NA,NA,NA,NA,NA,NA,NA,NA,NA,NA,NA,NA,NA,NA,90,2,"0.00%",0,2,0,"0.00%",2,0,0,0,0,"0.00%",2,2,0,0,0,"FCS",106,106
"Kevin Bright","SACR HEART",49,30.59,"D","DI",2026,"CAA",61,65.2,55.3,59.1,0,0,2,0,0,0,0,0,0,0,0,0,0,1,0,0,0,2,1,22,"0","0.00%",0,25,2.5,"4.00%","4.00%",1,2,0,"0.00%",0,0,0,0,0,0,0,0,0,"50.00%",0,0,0,0,0,"0.00%","0.00%","0.00%","0.00%",0,0,"0.00%",94,2,"0.00%",0,2,1,"0.00%",2,0,0,0,0,"0.00%",2,2,0,0,0,"FCS",256,256
"Bryce Rooks","MONMOUTH",30,30.47,"D","DI",2026,"CAA",73.6,78,56.5,60,0,0,1,0,0,0,0,0,0,0,0,0,0,0,0,0,0,2,0,15,"0","0.00%",0,15,2,"0","20.00%",0,NA,NA,NA,NA,NA,NA,NA,NA,NA,NA,NA,NA,NA,NA,NA,NA,NA,NA,NA,NA,NA,NA,NA,NA,NA,92,1,"0.00%",0,1,0,"0.00%",1,0,0,0,0,"0.00%",1,1,0,0,0,"FCS",41,41
"Arinze Maijeh","GEORGETOWN",20,30.36,"D","DI",2026,"Patriot",64.8,70.2,54.9,60,0,0,2,0,0,0,0,0,0,0,0,0,0,0,0,0,0,1,0,14,"0","0.00%",0,6,2,"0","16.70%",0,NA,NA,NA,NA,NA,NA,NA,NA,NA,NA,NA,NA,NA,NA,NA,NA,NA,NA,NA,NA,NA,NA,NA,NA,NA,96,2,"0.00%",0,1,0,"0.00%",1,0,0,1,0,"0.00%",2,2,0,1,0,"FCS",282,282
"Davin Dzidzienyo","WM & MARY",55,30.34,"D","DI",2026,"Patriot",63.2,64.1,58.6,NA,0,0,1,0,0,0,1,1,0,0,0,0,0,1,0,0,0,2,1,23,"4.30%","4.30%",2.2,32,0,"3.10%","6.30%",1,NA,NA,NA,NA,NA,NA,NA,NA,NA,NA,NA,NA,NA,NA,NA,NA,NA,NA,NA,NA,NA,NA,NA,NA,NA,1,1,"0.00%",0,1,1,"0.00%",1,0,0,0,0,"0.00%",1,1,0,0,0,"FCS",10,10
"Jake Williams","UC DAVIS",38,30.31,"D","DI",2026,"Big Sky",66.7,71.2,56.9,NA,0,1,0,0,0,0,1,1,0,0,0,0,0,0,0,0,1,1,0,24,"0","4.20%",2.1,14,0,"0","14.30%",0,NA,NA,NA,NA,NA,NA,NA,NA,NA,NA,NA,NA,NA,NA,NA,NA,NA,NA,NA,NA,NA,NA,NA,NA,NA,95,1,"0.00%",1,0,0,"0.00%",0,1,0,0,0,"0.00%",1,1,0,0,0,"FCS",143,143
"Jaylin Tate","YALE",46,30.07,"D","DI",2026,"Ivy",59.7,61.3,57.2,NA,0,1,2,0,0,0,1,1,0,0,0,0,0,0,0,0,0,1,2,28,"3.60%","3.60%",1.8,18,2.5,"11.10%","5.60%",2,NA,NA,NA,NA,NA,NA,NA,NA,NA,NA,NA,NA,NA,NA,NA,NA,NA,NA,NA,NA,NA,NA,NA,NA,NA,94,3,"0.00%",1,2,0,"0.00%",2,1,0,0,0,"0.00%",3,3,0,0,0,"FCS",125,125
"DeMarcus Wynn","PRVIEW A&M",26,30.06,"D","DI",2026,"SWAC",61.8,64.7,55.3,NA,0,0,0,0,0,0,0,0,0,0,0,0,0,0,0,0,0,1,2,14,"0","0.00%",0,12,10,"16.70%","25.00%",2,NA,NA,NA,NA,NA,NA,NA,NA,NA,NA,NA,NA,NA,NA,NA,NA,NA,NA,NA,NA,NA,NA,NA,NA,NA,91,1,"50.00%",0,0,0,"50.00%",1,0,1,0,0,"0.00%",2,2,0,0,0,"FCS",227,227
"Marquacious Wright","LIUSHAR",39,29.94,"D","DI",2026,"Northeast",52.1,49.5,57.6,60,0,0,1,0,0,0,2,2,0,0,0,0,0,0,0,0,0,0,3,21,"9.50%","9.50%",4.8,18,5.5,"16.70%","0",3,NA,NA,NA,NA,NA,NA,NA,NA,NA,NA,NA,NA,NA,NA,NA,NA,NA,NA,NA,NA,NA,NA,NA,NA,NA,44,3,"25.00%",0,1,0,"33.30%",2,0,1,0,0,"0.00%",4,4,0,1,0,"FCS",360,360
"Molik Mason","PRVIEW A&M",51,29.68,"D","DI",2026,"SWAC",60.1,63.8,53,NA,0,0,1,0,0,0,0,0,0,0,0,0,0,1,0,0,0,2,3,21,"0","0.00%",0,30,4.75,"10.00%","13.30%",3,NA,NA,NA,NA,NA,NA,NA,NA,NA,NA,NA,NA,NA,NA,NA,NA,NA,NA,NA,NA,NA,NA,NA,NA,NA,7,4,"20.00%",0,1,1,"20.00%",4,0,1,0,0,"0.00%",5,5,0,0,0,"FCS",29,29
"Keisean Johnson-Wilson","MONMOUTH",23,29.56,"D","DI",2026,"CAA",66.9,69.1,56.8,NA,0,0,0,0,0,0,0,0,0,0,0,0,0,0,0,0,0,1,0,10,"0","0.00%",0,13,5.5,"0","7.70%",0,NA,NA,NA,NA,NA,NA,NA,NA,NA,NA,NA,NA,NA,NA,NA,NA,NA,NA,NA,NA,NA,NA,NA,NA,NA,93,2,"0.00%",0,0,0,"0.00%",2,0,0,0,0,"0.00%",2,2,0,0,0,"FCS",326,326
"Jaden Roper","BRYANT",28,29.53,"D","DI",2026,"CAA",59.1,59.7,57.3,NA,0,1,1,0,0,0,0,0,0,0,0,0,0,1,0,0,0,3,4,11,"0","0.00%",0,17,1.33,"23.50%","11.80%",4,NA,NA,NA,NA,NA,NA,NA,NA,NA,NA,NA,NA,NA,NA,NA,NA,NA,NA,NA,NA,NA,NA,NA,NA,NA,90,4,"0.00%",1,1,1,"0.00%",3,1,0,0,0,"0.00%",4,4,0,0,0,"FCS",303,303
"Caleb Estrada","CHISTA",41,29.48,"D","DI",2026,"IND (FCS)",58.4,55.9,61.8,60,0,0,1,1,0,0,0,1,0,0,0,0,0,0,0,0,0,2,3,16,"6.30%","6.30%",6.3,23,0,"13.00%","4.30%",3,2,0,"0.00%",0,0,0,0,0,0,0,0,0,"50.00%",0,0,0,0,0,"0.00%","0.00%","0.00%","0.00%",0,0,"0.00%",86,1,"50.00%",0,0,0,"100%",0,0,1,1,0,"0.00%",2,2,0,0,0,"FCS",358,358
"Tobi Akintade","HOUCHR",46,29.43,"D","DI",2026,"Southland",58.7,68.5,55.2,NA,0,0,1,0,0,0,0,0,0,0,0,0,0,0,0,0,0,2,1,29,"0","0.00%",0,17,5.5,"0","5.90%",0,NA,NA,NA,NA,NA,NA,NA,NA,NA,NA,NA,NA,NA,NA,NA,NA,NA,NA,NA,NA,NA,NA,NA,NA,NA,92,2,"0.00%",0,1,0,"0.00%",2,0,0,0,0,"0.00%",2,2,0,0,0,"FCS",247,247
"Kerry North","PRVIEW A&M",30,29.23,"D","DI",2026,"SWAC",70.2,71.4,57.7,NA,0,1,0,0,0,0,0,0,0,0,0,0,0,0,0,0,0,3,0,9,"0","0.00%",0,21,2,"0","9.50%",0,NA,NA,NA,NA,NA,NA,NA,NA,NA,NA,NA,NA,NA,NA,NA,NA,NA,NA,NA,NA,NA,NA,NA,NA,NA,90,2,"0.00%",1,0,0,"0.00%",1,1,0,0,0,"0.00%",2,2,0,0,0,"FCS",167,167
"Dawson Rivers","W GEORGIA",24,29.18,"D","DI",2026,"United Athletic",65.8,67.4,57.6,NA,0,0,1,0,0,0,0,0,0,0,0,0,0,0,0,0,0,1,0,11,"0","0.00%",0,13,5,"0","0",0,NA,NA,NA,NA,NA,NA,NA,NA,NA,NA,NA,NA,NA,NA,NA,NA,NA,NA,NA,NA,NA,NA,NA,NA,NA,44,1,"0.00%",0,1,0,"0.00%",1,0,0,0,0,"0.00%",1,1,0,0,0,"FCS",200,200
"Josaiah Asuega","MONTANA ST",20,29.15,"D","DI",2026,"Big Sky",62.7,64.8,56.7,NA,0,0,0,0,0,0,1,1,0,0,0,0,0,0,0,1,0,0,0,10,"0","10.00%",5,10,0,"0","0",0,NA,NA,NA,NA,NA,NA,NA,NA,NA,NA,NA,NA,NA,NA,NA,NA,NA,NA,NA,NA,NA,NA,NA,NA,NA,NA,NA,NA,NA,NA,NA,NA,NA,NA,NA,NA,NA,NA,NA,NA,NA,NA,NA,"FCS",252,252
"Dishawn Misa","E WASHGTON",40,29.14,"D","DI",2026,"Big Sky",55.4,58,53.4,60.7,0,2,1,0,0,0,1,1,0,0,0,0,0,1,0,1,0,3,3,25,"0","4.00%",2,12,-1,"16.70%","16.70%",2,3,0,"0.00%",0,0,0,0,0,0,0,0,0,"33.30%",0,0,0,0,0,"0.00%","0.00%","0.00%","0.00%",0,0,"0.00%",12,3,"25.00%",2,1,1,"25.00%",1,2,1,0,0,"0.00%",4,4,0,0,0,"FCS",39,39
"Jaggar Tavai","UTAHTC",28,29.11,"D","DI",2026,"Big Sky",57.4,58.8,56.1,NA,0,1,1,0,0,0,0,0,0,0,0,0,0,1,0,0,0,2,3,13,"0","0.00%",0,15,3.5,"20.00%","13.30%",3,NA,NA,NA,NA,NA,NA,NA,NA,NA,NA,NA,NA,NA,NA,NA,NA,NA,NA,NA,NA,NA,NA,NA,NA,NA,56,3,"25.00%",1,1,1,"25.00%",2,1,1,0,0,"0.00%",4,4,0,0,0,"FCS",349,349
"Shawan Lewis","ALBANY",29,29.1,"D","DI",2026,"CAA",70.9,74.1,55.8,NA,0,0,1,0,0,0,0,0,0,0,0,0,0,0,0,0,0,4,0,9,"0","0.00%",0,20,3,"0","15.00%",0,NA,NA,NA,NA,NA,NA,NA,NA,NA,NA,NA,NA,NA,NA,NA,NA,NA,NA,NA,NA,NA,NA,NA,NA,NA,11,1,"0.00%",0,1,0,"0.00%",1,0,0,0,0,"0.00%",1,1,0,0,0,"FCS",13,13
"Justyce Hathaway","MERRIMACK",17,29.03,"D","DI",2026,"IND (FCS)",67.5,68.9,58.1,NA,0,0,1,0,0,0,0,0,0,0,0,0,0,0,0,0,0,2,0,9,"0","0.00%",0,8,4,"0","12.50%",0,NA,NA,NA,NA,NA,NA,NA,NA,NA,NA,NA,NA,NA,NA,NA,NA,NA,NA,NA,NA,NA,NA,NA,NA,NA,16,1,"0.00%",0,1,0,"0.00%",1,0,0,0,0,"0.00%",1,1,0,0,0,"FCS",192,192
"Davis Prichard","CAMPBELL",21,29.03,"D","DI",2026,"CAA",62.5,60.2,61.3,NA,0,0,0,0,0,0,2,2,0,0,0,0,0,0,0,0,0,0,0,19,"10.50%","10.50%",5.3,2,0,"0","0",0,NA,NA,NA,NA,NA,NA,NA,NA,NA,NA,NA,NA,NA,NA,NA,NA,NA,NA,NA,NA,NA,NA,NA,NA,NA,NA,NA,NA,NA,NA,NA,NA,NA,NA,NA,NA,NA,NA,NA,NA,NA,NA,NA,"FCS",343,343
"Samarion George","TXAMEA",28,28.86,"D","DI",2026,"Southland",69.3,70,58.4,NA,0,1,1,0,0,0,0,0,0,0,0,0,0,0,0,0,0,2,1,9,"0","0.00%",0,19,1,"5.30%","10.50%",1,NA,NA,NA,NA,NA,NA,NA,NA,NA,NA,NA,NA,NA,NA,NA,NA,NA,NA,NA,NA,NA,NA,NA,NA,NA,90,2,"0.00%",1,1,0,"0.00%",1,1,0,0,0,"0.00%",2,2,0,0,0,"FCS",160,160
"Brandon Ukonu","HARVARD",34,28.54,"D","DI",2026,"Ivy",63,68.9,55.6,NA,0,0,2,0,0,0,0,0,0,0,0,0,0,0,0,0,0,2,0,26,"0","0.00%",0,8,3.5,"0","12.50%",0,NA,NA,NA,NA,NA,NA,NA,NA,NA,NA,NA,NA,NA,NA,NA,NA,NA,NA,NA,NA,NA,NA,NA,NA,NA,96,2,"0.00%",0,2,0,"0.00%",2,0,0,0,0,"0.00%",2,2,0,0,0,"FCS",245,245
"Gensley Auguste","DELWARE ST",24,28.53,"D","DI",2026,"MEAC",62.5,64.8,56.6,NA,0,0,0,0,0,0,1,1,0,0,0,0,0,0,0,1,0,0,0,12,"0","8.30%",4.2,12,0,"0","0",0,NA,NA,NA,NA,NA,NA,NA,NA,NA,NA,NA,NA,NA,NA,NA,NA,NA,NA,NA,NA,NA,NA,NA,NA,NA,NA,NA,NA,NA,NA,NA,NA,NA,NA,NA,NA,NA,NA,NA,NA,NA,NA,NA,"FCS",89,89
"Zeliah Wade","PORTLAND",24,28.45,"D","DI",2026,"Big Sky",33,39.3,55.9,NA,0,1,0,0,0,0,0,0,0,0,0,0,0,0,0,0,0,1,5,12,"0","0.00%",0,12,16,"41.70%","0",5,NA,NA,NA,NA,NA,NA,NA,NA,NA,NA,NA,NA,NA,NA,NA,NA,NA,NA,NA,NA,NA,NA,NA,NA,NA,59,2,"0.00%",1,0,0,"0.00%",1,1,0,0,0,"0.00%",2,2,0,0,0,"FCS",323,323
"Nathan Hayes","ELON",18,28.36,"D","DI",2026,"CAA",61.9,64.1,56.7,NA,0,1,1,0,0,0,0,0,0,0,0,0,0,0,0,0,0,2,1,10,"0","0.00%",0,8,4,"12.50%","12.50%",1,NA,NA,NA,NA,NA,NA,NA,NA,NA,NA,NA,NA,NA,NA,NA,NA,NA,NA,NA,NA,NA,NA,NA,NA,NA,34,2,"0.00%",1,1,0,"0.00%",1,1,0,0,0,"0.00%",2,2,0,0,0,"FCS",327,327
"Isaiah Boyd","ALBANY",37,28.29,"D","DI",2026,"CAA",63.7,62.9,61.5,NA,0,0,0,0,0,0,1,1,0,0,0,0,0,0,0,0,0,0,2,11,"9.10%","9.10%",4.5,26,0,"7.70%","3.90%",2,NA,NA,NA,NA,NA,NA,NA,NA,NA,NA,NA,NA,NA,NA,NA,NA,NA,NA,NA,NA,NA,NA,NA,NA,NA,NA,NA,NA,NA,NA,NA,NA,NA,NA,NA,NA,NA,NA,NA,NA,NA,NA,NA,"FCS",20,20
"Case Mankins","RHODE ISLD",72,28.19,"D","DI",2026,"CAA",62.5,63.8,57.1,NA,0,0,2,0,0,1,0,1,0,0,0,0,0,0,0,0,0,5,4,25,"4.00%","4.00%",2,47,2.33,"8.50%","8.50%",4,NA,NA,NA,NA,NA,NA,NA,NA,NA,NA,NA,NA,NA,NA,NA,NA,NA,NA,NA,NA,NA,NA,NA,NA,NA,97,3,"25.00%",0,2,0,"25.00%",3,0,1,0,0,"0.00%",4,4,0,0,0,"FCS",98,98
"Jared Hirschfeld","SACR HEART",37,28.13,"D","DI",2026,"CAA",55.4,63.2,56,NA,0,0,2,0,0,1,0,1,0,0,0,0,0,1,0,0,1,1,4,17,"0","5.90%",2.9,20,-3.5,"15.00%","15.00%",3,NA,NA,NA,NA,NA,NA,NA,NA,NA,NA,NA,NA,NA,NA,NA,NA,NA,NA,NA,NA,NA,NA,NA,NA,NA,90,2,"0.00%",0,2,1,"0.00%",2,0,0,0,0,"0.00%",2,2,0,0,0,"FCS",119,119
"Fernando Jeanty","W CAROLINA",24,27.95,"D","DI",2026,"Southern",58.8,61.3,56,NA,0,0,1,0,0,0,1,1,0,0,0,0,0,0,0,0,1,0,1,14,"0","7.10%",3.6,10,3,"10.00%","10.00%",1,NA,NA,NA,NA,NA,NA,NA,NA,NA,NA,NA,NA,NA,NA,NA,NA,NA,NA,NA,NA,NA,NA,NA,NA,NA,97,1,"0.00%",0,1,0,"0.00%",1,0,0,0,0,"0.00%",1,1,0,0,0,"FCS",330,330
"Blake Holmes","NEW HAMP",54,27.8,"D","DI",2026,"CAA",63.7,65.5,55.9,NA,0,0,2,0,0,0,0,0,0,0,0,0,0,1,0,0,0,2,3,17,"0","0.00%",0,37,0,"8.10%","10.80%",3,NA,NA,NA,NA,NA,NA,NA,NA,NA,NA,NA,NA,NA,NA,NA,NA,NA,NA,NA,NA,NA,NA,NA,NA,NA,53,2,"0.00%",0,2,1,"0.00%",2,0,0,0,0,"0.00%",2,2,0,0,0,"FCS",278,278
"Malik Gucake","PRVIEW A&M",22,27.75,"D","DI",2026,"SWAC",62.9,69.2,53.5,NA,0,1,1,0,0,0,0,0,0,0,0,0,0,0,0,0,0,0,0,12,"0","0.00%",0,10,3,"0","10.00%",0,NA,NA,NA,NA,NA,NA,NA,NA,NA,NA,NA,NA,NA,NA,NA,NA,NA,NA,NA,NA,NA,NA,NA,NA,NA,6,2,"0.00%",1,1,0,"0.00%",1,1,0,0,0,"0.00%",2,2,0,0,0,"FCS",176,176
"Xavier Trotter","INCAR WORD",31,27.68,"D","DI",2026,"Southland",64.4,76.8,55.7,NA,0,1,0,0,0,0,0,0,0,0,0,0,0,0,0,0,0,0,1,15,"0","0.00%",0,16,0,"0","18.80%",0,NA,NA,NA,NA,NA,NA,NA,NA,NA,NA,NA,NA,NA,NA,NA,NA,NA,NA,NA,NA,NA,NA,NA,NA,NA,44,1,"0.00%",1,0,0,"0.00%",0,1,0,0,0,"0.00%",1,1,0,0,0,"FCS",341,341
"Damola Owode","STHLSK",20,27.59,"D","DI",2026,"Northeast",48.6,51.7,56.2,61.7,0,1,2,0,0,0,0,0,0,0,0,0,0,1,0,0,0,1,3,11,"0","0.00%",0,9,3,"22.20%","11.10%",2,NA,NA,NA,NA,NA,NA,NA,NA,NA,NA,NA,NA,NA,NA,NA,NA,NA,NA,NA,NA,NA,NA,NA,NA,NA,8,3,"0.00%",1,1,0,"0.00%",1,1,0,1,1,"0.00%",3,3,0,1,0,"FCS",226,226
"Ramon McAndrews","MERCYHURST",33,27.36,"D","DI",2026,"Northeast",64.2,65.1,60.1,60,0,1,0,0,0,0,1,1,0,0,0,0,0,0,0,0,0,0,0,23,"4.30%","4.30%",2.2,9,0,"0","0",0,1,0,"0.00%",0,0,0,0,0,0,0,0,0,"100%",0,0,0,0,0,"0.00%","0.00%","0.00%","0.00%",0,0,"0.00%",55,1,"0.00%",1,0,0,"0.00%",0,1,0,0,0,"0.00%",1,1,0,0,0,"FCS",166,166
"Mike Hamilton","MAINE",18,26.87,"D","DI",2026,"CAA",66.6,68.9,56.7,NA,0,2,0,0,0,0,0,0,0,0,0,0,0,0,0,0,0,0,0,9,"0","0.00%",0,9,0,"0","11.10%",0,NA,NA,NA,NA,NA,NA,NA,NA,NA,NA,NA,NA,NA,NA,NA,NA,NA,NA,NA,NA,NA,NA,NA,NA,NA,95,2,"0.00%",2,0,0,"0.00%",0,2,0,0,0,"0.00%",2,2,0,0,0,"FCS",25,25
"Rashad Reid","ELON",27,26.67,"D","DI",2026,"CAA",59,52.2,65.7,NA,1,0,0,0,0,0,1,1,0,0,0,0,0,0,0,0,0,0,2,17,"5.90%","5.90%",2.9,10,0,"20.00%","0",2,NA,NA,NA,NA,NA,NA,NA,NA,NA,NA,NA,NA,NA,NA,NA,NA,NA,NA,NA,NA,NA,NA,NA,NA,NA,NA,NA,NA,NA,NA,NA,NA,NA,NA,NA,NA,NA,NA,NA,NA,NA,NA,NA,"FCS",171,171
"Elijah Clark","NC CENT",19,26.54,"D","DI",2026,"MEAC",59.6,61.5,56.5,NA,0,0,0,0,0,0,1,1,0,0,0,0,0,0,0,0,1,0,1,9,"0","11.10%",5.6,10,0,"10.00%","0",1,NA,NA,NA,NA,NA,NA,NA,NA,NA,NA,NA,NA,NA,NA,NA,NA,NA,NA,NA,NA,NA,NA,NA,NA,NA,NA,NA,NA,NA,NA,NA,NA,NA,NA,NA,NA,NA,NA,NA,NA,NA,NA,NA,"FCS",114,114
"Carson Moore","MERCYHURST",20,26.44,"D","DI",2026,"Northeast",64.3,62.6,62.3,NA,1,0,0,0,0,0,0,0,0,0,0,0,0,0,0,0,0,0,0,11,"0","0.00%",0,9,0,"0","0",0,NA,NA,NA,NA,NA,NA,NA,NA,NA,NA,NA,NA,NA,NA,NA,NA,NA,NA,NA,NA,NA,NA,NA,NA,NA,NA,NA,NA,NA,NA,NA,NA,NA,NA,NA,NA,NA,NA,NA,NA,NA,NA,NA,"FCS",321,321
"Jadon Best","CAMPBELL",15,26.28,"D","DI",2026,"CAA",62.7,60,61.9,NA,0,0,0,0,0,0,1,1,0,0,0,0,0,0,0,0,0,0,0,14,"7.10%","7.10%",3.6,1,0,"0","0",0,NA,NA,NA,NA,NA,NA,NA,NA,NA,NA,NA,NA,NA,NA,NA,NA,NA,NA,NA,NA,NA,NA,NA,NA,NA,NA,NA,NA,NA,NA,NA,NA,NA,NA,NA,NA,NA,NA,NA,NA,NA,NA,NA,"FCS",308,308
"Jeff Bowie","S DAKOTA",30,26.2,"D","DI",2026,"Missouri Valley",50.6,51.2,55.4,NA,0,1,2,0,0,0,1,1,0,0,0,0,0,0,0,0,0,1,5,13,"7.70%","7.70%",3.9,17,3.33,"29.40%","17.60%",5,NA,NA,NA,NA,NA,NA,NA,NA,NA,NA,NA,NA,NA,NA,NA,NA,NA,NA,NA,NA,NA,NA,NA,NA,NA,93,4,"0.00%",1,2,0,"0.00%",3,1,0,0,0,"0.00%",4,4,0,0,0,"FCS",6,6
"Zion Patillo","DUQUESNE",21,26.14,"D","DI",2026,"Northeast",62.4,64,56.5,NA,0,2,1,0,0,0,0,0,0,0,0,0,0,1,0,0,0,1,2,8,"0","0.00%",0,13,-4,"15.40%","15.40%",2,NA,NA,NA,NA,NA,NA,NA,NA,NA,NA,NA,NA,NA,NA,NA,NA,NA,NA,NA,NA,NA,NA,NA,NA,NA,44,3,"0.00%",2,1,1,"0.00%",1,2,0,0,0,"0.00%",3,3,0,0,0,"FCS",175,175
"Immanuel Hawkins","PRVIEW A&M",41,26.02,"D","DI",2026,"SWAC",56.6,59.9,53,NA,0,0,1,0,0,0,0,0,0,0,0,0,0,1,0,0,0,2,3,18,"0","0.00%",0,23,3.5,"13.00%","8.70%",3,NA,NA,NA,NA,NA,NA,NA,NA,NA,NA,NA,NA,NA,NA,NA,NA,NA,NA,NA,NA,NA,NA,NA,NA,NA,93,2,"0.00%",0,1,1,"0.00%",2,0,0,0,0,"0.00%",2,2,0,0,0,"FCS",137,137
"Charlie Meehleib","BUCKNELL",24,25.98,"D","DI",2026,"Patriot",65.7,70,54.8,NA,0,0,1,0,0,0,0,0,0,0,0,0,0,0,0,0,0,2,1,11,"0","0.00%",0,13,4,"7.70%","23.10%",1,NA,NA,NA,NA,NA,NA,NA,NA,NA,NA,NA,NA,NA,NA,NA,NA,NA,NA,NA,NA,NA,NA,NA,NA,NA,35,1,"50.00%",0,1,0,"50.00%",1,0,1,0,0,"0.00%",2,2,0,0,0,"FCS",180,180
"Adam Camphor","SE MO ST",41,25.97,"D","DI",2026,"Big South - OVC Football Association",55,52.8,59.4,NA,0,0,0,0,0,0,2,2,0,0,0,0,0,0,0,1,0,0,3,20,"5.00%","10.00%",5,21,0,"14.30%","9.50%",3,NA,NA,NA,NA,NA,NA,NA,NA,NA,NA,NA,NA,NA,NA,NA,NA,NA,NA,NA,NA,NA,NA,NA,NA,NA,NA,NA,NA,NA,NA,NA,NA,NA,NA,NA,NA,NA,NA,NA,NA,NA,NA,NA,"FCS",257,257
"Fasitootai Sagapolu","UTAHTC",57,25.66,"D","DI",2026,"Big Sky",58.1,64.2,57.9,60,1,0,2,0,0,0,0,0,0,0,0,0,0,0,0,0,0,4,4,27,"0","0.00%",0,30,3,"10.00%","16.70%",3,NA,NA,NA,NA,NA,NA,NA,NA,NA,NA,NA,NA,NA,NA,NA,NA,NA,NA,NA,NA,NA,NA,NA,NA,NA,3,3,"50.00%",0,2,0,"40.00%",3,0,2,0,0,"100%",6,6,0,0,1,"FCS",50,50
"Michael Albert","PRINCETON",20,25.65,"D","DI",2026,"Ivy",60.2,57.7,62.1,NA,0,1,0,0,0,0,1,1,0,0,0,0,0,0,0,0,0,0,1,13,"7.70%","7.70%",3.9,7,0,"14.30%","0",1,NA,NA,NA,NA,NA,NA,NA,NA,NA,NA,NA,NA,NA,NA,NA,NA,NA,NA,NA,NA,NA,NA,NA,NA,NA,95,1,"0.00%",1,0,0,"0.00%",0,1,0,0,0,"0.00%",1,1,0,0,0,"FCS",295,295
"Cadricus Stanley","NC A&T",20,25.41,"D","DI",2026,"CAA",68.8,70,58.6,NA,0,0,0,0,0,0,0,0,0,0,0,0,0,0,0,0,0,0,0,10,"0","0.00%",0,10,0,"0","10.00%",0,NA,NA,NA,NA,NA,NA,NA,NA,NA,NA,NA,NA,NA,NA,NA,NA,NA,NA,NA,NA,NA,NA,NA,NA,NA,NA,NA,NA,NA,NA,NA,NA,NA,NA,NA,NA,NA,NA,NA,NA,NA,NA,NA,"FCS",334,334
"Jackson Stein","MURRAY ST",17,25.29,"D","DI",2026,"Missouri Valley",68.5,70.5,57.5,NA,0,1,0,0,0,0,0,0,0,0,0,0,0,0,0,0,0,0,0,9,"0","0.00%",0,8,0,"0","12.50%",0,NA,NA,NA,NA,NA,NA,NA,NA,NA,NA,NA,NA,NA,NA,NA,NA,NA,NA,NA,NA,NA,NA,NA,NA,NA,98,1,"0.00%",1,0,0,"0.00%",0,1,0,0,0,"0.00%",1,1,0,0,0,"FCS",266,266
"Sam Greenspan","CORNELL",44,25.27,"D","DI",2026,"Ivy",55.2,56,55.5,NA,0,0,1,0,0,0,1,1,0,0,0,0,0,0,0,1,0,3,5,18,"0","5.60%",2.8,26,2.33,"19.20%","7.70%",5,NA,NA,NA,NA,NA,NA,NA,NA,NA,NA,NA,NA,NA,NA,NA,NA,NA,NA,NA,NA,NA,NA,NA,NA,NA,88,3,"0.00%",0,1,0,"0.00%",3,0,0,0,0,"0.00%",3,3,0,0,0,"FCS",186,186
"Landon Carson","ALCORN ST",24,25.19,"D","DI",2026,"SWAC",56.4,57.3,55.7,60,0,1,2,0,0,0,0,0,0,0,0,0,0,0,0,0,0,0,2,12,"0","0.00%",0,12,1,"16.70%","16.70%",2,NA,NA,NA,NA,NA,NA,NA,NA,NA,NA,NA,NA,NA,NA,NA,NA,NA,NA,NA,NA,NA,NA,NA,NA,NA,40,3,"0.00%",1,1,0,"0.00%",1,1,0,1,0,"0.00%",3,3,0,1,0,"FCS",352,352
"Folu Shobowale","GEORGETOWN",32,25.15,"D","DI",2026,"Patriot",60,65,54.8,NA,0,0,1,0,0,0,1,1,0,0,0,0,0,0,0,1,0,2,1,23,"0","4.30%",2.2,9,1,"11.10%","33.30%",1,NA,NA,NA,NA,NA,NA,NA,NA,NA,NA,NA,NA,NA,NA,NA,NA,NA,NA,NA,NA,NA,NA,NA,NA,NA,55,1,"50.00%",0,1,0,"50.00%",1,0,1,0,0,"0.00%",2,2,0,0,0,"FCS",281,281
"Milton White Jr.","MURRAY ST",16,25.03,"D","DI",2026,"Missouri Valley",57.8,55,62.8,NA,0,0,1,0,0,0,0,0,0,0,0,0,1,1,0,0,0,1,2,9,"0","0.00%",0,7,-1,"28.60%","14.30%",2,NA,NA,NA,NA,NA,NA,NA,NA,NA,NA,NA,NA,NA,NA,NA,NA,NA,NA,NA,NA,NA,NA,NA,NA,NA,4,1,"0.00%",0,1,1,"0.00%",1,0,0,0,0,"0.00%",1,1,0,0,0,"FCS",371,371
"Peter Lagemann","BUCKNELL",20,24.98,"D","DI",2026,"Patriot",60.5,60.3,59.8,NA,0,1,0,0,0,0,0,0,1,0,0,0,0,0,0,0,0,1,1,10,"10.00%","0.00%",0,10,0,"10.00%","0",1,NA,NA,NA,NA,NA,NA,NA,NA,NA,NA,NA,NA,NA,NA,NA,NA,NA,NA,NA,NA,NA,NA,NA,NA,NA,97,1,"0.00%",1,0,0,"0.00%",0,1,0,0,0,"0.00%",1,1,0,0,0,"FCS",273,273
"Ke'Vion Wellington","MERCER",33,24.88,"D","DI",2026,"Southern",50.9,55.2,61.6,NA,0,0,0,0,0,0,0,0,1,0,0,0,0,0,0,0,0,1,4,13,"7.70%","0.00%",0,20,3,"20.00%","10.00%",4,NA,NA,NA,NA,NA,NA,NA,NA,NA,NA,NA,NA,NA,NA,NA,NA,NA,NA,NA,NA,NA,NA,NA,NA,NA,54,1,"0.00%",0,0,0,"0.00%",1,0,0,0,0,"0.00%",1,1,0,0,0,"FCS",100,100
"Chaz Knox","ELON",34,24.59,"D","DI",2026,"CAA",55.9,65.1,56.4,NA,0,0,1,0,0,0,0,0,0,0,0,0,0,1,0,0,0,2,2,19,"0","0.00%",0,15,0,"13.30%","20.00%",2,NA,NA,NA,NA,NA,NA,NA,NA,NA,NA,NA,NA,NA,NA,NA,NA,NA,NA,NA,NA,NA,NA,NA,NA,NA,95,1,"50.00%",0,1,1,"50.00%",1,0,1,0,0,"0.00%",2,2,0,0,0,"FCS",242,242
"Christian Markum","E ILLINOIS",15,24.52,"D","DI",2026,"Big South - OVC Football Association",68.2,69.4,57.8,NA,0,0,0,0,0,0,0,0,0,0,0,0,0,0,0,0,0,1,0,7,"0","0.00%",0,8,0,"0","25.00%",0,NA,NA,NA,NA,NA,NA,NA,NA,NA,NA,NA,NA,NA,NA,NA,NA,NA,NA,NA,NA,NA,NA,NA,NA,NA,NA,NA,NA,NA,NA,NA,NA,NA,NA,NA,NA,NA,NA,NA,NA,NA,NA,NA,"FCS",324,324
"Jay Culbreth","W GEORGIA",18,24.5,"D","DI",2026,"United Athletic",65.4,66.9,57.1,NA,0,0,1,0,0,0,0,0,0,0,0,0,0,0,0,0,0,1,0,7,"0","0.00%",0,11,2,"0","0",0,NA,NA,NA,NA,NA,NA,NA,NA,NA,NA,NA,NA,NA,NA,NA,NA,NA,NA,NA,NA,NA,NA,NA,NA,NA,92,1,"0.00%",0,1,0,"0.00%",1,0,0,0,0,"0.00%",1,1,0,0,0,"FCS",131,131
"Herbert Ware","PORTLAND",50,24.41,"D","DI",2026,"Big Sky",56.8,58.8,54.6,NA,0,0,0,0,0,0,1,1,0,0,0,0,0,0,0,0,1,1,3,25,"0","4.00%",2,25,5,"12.00%","4.00%",3,NA,NA,NA,NA,NA,NA,NA,NA,NA,NA,NA,NA,NA,NA,NA,NA,NA,NA,NA,NA,NA,NA,NA,NA,NA,90,1,"50.00%",0,0,0,"50.00%",1,0,1,0,0,"0.00%",2,2,0,0,0,"FCS",141,141
"Dakari Harris","TXAMEA",29,24.35,"D","DI",2026,"Southland",66.8,67.2,58.6,NA,0,0,1,0,0,0,0,0,0,0,0,0,0,0,0,0,0,1,1,8,"0","0.00%",0,21,1,"4.80%","4.80%",1,NA,NA,NA,NA,NA,NA,NA,NA,NA,NA,NA,NA,NA,NA,NA,NA,NA,NA,NA,NA,NA,NA,NA,NA,NA,78,1,"0.00%",0,1,0,"0.00%",1,0,0,0,0,"0.00%",1,1,0,0,0,"FCS",344,344
"Levi Hoss","PRESBYTERN",43,24.2,"D","DI",2026,"Pioneer",51.1,46.9,59.9,NA,0,0,0,0,0,0,1,1,0,0,0,0,1,0,0,0,0,2,5,23,"4.30%","4.30%",2.2,20,6,"25.00%","0",5,NA,NA,NA,NA,NA,NA,NA,NA,NA,NA,NA,NA,NA,NA,NA,NA,NA,NA,NA,NA,NA,NA,NA,NA,NA,40,1,"0.00%",0,0,0,"0.00%",1,0,0,0,0,"0.00%",1,1,0,0,0,"FCS",366,366
"Wyatt Boals","ILL STATE",22,24,"D","DI",2026,"Missouri Valley",64.6,66.5,56.7,NA,0,0,1,0,0,0,0,0,0,0,0,0,0,0,0,0,0,1,0,9,"0","0.00%",0,13,2,"0","7.70%",0,NA,NA,NA,NA,NA,NA,NA,NA,NA,NA,NA,NA,NA,NA,NA,NA,NA,NA,NA,NA,NA,NA,NA,NA,NA,51,1,"0.00%",0,1,0,"0.00%",1,0,0,0,0,"0.00%",1,1,0,0,0,"FCS",148,148
"Gabe Whittington","SE LA",25,23.91,"D","DI",2026,"Southland",53.3,50.3,60.3,NA,0,0,0,0,0,0,1,1,0,0,0,0,0,0,0,0,0,1,3,16,"6.30%","6.30%",3.1,9,5,"33.30%","11.10%",3,NA,NA,NA,NA,NA,NA,NA,NA,NA,NA,NA,NA,NA,NA,NA,NA,NA,NA,NA,NA,NA,NA,NA,NA,NA,91,1,"0.00%",0,0,0,"0.00%",1,0,0,0,0,"0.00%",1,1,0,0,0,"FCS",128,128
"Isaac Keim","MONTANA",32,23.91,"D","DI",2026,"Big Sky",47.9,47.3,57.1,NA,0,1,2,0,0,0,0,0,0,0,0,0,0,1,0,0,0,3,5,12,"0","0.00%",0,20,2,"25.00%","5.00%",5,NA,NA,NA,NA,NA,NA,NA,NA,NA,NA,NA,NA,NA,NA,NA,NA,NA,NA,NA,NA,NA,NA,NA,NA,NA,48,3,"0.00%",1,2,1,"0.00%",2,1,0,0,0,"0.00%",3,3,0,0,0,"FCS",206,206
"Rhett Schaefer","S DAK ST",21,23.89,"D","DI",2026,"Missouri Valley",55.9,58.5,55.4,NA,0,0,0,0,0,0,1,1,0,0,0,0,0,0,0,1,0,0,1,13,"0","7.70%",3.9,8,0,"12.50%","0",1,NA,NA,NA,NA,NA,NA,NA,NA,NA,NA,NA,NA,NA,NA,NA,NA,NA,NA,NA,NA,NA,NA,NA,NA,NA,NA,NA,NA,NA,NA,NA,NA,NA,NA,NA,NA,NA,NA,NA,NA,NA,NA,NA,"FCS",204,204
"Asaiah Hamond","TOWSON",31,23.78,"D","DI",2026,"CAA",56.1,55.7,58.5,NA,0,0,0,0,0,0,2,2,0,0,0,0,0,0,0,0,1,2,1,13,"7.70%","15.40%",7.7,18,0,"5.60%","0",1,NA,NA,NA,NA,NA,NA,NA,NA,NA,NA,NA,NA,NA,NA,NA,NA,NA,NA,NA,NA,NA,NA,NA,NA,NA,44,0,"100%",0,0,0,"100%",0,0,1,0,0,"0.00%",1,1,0,0,0,"FCS",263,263
"Ryan Kuennen","N IOWA",26,23.63,"D","DI",2026,"Missouri Valley",62,64.1,56.2,NA,0,0,1,0,0,0,0,0,0,0,0,0,0,0,0,0,0,1,1,12,"0","0.00%",0,14,3,"7.10%","7.10%",1,NA,NA,NA,NA,NA,NA,NA,NA,NA,NA,NA,NA,NA,NA,NA,NA,NA,NA,NA,NA,NA,NA,NA,NA,NA,90,1,"0.00%",0,1,0,"0.00%",1,0,0,0,0,"0.00%",1,1,0,0,0,"FCS",57,57
"Teddy Roby","ALCORN ST",20,23.61,"D","DI",2026,"SWAC",60.7,62.7,56.3,NA,0,1,2,0,0,0,0,0,0,0,0,0,0,0,0,0,0,3,2,11,"0","0.00%",0,9,2,"22.20%","33.30%",2,NA,NA,NA,NA,NA,NA,NA,NA,NA,NA,NA,NA,NA,NA,NA,NA,NA,NA,NA,NA,NA,NA,NA,NA,NA,99,3,"40.00%",1,2,0,"40.00%",2,1,2,0,0,"0.00%",5,5,0,0,0,"FCS",353,353
"Isaiah Johnson","TARLETON",25,23.58,"D","DI",2026,"United Athletic",61.3,66.5,53.9,NA,0,2,0,0,0,0,0,0,0,0,0,0,0,0,0,0,0,1,1,13,"0","0.00%",0,12,0,"8.30%","8.30%",1,NA,NA,NA,NA,NA,NA,NA,NA,NA,NA,NA,NA,NA,NA,NA,NA,NA,NA,NA,NA,NA,NA,NA,NA,NA,15,2,"0.00%",2,0,0,"0.00%",0,2,0,0,0,"0.00%",2,2,0,0,0,"FCS",172,172
"Malachi Edgerly","CORNELL",20,23.53,"D","DI",2026,"Ivy",62.4,62.4,58.6,NA,0,0,1,0,0,0,0,0,0,0,0,0,0,0,0,0,0,2,2,3,"0","0.00%",0,17,2,"11.80%","11.80%",2,NA,NA,NA,NA,NA,NA,NA,NA,NA,NA,NA,NA,NA,NA,NA,NA,NA,NA,NA,NA,NA,NA,NA,NA,NA,56,2,"0.00%",0,1,0,"0.00%",2,0,0,0,0,"0.00%",2,2,0,0,0,"FCS",64,64
"Hunter Sharbono","MONTANA ST",19,23.5,"D","DI",2026,"Big Sky",66,68.8,56.3,NA,0,1,0,0,0,0,0,0,0,0,0,0,0,0,0,0,0,0,0,10,"0","0.00%",0,9,0,"0","11.10%",0,NA,NA,NA,NA,NA,NA,NA,NA,NA,NA,NA,NA,NA,NA,NA,NA,NA,NA,NA,NA,NA,NA,NA,NA,NA,90,1,"0.00%",1,0,0,"0.00%",0,1,0,0,0,"0.00%",1,1,0,0,0,"FCS",110,110
"Trenton Kintigh","WOFFORD",16,23.48,"D","DI",2026,"Southern",55.1,55.2,59.2,NA,0,1,2,0,0,0,0,0,0,0,0,0,0,0,0,0,0,2,3,4,"0","0.00%",0,12,1.5,"25.00%","25.00%",3,NA,NA,NA,NA,NA,NA,NA,NA,NA,NA,NA,NA,NA,NA,NA,NA,NA,NA,NA,NA,NA,NA,NA,NA,NA,48,3,"0.00%",1,2,0,"0.00%",2,1,0,0,0,"0.00%",3,3,0,0,0,"FCS",83,83
"Kavion Benton","N ALABAMA",39,23.46,"D","DI",2026,"United Athletic",58.7,60.5,57.4,60,0,1,0,0,0,0,0,0,1,0,0,0,0,0,0,0,0,0,2,24,"4.20%","0.00%",0,14,0,"14.30%","7.10%",2,1,0,"0.00%",0,0,0,0,0,0,0,0,0,"0.00%",0,0,0,0,0,"0.00%","0.00%","0.00%","0.00%",0,0,"0.00%",9,1,"0.00%",1,0,0,"0.00%",0,1,0,0,0,"0.00%",1,1,0,0,0,"FCS",218,218
"Josh Gonzalez","INCAR WORD",24,23.41,"D","DI",2026,"Southland",65,67.1,57.3,NA,0,0,1,0,0,0,0,0,0,0,0,0,0,0,0,0,0,1,1,12,"0","0.00%",0,12,1,"8.30%","16.70%",1,NA,NA,NA,NA,NA,NA,NA,NA,NA,NA,NA,NA,NA,NA,NA,NA,NA,NA,NA,NA,NA,NA,NA,NA,NA,99,1,"0.00%",0,1,0,"0.00%",1,0,0,0,0,"0.00%",1,1,0,0,0,"FCS",11,11
"Jordan Jones","CAMPBELL",25,23.34,"D","DI",2026,"CAA",66.1,69.6,55.9,NA,0,0,0,0,0,0,0,0,0,0,0,0,0,0,0,0,0,1,0,20,"0","0.00%",0,5,0,"0","40.00%",0,NA,NA,NA,NA,NA,NA,NA,NA,NA,NA,NA,NA,NA,NA,NA,NA,NA,NA,NA,NA,NA,NA,NA,NA,NA,NA,NA,NA,NA,NA,NA,NA,NA,NA,NA,NA,NA,NA,NA,NA,NA,NA,NA,"FCS",236,236
"Carson Freese","PRESBYTERN",38,23.29,"D","DI",2026,"Pioneer",51.6,51,56.4,NA,0,0,2,0,0,0,1,1,0,0,0,0,0,0,0,0,0,1,4,18,"5.60%","5.60%",2.8,20,4,"20.00%","0",4,NA,NA,NA,NA,NA,NA,NA,NA,NA,NA,NA,NA,NA,NA,NA,NA,NA,NA,NA,NA,NA,NA,NA,NA,NA,93,2,"0.00%",0,2,0,"0.00%",2,0,0,0,0,"0.00%",2,2,0,0,0,"FCS",36,36
"Shanard Lo-Ray","MERCYHURST",26,23.13,"D","DI",2026,"Northeast",60,62.3,57.7,NA,1,0,0,0,0,0,0,0,0,0,0,0,0,0,0,0,0,0,0,18,"0","0.00%",0,8,0,"0","0",0,NA,NA,NA,NA,NA,NA,NA,NA,NA,NA,NA,NA,NA,NA,NA,NA,NA,NA,NA,NA,NA,NA,NA,NA,NA,NA,NA,NA,NA,NA,NA,NA,NA,NA,NA,NA,NA,NA,NA,NA,NA,NA,NA,"FCS",168,168
"Aidan Horodnik","HOLY CROSS",51,23,"D","DI",2026,"Patriot",63.1,69.6,54.9,NA,0,1,0,0,0,0,0,0,0,0,0,0,0,0,0,0,0,0,0,33,"0","0.00%",0,18,0,"0","5.60%",0,NA,NA,NA,NA,NA,NA,NA,NA,NA,NA,NA,NA,NA,NA,NA,NA,NA,NA,NA,NA,NA,NA,NA,NA,NA,95,1,"0.00%",1,0,0,"0.00%",0,1,0,0,0,"0.00%",1,1,0,0,0,"FCS",224,224
"Jaice Tupea","E WASHGTON",22,22.91,"D","DI",2026,"Big Sky",64.5,67.9,56.2,NA,0,1,0,0,0,0,0,0,0,0,0,0,0,0,0,0,0,0,0,13,"0","0.00%",0,9,0,"0","11.10%",0,NA,NA,NA,NA,NA,NA,NA,NA,NA,NA,NA,NA,NA,NA,NA,NA,NA,NA,NA,NA,NA,NA,NA,NA,NA,98,1,"0.00%",1,0,0,"0.00%",0,1,0,0,0,"0.00%",1,1,0,0,0,"FCS",241,241
"Cooper Austin","YALE",27,22.84,"D","DI",2026,"Ivy",63.5,63.1,60.8,NA,0,0,0,0,0,0,1,1,0,0,0,0,0,0,0,0,0,1,1,16,"6.30%","6.30%",3.1,11,0,"9.10%","27.30%",1,NA,NA,NA,NA,NA,NA,NA,NA,NA,NA,NA,NA,NA,NA,NA,NA,NA,NA,NA,NA,NA,NA,NA,NA,NA,99,0,"100%",0,0,0,"100%",0,0,1,0,0,"0.00%",1,1,0,0,0,"FCS",123,123
"Adam DeSantis","COLGATE",37,22.83,"D","DI",2026,"Patriot",54.4,55.3,54.9,60,0,1,1,0,0,0,0,0,0,0,0,0,0,1,0,0,0,0,2,24,"0","0.00%",0,13,0,"15.40%","0",2,NA,NA,NA,NA,NA,NA,NA,NA,NA,NA,NA,NA,NA,NA,NA,NA,NA,NA,NA,NA,NA,NA,NA,NA,NA,96,2,"0.00%",1,0,0,"0.00%",0,1,0,1,1,"0.00%",2,2,0,1,0,"FCS",229,229
"Dawson James","NC A&T",50,22.77,"D","DI",2026,"CAA",64.7,68,55.9,60,0,1,0,0,0,0,0,0,0,0,0,0,0,0,0,0,0,0,0,27,"0","0.00%",0,23,0,"0","0",0,NA,NA,NA,NA,NA,NA,NA,NA,NA,NA,NA,NA,NA,NA,NA,NA,NA,NA,NA,NA,NA,NA,NA,NA,NA,77,1,"0.00%",1,0,0,"0.00%",0,1,0,0,0,"0.00%",1,1,0,0,0,"FCS",372,372
"Ivan Murray Jr.","VILLANOVA",40,22.72,"D","DI",2026,"Patriot",62.6,65.1,56,NA,0,0,1,0,0,0,0,0,0,0,0,0,0,0,0,0,0,1,1,18,"0","0.00%",0,22,2,"4.50%","4.50%",1,NA,NA,NA,NA,NA,NA,NA,NA,NA,NA,NA,NA,NA,NA,NA,NA,NA,NA,NA,NA,NA,NA,NA,NA,NA,9,1,"0.00%",0,1,0,"0.00%",1,0,0,0,0,"0.00%",1,1,0,0,0,"FCS",63,63
"O'Shea Miller","TARLETON",21,22.68,"D","DI",2026,"United Athletic",60.2,62.8,55.9,NA,0,0,1,0,0,0,0,0,0,0,0,0,0,0,0,0,0,1,1,11,"0","0.00%",0,10,3,"10.00%","10.00%",1,NA,NA,NA,NA,NA,NA,NA,NA,NA,NA,NA,NA,NA,NA,NA,NA,NA,NA,NA,NA,NA,NA,NA,NA,NA,44,1,"0.00%",0,1,0,"0.00%",1,0,0,0,0,"0.00%",1,1,0,0,0,"FCS",354,354
"Brandon Mills","MURRAY ST",28,22.63,"D","DI",2026,"Missouri Valley",57.3,57.8,57.2,NA,0,1,1,0,0,0,0,0,0,0,0,0,0,1,0,0,0,3,3,13,"0","0.00%",0,15,-1,"20.00%","26.70%",3,NA,NA,NA,NA,NA,NA,NA,NA,NA,NA,NA,NA,NA,NA,NA,NA,NA,NA,NA,NA,NA,NA,NA,NA,NA,95,2,"33.30%",1,1,1,"33.30%",1,1,1,0,0,"0.00%",3,3,0,0,0,"FCS",319,319
"Darrell Hamilton","MERRIMACK",19,22.54,"D","DI",2026,"IND (FCS)",63.9,65.1,58,NA,0,1,0,0,0,0,0,0,0,0,0,0,0,0,0,0,0,0,1,9,"0","0.00%",0,10,0,"10.00%","10.00%",1,NA,NA,NA,NA,NA,NA,NA,NA,NA,NA,NA,NA,NA,NA,NA,NA,NA,NA,NA,NA,NA,NA,NA,NA,NA,94,1,"0.00%",1,0,0,"0.00%",0,1,0,0,0,"0.00%",1,1,0,0,0,"FCS",191,191
"Robert Beasley","INDIANA ST",30,22.53,"D","DI",2026,"Missouri Valley",57.2,41.1,68.2,60,0,1,0,0,0,0,2,2,0,0,0,0,0,0,0,0,0,2,3,25,"8.00%","8.00%",4,5,0,"60.00%","20.00%",3,NA,NA,NA,NA,NA,NA,NA,NA,NA,NA,NA,NA,NA,NA,NA,NA,NA,NA,NA,NA,NA,NA,NA,NA,NA,25,1,"50.00%",1,0,0,"100%",0,0,1,0,0,"0.00%",2,2,1,0,0,"FCS",285,285
"Mason Keifer","INDIANA ST",25,22.42,"D","DI",2026,"Missouri Valley",57.3,71,44.3,NA,0,0,1,0,0,0,1,1,0,0,0,0,0,0,0,0,1,2,1,15,"0","6.70%",3.3,10,2,"0","20.00%",0,NA,NA,NA,NA,NA,NA,NA,NA,NA,NA,NA,NA,NA,NA,NA,NA,NA,NA,NA,NA,NA,NA,NA,NA,NA,52,1,"50.00%",0,1,0,"0.00%",1,0,0,0,0,"100%",2,2,0,0,1,"FCS",284,284
"Liam Forster","PENN",23,22.36,"D","DI",2026,"Ivy",61.5,63.9,56.2,60,0,1,0,0,0,0,0,0,0,0,0,0,0,0,0,0,0,0,0,15,"0","0.00%",0,8,0,"0","0",0,NA,NA,NA,NA,NA,NA,NA,NA,NA,NA,NA,NA,NA,NA,NA,NA,NA,NA,NA,NA,NA,NA,NA,NA,NA,99,1,"0.00%",1,0,0,"0.00%",0,0,0,0,0,"0.00%",1,1,1,0,0,"FCS",146,146
"Zekiel Seumalo","MONTANA",50,22.36,"D","DI",2026,"Big Sky",55,62,53.3,59.7,0,0,1,0,0,0,1,1,0,0,0,0,0,0,0,0,1,1,1,33,"0","3.00%",1.5,16,1,"6.30%","6.30%",1,1,0,"0.00%",0,0,0,0,0,0,0,0,0,"100%",0,0,0,0,0,"0.00%","0.00%","0.00%","0.00%",0,0,"0.00%",92,1,"0.00%",0,1,0,"0.00%",1,0,0,0,0,"0.00%",1,1,0,0,0,"FCS",314,314
"Cooper Buffington","MONTANA",38,22.33,"D","DI",2026,"Big Sky",54.9,55.1,58.4,59.3,0,0,0,0,0,1,0,1,0,0,0,0,0,0,0,0,1,0,2,26,"0","3.90%",1.9,11,0,"18.20%","9.10%",2,1,0,"0.00%",0,0,0,0,0,0,0,0,0,"100%",0,0,0,0,0,"0.00%","0.00%","0.00%","0.00%",0,0,"0.00%",NA,NA,NA,NA,NA,NA,NA,NA,NA,NA,NA,NA,NA,NA,NA,NA,NA,NA,"FCS",275,275
"Noah Raab","STETSON",23,22.18,"D","DI",2026,"Pioneer",63.4,67.1,55.8,NA,0,1,0,0,0,0,0,0,0,0,0,0,0,0,0,0,0,0,1,13,"0","0.00%",0,10,0,"10.00%","20.00%",1,NA,NA,NA,NA,NA,NA,NA,NA,NA,NA,NA,NA,NA,NA,NA,NA,NA,NA,NA,NA,NA,NA,NA,NA,NA,98,1,"0.00%",1,0,0,"0.00%",0,1,0,0,0,"0.00%",1,1,0,0,0,"FCS",362,362
"Gustavo Bravo","BRYANT",29,22,"D","DI",2026,"CAA",48,47.3,56.8,NA,0,1,1,0,0,0,1,1,0,0,0,0,0,0,0,1,0,1,5,13,"0","7.70%",3.9,16,1,"31.30%","12.50%",5,NA,NA,NA,NA,NA,NA,NA,NA,NA,NA,NA,NA,NA,NA,NA,NA,NA,NA,NA,NA,NA,NA,NA,NA,NA,98,2,"0.00%",1,1,0,"0.00%",1,1,0,0,0,"0.00%",2,2,0,0,0,"FCS",99,99
"Luca Lopez","PENN",23,21.96,"D","DI",2026,"Ivy",63.6,67.2,55.9,NA,0,0,0,0,0,0,0,0,0,0,0,0,0,0,0,0,0,1,0,12,"0","0.00%",0,11,0,"0","9.10%",0,NA,NA,NA,NA,NA,NA,NA,NA,NA,NA,NA,NA,NA,NA,NA,NA,NA,NA,NA,NA,NA,NA,NA,NA,NA,NA,NA,NA,NA,NA,NA,NA,NA,NA,NA,NA,NA,NA,NA,NA,NA,NA,NA,"FCS",255,255
"Chris Dixon","S DAKOTA",57,21.86,"D","DI",2026,"Missouri Valley",47.4,46.3,55.2,NA,0,1,2,0,0,0,0,0,0,0,0,0,0,0,0,0,0,1,9,24,"0","0.00%",0,33,5.25,"27.30%","9.10%",9,NA,NA,NA,NA,NA,NA,NA,NA,NA,NA,NA,NA,NA,NA,NA,NA,NA,NA,NA,NA,NA,NA,NA,NA,NA,50,5,"0.00%",1,2,0,"0.00%",4,1,0,0,0,"0.00%",5,5,0,0,0,"FCS",43,43
"Deshawn Palmer","ALCORN ST",42,21.83,"D","DI",2026,"SWAC",57,62,60.3,NA,0,0,0,0,0,0,0,0,1,0,0,0,0,0,0,0,0,1,4,21,"4.80%","0.00%",0,21,0,"14.30%","23.80%",3,NA,NA,NA,NA,NA,NA,NA,NA,NA,NA,NA,NA,NA,NA,NA,NA,NA,NA,NA,NA,NA,NA,NA,NA,NA,88,0,"100%",0,0,0,"100%",0,0,1,0,0,"0.00%",1,1,0,0,0,"FCS",233,233
"Keoni Perkins","DARTMOUTH",33,21.71,"D","DI",2026,"Ivy",63.4,64.5,57.3,NA,0,1,0,0,0,0,0,0,0,0,0,0,0,0,0,0,0,1,1,10,"0","0.00%",0,23,0,"4.30%","0",1,NA,NA,NA,NA,NA,NA,NA,NA,NA,NA,NA,NA,NA,NA,NA,NA,NA,NA,NA,NA,NA,NA,NA,NA,NA,97,1,"0.00%",1,0,0,"0.00%",0,1,0,0,0,"0.00%",1,1,0,0,0,"FCS",66,66
"Kion Wright","ALBANY",24,21.69,"D","DI",2026,"CAA",64.1,66,56,NA,0,1,0,0,0,0,0,0,0,0,0,0,0,0,0,0,0,0,2,6,"0","0.00%",0,18,0,"11.10%","16.70%",2,NA,NA,NA,NA,NA,NA,NA,NA,NA,NA,NA,NA,NA,NA,NA,NA,NA,NA,NA,NA,NA,NA,NA,NA,NA,5,1,"0.00%",1,0,0,"0.00%",0,1,0,0,0,"0.00%",1,1,0,0,0,"FCS",90,90
"Travon Sylvester","STF AUSTIN",21,21.67,"D","DI",2026,"Southland",63.1,64.9,56.9,NA,0,1,0,0,0,0,0,0,0,0,0,0,0,0,0,0,0,0,1,10,"0","0.00%",0,11,0,"9.10%","9.10%",1,NA,NA,NA,NA,NA,NA,NA,NA,NA,NA,NA,NA,NA,NA,NA,NA,NA,NA,NA,NA,NA,NA,NA,NA,NA,96,1,"0.00%",1,0,0,"0.00%",0,1,0,0,0,"0.00%",1,1,0,0,0,"FCS",21,21
"Josh Osuagwu","STHLSK",18,21.5,"D","DI",2026,"Northeast",57.6,59.2,56.7,NA,0,1,1,0,0,0,0,0,0,0,0,0,0,0,0,0,0,0,2,10,"0","0.00%",0,8,1,"25.00%","12.50%",2,NA,NA,NA,NA,NA,NA,NA,NA,NA,NA,NA,NA,NA,NA,NA,NA,NA,NA,NA,NA,NA,NA,NA,NA,NA,90,2,"0.00%",1,1,0,"0.00%",1,1,0,0,0,"0.00%",2,2,0,0,0,"FCS",225,225
"Alexander Cossignani","DELWARE ST",30,21.49,"D","DI",2026,"MEAC",54.5,51.3,62.2,NA,0,0,0,0,0,0,1,1,0,0,0,0,0,0,0,0,0,0,3,14,"7.10%","7.10%",3.6,16,0,"18.80%","6.30%",3,NA,NA,NA,NA,NA,NA,NA,NA,NA,NA,NA,NA,NA,NA,NA,NA,NA,NA,NA,NA,NA,NA,NA,NA,NA,NA,NA,NA,NA,NA,NA,NA,NA,NA,NA,NA,NA,NA,NA,NA,NA,NA,NA,"FCS",113,113
"Delano Marcelus","MERCER",21,21.38,"D","DI",2026,"Southern",57.5,59,56.4,NA,0,0,2,0,0,0,0,0,0,0,0,0,0,0,0,0,0,2,2,10,"0","0.00%",0,11,2,"18.20%","18.20%",2,NA,NA,NA,NA,NA,NA,NA,NA,NA,NA,NA,NA,NA,NA,NA,NA,NA,NA,NA,NA,NA,NA,NA,NA,NA,11,2,"0.00%",0,2,0,"0.00%",2,0,0,0,0,"0.00%",2,2,0,0,0,"FCS",249,249
"Chance Symons","INCAR WORD",15,21.14,"D","DI",2026,"Southland",62.4,64,57.4,NA,0,0,0,0,0,0,0,0,0,0,0,0,0,0,0,0,0,0,0,8,"0","0.00%",0,7,0,"0","0",0,NA,NA,NA,NA,NA,NA,NA,NA,NA,NA,NA,NA,NA,NA,NA,NA,NA,NA,NA,NA,NA,NA,NA,NA,NA,NA,NA,NA,NA,NA,NA,NA,NA,NA,NA,NA,NA,NA,NA,NA,NA,NA,NA,"FCS",139,139
"Nick Johnsen","VALPO",16,21.13,"D","DI",2026,"Pioneer",56.4,57.3,57.4,NA,0,1,1,0,0,0,0,0,0,0,0,0,0,1,0,0,0,2,2,4,"0","0.00%",0,12,-2,"16.70%","16.70%",2,NA,NA,NA,NA,NA,NA,NA,NA,NA,NA,NA,NA,NA,NA,NA,NA,NA,NA,NA,NA,NA,NA,NA,NA,NA,40,2,"33.30%",1,1,1,"33.30%",1,1,1,0,0,"0.00%",3,3,0,0,0,"FCS",179,179
"Renardo Lewis","GARD-WEBB",24,21,"D","DI",2026,"Big South - OVC Football Association",61.9,64.1,56.3,NA,0,0,1,0,0,0,0,0,0,0,0,0,0,0,0,0,0,1,2,12,"0","0.00%",0,12,1,"16.70%","16.70%",2,NA,NA,NA,NA,NA,NA,NA,NA,NA,NA,NA,NA,NA,NA,NA,NA,NA,NA,NA,NA,NA,NA,NA,NA,NA,99,1,"0.00%",0,1,0,"0.00%",1,0,0,0,0,"0.00%",1,1,0,0,0,"FCS",133,133
"Marquise Brunson","DELWARE ST",28,20.98,"D","DI",2026,"MEAC",55.5,53.1,60.5,NA,0,0,0,0,0,0,0,0,1,0,0,0,0,0,0,0,0,0,2,16,"6.30%","0.00%",0,12,0,"16.70%","0",2,NA,NA,NA,NA,NA,NA,NA,NA,NA,NA,NA,NA,NA,NA,NA,NA,NA,NA,NA,NA,NA,NA,NA,NA,NA,NA,NA,NA,NA,NA,NA,NA,NA,NA,NA,NA,NA,NA,NA,NA,NA,NA,NA,"FCS",112,112
"Devin Huegel","UC DAVIS",20,20.97,"D","DI",2026,"Big Sky",61.4,63.8,56.8,NA,0,1,0,0,0,0,0,0,0,0,0,0,0,0,0,0,0,0,0,12,"0","0.00%",0,8,0,"0","0",0,NA,NA,NA,NA,NA,NA,NA,NA,NA,NA,NA,NA,NA,NA,NA,NA,NA,NA,NA,NA,NA,NA,NA,NA,NA,97,1,"0.00%",1,0,0,"0.00%",0,1,0,0,0,"0.00%",1,1,0,0,0,"FCS",265,265
"Montrell Henderson","CHATTNOOGA",21,20.94,"D","DI",2026,"Southern",59.7,57.4,62,NA,0,0,0,0,0,0,1,1,0,0,0,0,0,0,0,0,0,2,1,13,"7.70%","7.70%",3.9,8,0,"12.50%","25.00%",1,NA,NA,NA,NA,NA,NA,NA,NA,NA,NA,NA,NA,NA,NA,NA,NA,NA,NA,NA,NA,NA,NA,NA,NA,NA,91,0,"100%",0,0,0,"100%",0,0,1,0,0,"0.00%",1,1,0,0,0,"FCS",27,27
"Luke Green","BUTLER",40,20.93,"D","DI",2026,"Pioneer",61,67.3,53.8,NA,0,1,0,0,0,0,0,0,0,0,0,0,0,0,0,0,0,1,0,26,"0","0.00%",0,14,0,"0","7.10%",0,NA,NA,NA,NA,NA,NA,NA,NA,NA,NA,NA,NA,NA,NA,NA,NA,NA,NA,NA,NA,NA,NA,NA,NA,NA,44,1,"0.00%",1,0,0,"0.00%",0,1,0,0,0,"0.00%",1,1,0,0,0,"FCS",81,81
"Logan Jellison","ILL STATE",18,20.92,"D","DI",2026,"Missouri Valley",57.8,68.1,47.4,NA,0,0,1,0,0,0,1,1,0,0,0,0,0,0,0,0,1,3,3,11,"0","9.10%",4.5,7,1,"28.60%","57.10%",2,NA,NA,NA,NA,NA,NA,NA,NA,NA,NA,NA,NA,NA,NA,NA,NA,NA,NA,NA,NA,NA,NA,NA,NA,NA,98,1,"66.70%",0,1,0,"50.00%",1,0,1,0,0,"100%",3,3,0,0,1,"FCS",185,185
"Chase Somers","MERCYHURST",18,20.91,"D","DI",2026,"Northeast",59.5,63.6,54.6,NA,0,0,1,0,0,0,0,0,0,0,0,0,0,0,0,0,0,2,0,10,"0","0.00%",0,8,2,"0","0",0,NA,NA,NA,NA,NA,NA,NA,NA,NA,NA,NA,NA,NA,NA,NA,NA,NA,NA,NA,NA,NA,NA,NA,NA,NA,98,1,"0.00%",0,1,0,"0.00%",1,0,0,0,0,"0.00%",1,1,0,0,0,"FCS",153,153
"Gerald Danner","PRESBYTERN",56,20.8,"D","DI",2026,"Pioneer",52.6,52,55.8,NA,0,1,1,0,0,0,0,0,0,0,0,0,0,0,0,0,0,1,5,28,"0","0.00%",0,28,4,"17.90%","7.10%",5,NA,NA,NA,NA,NA,NA,NA,NA,NA,NA,NA,NA,NA,NA,NA,NA,NA,NA,NA,NA,NA,NA,NA,NA,NA,97,2,"0.00%",1,1,0,"0.00%",1,1,0,0,0,"0.00%",2,2,0,0,0,"FCS",289,289
"Bryce Gentry-Warrick","MERRIMACK",33,20.79,"D","DI",2026,"IND (FCS)",60.8,66,55.2,60,0,0,0,0,0,0,0,0,0,0,0,0,0,0,0,0,0,0,0,22,"0","0.00%",0,10,0,"0","10.00%",0,1,0,"0.00%",0,0,0,0,0,0,0,0,0,"100%",0,0,0,0,0,"0.00%","0.00%","0.00%","0.00%",0,0,"0.00%",NA,NA,NA,NA,NA,NA,NA,NA,NA,NA,NA,NA,NA,NA,NA,NA,NA,NA,"FCS",74,74
"Kai Baugh","TXAMEA",44,20.66,"D","DI",2026,"Southland",57.1,57.7,56.7,NA,0,0,1,0,0,0,0,0,0,0,0,0,1,0,0,0,0,1,2,17,"0","0.00%",0,27,3,"7.40%","7.40%",2,NA,NA,NA,NA,NA,NA,NA,NA,NA,NA,NA,NA,NA,NA,NA,NA,NA,NA,NA,NA,NA,NA,NA,NA,NA,42,1,"50.00%",0,1,0,"50.00%",1,0,1,0,0,"0.00%",2,2,0,0,0,"FCS",337,337
"Jamari Buddin","DUQUESNE",20,20.58,"D","DI",2026,"Northeast",62.7,54.9,55.7,63.5,0,1,1,0,0,0,0,0,0,0,0,0,0,0,0,0,0,1,3,11,"0","0.00%",0,9,0,"33.30%","22.20%",3,NA,NA,NA,NA,NA,NA,NA,NA,NA,NA,NA,NA,NA,NA,NA,NA,NA,NA,NA,NA,NA,NA,NA,NA,NA,10,2,"0.00%",1,0,0,"0.00%",0,1,0,1,0,"0.00%",2,2,0,1,0,"FCS",7,7
"Cade Davis","STETSON",36,20.46,"D","DI",2026,"Pioneer",59.7,63.7,54.5,60,0,0,0,0,0,0,0,0,0,0,0,0,0,0,0,0,0,0,0,22,"0","0.00%",0,14,0,"0","0",0,NA,NA,NA,NA,NA,NA,NA,NA,NA,NA,NA,NA,NA,NA,NA,NA,NA,NA,NA,NA,NA,NA,NA,NA,NA,55,1,"0.00%",0,0,0,"0.00%",0,0,0,0,0,"0.00%",1,1,0,1,0,"FCS",259,259
"Christian Santiago","ALBANY",19,20.38,"D","DI",2026,"CAA",63.7,64.8,56.9,NA,0,0,1,0,0,0,0,0,0,0,0,0,0,0,0,0,0,1,1,4,"0","0.00%",0,15,1,"6.70%","6.70%",1,NA,NA,NA,NA,NA,NA,NA,NA,NA,NA,NA,NA,NA,NA,NA,NA,NA,NA,NA,NA,NA,NA,NA,NA,NA,97,1,"50.00%",0,1,0,"50.00%",1,0,1,0,0,"0.00%",2,2,0,0,0,"FCS",75,75
"Anthony Gray","TXAMEA",41,20.2,"D","DI",2026,"Southland",56.2,53.7,58.9,60.7,0,1,0,0,0,0,1,1,0,0,0,0,0,0,0,0,0,0,2,20,"5.00%","5.00%",2.5,19,0,"10.50%","0",2,2,0,"0.00%",0,0,0,0,0,0,0,0,0,"50.00%",0,0,0,0,0,"0.00%","0.00%","0.00%","0.00%",0,0,"0.00%",12,1,"0.00%",1,0,0,"0.00%",0,1,0,0,0,"0.00%",1,1,0,0,0,"FCS",28,28
"Brandon Dunn","CORNELL",16,20.18,"D","DI",2026,"Ivy",60.3,60.3,59.1,NA,0,0,0,0,0,0,0,0,0,0,0,0,0,0,0,0,0,0,1,4,"0","0.00%",0,12,0,"8.30%","0",1,NA,NA,NA,NA,NA,NA,NA,NA,NA,NA,NA,NA,NA,NA,NA,NA,NA,NA,NA,NA,NA,NA,NA,NA,NA,NA,NA,NA,NA,NA,NA,NA,NA,NA,NA,NA,NA,NA,NA,NA,NA,NA,NA,"FCS",239,239
"Calogero LoGrasso","BUCKNELL",49,20.11,"D","DI",2026,"Patriot",62.3,64.2,56.4,NA,0,0,1,0,0,0,0,0,0,0,0,0,0,1,0,0,0,1,3,22,"0","0.00%",0,27,-4,"11.10%","11.10%",3,NA,NA,NA,NA,NA,NA,NA,NA,NA,NA,NA,NA,NA,NA,NA,NA,NA,NA,NA,NA,NA,NA,NA,NA,NA,73,1,"0.00%",0,1,1,"0.00%",1,0,0,0,0,"0.00%",1,1,0,0,0,"FCS",78,78
"Alani Ma'afu","N ARIZONA",24,20.06,"D","DI",2026,"Big Sky",60.4,63.9,55.9,NA,0,0,0,0,0,0,0,0,0,0,0,0,0,0,0,0,0,0,0,16,"0","0.00%",0,8,0,"0","0",0,NA,NA,NA,NA,NA,NA,NA,NA,NA,NA,NA,NA,NA,NA,NA,NA,NA,NA,NA,NA,NA,NA,NA,NA,NA,NA,NA,NA,NA,NA,NA,NA,NA,NA,NA,NA,NA,NA,NA,NA,NA,NA,NA,"FCS",24,24
"Ocean Taufa","IDAHO",15,20.06,"D","DI",2026,"Big Sky",60.7,63.9,55.9,NA,0,0,0,0,0,0,0,0,0,0,0,0,0,0,0,0,0,0,0,10,"0","0.00%",0,5,0,"0","0",0,NA,NA,NA,NA,NA,NA,NA,NA,NA,NA,NA,NA,NA,NA,NA,NA,NA,NA,NA,NA,NA,NA,NA,NA,NA,NA,NA,NA,NA,NA,NA,NA,NA,NA,NA,NA,NA,NA,NA,NA,NA,NA,NA,"FCS",322,322
"Thomas Rominger","NC CENT",18,20.06,"D","DI",2026,"MEAC",60.8,63.3,56.4,NA,0,0,0,0,0,0,0,0,0,0,0,0,0,0,0,0,0,0,0,9,"0","0.00%",0,9,0,"0","0",0,NA,NA,NA,NA,NA,NA,NA,NA,NA,NA,NA,NA,NA,NA,NA,NA,NA,NA,NA,NA,NA,NA,NA,NA,NA,NA,NA,NA,NA,NA,NA,NA,NA,NA,NA,NA,NA,NA,NA,NA,NA,NA,NA,"FCS",373,373
"Jayden Hazelwood","BRYANT",38,20.02,"D","DI",2026,"CAA",38.1,41.4,54.8,NA,0,1,1,0,0,0,2,2,0,0,0,0,0,0,0,0,2,1,7,23,"0","8.70%",4.3,15,2,"40.00%","13.30%",6,NA,NA,NA,NA,NA,NA,NA,NA,NA,NA,NA,NA,NA,NA,NA,NA,NA,NA,NA,NA,NA,NA,NA,NA,NA,68,2,"33.30%",1,1,0,"33.30%",1,1,1,0,0,"0.00%",3,3,0,0,0,"FCS",214,214
"Chayse Mack","MERCYHURST",17,19.92,"F","DI",2026,"Northeast",60.4,63.3,56.2,NA,0,0,0,0,0,0,0,0,0,0,0,0,0,0,0,0,0,0,0,13,"0","0.00%",0,4,0,"0","0",0,NA,NA,NA,NA,NA,NA,NA,NA,NA,NA,NA,NA,NA,NA,NA,NA,NA,NA,NA,NA,NA,NA,NA,NA,NA,NA,NA,NA,NA,NA,NA,NA,NA,NA,NA,NA,NA,NA,NA,NA,NA,NA,NA,"FCS",346,346
"Jordan Pritchard-Sewell","YNGTOWN ST",54,19.71,"F","DI",2026,"Missouri Valley",51.1,54.9,49.1,NA,0,0,1,0,0,0,1,1,0,0,0,0,0,1,0,1,0,1,5,23,"0","4.30%",2.2,31,0,"12.90%","3.20%",4,NA,NA,NA,NA,NA,NA,NA,NA,NA,NA,NA,NA,NA,NA,NA,NA,NA,NA,NA,NA,NA,NA,NA,NA,NA,9,1,"50.00%",0,1,1,"0.00%",1,0,0,0,0,"100%",2,2,0,0,1,"FCS",201,201
"Babawale Fadeyibi","YALE",26,19.66,"F","DI",2026,"Ivy",60.2,64.5,54.8,NA,0,0,0,0,0,0,0,0,0,0,0,0,0,0,0,0,0,0,0,16,"0","0.00%",0,10,0,"0","0",0,NA,NA,NA,NA,NA,NA,NA,NA,NA,NA,NA,NA,NA,NA,NA,NA,NA,NA,NA,NA,NA,NA,NA,NA,NA,NA,NA,NA,NA,NA,NA,NA,NA,NA,NA,NA,NA,NA,NA,NA,NA,NA,NA,"FCS",124,124
"Michael Wright Jr.","YNGTOWN ST",20,19.65,"F","DI",2026,"Missouri Valley",60,60.2,58.4,NA,0,0,0,0,0,0,0,0,0,0,0,0,0,0,0,0,0,0,1,6,"0","0.00%",0,14,0,"7.10%","0",1,NA,NA,NA,NA,NA,NA,NA,NA,NA,NA,NA,NA,NA,NA,NA,NA,NA,NA,NA,NA,NA,NA,NA,NA,NA,NA,NA,NA,NA,NA,NA,NA,NA,NA,NA,NA,NA,NA,NA,NA,NA,NA,NA,"FCS",270,270
"Carter Lance","DUQUESNE",26,19.61,"F","DI",2026,"Northeast",53.6,51.6,60,NA,0,0,1,0,0,0,1,1,0,0,0,0,0,1,0,0,0,2,4,14,"7.10%","7.10%",3.6,12,-3,"33.30%","25.00%",4,NA,NA,NA,NA,NA,NA,NA,NA,NA,NA,NA,NA,NA,NA,NA,NA,NA,NA,NA,NA,NA,NA,NA,NA,NA,52,1,"50.00%",0,1,1,"50.00%",1,0,1,0,0,"0.00%",2,2,0,0,0,"FCS",174,174
"Grant Merritt","NICHOLLS",25,19.52,"F","DI",2026,"Southland",60.5,62.7,55.6,NA,0,1,0,0,0,0,0,0,0,0,0,0,0,0,0,0,0,1,1,12,"0","0.00%",0,13,0,"7.70%","0",1,NA,NA,NA,NA,NA,NA,NA,NA,NA,NA,NA,NA,NA,NA,NA,NA,NA,NA,NA,NA,NA,NA,NA,NA,NA,96,1,"0.00%",1,0,0,"0.00%",0,1,0,0,0,"0.00%",1,1,0,0,0,"FCS",335,335
"Alex Villavaso","NICHOLLS",33,19.16,"F","DI",2026,"Southland",53.9,57.2,53.6,NA,0,0,1,0,0,0,0,0,0,0,0,0,0,0,0,0,0,3,2,21,"0","0.00%",0,12,3.5,"16.70%","8.30%",2,NA,NA,NA,NA,NA,NA,NA,NA,NA,NA,NA,NA,NA,NA,NA,NA,NA,NA,NA,NA,NA,NA,NA,NA,NA,45,2,"0.00%",0,1,0,"0.00%",2,0,0,0,0,"0.00%",2,2,0,0,0,"FCS",30,30
"Logyn Eckheart","N DAKOTA",41,19.14,"F","DI",2026,"Missouri Valley",49.8,48.9,57.4,NA,0,2,0,0,0,0,0,0,0,0,0,0,0,0,0,0,0,1,2,13,"0","0.00%",0,28,2,"7.10%","3.60%",2,NA,NA,NA,NA,NA,NA,NA,NA,NA,NA,NA,NA,NA,NA,NA,NA,NA,NA,NA,NA,NA,NA,NA,NA,NA,97,3,"0.00%",2,0,0,"0.00%",1,2,0,0,0,"0.00%",3,3,0,0,0,"FCS",116,116
"Lawrence Falatea","N ARIZONA",15,18.71,"F","DI",2026,"Big Sky",58.7,61.3,56.1,NA,0,0,0,0,0,0,0,0,0,0,0,0,0,0,0,0,0,0,0,8,"0","0.00%",0,7,0,"0","0",0,NA,NA,NA,NA,NA,NA,NA,NA,NA,NA,NA,NA,NA,NA,NA,NA,NA,NA,NA,NA,NA,NA,NA,NA,NA,NA,NA,NA,NA,NA,NA,NA,NA,NA,NA,NA,NA,NA,NA,NA,NA,NA,NA,"FCS",8,8
"Aidan Miller","N IOWA",18,18.68,"F","DI",2026,"Missouri Valley",56.2,56,60,NA,0,1,0,0,0,0,0,0,0,0,0,0,0,0,0,0,0,1,3,2,"0","0.00%",0,16,0,"18.80%","6.30%",3,NA,NA,NA,NA,NA,NA,NA,NA,NA,NA,NA,NA,NA,NA,NA,NA,NA,NA,NA,NA,NA,NA,NA,NA,NA,93,1,"0.00%",1,0,0,"0.00%",0,1,0,0,0,"0.00%",1,1,0,0,0,"FCS",279,279
"James Collins II","E ILLINOIS",58,18.67,"F","DI",2026,"Big South - OVC Football Association",49.6,49.5,54.3,NA,0,1,1,0,0,0,0,0,0,0,0,0,0,1,0,0,0,1,7,28,"0","0.00%",0,30,0,"23.30%","6.70%",7,NA,NA,NA,NA,NA,NA,NA,NA,NA,NA,NA,NA,NA,NA,NA,NA,NA,NA,NA,NA,NA,NA,NA,NA,NA,55,2,"0.00%",1,1,1,"0.00%",1,1,0,0,0,"0.00%",2,2,0,0,0,"FCS",12,12
"Gideon Spottsville","ALCORN ST",38,18.6,"F","DI",2026,"SWAC",61.4,60.3,54,61.8,0,0,1,0,0,0,0,0,0,0,0,0,0,0,0,0,0,0,1,20,"0","0.00%",0,17,2,"5.90%","11.80%",1,1,0,"0.00%",0,0,0,0,0,0,0,0,0,"100%",0,0,0,0,0,"0.00%","0.00%","0.00%","0.00%",0,0,"0.00%",0,1,"0.00%",0,1,0,"0.00%",1,0,0,0,0,"0.00%",1,1,0,0,0,"FCS",134,134
"Brian Oliver Jr.","FORDHAM",19,18.51,"F","DI",2026,"Patriot",60.5,61.3,57.4,NA,0,1,0,0,0,0,0,0,0,0,0,0,0,0,0,0,0,2,1,7,"0","0.00%",0,12,0,"8.30%","8.30%",1,NA,NA,NA,NA,NA,NA,NA,NA,NA,NA,NA,NA,NA,NA,NA,NA,NA,NA,NA,NA,NA,NA,NA,NA,NA,50,1,"50.00%",1,0,0,"50.00%",0,1,1,0,0,"0.00%",2,2,0,0,0,"FCS",365,365
"Jordan Gaston","WAGNER",31,18.47,"F","DI",2026,"Northeast",58,60.4,56,NA,0,1,0,0,0,0,0,0,0,0,0,0,0,0,0,0,0,0,1,22,"0","0.00%",0,9,0,"11.10%","11.10%",1,NA,NA,NA,NA,NA,NA,NA,NA,NA,NA,NA,NA,NA,NA,NA,NA,NA,NA,NA,NA,NA,NA,NA,NA,NA,44,1,"0.00%",1,0,0,"0.00%",0,1,0,0,0,"0.00%",1,1,0,0,0,"FCS",297,297
"Kefa Pereira","N DAKOTA",15,18.44,"F","DI",2026,"Missouri Valley",53.8,54.2,58.9,NA,0,0,1,0,0,0,0,0,0,0,0,0,0,0,0,0,0,1,2,3,"0","0.00%",0,12,2,"16.70%","0",2,NA,NA,NA,NA,NA,NA,NA,NA,NA,NA,NA,NA,NA,NA,NA,NA,NA,NA,NA,NA,NA,NA,NA,NA,NA,95,1,"0.00%",0,1,0,"0.00%",1,0,0,0,0,"0.00%",1,1,0,0,0,"FCS",240,240
"Talon Marsh","MONTANA ST",28,18.19,"F","DI",2026,"Big Sky",58.4,60.4,56.1,NA,0,0,0,0,0,0,0,0,0,0,0,0,0,0,0,0,0,1,1,15,"0","0.00%",0,13,0,"7.70%","0",1,NA,NA,NA,NA,NA,NA,NA,NA,NA,NA,NA,NA,NA,NA,NA,NA,NA,NA,NA,NA,NA,NA,NA,NA,NA,NA,NA,NA,NA,NA,NA,NA,NA,NA,NA,NA,NA,NA,NA,NA,NA,NA,NA,"FCS",109,109
"Griffin Ellis","NICHOLLS",36,18.13,"F","DI",2026,"Southland",47.7,46.2,47.6,61.9,0,1,0,0,0,0,1,1,0,0,0,0,0,0,0,1,0,1,6,12,"0","8.30%",4.2,24,5,"20.80%","4.20%",5,NA,NA,NA,NA,NA,NA,NA,NA,NA,NA,NA,NA,NA,NA,NA,NA,NA,NA,NA,NA,NA,NA,NA,NA,NA,94,2,"50.00%",1,0,0,"50.00%",1,0,1,0,0,"50.00%",4,4,1,0,1,"FCS",287,287
"Ty Gordon","WM & MARY",46,17.94,"F","DI",2026,"Patriot",56.3,58.6,54.1,NA,0,0,1,0,0,0,0,0,0,0,0,0,0,1,0,0,0,3,2,19,"0","0.00%",0,27,-1,"7.40%","7.40%",2,NA,NA,NA,NA,NA,NA,NA,NA,NA,NA,NA,NA,NA,NA,NA,NA,NA,NA,NA,NA,NA,NA,NA,NA,NA,9,1,"50.00%",0,1,1,"50.00%",1,0,1,0,0,"0.00%",2,2,0,0,0,"FCS",104,104
"Langston Cook","PRESBYTERN",54,17.93,"F","DI",2026,"Pioneer",41,43.4,53.2,60,0,0,2,0,0,0,0,0,0,0,0,0,0,0,0,0,0,3,7,27,"0","0.00%",0,27,3.75,"22.20%","11.10%",6,NA,NA,NA,NA,NA,NA,NA,NA,NA,NA,NA,NA,NA,NA,NA,NA,NA,NA,NA,NA,NA,NA,NA,NA,NA,9,5,"0.00%",0,2,0,"0.00%",4,0,0,0,0,"0.00%",5,5,0,1,0,"FCS",367,367
"Bryce Wilson","MERRIMACK",15,17.66,"F","DI",2026,"IND (FCS)",56.1,56.5,58.6,NA,0,0,0,0,0,0,0,0,0,0,0,0,0,0,0,0,0,0,1,5,"0","0.00%",0,10,0,"10.00%","0",1,NA,NA,NA,NA,NA,NA,NA,NA,NA,NA,NA,NA,NA,NA,NA,NA,NA,NA,NA,NA,NA,NA,NA,NA,NA,NA,NA,NA,NA,NA,NA,NA,NA,NA,NA,NA,NA,NA,NA,NA,NA,NA,NA,"FCS",250,250
"Tristen Graham","NEW HAMP",15,17.56,"F","DI",2026,"CAA",56.6,57.4,57.7,NA,0,0,0,0,0,0,0,0,0,0,0,0,0,0,0,0,0,0,1,6,"0","0.00%",0,9,0,"11.10%","0",1,NA,NA,NA,NA,NA,NA,NA,NA,NA,NA,NA,NA,NA,NA,NA,NA,NA,NA,NA,NA,NA,NA,NA,NA,NA,NA,NA,NA,NA,NA,NA,NA,NA,NA,NA,NA,NA,NA,NA,NA,NA,NA,NA,"FCS",187,187
"Marcus Simmons Jr.","CENT CT ST",17,17.53,"F","DI",2026,"Northeast",57,58.3,56.9,NA,0,0,0,0,0,0,0,0,0,0,0,0,0,0,0,0,0,0,1,8,"0","0.00%",0,9,0,"11.10%","0",1,NA,NA,NA,NA,NA,NA,NA,NA,NA,NA,NA,NA,NA,NA,NA,NA,NA,NA,NA,NA,NA,NA,NA,NA,NA,NA,NA,NA,NA,NA,NA,NA,NA,NA,NA,NA,NA,NA,NA,NA,NA,NA,NA,"FCS",44,44
"Bryce Purnell","MAINE",43,17.34,"F","DI",2026,"CAA",57.7,60.2,54.5,NA,0,1,0,0,0,0,0,0,0,0,0,0,0,0,0,0,0,0,2,20,"0","0.00%",0,23,0,"8.70%","0",2,NA,NA,NA,NA,NA,NA,NA,NA,NA,NA,NA,NA,NA,NA,NA,NA,NA,NA,NA,NA,NA,NA,NA,NA,NA,44,1,"0.00%",1,0,0,"0.00%",0,1,0,0,0,"0.00%",1,1,0,0,0,"FCS",15,15
"Zalen Watkins","GARD-WEBB",20,17.25,"F","DI",2026,"Big South - OVC Football Association",52.3,53.2,48.1,61.7,0,1,1,0,0,0,1,1,0,0,0,0,0,0,0,1,0,3,3,13,"0","7.70%",3.9,7,0,"28.60%","28.60%",2,NA,NA,NA,NA,NA,NA,NA,NA,NA,NA,NA,NA,NA,NA,NA,NA,NA,NA,NA,NA,NA,NA,NA,NA,NA,8,2,"60.00%",1,0,0,"66.70%",0,1,2,1,0,"50.00%",4,5,0,1,1,"FCS",311,311
"Fred Dampeer","NICHOLLS",20,17.19,"F","DI",2026,"Southland",56.4,57.7,56.9,NA,0,0,0,0,0,0,0,0,0,0,0,0,0,0,0,0,0,0,1,12,"0","0.00%",0,8,0,"12.50%","0",1,NA,NA,NA,NA,NA,NA,NA,NA,NA,NA,NA,NA,NA,NA,NA,NA,NA,NA,NA,NA,NA,NA,NA,NA,NA,NA,NA,NA,NA,NA,NA,NA,NA,NA,NA,NA,NA,NA,NA,NA,NA,NA,NA,"FCS",333,333
"Nicholas Fernandez","CAL POLY",16,17.16,"F","DI",2026,"Big Sky",55.1,55.5,58.2,NA,0,1,0,0,0,0,0,0,0,0,0,0,0,0,0,0,0,0,1,9,"0","0.00%",0,7,0,"14.30%","14.30%",1,NA,NA,NA,NA,NA,NA,NA,NA,NA,NA,NA,NA,NA,NA,NA,NA,NA,NA,NA,NA,NA,NA,NA,NA,NA,99,1,"0.00%",1,0,0,"0.00%",0,1,0,0,0,"0.00%",1,1,0,0,0,"FCS",76,76
"Aidan Salow","N IOWA",25,17.13,"F","DI",2026,"Missouri Valley",57,58.2,56.4,NA,0,0,0,0,0,0,0,0,0,0,0,0,0,0,0,0,0,0,2,11,"0","0.00%",0,14,0,"14.30%","7.10%",2,NA,NA,NA,NA,NA,NA,NA,NA,NA,NA,NA,NA,NA,NA,NA,NA,NA,NA,NA,NA,NA,NA,NA,NA,NA,NA,NA,NA,NA,NA,NA,NA,NA,NA,NA,NA,NA,NA,NA,NA,NA,NA,NA,"FCS",208,208
"Jaylin Johnson","SACR HEART",38,17.05,"F","DI",2026,"CAA",57.4,60.2,54.6,60,0,0,0,0,0,0,0,0,0,0,0,0,0,0,0,0,0,1,1,20,"0","0.00%",0,17,0,"5.90%","0",1,1,0,"0.00%",0,0,0,0,0,0,0,0,0,"100%",0,0,0,0,0,"0.00%","0.00%","0.00%","0.00%",0,0,"0.00%",NA,NA,NA,NA,NA,NA,NA,NA,NA,NA,NA,NA,NA,NA,NA,NA,NA,NA,"FCS",118,118
"Brady Echols","WM & MARY",46,16.99,"F","DI",2026,"Patriot",58.8,59.6,56.3,NA,0,0,1,0,0,0,0,0,0,0,0,0,0,0,0,0,0,3,3,14,"0","0.00%",0,32,1,"9.40%","9.40%",3,NA,NA,NA,NA,NA,NA,NA,NA,NA,NA,NA,NA,NA,NA,NA,NA,NA,NA,NA,NA,NA,NA,NA,NA,NA,96,1,"50.00%",0,1,0,"50.00%",1,0,1,0,0,"0.00%",2,2,0,0,0,"FCS",194,194
"Max Bremer","S ILLINOIS",15,16.84,"F","DI",2026,"Missouri Valley",44.4,57.1,56.9,NA,0,0,0,0,0,0,0,0,0,0,0,0,0,0,0,0,0,0,2,8,"0","0.00%",0,7,0,"28.60%","0",2,NA,NA,NA,NA,NA,NA,NA,NA,NA,NA,NA,NA,NA,NA,NA,NA,NA,NA,NA,NA,NA,NA,NA,NA,NA,NA,NA,NA,NA,NA,NA,NA,NA,NA,NA,NA,NA,NA,NA,NA,NA,NA,NA,"FCS",70,70
"Mouhammed Sow","GEORGETOWN",26,16.55,"F","DI",2026,"Patriot",55.9,57.3,56.3,NA,0,0,0,0,0,0,0,0,0,0,0,0,0,0,0,0,0,0,1,18,"0","0.00%",0,8,0,"12.50%","0",1,NA,NA,NA,NA,NA,NA,NA,NA,NA,NA,NA,NA,NA,NA,NA,NA,NA,NA,NA,NA,NA,NA,NA,NA,NA,NA,NA,NA,NA,NA,NA,NA,NA,NA,NA,NA,NA,NA,NA,NA,NA,NA,NA,"FCS",79,79
"Brody Targgart","S DAK ST",17,16.38,"F","DI",2026,"Missouri Valley",55.2,57,56.3,NA,0,0,0,0,0,0,0,0,0,0,0,0,0,0,0,0,0,0,1,10,"0","0.00%",0,7,0,"14.30%","0",1,NA,NA,NA,NA,NA,NA,NA,NA,NA,NA,NA,NA,NA,NA,NA,NA,NA,NA,NA,NA,NA,NA,NA,NA,NA,NA,NA,NA,NA,NA,NA,NA,NA,NA,NA,NA,NA,NA,NA,NA,NA,NA,NA,"FCS",280,280
"Clayton McCarrell","E WASHGTON",24,16.31,"F","DI",2026,"Big Sky",55.6,57.6,55.7,NA,0,0,0,0,0,0,0,0,0,0,0,0,0,0,0,0,0,0,1,16,"0","0.00%",0,8,0,"12.50%","0",1,NA,NA,NA,NA,NA,NA,NA,NA,NA,NA,NA,NA,NA,NA,NA,NA,NA,NA,NA,NA,NA,NA,NA,NA,NA,NA,NA,NA,NA,NA,NA,NA,NA,NA,NA,NA,NA,NA,NA,NA,NA,NA,NA,"FCS",190,190
"Gage Homola","CORNELL",18,15.94,"F","DI",2026,"Ivy",53.8,54.1,58.1,NA,0,0,0,0,0,0,0,0,0,0,0,0,0,0,0,0,0,0,2,5,"0","0.00%",0,13,0,"15.40%","0",2,NA,NA,NA,NA,NA,NA,NA,NA,NA,NA,NA,NA,NA,NA,NA,NA,NA,NA,NA,NA,NA,NA,NA,NA,NA,NA,NA,NA,NA,NA,NA,NA,NA,NA,NA,NA,NA,NA,NA,NA,NA,NA,NA,"FCS",198,198
"Terrell Elliott","INCAR WORD",43,15.8,"F","DI",2026,"Southland",53.5,46.3,64.2,NA,0,0,0,0,0,0,1,1,1,0,0,0,0,0,0,0,0,1,4,26,"7.70%","3.90%",1.9,17,0,"23.50%","23.50%",4,NA,NA,NA,NA,NA,NA,NA,NA,NA,NA,NA,NA,NA,NA,NA,NA,NA,NA,NA,NA,NA,NA,NA,NA,NA,9,0,"100%",0,0,0,"100%",0,0,3,0,0,"0.00%",3,3,0,0,0,"FCS",158,158
"Jerry Martin","MURRAY ST",27,15.78,"F","DI",2026,"Missouri Valley",54.3,54.3,57.7,NA,0,0,0,0,0,0,0,0,0,0,0,0,0,0,0,0,0,0,3,10,"0","0.00%",0,17,0,"17.60%","5.90%",3,NA,NA,NA,NA,NA,NA,NA,NA,NA,NA,NA,NA,NA,NA,NA,NA,NA,NA,NA,NA,NA,NA,NA,NA,NA,NA,NA,NA,NA,NA,NA,NA,NA,NA,NA,NA,NA,NA,NA,NA,NA,NA,NA,"FCS",332,332
"Gene Blalock","N IOWA",21,15.63,"F","DI",2026,"Missouri Valley",54.3,55.1,56.8,NA,0,0,0,0,0,0,0,0,0,0,0,0,0,0,0,0,0,0,1,8,"0","0.00%",0,13,0,"7.70%","0",1,NA,NA,NA,NA,NA,NA,NA,NA,NA,NA,NA,NA,NA,NA,NA,NA,NA,NA,NA,NA,NA,NA,NA,NA,NA,NA,NA,NA,NA,NA,NA,NA,NA,NA,NA,NA,NA,NA,NA,NA,NA,NA,NA,"FCS",127,127
"Jeremiah Johnson","PRESBYTERN",19,15.52,"F","DI",2026,"Pioneer",45.3,41.2,62,NA,0,1,0,0,0,0,0,0,1,0,0,0,0,0,0,0,0,1,2,10,"10.00%","0.00%",0,9,0,"22.20%","0",2,NA,NA,NA,NA,NA,NA,NA,NA,NA,NA,NA,NA,NA,NA,NA,NA,NA,NA,NA,NA,NA,NA,NA,NA,NA,98,1,"0.00%",1,0,0,"0.00%",0,1,0,0,0,"0.00%",1,1,0,0,0,"FCS",368,368
"James Dunnemann II","FORDHAM",15,15.46,"F","DI",2026,"Patriot",53.5,56,55.8,NA,0,0,0,0,0,0,0,0,0,0,0,0,0,0,0,0,0,0,1,10,"0","0.00%",0,5,0,"20.00%","0",1,NA,NA,NA,NA,NA,NA,NA,NA,NA,NA,NA,NA,NA,NA,NA,NA,NA,NA,NA,NA,NA,NA,NA,NA,NA,NA,NA,NA,NA,NA,NA,NA,NA,NA,NA,NA,NA,NA,NA,NA,NA,NA,NA,"FCS",310,310
"Rodney Mills","LIUSHAR",50,15.1,"F","DI",2026,"Northeast",54.5,62.7,48.6,NA,0,0,0,0,0,0,1,1,0,0,0,0,0,0,0,0,1,0,2,25,"0","4.00%",2,25,0,"4.00%","0",1,NA,NA,NA,NA,NA,NA,NA,NA,NA,NA,NA,NA,NA,NA,NA,NA,NA,NA,NA,NA,NA,NA,NA,NA,NA,40,0,"100%",0,0,0,"0.00%",0,0,0,0,0,"100%",1,1,0,0,1,"FCS",205,205
"Anthony Spivey","CHISTA",23,14.97,"F","DI",2026,"IND (FCS)",52.2,52.4,57.6,NA,0,1,0,0,0,0,0,0,0,0,0,0,0,0,0,0,0,0,3,5,"0","0.00%",0,18,0,"16.70%","5.60%",3,NA,NA,NA,NA,NA,NA,NA,NA,NA,NA,NA,NA,NA,NA,NA,NA,NA,NA,NA,NA,NA,NA,NA,NA,NA,92,1,"0.00%",1,0,0,"0.00%",0,1,0,0,0,"0.00%",1,1,0,0,0,"FCS",357,357
"Hyson Bey-Buie","N IOWA",16,14.6,"F","DI",2026,"Missouri Valley",51.7,52.7,56.8,NA,0,1,0,0,0,0,0,0,0,0,0,0,0,0,0,0,0,0,1,8,"0","0.00%",0,8,0,"12.50%","0",1,NA,NA,NA,NA,NA,NA,NA,NA,NA,NA,NA,NA,NA,NA,NA,NA,NA,NA,NA,NA,NA,NA,NA,NA,NA,50,1,"0.00%",1,0,0,"0.00%",0,1,0,0,0,"0.00%",1,1,0,0,0,"FCS",207,207
"Jackson Stortz","N IOWA",23,14.36,"F","DI",2026,"Missouri Valley",52.2,52.3,57.3,NA,0,0,0,0,0,0,0,0,0,0,0,0,0,0,0,0,0,1,2,11,"0","0.00%",0,12,0,"16.70%","0",2,NA,NA,NA,NA,NA,NA,NA,NA,NA,NA,NA,NA,NA,NA,NA,NA,NA,NA,NA,NA,NA,NA,NA,NA,NA,NA,NA,NA,NA,NA,NA,NA,NA,NA,NA,NA,NA,NA,NA,NA,NA,NA,NA,"FCS",69,69
"Dandrevius Dorsey","PRESBYTERN",23,13.44,"F","DI",2026,"Pioneer",47.6,48.8,54.2,NA,0,0,0,0,0,0,0,0,0,0,0,0,0,0,0,0,0,2,2,11,"0","0.00%",0,12,5,"16.70%","0",2,NA,NA,NA,NA,NA,NA,NA,NA,NA,NA,NA,NA,NA,NA,NA,NA,NA,NA,NA,NA,NA,NA,NA,NA,NA,15,1,"50.00%",0,0,0,"50.00%",1,0,1,0,0,"0.00%",2,2,0,0,0,"FCS",129,129
"Joey Lightfoot","NICHOLLS",20,13.25,"F","DI",2026,"Southland",50.4,50.6,57.1,NA,0,0,0,0,0,0,0,0,0,0,0,0,0,0,0,0,0,0,3,10,"0","0.00%",0,10,0,"30.00%","10.00%",3,NA,NA,NA,NA,NA,NA,NA,NA,NA,NA,NA,NA,NA,NA,NA,NA,NA,NA,NA,NA,NA,NA,NA,NA,NA,NA,NA,NA,NA,NA,NA,NA,NA,NA,NA,NA,NA,NA,NA,NA,NA,NA,NA,"FCS",103,103
"Jakoby Diamond","W CAROLINA",20,12.96,"F","DI",2026,"Southern",50.1,50.1,57.1,NA,0,0,0,0,0,0,0,0,0,0,0,0,0,0,0,0,0,0,2,11,"0","0.00%",0,9,0,"22.20%","0",2,NA,NA,NA,NA,NA,NA,NA,NA,NA,NA,NA,NA,NA,NA,NA,NA,NA,NA,NA,NA,NA,NA,NA,NA,NA,NA,NA,NA,NA,NA,NA,NA,NA,NA,NA,NA,NA,NA,NA,NA,NA,NA,NA,"FCS",320,320
"Lucian DePino","BRYANT",20,12.89,"F","DI",2026,"CAA",49.4,49.5,57.5,NA,0,0,0,0,0,0,0,0,0,0,0,0,0,0,0,0,0,0,3,8,"0","0.00%",0,12,0,"25.00%","0",3,NA,NA,NA,NA,NA,NA,NA,NA,NA,NA,NA,NA,NA,NA,NA,NA,NA,NA,NA,NA,NA,NA,NA,NA,NA,NA,NA,NA,NA,NA,NA,NA,NA,NA,NA,NA,NA,NA,NA,NA,NA,NA,NA,"FCS",213,213
"Cooper Paukstis","BUTLER",20,12.89,"F","DI",2026,"Pioneer",50.8,52,55.4,NA,0,0,0,0,0,0,0,0,0,0,0,0,0,0,0,0,0,0,1,10,"0","0.00%",0,10,0,"10.00%","0",1,NA,NA,NA,NA,NA,NA,NA,NA,NA,NA,NA,NA,NA,NA,NA,NA,NA,NA,NA,NA,NA,NA,NA,NA,NA,NA,NA,NA,NA,NA,NA,NA,NA,NA,NA,NA,NA,NA,NA,NA,NA,NA,NA,"FCS",364,364
"Tyler Henry","N DAKOTA",39,12.8,"F","DI",2026,"Missouri Valley",50.9,50.3,56.7,NA,0,0,0,0,0,0,0,0,0,0,0,0,0,0,0,0,0,0,4,16,"0","0.00%",0,23,0,"17.40%","0",4,NA,NA,NA,NA,NA,NA,NA,NA,NA,NA,NA,NA,NA,NA,NA,NA,NA,NA,NA,NA,NA,NA,NA,NA,NA,NA,NA,NA,NA,NA,NA,NA,NA,NA,NA,NA,NA,NA,NA,NA,NA,NA,NA,"FCS",34,34
"Valentino Garcia","ILL STATE",19,12.73,"F","DI",2026,"Missouri Valley",56.1,57,57,NA,0,0,0,0,0,0,0,0,0,0,0,0,0,0,0,0,0,0,2,11,"0","0.00%",0,8,0,"25.00%","25.00%",2,NA,NA,NA,NA,NA,NA,NA,NA,NA,NA,NA,NA,NA,NA,NA,NA,NA,NA,NA,NA,NA,NA,NA,NA,NA,76,0,"100%",0,0,0,"100%",0,0,1,0,0,"0.00%",1,1,0,0,0,"FCS",149,149
"Vanier Baptiste III","W CAROLINA",15,12.67,"F","DI",2026,"Southern",38.2,49.6,57.1,NA,0,0,0,0,0,0,0,0,0,0,0,0,0,0,0,0,0,0,2,9,"0","0.00%",0,6,0,"16.70%","0",1,NA,NA,NA,NA,NA,NA,NA,NA,NA,NA,NA,NA,NA,NA,NA,NA,NA,NA,NA,NA,NA,NA,NA,NA,NA,NA,NA,NA,NA,NA,NA,NA,NA,NA,NA,NA,NA,NA,NA,NA,NA,NA,NA,"FCS",157,157
"Bryce Stringer","PRESBYTERN",49,11.64,"F","DI",2026,"Pioneer",46.1,42.4,57.1,60,0,0,1,0,0,0,0,0,1,0,0,0,0,0,0,0,0,3,6,23,"4.30%","0.00%",0,25,1,"24.00%","4.00%",6,1,0,"0.00%",0,0,0,0,0,0,0,0,0,"100%",0,0,0,0,0,"0.00%","0.00%","0.00%","0.00%",0,0,"0.00%",16,1,"50.00%",0,1,0,"50.00%",1,0,1,0,0,"0.00%",2,2,0,0,0,"FCS",220,220
"Gabriel Valeros","CHISTA",40,11.62,"F","DI",2026,"IND (FCS)",50,49.3,55.8,NA,0,0,0,0,0,0,0,0,0,0,0,0,0,0,0,0,0,0,4,19,"0","0.00%",0,21,0,"19.10%","0",4,NA,NA,NA,NA,NA,NA,NA,NA,NA,NA,NA,NA,NA,NA,NA,NA,NA,NA,NA,NA,NA,NA,NA,NA,NA,NA,NA,NA,NA,NA,NA,NA,NA,NA,NA,NA,NA,NA,NA,NA,NA,NA,NA,"FCS",356,356
"Caleb Larson","STETSON",36,11.12,"F","DI",2026,"Pioneer",50,48.8,55.5,NA,0,0,0,0,0,0,0,0,0,0,0,0,0,0,0,0,0,0,2,25,"0","0.00%",0,11,0,"18.20%","0",2,NA,NA,NA,NA,NA,NA,NA,NA,NA,NA,NA,NA,NA,NA,NA,NA,NA,NA,NA,NA,NA,NA,NA,NA,NA,NA,NA,NA,NA,NA,NA,NA,NA,NA,NA,NA,NA,NA,NA,NA,NA,NA,NA,"FCS",361,361
"Amari Deason","HOUCHR",52,9.74,"F","DI",2026,"Southland",45.2,42.2,56,NA,0,0,1,0,0,0,0,0,0,0,0,0,0,1,0,0,0,4,6,27,"0","0.00%",0,25,0,"24.00%","8.00%",6,NA,NA,NA,NA,NA,NA,NA,NA,NA,NA,NA,NA,NA,NA,NA,NA,NA,NA,NA,NA,NA,NA,NA,NA,NA,44,1,"66.70%",0,1,1,"66.70%",1,0,2,0,0,"0.00%",3,3,0,0,0,"FCS",248,248
"Jeremiah Wynn","CHISTA",18,8.71,"F","DI",2026,"IND (FCS)",41.1,41.5,58.1,NA,0,0,0,0,0,0,0,0,0,0,0,0,0,0,0,0,0,0,4,4,"0","0.00%",0,14,0,"28.60%","0",4,NA,NA,NA,NA,NA,NA,NA,NA,NA,NA,NA,NA,NA,NA,NA,NA,NA,NA,NA,NA,NA,NA,NA,NA,NA,NA,NA,NA,NA,NA,NA,NA,NA,NA,NA,NA,NA,NA,NA,NA,NA,NA,NA,"FCS",359,359
"Zaiden Wallace","MONTANA",19,7.55,"F","DI",2026,"Big Sky",41.4,40.8,57,NA,0,0,0,0,0,0,0,0,0,0,0,0,0,0,0,0,0,0,4,8,"0","0.00%",0,11,0,"36.40%","0",4,NA,NA,NA,NA,NA,NA,NA,NA,NA,NA,NA,NA,NA,NA,NA,NA,NA,NA,NA,NA,NA,NA,NA,NA,NA,NA,NA,NA,NA,NA,NA,NA,NA,NA,NA,NA,NA,NA,NA,NA,NA,NA,NA,"FCS",183,183
"Jaden Hudgins-Key","S ILLINOIS",25,7.32,"F","DI",2026,"Missouri Valley",44.4,43,54.8,NA,0,0,0,0,0,0,0,0,0,0,0,0,0,0,0,0,0,0,3,18,"0","0.00%",0,7,0,"42.90%","0",3,NA,NA,NA,NA,NA,NA,NA,NA,NA,NA,NA,NA,NA,NA,NA,NA,NA,NA,NA,NA,NA,NA,NA,NA,NA,NA,NA,NA,NA,NA,NA,NA,NA,NA,NA,NA,NA,NA,NA,NA,NA,NA,NA,"FCS",363,363
"Peyton Anderson","SE LA",51,6.83,"F","DI",2026,"Southland",40.8,35.1,53.8,NA,0,2,0,0,0,0,1,1,0,0,0,0,0,0,0,0,0,3,8,34,"2.90%","2.90%",1.5,16,0,"43.80%","0",7,NA,NA,NA,NA,NA,NA,NA,NA,NA,NA,NA,NA,NA,NA,NA,NA,NA,NA,NA,NA,NA,NA,NA,NA,NA,90,2,"33.30%",2,0,0,"0.00%",0,2,0,0,0,"100%",3,3,0,0,1,"FCS",86,86
"Josh Leath","STNY BROOK",24,6.37,"F","DI",2026,"CAA",48.3,49.6,53.9,NA,0,0,0,0,0,0,0,0,0,0,0,0,0,0,0,0,0,1,1,19,"0","0.00%",0,5,0,"20.00%","0",1,NA,NA,NA,NA,NA,NA,NA,NA,NA,NA,NA,NA,NA,NA,NA,NA,NA,NA,NA,NA,NA,NA,NA,NA,NA,51,0,"100%",0,0,0,"100%",0,0,1,0,0,"0.00%",1,1,0,0,0,"FCS",261,261
"Braeden Kaczmarek","N ARIZONA",30,5,"F","DI",2026,"Big Sky",45.8,44,56.6,NA,0,0,0,0,0,0,0,0,0,0,0,0,0,0,0,0,0,1,4,15,"0","0.00%",0,15,0,"26.70%","6.70%",4,NA,NA,NA,NA,NA,NA,NA,NA,NA,NA,NA,NA,NA,NA,NA,NA,NA,NA,NA,NA,NA,NA,NA,NA,NA,98,0,"100%",0,0,0,"100%",0,0,1,0,0,"0.00%",1,1,0,0,0,"FCS",59,59
"Talan Bingham","NICHOLLS",27,3.88,"F","DI",2026,"Southland",41.6,39.5,54.3,NA,0,1,0,0,0,0,0,0,0,0,0,0,0,0,0,0,0,0,4,18,"0","0.00%",0,9,0,"44.40%","11.10%",4,NA,NA,NA,NA,NA,NA,NA,NA,NA,NA,NA,NA,NA,NA,NA,NA,NA,NA,NA,NA,NA,NA,NA,NA,NA,93,1,"50.00%",1,0,0,"50.00%",0,1,1,0,0,"0.00%",2,2,0,0,0,"FCS",203,203
"Jacob Bobic","CAL POLY",44,2.94,"F","DI",2026,"Big Sky",37.8,33.6,56.3,NA,0,0,0,0,0,0,0,0,0,0,0,0,0,0,0,0,0,0,7,22,"0","0.00%",0,22,0,"31.80%","0",7,NA,NA,NA,NA,NA,NA,NA,NA,NA,NA,NA,NA,NA,NA,NA,NA,NA,NA,NA,NA,NA,NA,NA,NA,NA,NA,NA,NA,NA,NA,NA,NA,NA,NA,NA,NA,NA,NA,NA,NA,NA,NA,NA,"FCS",188,188
"Nate Sullivan","VILLANOVA",33,0.46,"F","DI",2026,"Patriot",41.6,39.9,55.5,NA,0,0,0,0,0,0,0,0,0,0,0,0,0,0,0,0,0,2,4,14,"0","0.00%",0,19,0,"21.10%","0",4,NA,NA,NA,NA,NA,NA,NA,NA,NA,NA,NA,NA,NA,NA,NA,NA,NA,NA,NA,NA,NA,NA,NA,NA,NA,93,0,"100%",0,0,0,"100%",0,0,2,0,0,"0.00%",2,2,0,0,0,"FCS",294,294
"London Robinson","PRINCETON",37,0,"F","DI",2026,"Ivy",28.8,27.4,57.2,NA,0,0,0,0,0,0,0,0,0,0,0,0,0,0,0,0,0,0,14,11,"0","0.00%",0,26,0,"53.80%","7.70%",14,NA,NA,NA,NA,NA,NA,NA,NA,NA,NA,NA,NA,NA,NA,NA,NA,NA,NA,NA,NA,NA,NA,NA,NA,NA,NA,NA,NA,NA,NA,NA,NA,NA,NA,NA,NA,NA,NA,NA,NA,NA,NA,NA,"FCS",94,94
