"Name","Team","Defensive.Snaps","Composite_Score","Player_Grade","Position","Season","Conference","Defensive.Grades","Run.Defense.Grade","Pass.Rush.Grade","Coverage.Grade","Batted.Passes","Assistant","Stops","Sacks","NFL.Sacks","Hits","Hurries","Total.Pressures.Generated","Beaten.Defender","Pass.Break.Up","Interception","Forced.Fumble","Fumble.Recovery","Tackle.for.Loss.or.No.Gain","Dropped.Int","Pursuit.Pressure","Unblocked.Pass.Rush","First.Contact","Negative.Plays","Pass.Rush.Plays","Pass.Rush.Win.Percentage","Pass.Rush.Pressure.Percentage","Pass.Rush.Productivity","Run.Defense.Plays","Average.Depth.of.Tackle","Negative.Rush.Defense.Percentage","Positive.Rush.Defense.Percentage","Number.of.Negative.Plays","Coverage.Snaps","Receptions.Allowed","Completion.Percentage.Allowed","Pass.Yards.Allowed","Yards.per.Reception.Allowed","Touchdowns.Allowed","First.Downs.Allowed","Interceptions","Forced.Incompletions","Passer.Rating.Allowed","Receiving.Yards.Allowed.per.Snap","Plays.of.15..Yards.Allowed","Successful.Plays.Percentage","Sacks.per.Throwaway","Open.Targets","Drops...Off.Targets.Receptions.Forced","Total.Negative.Plays","Total.Positive.Plays","X15..Yards.Allowed.Percentage","Percentage.of.Open.Targets","Percentage.of.First.Down.or.Touchdown.Allowed","Interceptions.per.Target.Coverage.Percentage","Receiving.Yards.per.Coverage.Target","Average.Depth.of.Target.per.Coverage","Forced.Incompletion.Percentage","Jersey.Number","Total.Tackles","Missed.Tackle.Percentage","Assist.Tackles","Run.Stop","Run.Tackle.for.Losss.or.No.Gain","Missed.Tackle.Percentage.on.Run.Plays","Tackles.on.Run.Plays","Assist.Tackles.on.Run.Plays","Missed.Tackles.on.Run.Plays","Pass.Stop","Pass.Tackle.for.Loss.or.No.Gain","Pass.Missed.Tackles.Percentage","Total.Tackle.Snaps","Total.Tackles..Sacks...Assists...Sacks...Missed.","Assist.on.Pass.Plays","Tackles.on.Pass.Plays","Missed.Tackles.on.Pass.Plays","Conference_Level","Row_ID","Lined.up.in.Press.Coverage","Negative.Rush.Grade.Percentage","Positive.Rush.Grade.Percentage","row_id"
"Adam Due","HOLY CROSS",73,100,"A","LB",2026,"Patriot",77.7,89.3,92,51.4,0,3,7,1,0,2,5,8,0,0,0,0,0,3,0,0,4,10,8,9,"33.30%","66.70%",33.3,25,1.71,"12.00%","32.00%",3,39,5,"100%",49,9.8,1,4,0,0,147.1,1.26,1,"43.60%",0,0,0,4,2,"2.60%","0.00%","80.00%","0.00%",9.8,6.6,"0.00%",8,15,"0.00%",3,5,3,"0.00%",7,3,0,2,0,"0.00%",15,15,0,4,0,"FCS",98,NA,NA,NA,98
"Max Samuel","VALPO",63,90.95,"A","LB",2026,"Pioneer",79.1,75.5,79.1,66.1,0,0,5,1,0,2,3,6,0,0,0,0,0,4,0,2,1,5,2,15,"20.00%","33.30%",20,25,-1.5,"8.00%","24.00%",2,23,0,"0.00%",0,0,0,0,0,0,39.6,0,0,"47.80%",0,0,1,0,0,"0.00%","0.00%","0.00%","0.00%",0,7,"0.00%",1,5,"0.00%",0,4,4,"0.00%",4,0,0,1,0,"0.00%",5,5,0,0,0,"FCS",110,NA,NA,NA,110
"Mahamadou Diarra","ALCORN ST",47,90.16,"A","LB",2026,"SWAC",83.2,85,63,72.1,0,1,6,0,0,0,0,0,2,0,0,0,0,4,0,0,0,6,1,12,"16.70%","0.00%",0,22,-1,"4.50%","36.40%",1,13,1,"100%",72,72,1,1,0,0,158.3,5.54,1,"38.50%",0,0,0,0,0,"7.70%","0.00%","100%","0.00%",72,-2,"0.00%",33,8,"11.10%",1,5,4,"14.30%",5,1,1,1,0,"0.00%",9,9,0,2,0,"FCS",119,NA,NA,NA,119
"Brodie Carroll","ELON",64,83.54,"A","LB",2026,"CAA",79.6,72.7,67.5,76.4,1,4,6,1,0,0,2,3,0,1,0,0,0,1,0,2,1,14,5,1,"0","0.00%",0,25,2.43,"8.00%","12.00%",2,38,3,"60.00%",22,7.3,0,1,0,1,70.4,0.58,1,"52.60%",0.5,0,1,3,6,"2.60%","0.00%","20.00%","0.00%",4.4,3.2,"20.00%",33,18,"18.20%",4,3,1,"11.10%",7,1,1,3,0,"23.10%",22,22,3,6,3,"FCS",150,NA,NA,NA,150
"Rafael Fasolino","LIUSHAR",59,83.09,"A","LB",2026,"Northeast",78.4,79.3,67.5,69.3,0,2,6,1,0,0,0,1,0,0,0,1,0,4,0,1,0,10,4,4,"0","0.00%",0,30,4.17,"6.70%","13.30%",2,25,4,"100%",26,6.5,0,3,0,0,93.8,1.04,0,"48.00%",1,0,0,2,3,"0.00%","0.00%","75.00%","0.00%",6.5,1,"0.00%",20,12,"7.70%",2,4,3,"14.30%",5,1,1,2,1,"0.00%",13,13,1,4,0,"FCS",15,NA,NA,NA,15
"Christian Magliacano","COLGATE",55,75.99,"B","LB",2026,"Patriot",88,62.6,71.1,91.7,1,2,6,0,0,0,2,2,0,0,1,0,0,2,0,1,0,9,3,6,"16.70%","16.70%",8.3,17,6,"11.80%","11.80%",2,32,3,"75.00%",16,5.3,0,0,1,0,41.7,0.5,0,"65.60%",0,0,0,1,5,"0.00%","0.00%","0.00%","25.00%",4,2.8,"0.00%",4,11,"8.30%",2,2,1,"0.00%",3,1,0,4,1,"12.50%",11,12,1,6,1,"FCS",197,NA,NA,NA,197
"Harrison Johnson","WM & MARY",69,73.58,"B","LB",2026,"Patriot",69.2,75.3,65.9,54.1,0,4,7,1,0,0,1,2,0,0,0,0,0,1,0,0,1,11,5,4,"25.00%","25.00%",25,43,6.18,"7.00%","9.30%",3,22,1,"50.00%",15,15,0,1,0,0,75,0.68,1,"59.10%",0,0,1,2,0,"4.50%","0.00%","50.00%","0.00%",7.5,6,"0.00%",8,17,"5.60%",4,6,1,"7.10%",11,2,1,1,0,"0.00%",18,18,2,1,0,"FCS",129,NA,NA,NA,129
"Sean Line","HARVARD",63,72.88,"B","LB",2026,"Ivy",71.6,73.9,76,61.3,0,3,6,2,0,0,0,2,0,0,0,1,0,3,0,1,1,9,4,9,"0","11.10%",11.1,23,1.5,"4.30%","8.70%",1,31,5,"83.30%",26,5.2,0,1,0,0,84.7,0.84,1,"67.70%",0.5,0,1,3,4,"3.20%","0.00%","16.70%","0.00%",4.3,4.8,"0.00%",35,10,"9.10%",3,2,1,"0.00%",2,2,0,4,2,"14.30%",11,11,1,3,1,"FCS",3,NA,NA,NA,3
"Tyrek Brown","NC A&T",58,72.19,"B","LB",2026,"CAA",85.8,84.8,67.9,78.2,0,1,5,1,0,0,0,1,0,0,1,0,1,1,0,0,1,10,0,3,"0","33.30%",33.3,27,3.71,"0","11.10%",0,28,1,"50.00%",6,6,0,1,1,1,16.7,0.21,0,"32.10%",0,0,0,0,2,"0.00%","0.00%","50.00%","50.00%",3,2,"50.00%",7,10,"0.00%",1,4,1,"0.00%",7,1,0,1,0,"0.00%",10,10,0,1,0,"FCS",205,NA,NA,NA,205
"Jack Casey","GEORGETOWN",66,71.73,"B","LB",2026,"Patriot",71.8,69.6,60.8,69.6,1,5,4,0,0,1,0,1,0,0,0,0,0,1,0,0,1,5,2,8,"0","12.50%",6.3,19,3,"5.30%","10.50%",1,39,3,"100%",33,11,0,1,0,0,112.5,0.85,1,"56.40%",0,0,0,1,2,"2.60%","0.00%","33.30%","0.00%",11,7.3,"0.00%",51,11,"8.30%",5,2,1,"20.00%",3,1,1,2,0,"0.00%",12,12,4,3,0,"FCS",231,NA,NA,NA,231
"KJ McRae","SE MO ST",45,70.15,"B","LB",2026,"Big South - OVC Football Association",77.1,80.7,69.2,64.2,0,2,3,1,0,1,1,3,0,0,0,0,0,2,0,3,0,4,2,1,"0","0.00%",0,20,1,"10.00%","30.00%",2,24,0,"0.00%",0,0,0,0,0,0,0,0,0,"75.00%",0.33,0,0,0,1,"0.00%","0.00%","0.00%","0.00%",0,0,"0.00%",41,7,"0.00%",2,2,2,"0.00%",3,2,0,1,0,"0.00%",7,7,0,1,0,"FCS",155,NA,NA,NA,155
"Porter Connors","UC DAVIS",45,69.21,"B","LB",2026,"Big Sky",93.2,84.6,75.6,91.7,0,0,5,0,0,0,1,1,1,0,0,1,0,1,0,0,1,4,0,4,"25.00%","25.00%",12.5,17,2,"0","17.60%",0,24,2,"100%",11,5.5,0,0,0,0,89.6,0.46,0,"62.50%",0,0,0,0,4,"0.00%","0.00%","0.00%","0.00%",5.5,-4,"0.00%",39,6,"0.00%",0,2,1,"0.00%",2,0,0,3,0,"0.00%",6,6,0,4,0,"FCS",14,NA,NA,NA,14
"Tye Niekamp","ILL STATE",37,66.52,"B","LB",2026,"Missouri Valley",82.9,90.4,67.3,64,1,2,5,0,0,0,0,0,0,0,0,0,0,3,0,0,0,5,3,2,"0","0.00%",0,15,0.33,"13.30%","60.00%",2,20,3,"100%",20,6.7,0,1,0,0,94.4,1,0,"60.00%",0,0,0,1,1,"0.00%","0.00%","33.30%","0.00%",6.7,-1,"0.00%",46,7,"0.00%",2,3,2,"0.00%",3,2,0,2,1,"0.00%",7,7,0,2,0,"FCS",25,NA,NA,NA,25
"Omari Bursey","VILLANOVA",59,65.91,"B","LB",2026,"Patriot",77.3,82.1,57,63.6,0,0,6,0,0,0,2,2,0,0,0,1,0,3,0,1,1,7,4,2,"0","0.00%",0,36,3.89,"8.30%","13.90%",3,21,1,"100%",15,15,0,1,0,0,118.8,0.71,1,"61.90%",0,0,0,1,1,"4.80%","0.00%","100%","0.00%",15,9,"0.00%",8,10,"9.10%",0,5,2,"10.00%",9,0,1,1,1,"0.00%",11,11,0,1,0,"FCS",144,NA,NA,NA,144
"Nick Hoying","BUCKNELL",77,65.67,"B","LB",2026,"Patriot",78.8,78.2,58.1,73.2,0,2,5,0,0,0,0,0,0,0,0,0,0,2,0,0,0,10,1,3,"0","0.00%",0,42,4.5,"2.40%","11.90%",1,32,2,"66.70%",4,2,0,0,0,0,70.1,0.13,0,"59.40%",0,0,1,0,1,"0.00%","0.00%","0.00%","0.00%",1.3,0.7,"0.00%",23,13,"7.10%",2,2,2,"12.50%",5,2,1,3,0,"0.00%",13,14,0,6,0,"FCS",63,NA,NA,NA,63
"Ryan Russo","MONMOUTH",60,64.92,"B","LB",2026,"CAA",65.6,57.5,67.3,68.7,0,5,4,0,0,1,2,3,0,0,1,0,0,1,0,2,1,4,5,2,"0","100%",50,35,1,"11.40%","8.60%",4,23,0,"0.00%",0,0,0,0,1,0,0,0,0,"60.90%",0,0,2,1,2,"0.00%","0.00%","0.00%","33.30%",0,10.3,"0.00%",1,9,"18.20%",5,3,1,"20.00%",3,5,2,1,0,"0.00%",11,11,0,1,0,"FCS",36,NA,NA,NA,36
"Nikko Speer","IDAHO",47,64.75,"B","LB",2026,"Big Sky",71.5,76.4,59.5,58.8,0,3,4,0,0,0,0,0,0,0,0,1,0,3,0,0,0,8,3,1,"0","0.00%",0,33,0.8,"6.10%","12.10%",2,13,1,"100%",3,3,0,1,0,0,79.2,0.23,0,"30.80%",0,0,0,1,0,"0.00%","0.00%","100%","0.00%",3,3,"0.00%",43,9,"0.00%",3,4,3,"0.00%",5,2,0,0,0,"0.00%",9,9,1,1,0,"FCS",252,NA,NA,NA,252
"Dorsey Benefield","HARVARD",61,64.58,"B","LB",2026,"Ivy",68.7,62.2,59.8,70.2,0,4,5,0,0,0,2,2,0,1,0,0,0,1,0,2,0,4,3,7,"0","0.00%",0,23,1.25,"8.70%","8.70%",2,31,2,"66.70%",17,8.5,0,0,0,1,81.3,0.55,0,"61.30%",0,0,0,1,2,"0.00%","0.00%","0.00%","0.00%",5.7,4.3,"33.30%",34,10,"9.10%",4,3,1,"16.70%",4,1,1,2,0,"0.00%",10,11,3,2,0,"FCS",174,NA,NA,NA,174
"Tommy Diamond","BUTLER",43,64.53,"B","LB",2026,"Pioneer",82.6,80.7,60,74.2,0,2,4,0,0,0,0,0,0,1,0,0,0,2,0,0,0,7,1,1,"0","0.00%",0,20,-0.33,"0","15.00%",0,22,1,"50.00%",3,3,0,0,0,1,56.3,0.14,0,"45.50%",0,0,0,1,2,"0.00%","0.00%","0.00%","0.00%",1.5,8,"50.00%",41,7,"12.50%",2,3,2,"20.00%",3,1,1,1,0,"0.00%",8,8,1,2,0,"FCS",175,NA,NA,NA,175
"Jaiden Letua","N ARIZONA",45,64.12,"B","LB",2026,"Big Sky",90.8,74.3,69,90.4,0,3,1,0,0,1,1,2,0,0,0,1,0,0,0,0,1,3,0,6,"16.70%","33.30%",16.7,20,4,"0","5.00%",0,19,2,"100%",23,11.5,0,1,0,0,114.6,1.21,1,"57.90%",0,0,0,0,1,"5.30%","0.00%","50.00%","0.00%",11.5,4.5,"0.00%",8,7,"0.00%",3,0,0,"0.00%",2,2,0,1,0,"0.00%",7,7,1,2,0,"FCS",21,NA,NA,NA,21
"Chase Christopher","PRINCETON",60,63.16,"B","LB",2026,"Ivy",75,70.4,58,74.1,0,5,2,0,0,0,0,0,0,0,0,0,0,1,1,0,0,9,3,2,"0","0.00%",0,37,5.8,"8.10%","8.10%",3,21,1,"100%",5,5,0,0,0,0,87.5,0.24,0,"47.60%",0,0,0,0,1,"0.00%","0.00%","0.00%","0.00%",5,1,"0.00%",7,13,"0.00%",5,1,1,"0.00%",5,3,0,1,0,"0.00%",13,13,2,3,0,"FCS",75,NA,NA,NA,75
"Micah Green","MERRIMACK",57,63.03,"B","LB",2026,"IND (FCS)",72.8,83.1,61.7,58.6,0,3,3,0,0,1,1,2,0,0,0,0,0,2,0,1,1,1,2,7,"0","28.60%",14.3,25,-1,"4.00%","16.00%",1,25,2,"100%",30,15,0,1,0,0,118.8,1.2,1,"36.00%",0,0,0,1,0,"4.00%","0.00%","50.00%","0.00%",15,6.5,"0.00%",17,6,"0.00%",3,2,2,"0.00%",2,3,0,1,0,"0.00%",6,6,0,1,0,"FCS",12,NA,NA,NA,12
"Nehemiah Scott","SE MO ST",64,62.41,"B","LB",2026,"Big South - OVC Football Association",69.7,63.9,63.5,71.3,0,1,3,0,0,1,0,1,0,1,0,0,0,3,0,1,0,4,3,6,"0","0.00%",0,32,4.5,"6.30%","9.40%",2,26,1,"50.00%",9,9,0,1,0,1,62.5,0.35,0,"69.20%",0,0,0,1,2,"0.00%","0.00%","50.00%","0.00%",4.5,15.5,"50.00%",6,7,"0.00%",1,2,2,"0.00%",4,1,0,1,1,"0.00%",7,7,0,2,0,"FCS",264,NA,NA,NA,264
"Wade Abrams","S DAKOTA",78,62.04,"B","LB",2026,"Missouri Valley",72.3,67,63.8,69.8,0,4,5,0,0,1,0,1,0,1,0,0,0,1,0,0,0,10,7,1,"100%","100%",50,45,7.13,"11.10%","6.70%",5,32,4,"80.00%",26,6.5,0,1,0,1,88.3,0.81,0,"40.60%",0,0,0,2,2,"0.00%","0.00%","20.00%","0.00%",5.2,4,"20.00%",49,16,"11.10%",4,3,0,"8.30%",8,3,1,2,1,"16.70%",18,18,1,4,1,"FCS",44,NA,NA,NA,44
"Christian Barney","INCAR WORD",64,61.39,"B","LB",2026,"Southland",75,69.5,77.9,70.2,0,1,7,0,0,0,2,2,0,0,0,0,0,1,0,0,0,8,5,2,"100%","100%",50,28,1.5,"14.30%","21.40%",4,34,3,"75.00%",14,4.7,0,1,0,0,79.2,0.41,0,"58.80%",0,0,1,1,3,"0.00%","0.00%","25.00%","0.00%",3.5,0.3,"0.00%",0,9,"10.00%",1,5,1,"12.50%",6,1,1,2,0,"0.00%",10,10,0,2,0,"FCS",285,NA,NA,NA,285
"Tre Yanez","GARD-WEBB",34,60.81,"B","LB",2026,"Big South - OVC Football Association",79.3,69,77.5,71.4,0,1,3,1,0,0,3,4,0,0,0,0,0,1,0,3,0,3,1,3,"33.30%","66.70%",50,14,0.5,"7.10%","7.10%",1,17,2,"100%",13,6.5,0,1,0,0,93.8,0.76,0,"64.70%",0,0,0,0,1,"0.00%","0.00%","50.00%","0.00%",6.5,-2,"0.00%",1,6,"14.30%",1,1,1,"0.00%",2,1,0,2,0,"25.00%",7,7,0,2,1,"FCS",263,NA,NA,NA,263
"Nycere Jacobs","STETSON",66,60.33,"B","LB",2026,"Pioneer",65.5,72.4,61.7,59.6,0,2,4,1,0,0,3,4,0,0,0,0,0,1,0,1,1,6,5,13,"15.40%","30.80%",19.2,23,2.75,"4.30%","8.70%",1,30,2,"100%",28,14,0,2,0,0,118.8,0.93,1,"43.30%",0,0,0,2,0,"3.30%","0.00%","100%","0.00%",14,2,"0.00%",0,7,"0.00%",2,3,1,"0.00%",4,0,0,1,0,"0.00%",7,7,2,0,0,"FCS",256,NA,NA,NA,256
"Anthony Corona","ILL STATE",29,59.39,"C","LB",2026,"Missouri Valley",82.1,89.9,59.9,65.4,0,2,3,0,0,0,0,0,0,0,0,0,0,2,0,0,0,4,0,1,"0","0.00%",0,13,-0.33,"0","30.80%",0,15,0,"0.00%",0,0,0,0,0,0,0,0,0,"60.00%",0,0,0,0,0,"0.00%","0.00%","0.00%","0.00%",0,0,"0.00%",35,6,"0.00%",2,3,2,"0.00%",3,2,0,0,0,"0.00%",6,6,0,1,0,"FCS",90,NA,NA,NA,90
"Nick Afato","UC DAVIS",58,59,"C","LB",2026,"Big Sky",70.7,79.2,57.2,62.8,0,3,3,0,0,0,1,1,0,0,0,0,0,1,0,0,1,4,3,2,"0","50.00%",25,19,1,"10.50%","31.60%",2,37,0,"0.00%",0,0,0,0,0,0,39.6,0,0,"62.20%",0,0,1,1,0,"0.00%","0.00%","0.00%","0.00%",0,16,"0.00%",44,8,"0.00%",3,3,1,"0.00%",4,2,0,0,0,"0.00%",8,8,1,1,0,"FCS",87,NA,NA,NA,87
"Jamarcus Smith","TENN MARTN",51,58.71,"C","LB",2026,"Big South - OVC Football Association",72.8,85.5,74,59.1,0,1,1,0,0,0,1,1,1,0,0,0,0,1,0,0,0,3,2,4,"50.00%","25.00%",12.5,21,1.67,"0","14.30%",0,26,1,"50.00%",26,26,1,1,0,0,135.4,1,1,"30.80%",0,0,1,2,0,"3.90%","0.00%","50.00%","0.00%",13,12,"0.00%",0,4,"0.00%",1,1,1,"0.00%",3,1,0,0,0,"0.00%",4,4,0,0,0,"FCS",91,NA,NA,NA,91
"Malachi Williams","STF AUSTIN",48,57.87,"C","LB",2026,"Southland",61.3,72.7,56.2,51.1,0,2,6,0,0,0,0,0,0,0,0,0,0,3,0,0,0,10,5,3,"0","0.00%",0,22,2.88,"13.60%","27.30%",3,23,2,"100%",23,11.5,0,1,0,0,114.6,1,1,"69.60%",0,0,0,2,0,"4.30%","0.00%","50.00%","0.00%",11.5,9,"0.00%",0,10,"23.10%",2,6,3,"18.20%",8,1,2,0,0,"50.00%",13,12,1,0,1,"FCS",229,NA,NA,NA,229
"Ashtyn Williams","CENT ARK",63,57.84,"C","LB",2026,"United Athletic",76.5,72.7,NA,73.4,0,5,5,0,0,0,0,0,0,2,0,0,0,0,0,0,0,5,5,NA,NA,NA,NA,32,2.6,"9.40%","18.80%",3,31,2,"50.00%",36,18,0,1,0,2,81.3,1.16,1,"54.80%",0,0,1,2,3,"3.20%","0.00%","25.00%","0.00%",9,2.8,"50.00%",34,12,"14.30%",5,5,0,"10.00%",5,4,1,0,0,"25.00%",14,14,1,2,1,"FCS",143,NA,NA,NA,143
"Gabriel Hardman","S DAKOTA",34,57.34,"C","LB",2026,"Missouri Valley",80.5,91.8,58.6,55.8,0,1,3,0,0,0,1,1,0,0,0,1,0,2,0,0,0,6,4,2,"50.00%","50.00%",25,19,1.5,"10.50%","15.80%",2,13,0,"0.00%",0,0,0,0,0,0,0,0,0,"38.50%",0,0,0,1,0,"0.00%","0.00%","0.00%","0.00%",0,0,"0.00%",3,5,"28.60%",1,3,2,"20.00%",4,0,1,0,0,"50.00%",7,7,1,0,1,"FCS",93,NA,NA,NA,93
"Ronin Dangler","MERCER",56,57.01,"C","LB",2026,"Southern",56.2,70.1,75.3,37.4,0,2,5,1,0,0,1,2,0,0,0,0,0,2,0,0,0,9,8,3,"66.70%","66.70%",50,35,1.25,"11.40%","14.30%",4,18,4,"100%",46,11.5,1,3,0,0,154.2,2.56,1,"38.90%",0,0,0,4,0,"5.60%","0.00%","75.00%","0.00%",11.5,3.3,"0.00%",48,9,"18.20%",2,4,2,"16.70%",4,1,1,1,0,"20.00%",11,11,1,2,1,"FCS",289,NA,NA,NA,289
"Blake Houser","RICHMOND",56,56.67,"C","LB",2026,"Patriot",78.9,70,80.1,71.9,0,1,5,2,0,0,0,2,0,0,0,0,0,1,0,2,0,6,1,NA,NA,NA,NA,28,4.33,"3.60%","7.10%",1,28,1,"100%",-2,-2,0,0,0,0,79.2,-0.07,0,"64.30%",0,0,0,0,3,"0.00%","0.00%","0.00%","0.00%",-2,-2,"0.00%",11,8,"0.00%",1,2,0,"0.00%",3,1,0,3,1,"0.00%",8,8,0,2,0,"FCS",128,NA,NA,NA,128
"Zion Rutledge","CHATTNOOGA",41,56.32,"C","LB",2026,"Southern",76.9,70.6,72.8,71.2,0,3,4,1,0,0,0,1,0,0,0,0,0,1,0,0,1,3,1,NA,NA,NA,NA,16,4,"6.30%","18.80%",1,25,1,"100%",6,6,0,0,0,0,91.7,0.24,0,"68.00%",0,0,0,0,2,"0.00%","0.00%","0.00%","0.00%",6,-4,"0.00%",42,7,"12.50%",3,2,1,"20.00%",2,2,1,2,0,"0.00%",8,8,1,1,0,"FCS",111,NA,NA,NA,111
"Phoenix Grant","YALE",72,56.11,"C","LB",2026,"Ivy",66.2,61.9,65,65.8,0,5,3,0,0,0,3,3,1,0,0,0,0,1,0,0,2,6,5,11,"9.10%","27.30%",13.6,29,0.33,"17.20%","17.20%",5,32,1,"33.30%",6,6,0,0,0,0,42.4,0.19,0,"68.80%",0,0,2,0,1,"0.00%","0.00%","0.00%","0.00%",2,9.7,"0.00%",8,9,"10.00%",5,2,1,"11.10%",3,5,1,1,0,"0.00%",10,10,0,1,0,"FCS",105,NA,NA,NA,105
"Andrew Behm","S ILLINOIS",41,55.7,"C","LB",2026,"Missouri Valley",73.3,80.2,65.7,61.5,0,4,2,0,0,0,1,1,0,0,0,0,0,1,0,0,1,4,1,3,"0","0.00%",0,16,6.33,"0","12.50%",0,22,1,"100%",7,7,0,1,0,0,95.8,0.32,0,"31.80%",0,0,0,1,1,"0.00%","0.00%","100%","0.00%",7,6,"0.00%",46,8,"0.00%",4,2,1,"0.00%",3,3,0,0,0,"0.00%",8,8,1,1,0,"FCS",11,NA,NA,NA,11
"Myles Mayovsky","E WASHGTON",52,55.4,"C","LB",2026,"Big Sky",56.8,68.7,73.1,46.4,0,5,0,0,0,0,1,1,0,0,0,0,0,0,0,0,0,3,5,8,"12.50%","12.50%",6.3,16,7,"6.30%","12.50%",1,28,2,"100%",90,45,0,2,0,0,118.8,3.21,2,"32.10%",0,0,0,4,2,"7.10%","0.00%","100%","0.00%",45,20.5,"0.00%",9,8,"11.10%",5,0,0,"33.30%",1,1,1,0,0,"0.00%",9,9,4,2,0,"FCS",20,NA,NA,NA,20
"Alex Rose","INDIANA ST",29,55.31,"C","LB",2026,"Missouri Valley",76.9,68.1,76.5,69,0,2,1,2,0,0,0,2,0,0,0,0,0,0,0,0,1,2,0,3,"33.30%","66.70%",66.7,8,0,"0","12.50%",0,18,1,"100%",9,9,0,0,0,0,104.2,0.5,0,"61.10%",0,0,0,0,0,"0.00%","0.00%","0.00%","0.00%",9,-2,"0.00%",36,6,"0.00%",2,0,0,"0.00%",0,0,0,1,0,"0.00%",6,6,2,2,0,"FCS",56,NA,NA,NA,56
"Max Malo","BROWN",72,54.87,"C","LB",2026,"Ivy",71.5,71.3,62.4,70,0,2,4,0,0,0,0,0,1,0,0,0,0,0,0,0,0,8,2,6,"16.70%","0.00%",0,21,3,"0","4.80%",0,45,3,"75.00%",21,7,0,1,0,0,86.5,0.47,1,"57.80%",0,0,1,3,2,"2.20%","0.00%","25.00%","0.00%",5.3,6.5,"0.00%",10,14,"0.00%",2,2,0,"0.00%",3,1,0,2,0,"0.00%",14,14,1,9,0,"FCS",99,NA,NA,NA,99
"Jeremiah Pruitt","ALBANY",41,54.71,"C","LB",2026,"CAA",86.3,83.8,56.3,76.6,0,4,4,0,0,0,0,0,0,0,1,0,0,0,0,0,0,6,1,4,"0","0.00%",0,28,2.2,"3.60%","21.40%",1,9,0,"0.00%",0,0,0,0,1,0,0,0,0,"55.60%",0,0,0,0,1,"0.00%","0.00%","0.00%","0.00%",0,0,"0.00%",1,9,"0.00%",4,4,0,"0.00%",5,4,0,0,0,"0.00%",9,9,0,0,0,"FCS",202,NA,NA,NA,202
"Cooper Cameron","CORNELL",55,54.7,"C","LB",2026,"Ivy",79.3,82.1,67.5,64.4,0,4,3,1,0,0,0,1,0,0,0,0,0,0,0,0,1,5,0,3,"0","33.30%",33.3,34,5,"0","5.90%",0,18,0,"0.00%",0,0,0,0,0,0,0,0,0,"55.60%",0,0,0,0,0,"0.00%","0.00%","0.00%","0.00%",0,0,"0.00%",9,10,"0.00%",4,2,0,"0.00%",5,4,0,1,0,"0.00%",10,10,0,0,0,"FCS",173,NA,NA,NA,173
"Christian Caballero","VILLANOVA",56,54.39,"C","LB",2026,"Patriot",63.2,65.9,63.1,64.4,0,1,6,0,0,0,1,1,0,0,0,0,0,3,0,0,0,9,5,7,"14.30%","14.30%",7.1,33,-4,"12.10%","6.10%",4,16,2,"66.70%",19,9.5,0,0,0,0,84,1.19,0,"68.80%",0,0,1,1,1,"0.00%","0.00%","0.00%","0.00%",6.3,6.3,"0.00%",15,9,"18.20%",1,4,2,"22.20%",6,1,2,2,1,"0.00%",11,11,0,2,0,"FCS",53,NA,NA,NA,53
"Jackson Thorne","RICHMOND",55,54.35,"C","LB",2026,"Patriot",71.3,73.3,NA,64.5,0,1,4,0,0,0,0,0,0,0,0,0,0,3,0,0,0,4,4,NA,NA,NA,NA,28,1.25,"10.70%","14.30%",3,27,0,"0.00%",0,0,0,0,0,0,0,0,0,"66.70%",0,0,0,1,1,"0.00%","0.00%","0.00%","0.00%",0,0,"0.00%",21,6,"25.00%",1,3,3,"16.70%",4,1,1,1,0,"50.00%",8,8,0,1,1,"FCS",228,NA,NA,NA,228
"Ma'Hkai Wilson","STHLSK",39,54.02,"C","LB",2026,"Northeast",79.8,84.6,74.5,59.3,0,1,7,1,0,0,1,2,0,0,0,0,0,0,0,0,0,6,2,5,"40.00%","40.00%",30,22,2.8,"4.50%","13.60%",1,12,0,"0.00%",0,0,0,0,0,0,0,0,0,"75.00%",0,0,0,1,0,"0.00%","0.00%","0.00%","0.00%",0,0,"0.00%",22,10,"9.10%",1,5,0,"14.30%",5,1,1,2,0,"0.00%",11,11,0,3,0,"FCS",112,NA,NA,NA,112
"Mike Devereaux","N DAKOTA",65,53.26,"C","LB",2026,"Missouri Valley",74.1,83.9,59.9,55.9,0,3,6,0,0,0,0,0,1,0,0,0,0,0,0,0,0,9,4,6,"0","0.00%",0,39,4.13,"5.10%","15.40%",2,20,2,"40.00%",16,8,0,1,0,0,48.8,0.8,0,"55.00%",0,0,3,1,1,"0.00%","0.00%","20.00%","0.00%",3.2,6.8,"0.00%",7,13,"13.30%",3,6,0,"8.30%",8,3,1,0,0,"33.30%",15,15,0,2,1,"FCS",165,NA,NA,NA,165
"Zach Darche","PENN",40,52.96,"C","LB",2026,"Ivy",74.3,71.2,NA,69.9,0,0,5,0,0,1,0,1,0,0,0,0,0,1,0,1,0,6,2,NA,NA,NA,NA,17,2.2,"11.80%","11.80%",2,23,3,"75.00%",9,3,0,0,0,0,77.1,0.39,0,"87.00%",0,0,1,0,1,"0.00%","0.00%","0.00%","0.00%",2.3,0.3,"0.00%",15,8,"0.00%",1,4,1,"0.00%",5,0,0,1,0,"0.00%",8,8,0,1,0,"FCS",102,NA,NA,NA,102
"Corey Cobb Jr.","MERCYHURST",39,52.16,"C","LB",2026,"Northeast",75.8,77.1,53.8,71.9,0,1,3,0,0,0,0,0,0,0,1,0,0,1,0,0,0,2,0,8,"0","0.00%",0,15,1,"0","13.30%",0,16,1,"50.00%",25,25,0,1,1,0,56.3,1.56,1,"81.30%",0,0,1,0,1,"6.30%","0.00%","50.00%","50.00%",12.5,5,"0.00%",10,4,"0.00%",1,2,0,"0.00%",2,0,0,1,1,"0.00%",4,4,1,1,0,"FCS",152,NA,NA,NA,152
"Frederick Borkey","NEWHVN",65,51.91,"C","LB",2026,"Northeast",67.6,86.1,65.2,49.1,0,4,4,0,0,0,1,1,1,0,0,0,1,0,0,0,1,10,4,8,"0","12.50%",6.3,23,6,"0","13.00%",0,34,5,"83.30%",39,7.8,0,2,0,0,93.8,1.15,0,"61.80%",0,0,0,5,2,"0.00%","0.00%","33.30%","0.00%",6.5,2.7,"0.00%",5,12,"7.70%",4,3,0,"0.00%",7,3,0,1,0,"33.30%",13,13,1,1,1,"FCS",249,NA,NA,NA,249
"Anthony Ferrelli","STNY BROOK",58,51.87,"C","LB",2026,"CAA",70.3,75.4,56.7,65.1,0,2,3,0,0,0,0,0,0,0,0,0,0,1,0,0,0,3,3,2,"0","0.00%",0,21,-1,"4.80%","9.50%",1,35,1,"33.30%",36,36,1,1,0,0,119.4,1.03,1,"65.70%",0,0,2,2,2,"2.90%","0.00%","33.30%","0.00%",12,6.3,"0.00%",42,5,"16.70%",2,1,1,"0.00%",1,2,0,2,0,"33.30%",6,6,0,2,1,"FCS",41,NA,NA,NA,41
"Jyarius Carter","MERCER",51,51.55,"C","LB",2026,"Southern",71.1,58.5,79.1,74.6,0,3,2,0,0,1,1,2,0,1,0,0,0,1,0,0,1,7,5,2,"0","0.00%",0,30,2.33,"16.70%","10.00%",5,19,0,"0.00%",0,0,0,0,0,1,39.6,0,0,"52.60%",0,0,0,0,3,"0.00%","0.00%","0.00%","0.00%",0,3,"100%",0,9,"18.20%",3,2,1,"18.20%",6,3,2,0,0,"0.00%",11,11,0,0,0,"FCS",244,NA,NA,NA,244
"Kenny Olson","CAL POLY",76,51.51,"C","LB",2026,"Big Sky",62.7,57.4,56.8,68,0,5,3,0,0,0,1,1,0,0,0,0,0,1,0,0,1,4,6,6,"0","16.70%",8.3,43,3.2,"14.00%","9.30%",6,27,1,"100%",2,2,0,0,0,0,79.2,0.07,0,"22.20%",0,0,0,0,0,"0.00%","0.00%","0.00%","0.00%",2,1,"0.00%",20,10,"0.00%",5,3,1,"0.00%",5,3,0,0,0,"0.00%",10,10,2,0,0,"FCS",19,NA,NA,NA,19
"Travell Wright","Argonauts",17,51.51,"C","LB",2026,"United Athletic",71.8,64.6,76.1,62.8,1,1,5,0,0,0,1,1,0,0,0,0,0,2,0,1,0,6,2,2,"0","0.00%",0,10,0.25,"20.00%","30.00%",2,5,0,"0.00%",0,0,0,0,0,0,0,0,0,"60.00%",0,0,0,0,1,"0.00%","0.00%","0.00%","0.00%",0,0,"0.00%",3,6,"25.00%",1,4,2,"28.60%",4,1,2,1,0,"0.00%",8,8,0,1,0,"FCS",153,NA,NA,NA,153
"Kevin Martin Jr.","NICHOLLS",34,51.07,"C","LB",2026,"Southland",75.1,75.2,59.8,69.6,0,2,1,0,0,0,0,0,0,1,0,0,0,0,1,0,0,3,2,1,"0","0.00%",0,13,4,"7.70%","23.10%",1,20,1,"33.30%",3,3,0,0,0,1,42.4,0.15,0,"45.00%",0,2,1,1,1,"0.00%","66.70%","0.00%","0.00%",1,4.3,"33.30%",20,5,"0.00%",2,1,0,"0.00%",3,0,0,0,0,"0.00%",5,5,2,0,0,"FCS",279,NA,NA,NA,279
"Charles Chappelle","N ALABAMA",72,50.61,"C","LB",2026,"United Athletic",70.5,75.4,58.5,65,0,0,4,0,0,0,0,0,1,0,0,0,0,2,0,0,0,5,3,12,"8.30%","0.00%",0,28,1.5,"7.10%","25.00%",2,31,2,"100%",21,10.5,0,1,0,0,110.4,0.68,1,"64.50%",0,0,0,1,1,"3.20%","0.00%","50.00%","0.00%",10.5,2.5,"0.00%",35,5,"16.70%",0,3,2,"20.00%",4,0,1,1,0,"0.00%",6,6,0,1,0,"FCS",291,NA,NA,NA,291
"Jayven Anderson","HOUCHR",81,50.49,"C","LB",2026,"Southland",62,70.6,65.6,59.3,0,1,4,0,0,0,1,1,0,0,0,0,0,1,0,0,0,8,5,6,"16.70%","16.70%",8.3,32,0.75,"6.30%","9.40%",2,43,5,"71.40%",53,10.6,0,2,0,0,93.2,1.23,1,"55.80%",0,0,2,3,0,"2.30%","0.00%","28.60%","0.00%",7.6,0.3,"0.00%",7,7,"12.50%",1,3,1,"0.00%",4,0,0,1,0,"25.00%",8,8,1,2,1,"FCS",71,NA,NA,NA,71
"Jack Munro","SAN DIEGO",51,50.22,"C","LB",2026,"Pioneer",73.9,69.6,56.4,72.4,0,1,5,0,0,0,0,0,0,0,0,0,0,1,0,0,0,8,5,3,"0","0.00%",0,26,3.86,"19.20%","30.80%",5,22,2,"100%",9,4.5,0,0,0,0,85.4,0.41,0,"50.00%",0,0,0,0,1,"0.00%","0.00%","0.00%","0.00%",4.5,0,"0.00%",7,10,"9.10%",1,4,1,"12.50%",7,0,1,1,0,"0.00%",11,11,1,2,0,"FCS",199,NA,NA,NA,199
"Kalen Villanueva","CAMPBELL",34,50.08,"C","LB",2026,"CAA",65.9,70.9,64.2,60.1,0,3,3,1,0,0,0,1,0,0,0,0,0,0,0,1,0,4,2,5,"0","0.00%",0,6,5,"0","0",0,23,4,"80.00%",27,6.8,0,1,0,0,89.2,1.17,1,"60.90%",0,0,1,2,2,"4.30%","0.00%","20.00%","0.00%",5.4,1.8,"0.00%",3,8,"0.00%",3,1,0,"0.00%",2,2,0,2,0,"0.00%",8,8,1,2,0,"FCS",9,NA,NA,NA,9
"Walker Murray","VILLANOVA",64,49.48,"C","LB",2026,"Patriot",68.1,62.3,77.6,64.4,0,3,2,0,0,1,1,2,1,0,0,0,0,1,0,0,0,5,4,7,"42.90%","28.60%",14.3,40,2,"10.00%","7.50%",4,17,0,"0.00%",0,0,0,0,0,0,39.6,0,0,"70.60%",0,0,1,0,0,"0.00%","0.00%","0.00%","0.00%",0,3,"0.00%",44,6,"25.00%",3,2,1,"25.00%",3,3,2,0,0,"0.00%",8,8,0,0,0,"FCS",239,NA,NA,NA,239
"Ricky Encarnacion","NEWHVN",35,49.48,"C","LB",2026,"Northeast",73,68.1,72.2,65.8,0,1,3,1,0,1,0,2,2,0,0,0,0,0,0,0,1,3,0,9,"33.30%","11.10%",11.1,7,4,"0","0",0,19,1,"100%",6,6,0,0,0,0,91.7,0.32,0,"63.20%",0,0,0,0,0,"0.00%","0.00%","0.00%","0.00%",6,3,"0.00%",13,5,"0.00%",1,1,0,"0.00%",2,0,0,2,0,"0.00%",5,5,1,1,0,"FCS",248,NA,NA,NA,248
"Graydon Rollins","YNGTOWN ST",64,49.45,"C","LB",2026,"Missouri Valley",70.2,71.7,58.8,72.1,0,4,5,0,0,0,1,1,0,0,0,0,0,1,0,1,0,6,5,9,"0","0.00%",0,39,1.33,"10.30%","12.80%",4,16,1,"100%",3,3,0,0,0,0,79.2,0.19,0,"50.00%",0,0,0,1,2,"0.00%","0.00%","0.00%","0.00%",3,3,"0.00%",35,9,"0.00%",4,3,0,"0.00%",3,4,0,2,1,"0.00%",9,9,0,2,0,"FCS",132,NA,NA,NA,132
"Will Miller","HOLY CROSS",25,49.31,"C","LB",2026,"Patriot",78.4,82.9,NA,64.9,0,2,2,0,0,0,0,0,0,0,0,0,0,1,0,0,0,2,0,NA,NA,NA,NA,9,1,"0","33.30%",0,16,0,"0.00%",0,0,0,0,0,0,0,0,0,"50.00%",0,0,0,0,0,"0.00%","0.00%","0.00%","0.00%",0,0,"0.00%",53,4,"0.00%",2,2,1,"0.00%",2,1,0,0,0,"0.00%",4,4,1,0,0,"FCS",179,NA,NA,NA,179
"Trent Zappe","HOUCHR",82,49.14,"C","LB",2026,"Southland",71.2,64.3,55.6,75,0,3,5,0,0,0,0,0,0,0,0,0,0,0,0,0,0,6,6,6,"0","0.00%",0,34,4,"17.60%","14.70%",6,42,0,"0.00%",0,0,0,0,0,0,39.6,0,0,"45.20%",0,0,3,0,2,"0.00%","0.00%","0.00%","0.00%",0,1,"0.00%",4,12,"7.70%",3,5,0,"9.10%",7,3,1,0,0,"0.00%",13,13,0,2,0,"FCS",38,NA,NA,NA,38
"Cole Dutkovich","SE MO ST",22,48.6,"C","LB",2026,"Big South - OVC Football Association",87.9,91,NA,62.8,0,5,0,0,0,1,0,1,0,0,0,0,0,0,0,1,0,0,0,NA,NA,NA,NA,13,0,"0","46.20%",0,9,0,"0.00%",0,0,0,0,0,0,0,0,0,"66.70%",0,0,0,0,0,"0.00%","0.00%","0.00%","0.00%",0,0,"0.00%",25,5,"0.00%",5,0,0,"0.00%",0,5,0,0,0,"0.00%",5,5,0,0,0,"FCS",58,NA,NA,NA,58
"Jachai Pulley","INCAR WORD",55,48.39,"C","LB",2026,"Southland",75.6,77.4,66.9,66.8,0,1,1,0,0,0,0,0,1,0,0,0,0,1,0,0,0,2,1,1,"0","0.00%",0,26,7.75,"3.90%","11.50%",1,28,1,"100%",3,3,0,0,0,0,79.2,0.11,0,"60.70%",0,0,0,0,1,"0.00%","0.00%","0.00%","0.00%",3,-1,"0.00%",2,6,"0.00%",1,1,1,"0.00%",4,1,0,0,0,"0.00%",6,6,0,1,0,"FCS",242,NA,NA,NA,242
"Lucas Campizta","DELWARE ST",39,48.32,"C","LB",2026,"MEAC",56.2,76.4,NA,45,0,3,2,0,0,0,0,0,0,0,0,0,0,1,0,0,0,3,4,NA,NA,NA,NA,13,1,"7.70%","23.10%",1,26,4,"100%",73,18.3,0,3,0,0,118.8,2.81,3,"42.30%",0,0,0,3,0,"11.50%","0.00%","75.00%","0.00%",18.3,3,"0.00%",44,7,"0.00%",3,2,1,"0.00%",3,1,0,0,0,"0.00%",7,7,2,1,0,"FCS",243,NA,NA,NA,243
"Braxton Sampson","INDIANA ST",39,48.1,"C","LB",2026,"Missouri Valley",76.8,76,65.2,70.7,0,1,2,0,0,1,0,1,0,0,0,0,0,1,0,0,1,3,0,4,"0","25.00%",12.5,10,-1,"0","20.00%",0,25,3,"100%",16,5.3,0,0,0,0,88.9,0.64,0,"72.00%",0,0,0,0,1,"0.00%","0.00%","0.00%","0.00%",5.3,-1,"0.00%",42,4,"0.00%",1,1,1,"0.00%",1,1,0,1,0,"0.00%",4,4,0,2,0,"FCS",42,NA,NA,NA,42
"Sir Hezekiah Ragland","NEWHVN",31,47.79,"C","LB",2026,"Northeast",66.5,76.3,70.1,50.8,0,3,3,1,0,1,0,2,0,0,0,0,0,0,0,1,0,5,2,1,"0","100%",100,15,3,"6.70%","13.30%",1,15,1,"100%",1,1,0,0,0,0,79.2,0.07,0,"53.30%",0,0,0,1,1,"0.00%","0.00%","0.00%","0.00%",1,-6,"0.00%",9,6,"0.00%",3,2,0,"0.00%",2,3,0,1,0,"0.00%",6,6,0,0,0,"FCS",247,NA,NA,NA,247
"Gabe Brown","ABILENE CH",30,47.78,"C","LB",2026,"United Athletic",56.8,77.6,56.2,42.3,0,3,2,0,0,0,1,1,0,0,0,0,0,1,0,0,1,4,3,3,"0","33.30%",16.7,14,0.5,"0","21.40%",0,13,2,"50.00%",29,14.5,0,2,0,0,74,2.23,1,"38.50%",0,0,2,3,0,"7.70%","0.00%","50.00%","0.00%",7.3,10.5,"0.00%",13,5,"0.00%",3,2,1,"0.00%",2,2,0,0,0,"0.00%",5,5,1,0,0,"FCS",17,NA,NA,NA,17
"Jamari Young","ALBANY",37,47.62,"C","LB",2026,"CAA",74.2,76.6,57,63.1,0,5,2,0,0,0,0,0,0,0,0,0,0,1,0,0,0,2,2,4,"0","0.00%",0,26,1,"7.70%","19.20%",2,7,0,"0.00%",0,0,0,0,0,0,0,0,0,"42.90%",0,0,0,0,0,"0.00%","0.00%","0.00%","0.00%",0,0,"0.00%",0,7,"0.00%",5,2,1,"0.00%",2,5,0,0,0,"0.00%",7,7,0,0,0,"FCS",34,NA,NA,NA,34
"Rohan Davy","RHODE ISLD",61,47.23,"C","LB",2026,"CAA",71.4,77,58.2,64.7,0,1,3,0,0,0,1,1,0,0,0,0,0,0,0,0,1,6,2,2,"0","0.00%",0,35,4.75,"2.90%","5.70%",1,24,3,"100%",56,18.7,0,2,0,0,118.8,2.33,2,"45.80%",0,0,0,1,1,"8.30%","0.00%","66.70%","0.00%",18.7,3.3,"0.00%",0,8,"0.00%",1,2,0,"0.00%",4,0,0,1,0,"0.00%",8,8,1,3,0,"FCS",190,NA,NA,NA,190
"Luke Hackett","SACR HEART",49,47.16,"C","LB",2026,"CAA",58.1,64.6,57,53.3,0,3,2,0,0,1,1,2,0,1,0,0,0,0,0,0,2,2,3,3,"0","66.70%",33.3,25,5.33,"4.00%","0",1,21,1,"33.30%",25,25,0,1,0,1,64.6,1.19,1,"61.90%",0,0,1,2,1,"4.80%","0.00%","33.30%","0.00%",8.3,10,"33.30%",8,6,"14.30%",3,2,0,"20.00%",3,1,1,0,0,"0.00%",7,7,2,0,0,"FCS",94,NA,NA,NA,94
"Drake Lusk","BRYANT",58,46.91,"C","LB",2026,"CAA",69,66.1,66.8,65.4,0,3,3,1,0,0,0,1,0,0,0,0,0,0,0,1,0,7,3,5,"0","20.00%",20,27,5,"11.10%","11.10%",3,26,1,"50.00%",13,13,0,1,0,0,70.8,0.5,0,"57.70%",0,0,1,0,0,"0.00%","0.00%","50.00%","0.00%",6.5,-3.5,"0.00%",41,10,"9.10%",3,2,0,"11.10%",5,3,1,1,0,"0.00%",11,11,0,1,0,"FCS",189,NA,NA,NA,189
"Jeff Leavell","MERCYHURST",58,46.87,"C","LB",2026,"Northeast",83.2,93.8,57.3,70.1,0,0,3,0,0,0,1,1,1,0,0,1,0,0,0,0,1,3,0,13,"7.70%","0.00%",0,15,3,"0","26.70%",0,30,1,"50.00%",3,3,0,0,0,0,56.3,0.1,0,"73.30%",0,0,0,0,1,"0.00%","0.00%","0.00%","0.00%",1.5,0,"0.00%",14,3,"0.00%",0,2,0,"0.00%",2,0,0,1,0,"0.00%",3,3,0,1,0,"FCS",146,NA,NA,NA,146
"Deuce Geter","BUCKNELL",48,46.79,"C","LB",2026,"Patriot",62.4,69.4,58.4,56.1,0,1,3,0,0,0,0,0,0,0,0,0,0,1,0,0,0,1,3,2,"0","0.00%",0,32,0.5,"3.10%","6.30%",1,14,3,"75.00%",44,14.7,1,1,0,0,150,3.14,1,"71.40%",0,0,1,2,1,"7.10%","0.00%","25.00%","0.00%",11,8.3,"0.00%",4,4,"0.00%",1,2,1,"0.00%",2,0,0,1,0,"0.00%",4,4,1,1,0,"FCS",62,NA,NA,NA,62
"Aiden Morris","WOFFORD",25,46.44,"C","LB",2026,"Southern",61.6,69.3,NA,49.1,0,1,4,0,0,0,0,0,0,0,0,0,0,2,0,0,0,4,4,NA,NA,NA,NA,23,2.2,"13.00%","13.00%",3,2,1,"100%",16,16,0,1,0,0,118.8,8,1,"50.00%",0,0,0,1,0,"50.00%","0.00%","100%","0.00%",16,14,"0.00%",24,6,"14.30%",1,4,2,"0.00%",5,1,0,0,0,"100%",7,7,0,0,1,"FCS",120,NA,NA,NA,120
"Matthew Moore","PRVIEW A&M",30,46.43,"C","LB",2026,"SWAC",69.9,72.2,61.5,62.5,0,1,3,0,0,0,2,2,0,0,0,0,0,2,0,0,0,3,4,4,"50.00%","50.00%",25,16,0,"12.50%","25.00%",2,10,2,"66.70%",4,2,0,0,0,0,70.1,0.4,0,"90.00%",0,0,1,1,1,"0.00%","0.00%","0.00%","0.00%",1.3,3.3,"0.00%",10,4,"20.00%",1,2,1,"0.00%",2,1,0,1,1,"50.00%",5,5,0,1,1,"FCS",72,NA,NA,NA,72
"Jackson Barry","LIUSHAR",60,45.59,"C","LB",2026,"Northeast",54.8,69.3,54.1,46,0,2,2,0,0,0,2,2,0,0,0,0,0,1,0,0,1,4,6,4,"0","25.00%",12.5,31,6,"6.50%","3.20%",2,25,4,"66.70%",45,11.3,0,1,0,0,88.9,1.8,2,"48.00%",0,0,2,4,1,"8.00%","0.00%","16.70%","0.00%",7.5,6,"0.00%",33,5,"28.60%",2,2,1,"0.00%",3,0,0,0,0,"50.00%",7,7,2,0,2,"FCS",47,NA,NA,NA,47
"Kaleb Platz","MERCYHURST",39,45.58,"C","LB",2026,"Northeast",73.6,80.5,55,65.7,0,1,3,0,0,0,1,1,0,0,0,0,0,1,0,0,1,3,0,6,"0","16.70%",8.3,15,1,"0","13.30%",0,18,0,"0.00%",0,0,0,0,0,0,0,0,0,"83.30%",0,0,0,0,0,"0.00%","0.00%","0.00%","0.00%",0,0,"0.00%",24,4,"0.00%",1,2,1,"0.00%",2,1,0,1,0,"0.00%",4,4,0,1,0,"FCS",233,NA,NA,NA,233
"Andrew Osmun","FORDHAM",59,45.56,"C","LB",2026,"Patriot",53.1,77.5,67.1,31.3,0,1,4,1,0,0,1,2,0,0,0,0,0,1,0,0,0,12,4,10,"20.00%","20.00%",15,26,3.2,"3.90%","15.40%",1,23,4,"100%",43,10.8,1,1,0,0,151,1.87,1,"43.50%",0,0,0,3,0,"4.30%","0.00%","25.00%","0.00%",10.8,11.3,"0.00%",12,8,"11.10%",1,3,1,"16.70%",5,0,1,1,0,"0.00%",9,9,1,1,0,"FCS",65,NA,NA,NA,65
"Stefano Montella","BROWN",73,45.3,"C","LB",2026,"Ivy",75.5,73.5,54.3,75.1,0,0,1,0,0,0,0,0,0,2,0,0,0,0,0,0,0,5,1,6,"0","0.00%",0,22,4,"0","4.50%",0,45,2,"28.60%",11,5.5,0,0,0,2,39.6,0.24,0,"57.80%",0,0,3,1,2,"0.00%","0.00%","0.00%","0.00%",1.6,6.4,"28.60%",32,7,"12.50%",0,1,0,"0.00%",4,0,0,0,0,"25.00%",8,8,0,3,1,"FCS",100,NA,NA,NA,100
"Elijah Binakonsky","MERCYHURST",32,45.24,"C","LB",2026,"Northeast",63.6,76.2,52.7,58.5,0,0,3,0,0,1,0,1,0,0,0,0,0,1,0,1,0,6,1,7,"0","0.00%",0,10,2.33,"0","10.00%",0,15,1,"100%",17,17,0,1,0,0,118.8,1.13,1,"60.00%",0,0,0,1,0,"6.70%","0.00%","100%","0.00%",17,15,"0.00%",30,5,"0.00%",0,2,1,"0.00%",3,0,0,1,0,"0.00%",5,5,0,2,0,"FCS",145,NA,NA,NA,145
"Boone Morris","ABILENE CH",26,45.02,"C","LB",2026,"United Athletic",75,72.7,57.1,72.6,0,1,2,0,0,0,0,0,0,0,0,0,1,1,0,0,0,2,0,7,"0","0.00%",0,10,0,"0","20.00%",0,9,1,"100%",8,8,0,0,0,0,100,0.89,0,"55.60%",0,0,0,0,1,"0.00%","0.00%","0.00%","0.00%",8,5,"0.00%",23,4,"0.00%",1,1,1,"0.00%",1,1,0,1,0,"0.00%",4,4,0,2,0,"FCS",122,NA,NA,NA,122
"Ian Wall","CORNELL",48,44.99,"C","LB",2026,"Ivy",70.1,74,54.7,62.9,0,5,2,0,0,0,1,1,0,0,0,0,1,0,0,1,0,0,2,5,"0","20.00%",10,26,5,"3.90%","3.90%",1,17,1,"100%",8,8,0,1,0,0,100,0.47,0,"52.90%",0,0,0,1,0,"0.00%","0.00%","100%","0.00%",8,5,"0.00%",10,8,"0.00%",5,2,0,"0.00%",2,5,0,0,0,"0.00%",8,8,0,1,0,"FCS",54,NA,NA,NA,54
"Wyatt Ward","WOFFORD",49,44.96,"C","LB",2026,"Southern",70.6,68.6,60,63.9,1,2,5,0,0,0,0,0,0,0,0,0,0,1,0,0,0,8,3,NA,NA,NA,NA,35,5.57,"8.60%","14.30%",3,14,0,"0.00%",0,0,0,0,0,0,0,0,0,"64.30%",0,0,0,0,1,"0.00%","0.00%","0.00%","0.00%",0,0,"0.00%",44,9,"18.20%",2,5,1,"18.20%",7,2,2,0,0,"0.00%",11,11,0,0,0,"FCS",225,NA,NA,NA,225
"Cole Olsztyn","PENN",40,44.84,"C","LB",2026,"Ivy",82.7,72.6,60,81.2,0,0,3,0,0,0,0,0,0,2,0,0,0,0,0,0,0,5,0,1,"0","0.00%",0,17,4.33,"0","5.90%",0,22,0,"0.00%",0,0,0,0,0,2,39.6,0,0,"86.40%",0,0,0,0,2,"0.00%","0.00%","0.00%","0.00%",0,3,"200%",8,3,"0.00%",0,3,0,"0.00%",3,0,0,0,0,"0.00%",3,3,0,0,0,"FCS",104,NA,NA,NA,104
"Chris Robinson","TARLETON",43,44.62,"C","LB",2026,"United Athletic",76.9,79,53.8,69.6,0,1,2,0,0,0,0,0,0,0,0,2,1,0,0,0,0,4,2,5,"0","0.00%",0,23,6.75,"4.30%","13.00%",1,15,3,"75.00%",18,6,0,1,0,0,83.3,1.2,0,"53.30%",0,0,0,1,2,"0.00%","0.00%","25.00%","0.00%",4.5,8,"0.00%",43,6,"0.00%",1,1,0,"0.00%",4,1,0,1,0,"0.00%",6,6,0,1,0,"FCS",157,NA,NA,NA,157
"Canaan Williams","AUSTINPEAY",40,44.58,"C","LB",2026,"United Athletic",66.6,68.1,59.1,63.2,0,1,2,0,0,0,0,0,0,1,0,0,0,1,0,0,0,2,3,1,"0","0.00%",0,22,2,"9.10%","18.20%",2,17,0,"0.00%",0,0,0,0,0,1,39.6,0,0,"76.50%",0,0,2,0,1,"0.00%","0.00%","0.00%","0.00%",0,4,"50.00%",29,5,"0.00%",1,2,1,"0.00%",3,1,0,0,0,"0.00%",5,5,0,1,0,"FCS",16,NA,NA,NA,16
"Grant Edmond","WAGNER",29,44.5,"C","LB",2026,"Northeast",67,65,NA,66.1,0,2,1,0,0,0,0,0,0,0,0,0,0,1,0,0,0,1,2,NA,NA,NA,NA,10,-1,"10.00%","10.00%",1,19,2,"66.70%",11,5.5,0,1,0,1,72.9,0.58,0,"57.90%",0,2,0,1,1,"0.00%","66.70%","33.30%","0.00%",3.7,4.3,"33.30%",23,3,"0.00%",2,1,1,"0.00%",1,0,0,0,0,"0.00%",3,3,2,0,0,"FCS",283,NA,NA,NA,283
"Oscar Kirch","BUTLER",39,44.19,"C","LB",2026,"Pioneer",71.2,82.1,78.3,52.5,1,2,1,0,0,1,0,1,0,0,0,0,1,0,0,1,0,5,2,1,"0","0.00%",0,17,2,"0","23.50%",0,21,3,"100%",13,4.3,0,1,0,0,84.7,0.62,0,"57.10%",0,0,0,2,2,"0.00%","0.00%","33.30%","0.00%",4.3,0.3,"0.00%",10,6,"0.00%",2,1,0,"0.00%",2,2,0,0,0,"0.00%",6,6,0,2,0,"FCS",176,NA,NA,NA,176
"Steve Simpkins Jr.","DARTMOUTH",56,43.97,"C","LB",2026,"Ivy",65.2,63.1,60,65.4,0,3,2,0,0,0,1,1,0,0,0,0,0,0,0,1,0,7,5,1,"0","100%",50,43,4.71,"11.60%","2.30%",5,12,0,"0.00%",0,0,0,0,0,0,0,0,0,"50.00%",0,0,0,0,0,"0.00%","0.00%","0.00%","0.00%",0,0,"0.00%",0,11,"0.00%",3,2,0,"0.00%",7,3,0,0,0,"0.00%",11,11,0,1,0,"FCS",55,NA,NA,NA,55
"Matthew Sopp","NEW HAMP",65,43.74,"C","LB",2026,"CAA",66.5,59.5,60.9,71.1,0,3,4,0,0,0,0,0,1,0,0,0,0,0,0,0,0,8,6,6,"16.70%","0.00%",0,39,3.6,"15.40%","10.30%",6,20,2,"66.70%",26,13,0,0,0,0,93.8,1.3,1,"70.00%",0,0,1,0,1,"5.00%","0.00%","0.00%","0.00%",8.7,6,"0.00%",50,9,"10.00%",3,3,0,"11.10%",5,3,1,1,0,"0.00%",10,10,0,1,0,"FCS",185,NA,NA,NA,185
"Jackson Stratton","BUTLER",59,43.32,"C","LB",2026,"Pioneer",70.4,65.5,NA,70.3,0,1,4,0,0,0,0,0,0,1,0,0,0,2,0,0,0,3,4,NA,NA,NA,NA,21,4,"0","0",0,38,4,"66.70%",7,1.8,1,1,0,1,109.7,0.18,0,"63.20%",0,0,1,4,5,"0.00%","0.00%","16.70%","0.00%",1.2,2.8,"16.70%",5,5,"28.60%",1,1,0,"0.00%",1,0,0,3,2,"33.30%",7,7,1,3,2,"FCS",67,NA,NA,NA,67
"Derek McCrum","PENN",40,43.28,"C","LB",2026,"Ivy",70.7,65,NA,70.7,0,1,3,0,0,0,0,0,0,0,0,0,0,1,0,0,0,3,2,NA,NA,NA,NA,17,0.5,"11.80%","11.80%",2,23,4,"66.70%",8,2,0,0,0,0,70.1,0.35,0,"87.00%",0,0,2,0,1,"0.00%","0.00%","0.00%","0.00%",1.3,-2.2,"0.00%",14,4,"20.00%",1,2,1,"0.00%",2,1,0,1,0,"0.00%",5,5,0,1,0,"FCS",130,NA,NA,NA,130
"Trace Carter","SE LA",59,42.91,"C","LB",2026,"Southland",55.3,68.8,71.1,47.5,0,2,1,1,0,0,0,1,0,0,0,0,0,0,0,1,0,3,5,NA,NA,NA,NA,20,7,"0","0",0,43,3,"75.00%",46,15.3,0,2,0,0,112.5,1.07,2,"48.80%",0.5,0,1,5,1,"4.70%","0.00%","50.00%","0.00%",11.5,13,"0.00%",34,7,"12.50%",2,0,0,"0.00%",1,1,0,1,0,"16.70%",8,8,1,3,1,"FCS",274,NA,NA,NA,274
"Jacob Penney","STF AUSTIN",17,42.89,"C","LB",2026,"Southland",78.6,65.2,NA,77.2,0,0,2,0,0,0,0,0,0,1,0,0,0,1,0,0,0,2,1,NA,NA,NA,NA,10,0,"10.00%","10.00%",1,7,1,"50.00%",6,6,0,0,0,1,56.3,0.86,0,"100%",0,0,0,0,1,"0.00%","0.00%","0.00%","0.00%",3,6,"50.00%",15,2,"0.00%",0,1,1,"0.00%",1,0,0,1,0,"0.00%",2,2,0,1,0,"FCS",272,NA,NA,NA,272
"AJ Benton","CAMPBELL",44,42.85,"C","LB",2026,"CAA",74.8,72.5,57.7,72.7,0,2,1,0,0,0,0,0,0,0,0,0,0,0,0,0,0,2,0,2,"0","0.00%",0,10,10,"0","0",0,32,1,"100%",5,5,0,0,0,0,87.5,0.16,0,"56.30%",0,0,0,0,1,"0.00%","0.00%","0.00%","0.00%",5,2,"0.00%",7,5,"0.00%",2,0,0,"0.00%",1,1,0,1,0,"0.00%",5,5,1,2,0,"FCS",204,NA,NA,NA,204
"Michael Johnson","CHISTA",62,42.82,"C","LB",2026,"IND (FCS)",74.3,71.9,62.8,69.5,0,1,6,0,0,1,0,1,0,0,0,0,0,0,0,0,1,7,2,7,"0","14.30%",7.1,37,3.75,"2.70%","2.70%",1,18,3,"100%",14,4.7,0,0,0,0,86.1,0.78,0,"61.10%",0,0,0,1,1,"0.00%","0.00%","0.00%","0.00%",4.7,0.7,"0.00%",11,7,"12.50%",1,4,0,"16.70%",4,1,1,2,0,"0.00%",8,8,0,2,0,"FCS",297,NA,NA,NA,297
"Cole Taylor","MONTANA ST",67,42.53,"C","LB",2026,"Big Sky",61.4,61.4,68.2,58.7,1,5,1,0,0,0,1,1,0,0,0,0,0,0,0,1,0,8,7,3,"0","0.00%",0,28,7.25,"17.90%","10.70%",5,36,2,"40.00%",12,6,0,1,0,0,47.9,0.33,0,"52.80%",0,0,1,2,2,"0.00%","0.00%","20.00%","0.00%",2.4,3.8,"0.00%",34,11,"8.30%",5,1,0,"0.00%",4,5,0,0,0,"33.30%",12,12,0,2,1,"FCS",86,NA,NA,NA,86
"Jordan Daniel","ALCORN ST",58,42.52,"C","LB",2026,"SWAC",70.3,70.6,62.5,63.7,0,1,2,0,0,0,3,3,2,0,0,0,0,1,0,0,2,6,2,22,"13.60%","13.60%",6.8,30,-0.5,"6.70%","23.30%",2,6,0,"0.00%",0,0,0,0,0,0,0,0,0,"50.00%",0,0,0,0,0,"0.00%","0.00%","0.00%","0.00%",0,0,"0.00%",13,4,"20.00%",1,2,1,"25.00%",2,1,1,0,0,"0.00%",5,5,0,1,0,"FCS",293,NA,NA,NA,293
"Dillon Dunathan","ALBANY",41,42.06,"C","LB",2026,"CAA",68.2,68.6,56,64.4,0,2,4,0,0,0,0,0,0,0,0,0,0,1,0,0,0,6,5,3,"0","0.00%",0,29,2,"17.20%","17.20%",5,9,2,"100%",5,2.5,0,0,0,0,79.2,0.56,0,"77.80%",0,0,0,0,0,"0.00%","0.00%","0.00%","0.00%",2.5,-4.5,"0.00%",41,8,"0.00%",2,4,1,"0.00%",5,2,0,0,0,"0.00%",8,8,0,1,0,"FCS",88,NA,NA,NA,88
"Ryan McCall","MURRAY ST",48,42.05,"C","LB",2026,"Missouri Valley",58.9,56.4,56.5,62.6,0,1,2,0,0,0,0,0,0,1,0,0,0,1,0,0,0,3,6,6,"0","0.00%",0,24,4,"16.70%","4.20%",4,18,2,"66.70%",46,23,0,2,0,1,109.7,2.56,2,"27.80%",0,2,0,2,1,"11.10%","66.70%","66.70%","0.00%",15.3,8.3,"33.30%",7,7,"0.00%",1,2,1,"0.00%",4,1,0,0,0,"0.00%",7,7,0,2,0,"FCS",275,NA,NA,NA,275
"Darius Moore","ABILENE CH",60,42.04,"C","LB",2026,"United Athletic",74.7,65.9,54.9,77.6,0,3,2,0,0,0,0,0,0,0,0,1,0,0,0,0,0,4,5,5,"0","0.00%",0,26,4,"11.50%","11.50%",3,29,2,"66.70%",17,8.5,0,1,0,0,81.3,0.59,0,"55.20%",0,0,0,2,1,"0.00%","0.00%","33.30%","0.00%",5.7,-0.7,"0.00%",0,9,"0.00%",3,1,0,"0.00%",2,3,0,1,0,"0.00%",9,9,0,4,0,"FCS",46,NA,NA,NA,46
"Zach Chambers","DUQUESNE",63,42.02,"C","LB",2026,"Northeast",65.5,63.4,55.4,72.3,0,3,2,0,0,0,0,0,0,1,0,0,0,0,0,0,0,3,5,6,"0","0.00%",0,30,5,"10.00%","3.30%",3,26,4,"100%",22,5.5,0,1,0,1,89.6,0.85,0,"53.80%",0,4,0,2,3,"0.00%","100%","25.00%","0.00%",5.5,-5,"25.00%",11,5,"16.70%",3,1,0,"0.00%",1,1,0,1,0,"25.00%",6,6,2,1,1,"FCS",23,NA,NA,NA,23
"Joshua Maxwell","NC CENT",75,42.01,"C","LB",2026,"MEAC",66.2,76.2,67,53.7,0,3,4,0,0,0,0,0,1,0,0,0,0,0,0,0,0,6,4,3,"33.30%","0.00%",0,34,2.33,"5.90%","11.80%",2,38,2,"66.70%",9,4.5,1,2,0,0,109.7,0.24,0,"55.30%",0,0,1,2,0,"0.00%","0.00%","66.70%","0.00%",3,0.7,"0.00%",46,9,"10.00%",3,4,0,"10.00%",6,3,1,0,0,"0.00%",10,10,0,0,0,"FCS",302,NA,NA,NA,302
"Tyler Georgs","HOLY CROSS",28,42,"C","LB",2026,"Patriot",68.2,64.2,63.8,64.7,0,1,3,1,0,0,1,2,0,0,0,0,0,1,0,1,1,4,1,6,"0","16.70%",16.7,8,0,"12.50%","25.00%",1,14,0,"0.00%",0,0,0,0,0,0,0,0,0,"50.00%",0,0,0,0,0,"0.00%","0.00%","0.00%","0.00%",0,0,"0.00%",5,4,"20.00%",1,1,1,"33.30%",1,1,1,2,0,"0.00%",5,5,0,1,0,"FCS",211,NA,NA,NA,211
"Eli Jones","AUSTINPEAY",45,41.99,"C","LB",2026,"United Athletic",59.6,67.4,69.4,50,0,2,3,1,0,0,0,1,0,0,0,0,0,1,0,0,1,4,3,1,"0","0.00%",0,22,2.5,"4.50%","9.10%",1,22,2,"100%",14,7,1,2,0,0,135.4,0.64,0,"63.60%",0,0,0,2,1,"0.00%","0.00%","100%","0.00%",7,6,"0.00%",34,5,"16.70%",2,2,1,"25.00%",2,1,1,1,0,"0.00%",6,6,1,0,0,"FCS",37,NA,NA,NA,37
"Sam Oppenheimer","MAINE",57,41.65,"C","LB",2026,"CAA",59.9,66.2,55,55.6,0,0,5,0,0,0,0,0,0,0,1,0,0,2,0,0,0,9,7,3,"0","0.00%",0,29,3.14,"10.30%","10.30%",3,25,1,"100%",11,11,0,0,1,0,72.9,0.44,0,"48.00%",0,1,0,4,2,"0.00%","100%","0.00%","100%",11,-3,"0.00%",10,9,"10.00%",0,4,1,"0.00%",7,0,0,1,1,"33.30%",10,10,0,2,1,"FCS",167,NA,NA,NA,167
"Shug Bentley","STETSON",54,41.2,"C","LB",2026,"Pioneer",52.3,77.9,55.7,42.3,0,3,1,0,0,0,0,0,0,0,0,0,0,0,0,0,0,3,5,3,"0","0.00%",0,17,4.67,"0","5.90%",0,34,5,"100%",80,16,0,4,0,0,118.8,2.35,3,"41.20%",0,0,0,5,0,"8.80%","0.00%","80.00%","0.00%",16,9.2,"0.00%",41,7,"12.50%",3,1,0,"0.00%",3,0,0,0,0,"20.00%",8,8,3,1,1,"FCS",1,NA,NA,NA,1
"Trooper Price","COLGATE",59,40.64,"C","LB",2026,"Patriot",68.8,61.2,55.6,71.1,0,0,3,0,0,0,1,1,0,0,0,0,0,1,0,0,1,4,2,3,"0","33.30%",16.7,17,6.5,"5.90%","5.90%",1,39,4,"80.00%",36,9,0,1,0,0,96.7,0.92,1,"66.70%",0,0,1,1,2,"2.60%","0.00%","20.00%","0.00%",7.2,7.2,"0.00%",18,5,"0.00%",0,0,0,"0.00%",2,0,0,3,1,"0.00%",5,5,0,3,0,"FCS",64,NA,NA,NA,64
"Markeith Hogan","MERRIMACK",17,40.09,"C","LB",2026,"IND (FCS)",70.2,84.8,57.9,51.4,0,0,3,0,0,0,0,0,0,0,0,0,0,1,0,0,0,3,1,2,"0","0.00%",0,7,1.33,"0","57.10%",0,8,1,"100%",15,15,0,1,0,0,118.8,1.88,1,"50.00%",0,0,0,1,0,"12.50%","0.00%","100%","0.00%",15,6,"0.00%",11,3,"0.00%",0,3,1,"0.00%",3,0,0,0,0,"0.00%",3,3,0,0,0,"FCS",60,NA,NA,NA,60
"AJ Revella","FORDHAM",29,39.76,"D","LB",2026,"Patriot",64.5,81.9,68.2,42.4,0,1,1,0,0,0,1,1,0,0,0,0,1,1,0,0,0,6,3,2,"50.00%","50.00%",25,17,2.67,"5.90%","23.50%",1,10,2,"100%",20,10,0,2,0,0,108.3,2,0,"30.00%",0,0,0,2,0,"0.00%","0.00%","100%","0.00%",10,4.5,"0.00%",27,5,"16.70%",1,1,1,"20.00%",3,1,1,0,0,"0.00%",6,6,0,1,0,"FCS",299,NA,NA,NA,299
"Jes Krcil","S DAK ST",53,39.6,"D","LB",2026,"Missouri Valley",56,77.1,67.6,44.5,0,0,1,0,0,0,0,0,1,0,0,0,0,1,0,0,0,6,4,3,"33.30%","0.00%",0,17,3.5,"0","11.80%",0,33,7,"100%",70,10,1,5,0,0,147.9,2.12,2,"48.50%",0,0,0,4,0,"6.10%","0.00%","71.40%","0.00%",10,4.1,"0.00%",18,7,"12.50%",0,1,1,"0.00%",2,0,0,0,0,"16.70%",8,8,0,5,1,"FCS",267,NA,NA,NA,267
"Dylan Davis","MORGAN ST",56,39.3,"D","LB",2026,"MEAC",59.2,80.6,59.2,52.6,0,1,2,0,0,0,2,2,0,0,0,0,0,0,0,1,1,6,4,1,"0","0.00%",0,20,2,"5.00%","20.00%",1,35,3,"100%",39,13,0,2,0,0,118.8,1.11,1,"31.40%",0,0,0,3,0,"2.90%","0.00%","66.70%","0.00%",13,4.7,"0.00%",33,10,"0.00%",1,1,0,"0.00%",3,1,0,1,0,"0.00%",10,10,0,6,0,"FCS",254,NA,NA,NA,254
"Mikey D'Amato","CAL POLY",78,39.17,"D","LB",2026,"Big Sky",63,69.3,62.7,54,0,5,0,0,0,0,2,2,0,0,0,0,0,0,0,0,1,7,6,6,"16.70%","16.70%",8.3,43,8.67,"7.00%","4.70%",3,29,2,"100%",17,8.5,0,1,0,0,102.1,0.59,0,"24.10%",0,0,0,3,0,"0.00%","0.00%","50.00%","0.00%",8.5,2.5,"0.00%",44,11,"15.40%",5,0,0,"12.50%",3,4,1,0,0,"20.00%",13,13,1,3,1,"FCS",125,NA,NA,NA,125
"Cahari Haynes","GARD-WEBB",37,39.15,"D","LB",2026,"Big South - OVC Football Association",71.3,63,55.3,73.6,0,2,4,0,0,0,0,0,0,0,0,0,0,0,0,0,0,2,2,3,"0","0.00%",0,17,1,"11.80%","5.90%",2,17,2,"100%",8,4,0,0,0,0,83.3,0.47,0,"70.60%",0,0,0,0,1,"0.00%","0.00%","0.00%","0.00%",4,1,"0.00%",24,7,"0.00%",2,1,0,"0.00%",1,1,0,3,0,"0.00%",7,7,1,4,0,"FCS",81,NA,NA,NA,81
"Nai Mose","MONTANA",53,38.95,"D","LB",2026,"Big Sky",48.3,75.3,56.2,31.2,0,3,5,0,0,0,1,1,0,0,0,0,0,1,0,0,1,6,7,3,"0","33.30%",16.7,22,2.83,"9.10%","13.60%",2,28,3,"75.00%",27,9,1,2,0,0,132.3,0.96,0,"39.30%",0,0,0,5,0,"0.00%","0.00%","50.00%","0.00%",6.8,4.8,"0.00%",38,10,"0.00%",3,5,1,"0.00%",6,3,0,0,0,"0.00%",10,10,0,1,0,"FCS",32,NA,NA,NA,32
"Lovell Vereen II","INDIANA ST",30,38.95,"D","LB",2026,"Missouri Valley",62.6,69.3,55.7,59.6,0,2,0,0,0,0,1,1,0,0,0,0,0,0,0,0,1,3,1,3,"0","33.30%",16.7,8,6,"0","12.50%",0,19,1,"100%",11,11,0,0,0,0,112.5,0.58,0,"68.40%",0,0,0,1,0,"0.00%","0.00%","0.00%","0.00%",11,9,"0.00%",0,4,"0.00%",2,0,0,"0.00%",1,0,0,0,0,"0.00%",4,4,2,1,0,"FCS",268,NA,NA,NA,268
"Christopher Higgins","WM & MARY",65,38.91,"D","LB",2026,"Patriot",60,57,63.5,61.1,0,1,1,1,0,0,1,2,0,0,0,0,0,1,0,1,1,9,5,6,"0","16.70%",8.3,42,1.67,"9.50%","11.90%",4,17,3,"100%",31,10.3,0,2,0,0,109.7,1.82,1,"52.90%",0,0,0,1,1,"5.90%","0.00%","66.70%","0.00%",10.3,7.3,"0.00%",34,8,"20.00%",1,1,1,"33.30%",3,1,2,0,0,"0.00%",10,10,0,3,0,"FCS",223,NA,NA,NA,223
"Kristian Ozane","CHATTNOOGA",34,38.87,"D","LB",2026,"Southern",71.5,74.1,NA,65.5,0,2,2,0,0,0,0,0,0,0,0,0,0,0,0,0,0,5,1,NA,NA,NA,NA,13,4.33,"0","7.70%",0,21,1,"100%",7,7,0,0,0,0,95.8,0.33,0,"71.40%",0,0,0,1,1,"0.00%","0.00%","0.00%","0.00%",7,6,"0.00%",2,6,"14.30%",2,1,0,"0.00%",3,1,0,1,0,"33.30%",7,7,1,1,1,"FCS",74,NA,NA,NA,74
"Demontrae Gaston","Argonauts",53,38.85,"D","LB",2026,"United Athletic",68.5,79.4,51.4,58.7,0,0,3,0,0,1,1,2,0,0,0,0,0,1,0,0,1,5,2,11,"9.10%","18.20%",9.1,29,3.6,"0","13.80%",0,13,0,"0.00%",0,0,0,0,0,0,0,0,0,"84.60%",0,0,0,1,0,"0.00%","0.00%","0.00%","0.00%",0,0,"0.00%",17,5,"28.60%",0,3,1,"0.00%",5,0,0,0,0,"100%",7,7,0,0,2,"FCS",166,NA,NA,NA,166
"Roddrick Roberts","TARLETON",27,38.74,"D","LB",2026,"United Athletic",75.7,71.8,57.5,71.7,0,2,1,0,0,0,0,0,0,0,0,0,0,0,0,0,0,2,0,2,"0","0.00%",0,9,8,"0","0",0,16,2,"100%",16,8,0,0,0,0,100,1,0,"68.80%",0,0,0,0,1,"0.00%","0.00%","0.00%","0.00%",8,0,"0.00%",32,5,"0.00%",2,0,0,"0.00%",1,2,0,1,0,"0.00%",5,5,0,2,0,"FCS",241,NA,NA,NA,241
"Micah Markley","VALPO",29,38.7,"D","LB",2026,"Pioneer",66.8,76.3,64.9,50.5,0,2,2,0,0,0,0,0,1,0,0,0,0,1,0,0,0,3,1,1,"100%","0.00%",0,17,-2.5,"0","5.90%",0,11,0,"0.00%",0,0,0,0,0,0,0,0,0,"45.50%",0,0,0,1,0,"0.00%","0.00%","0.00%","0.00%",0,0,"0.00%",41,4,"0.00%",2,2,1,"0.00%",2,2,0,0,0,"0.00%",4,4,0,0,0,"FCS",238,NA,NA,NA,238
"Jaydyn Johnson","TOWSON",37,38.64,"D","LB",2026,"CAA",65.5,65.1,56.7,63.6,0,0,3,0,0,0,0,0,0,0,0,0,0,2,0,0,0,3,2,2,"0","0.00%",0,22,2.25,"9.10%","18.20%",2,13,0,"0.00%",0,0,0,0,0,0,0,0,0,"61.50%",0,0,0,0,0,"0.00%","0.00%","0.00%","0.00%",0,0,"0.00%",8,4,"33.30%",0,3,2,"33.30%",4,0,2,0,0,"0.00%",6,6,0,0,0,"FCS",10,NA,NA,NA,10
"Arturo Mattocks","MORGAN ST",46,38.64,"D","LB",2026,"MEAC",53.9,69.3,56.7,49.6,0,2,1,0,0,1,1,2,0,0,0,0,0,1,0,0,2,1,4,3,"0","33.30%",16.7,8,0,"25.00%","37.50%",2,35,4,"80.00%",59,14.8,0,1,0,0,115.8,1.69,1,"42.90%",0,0,1,2,0,"2.90%","0.00%","20.00%","0.00%",11.8,6.6,"0.00%",0,5,"16.70%",2,1,1,"25.00%",1,2,1,0,0,"0.00%",6,6,0,2,0,"FCS",48,NA,NA,NA,48
"Jaxton Helmstetler","PORTLAND",84,38.6,"D","LB",2026,"Big Sky",44,51.3,72.8,39.2,1,4,1,0,0,0,0,0,0,0,0,0,0,1,0,0,0,9,13,2,"0","0.00%",0,41,2.75,"17.10%","12.20%",7,41,7,"100%",111,15.9,1,4,0,0,158.3,2.71,2,"31.70%",0,6,0,6,0,"4.90%","85.70%","57.10%","0.00%",15.9,2.4,"0.00%",6,8,"27.30%",4,1,1,"14.30%",4,2,1,0,0,"50.00%",11,11,2,0,2,"FCS",39,NA,NA,NA,39
"Ethan Carson","HARVARD",46,38.6,"D","LB",2026,"Ivy",56.6,69.6,65.5,44.8,0,2,2,0,0,0,1,1,1,0,0,0,0,0,0,0,0,4,3,12,"16.70%","8.30%",4.2,13,8.33,"0","0",0,21,4,"80.00%",49,12.3,0,3,0,0,107.5,2.33,1,"66.70%",0,0,0,3,0,"4.80%","0.00%","60.00%","0.00%",9.8,7,"0.00%",1,7,"0.00%",2,2,0,"0.00%",3,1,0,0,0,"0.00%",7,7,1,2,0,"FCS",210,NA,NA,NA,210
"Kennon Loftin","NICHOLLS",36,38.58,"D","LB",2026,"Southland",64.5,59.1,59.1,66.3,0,4,0,0,0,0,0,0,0,0,0,0,0,0,0,0,0,3,3,1,"0","0.00%",0,13,14,"15.40%","7.70%",2,22,2,"100%",11,5.5,0,0,0,0,89.6,0.5,0,"40.90%",0,2,0,1,1,"0.00%","100%","0.00%","0.00%",5.5,2,"0.00%",1,7,"12.50%",4,0,0,"20.00%",1,3,1,0,0,"0.00%",8,8,1,2,0,"FCS",201,NA,NA,NA,201
"Reginald Allen Jr.","TENN MARTN",21,38.37,"D","LB",2026,"Big South - OVC Football Association",68.6,67,55.7,66.8,0,4,1,0,0,0,0,0,0,0,0,0,0,0,0,0,0,1,1,3,"0","0.00%",0,8,5,"12.50%","25.00%",1,10,0,"0.00%",0,0,0,0,0,0,0,0,0,"30.00%",0,0,0,0,0,"0.00%","0.00%","0.00%","0.00%",0,0,"0.00%",8,6,"0.00%",4,0,0,"0.00%",1,3,0,1,0,"0.00%",6,6,1,1,0,"FCS",73,NA,NA,NA,73
"Trevor Barry","NEW HAMP",67,38.22,"D","LB",2026,"CAA",54,62.3,54.9,54.2,0,4,4,0,0,0,0,0,0,0,0,0,0,1,0,0,0,9,7,4,"0","0.00%",0,41,4.6,"12.20%","9.80%",5,22,1,"100%",13,13,1,1,0,0,158.3,0.59,0,"63.60%",0,0,0,2,1,"0.00%","0.00%","100%","0.00%",13,19,"0.00%",42,10,"23.10%",4,3,1,"18.20%",5,4,2,1,0,"50.00%",12,13,0,1,1,"FCS",184,NA,NA,NA,184
"Kyle Vocque","CENT ARK",45,38.19,"D","LB",2026,"United Athletic",65.6,73.9,76.3,52.1,1,1,1,0,0,1,3,4,0,0,0,0,0,0,0,1,2,4,3,4,"25.00%","25.00%",12.5,20,6.33,"0","5.00%",0,21,2,"100%",22,11,0,1,0,0,112.5,1.05,0,"61.90%",0,0,0,3,2,"0.00%","0.00%","50.00%","0.00%",11,1.5,"0.00%",51,5,"28.60%",1,0,0,"0.00%",3,1,0,1,0,"66.70%",7,7,0,1,2,"FCS",193,NA,NA,NA,193
"Rajahn Cooper","MERRIMACK",35,37.89,"D","LB",2026,"IND (FCS)",60.1,70.8,59.3,51.4,0,2,0,0,0,1,0,1,0,0,0,0,0,0,0,1,0,1,3,2,"0","50.00%",25,18,13,"5.60%","11.10%",1,15,2,"100%",66,33,0,2,0,0,118.8,4.4,1,"33.30%",0,0,0,2,0,"6.70%","0.00%","100%","0.00%",33,5,"0.00%",5,4,"20.00%",2,0,0,"0.00%",1,2,0,0,0,"50.00%",5,5,0,1,1,"FCS",49,NA,NA,NA,49
"Kyle Elphick","STETSON",20,37.78,"D","LB",2026,"Pioneer",72.5,75.4,NA,63.4,0,1,1,0,0,0,0,0,0,0,0,0,0,1,0,0,0,1,0,NA,NA,NA,NA,9,0,"0","11.10%",0,11,0,"0.00%",0,0,0,0,0,0,0,0,0,"63.60%",0,0,0,0,0,"0.00%","0.00%","0.00%","0.00%",0,0,"0.00%",11,2,"0.00%",1,1,1,"0.00%",1,1,0,0,0,"0.00%",2,2,0,0,0,"FCS",117,NA,NA,NA,117
"Jesse Schutzman","YALE",59,37.74,"D","LB",2026,"Ivy",63.3,78.6,53,52.1,0,3,0,0,0,0,2,2,0,0,0,0,0,0,0,0,2,3,2,11,"0","18.20%",9.1,26,7,"0","3.90%",0,22,0,"0.00%",0,0,0,0,0,0,39.6,0,0,"72.70%",0,0,1,2,0,"0.00%","0.00%","0.00%","0.00%",0,7,"0.00%",50,6,"0.00%",3,0,0,"0.00%",3,3,0,0,0,"0.00%",6,6,0,0,0,"FCS",106,NA,NA,NA,106
"Shane Hulmes","BUCKNELL",63,37.68,"D","LB",2026,"Patriot",69.5,73.8,46.6,67.8,0,0,1,0,0,0,1,1,0,1,0,0,0,0,0,1,0,6,2,6,"0","16.70%",8.3,34,4.75,"0","2.90%",0,23,3,"60.00%",32,10.7,0,1,0,1,78.8,1.39,1,"60.90%",0,0,1,1,1,"4.30%","0.00%","20.00%","0.00%",6.4,3.8,"20.00%",46,5,"16.70%",0,1,0,"0.00%",4,0,0,0,0,"50.00%",6,6,0,1,1,"FCS",269,NA,NA,NA,269
"Jacob Staton","CENT CT ST",54,37.45,"D","LB",2026,"Northeast",57.4,45.9,55.4,68.5,0,2,2,0,0,0,2,2,0,1,1,0,0,0,0,2,0,4,7,3,"0","0.00%",0,28,2.5,"17.90%","3.60%",5,23,3,"100%",51,17,0,2,1,1,79.2,2.22,1,"34.80%",0,0,0,2,3,"4.30%","0.00%","66.70%","33.30%",17,6.3,"33.30%",23,6,"14.30%",2,1,0,"25.00%",2,1,1,1,0,"0.00%",7,7,1,2,0,"FCS",159,NA,NA,NA,159
"EJ Segrest","NICHOLLS",19,37.26,"D","LB",2026,"Southland",76.5,76.9,NA,65.5,0,2,0,0,0,0,0,0,0,0,0,0,0,0,0,0,0,2,0,NA,NA,NA,NA,9,7.5,"0","22.20%",0,10,0,"0.00%",0,0,0,0,0,0,0,0,0,"50.00%",0,0,0,0,0,"0.00%","0.00%","0.00%","0.00%",0,0,"0.00%",44,5,"0.00%",2,0,0,"0.00%",2,2,0,0,0,"0.00%",5,5,0,1,0,"FCS",278,NA,NA,NA,278
"Sam McCormick","PRINCETON",23,36.81,"D","LB",2026,"Ivy",71.1,61.5,NA,72.3,0,1,2,0,0,0,0,0,0,0,0,0,0,0,0,0,0,4,3,NA,NA,NA,NA,10,2.67,"30.00%","20.00%",3,13,0,"0.00%",0,0,0,0,0,1,39.6,0,0,"53.80%",0,0,1,0,1,"0.00%","0.00%","0.00%","0.00%",0,12,"100%",40,5,"0.00%",1,2,0,"0.00%",3,1,0,0,0,"0.00%",5,5,0,1,0,"FCS",163,NA,NA,NA,163
"Roman Kupu","TXAMEA",16,36.74,"D","LB",2026,"Southland",64.9,64.2,NA,62.1,0,0,3,0,0,0,0,0,0,0,0,0,0,1,0,0,0,4,2,NA,NA,NA,NA,11,2.5,"18.20%","18.20%",2,5,0,"0.00%",0,0,0,0,0,0,39.6,0,0,"60.00%",0,0,1,0,0,"0.00%","0.00%","0.00%","0.00%",0,-1,"0.00%",5,4,"0.00%",0,3,1,"0.00%",4,0,0,0,0,"0.00%",4,4,0,0,0,"FCS",281,NA,NA,NA,281
"Acear Cornish","WAGNER",40,36.62,"D","LB",2026,"Northeast",67.1,80.3,55.5,55.3,0,2,4,0,0,1,0,1,0,0,0,0,0,0,0,0,1,9,5,3,"0","33.30%",16.7,15,2.4,"20.00%","53.30%",3,22,2,"100%",7,3.5,0,0,0,0,81.3,0.32,0,"36.40%",0,2,0,2,0,"0.00%","100%","0.00%","0.00%",3.5,2.5,"0.00%",3,9,"25.00%",2,4,0,"12.50%",5,2,1,0,0,"50.00%",12,12,0,2,2,"FCS",138,NA,NA,NA,138
"Donavan Frederick","NC A&T",43,36.47,"D","LB",2026,"CAA",57.2,71.4,57.1,50.8,0,1,2,0,0,0,0,0,0,0,0,0,0,2,0,0,0,3,4,3,"0","0.00%",0,17,0,"5.90%","5.90%",1,23,3,"100%",33,11,0,0,0,0,112.5,1.43,1,"30.40%",0,0,0,2,1,"4.30%","0.00%","0.00%","0.00%",11,2,"0.00%",9,6,"0.00%",1,1,1,"0.00%",1,1,0,1,1,"0.00%",6,6,0,4,0,"FCS",246,NA,NA,NA,246
"Jameer Dudley","INCAR WORD",27,36.25,"D","LB",2026,"Southland",63,57.4,58.5,65.8,0,2,1,0,0,0,0,0,0,0,0,0,0,1,0,0,0,2,2,2,"0","0.00%",0,11,-2,"9.10%","9.10%",1,14,1,"100%",7,7,0,0,0,0,95.8,0.5,0,"57.10%",0,0,0,1,1,"0.00%","0.00%","0.00%","0.00%",7,3,"0.00%",24,4,"20.00%",2,1,1,"50.00%",1,0,1,0,0,"0.00%",5,5,2,1,0,"FCS",70,NA,NA,NA,70
"LJ Minner Jr.","SE MO ST",52,35.92,"D","LB",2026,"Big South - OVC Football Association",59.6,65.4,66.5,51.8,0,0,3,0,0,0,3,3,0,0,0,0,0,0,0,3,0,5,5,3,"0","0.00%",0,26,3.67,"11.50%","15.40%",3,23,2,"100%",37,18.5,0,2,0,0,118.8,1.61,1,"69.60%",0,0,0,2,1,"4.30%","0.00%","100%","0.00%",18.5,13.5,"0.00%",9,5,"16.70%",0,2,0,"25.00%",3,0,1,1,0,"0.00%",6,6,0,2,0,"FCS",262,NA,NA,NA,262
"Caden True","NEW HAMP",15,35.78,"D","LB",2026,"CAA",77.4,77.9,59.7,61.7,0,2,1,0,0,0,0,0,0,0,0,0,0,0,0,0,0,1,0,1,"0","0.00%",0,11,3.33,"0","18.20%",0,3,0,"0.00%",0,0,0,0,0,0,0,0,0,"66.70%",0,0,0,0,0,"0.00%","0.00%","0.00%","0.00%",0,0,"0.00%",22,5,"0.00%",2,1,0,"0.00%",3,2,0,0,0,"0.00%",5,5,0,0,0,"FCS",227,NA,NA,NA,227
"Connor Cronin","PRINCETON",25,35.76,"D","LB",2026,"Ivy",68.1,57.9,58.5,72.5,0,3,0,0,0,0,0,0,0,0,0,0,0,0,0,0,0,2,2,3,"0","0.00%",0,14,13,"14.30%","7.10%",2,8,1,"100%",3,3,0,0,0,0,79.2,0.38,0,"50.00%",0,0,0,0,1,"0.00%","0.00%","0.00%","0.00%",3,4,"0.00%",2,5,"16.70%",3,0,0,"25.00%",1,2,1,0,0,"0.00%",5,6,1,1,0,"FCS",187,NA,NA,NA,187
"Cullen McShane","S DAK ST",50,35.43,"D","LB",2026,"Missouri Valley",48.6,48.5,74.8,45.3,0,2,2,1,0,0,0,1,1,0,0,0,0,0,0,1,0,2,5,2,"0","0.00%",0,15,4,"13.30%","6.70%",2,33,4,"66.70%",50,12.5,0,2,0,0,92.4,1.52,2,"54.50%",0.5,0,1,3,2,"6.10%","0.00%","33.30%","0.00%",8.3,9.5,"0.00%",5,4,"20.00%",2,1,0,"0.00%",1,0,0,1,0,"25.00%",5,5,2,0,1,"FCS",43,NA,NA,NA,43
"Sam Ofurie","RHODE ISLD",21,34.51,"D","LB",2026,"CAA",76.5,81.4,58.5,62.4,0,2,1,0,0,0,0,0,0,0,0,0,0,0,0,0,0,1,0,2,"0","0.00%",0,14,1,"0","14.30%",0,5,0,"0.00%",0,0,0,0,0,0,0,0,0,"40.00%",0,0,0,0,0,"0.00%","0.00%","0.00%","0.00%",0,0,"0.00%",33,3,"0.00%",2,1,0,"0.00%",1,2,0,0,0,"0.00%",3,3,0,0,0,"FCS",4,NA,NA,NA,4
"Moe Passi","UTAHTC",38,34.26,"D","LB",2026,"Big Sky",62.2,59.2,56.3,65.2,0,2,2,0,0,0,0,0,0,0,0,0,0,0,0,0,0,1,2,4,"0","0.00%",0,20,4.33,"10.00%","10.00%",2,14,0,"0.00%",0,0,0,0,0,0,39.6,0,0,"57.10%",0,0,1,0,0,"0.00%","0.00%","0.00%","0.00%",0,10,"0.00%",28,6,"14.30%",2,2,0,"20.00%",3,1,1,0,0,"0.00%",7,7,1,1,0,"FCS",222,NA,NA,NA,222
"Chidu Bekee","W GEORGIA",28,34.19,"D","LB",2026,"United Athletic",73.2,74.9,56.9,65.1,0,2,0,0,0,0,0,0,0,0,0,0,0,0,0,0,0,3,0,2,"0","0.00%",0,15,3,"0","0",0,11,0,"0.00%",0,0,0,0,0,0,0,0,0,"36.40%",0,0,0,0,0,"0.00%","0.00%","0.00%","0.00%",0,0,"0.00%",3,6,"0.00%",2,0,0,"0.00%",3,2,0,0,0,"0.00%",6,6,0,1,0,"FCS",154,NA,NA,NA,154
"Micah McNair","INDIANA ST",16,34.09,"D","LB",2026,"Missouri Valley",80.2,48.8,58.8,89.8,0,0,2,0,0,0,0,0,0,1,0,0,0,1,0,0,0,2,1,1,"0","0.00%",0,5,0,"20.00%","0",1,10,2,"66.70%",6,3,0,0,0,1,70.1,0.6,0,"80.00%",0,0,0,0,3,"0.00%","0.00%","0.00%","0.00%",2,2.7,"33.30%",16,2,"0.00%",0,0,0,"0.00%",0,0,0,2,1,"0.00%",2,2,0,2,0,"FCS",232,NA,NA,NA,232
"Alex Broshears","S ILLINOIS",17,33.96,"D","LB",2026,"Missouri Valley",77.1,72.1,59.4,70.1,0,0,1,0,0,0,0,0,0,0,0,0,0,0,0,0,0,0,0,1,"0","0.00%",0,10,4.5,"0","10.00%",0,6,0,"0.00%",0,0,0,0,0,0,39.6,0,0,"50.00%",0,0,1,0,1,"0.00%","0.00%","0.00%","0.00%",0,-3,"0.00%",35,2,"0.00%",0,1,0,"0.00%",2,0,0,0,0,"0.00%",2,2,0,0,0,"FCS",237,NA,NA,NA,237
"William Parton","LEHIGH",58,33.92,"D","LB",2026,"Patriot",61.6,73.2,61,58,0,1,4,0,0,0,0,0,1,0,0,0,0,0,0,0,0,9,4,6,"16.70%","0.00%",0,24,3.43,"8.30%","12.50%",2,28,1,"100%",7,7,0,0,0,0,95.8,0.25,0,"57.10%",0,0,0,2,0,"0.00%","0.00%","0.00%","0.00%",7,6,"0.00%",10,9,"18.20%",1,3,0,"20.00%",7,1,2,1,0,"0.00%",11,11,0,1,0,"FCS",66,NA,NA,NA,66
"Eli Ennis","STF AUSTIN",46,33.81,"D","LB",2026,"Southland",69,63.2,56.1,70.5,0,3,3,0,0,0,0,0,0,0,0,0,0,0,0,0,0,2,1,3,"0","0.00%",0,18,4,"5.60%","0",1,25,0,"0.00%",0,0,0,0,0,0,0,0,0,"72.00%",0,0,0,0,1,"0.00%","0.00%","0.00%","0.00%",0,0,"0.00%",4,6,"14.30%",3,1,0,"20.00%",1,3,1,2,0,"0.00%",7,7,0,2,0,"FCS",31,NA,NA,NA,31
"Tango McCauley Jr.","N ALABAMA",30,33.46,"D","LB",2026,"United Athletic",64.2,64.1,82.2,50.4,0,1,0,0,0,0,4,4,0,0,0,0,0,0,0,0,1,0,3,7,"42.90%","57.10%",28.6,5,0,"0","0",0,17,1,"50.00%",4,4,0,0,0,0,56.3,0.24,0,"82.30%",0,0,1,2,0,"0.00%","0.00%","0.00%","0.00%",2,7.5,"0.00%",1,1,"50.00%",1,0,0,"0.00%",0,0,0,0,0,"50.00%",2,2,1,0,1,"FCS",216,NA,NA,NA,216
"Sonny Vitale","TXAMEA",22,33.46,"D","LB",2026,"Southland",66.9,67.3,59.7,61.5,0,0,3,0,0,0,0,0,0,0,0,0,0,1,0,0,0,7,2,1,"0","0.00%",0,15,2.33,"13.30%","20.00%",2,6,0,"0.00%",0,0,0,0,0,0,0,0,0,"50.00%",0,0,0,0,0,"0.00%","0.00%","0.00%","0.00%",0,0,"0.00%",36,6,"25.00%",0,3,1,"25.00%",6,0,2,0,0,"0.00%",8,8,0,0,0,"FCS",280,NA,NA,NA,280
"Mike Hastie","MORGAN ST",22,33.39,"D","LB",2026,"MEAC",58.2,63.3,62.2,63,0,0,1,1,0,0,1,2,0,0,0,0,0,0,0,1,1,3,1,9,"0","11.10%",5.6,3,8,"0","0",0,10,1,"100%",9,9,0,0,0,0,104.2,0.9,0,"70.00%",0.5,0,0,0,1,"0.00%","0.00%","0.00%","0.00%",9,5,"0.00%",11,2,"0.00%",0,0,0,"0.00%",1,0,0,1,0,"0.00%",2,2,0,0,0,"FCS",200,NA,NA,NA,200
"Cain Wallner","S DAKOTA",46,33.14,"D","LB",2026,"Missouri Valley",65.5,80,57.5,48.8,0,2,1,0,0,0,0,0,0,0,0,0,0,0,0,0,0,1,2,2,"0","0.00%",0,26,8.25,"0","3.90%",0,18,3,"100%",26,8.7,0,2,0,0,102.8,1.44,1,"38.90%",0,0,0,2,0,"5.60%","0.00%","66.70%","0.00%",8.7,2,"0.00%",11,6,"0.00%",2,1,0,"0.00%",4,2,0,0,0,"0.00%",6,6,0,0,0,"FCS",236,NA,NA,NA,236
"Brylan Jordan","TENN MARTN",60,33,"D","LB",2026,"Big South - OVC Football Association",59.2,69.7,64.2,46.9,0,3,3,0,0,0,1,1,0,0,0,0,0,0,0,0,0,7,4,7,"14.30%","14.30%",7.1,30,4,"3.30%","3.30%",1,23,3,"100%",34,11.3,0,2,0,0,113.9,1.48,1,"47.80%",0,0,0,3,0,"4.30%","0.00%","66.70%","0.00%",11.3,11,"0.00%",20,7,"12.50%",3,2,0,"14.30%",3,3,1,1,0,"0.00%",8,8,0,1,0,"FCS",265,NA,NA,NA,265
"Malik Brown","TENN MARTN",28,32.87,"D","LB",2026,"Big South - OVC Football Association",73.4,75.9,57.2,NA,0,2,2,0,0,0,0,0,0,0,0,1,0,0,0,0,0,2,2,11,"0","0.00%",0,17,2,"11.80%","17.60%",2,NA,NA,NA,NA,NA,NA,NA,NA,NA,NA,NA,NA,NA,NA,NA,NA,NA,NA,NA,NA,NA,NA,NA,NA,NA,43,4,"20.00%",2,2,0,"20.00%",2,2,1,0,0,"0.00%",5,5,0,0,0,"FCS",261,NA,NA,NA,261
"Vincent Busa","STHLSK",18,32.5,"D","LB",2026,"Northeast",65.4,65.4,80.9,53.7,0,0,1,0,0,0,2,2,1,0,0,0,0,0,0,0,1,0,2,1,"100%","100%",50,4,0,"0","0",0,13,2,"100%",11,5.5,0,1,0,0,89.6,0.85,0,"53.80%",0,0,0,2,2,"0.00%","0.00%","50.00%","0.00%",5.5,1,"0.00%",36,1,"0.00%",0,0,0,"0.00%",0,0,0,1,0,"0.00%",1,1,0,1,0,"FCS",218,NA,NA,NA,218
"Adrian Bowers","CHISTA",53,32.47,"D","LB",2026,"IND (FCS)",63.7,61.3,60.5,64.6,0,0,2,0,0,1,0,1,0,0,0,0,0,1,0,0,1,6,2,10,"0","0.00%",0,34,3.4,"5.90%","5.90%",2,9,0,"0.00%",0,0,0,0,0,0,0,0,0,"66.70%",0,0,0,0,1,"0.00%","0.00%","0.00%","0.00%",0,0,"0.00%",17,6,"33.30%",0,2,1,"37.50%",5,0,3,0,0,"0.00%",9,9,0,1,0,"FCS",295,NA,NA,NA,295
"Seth Hampton","TOWSON",26,32.35,"D","LB",2026,"CAA",59.9,75,58,56.5,0,0,2,0,0,0,0,0,0,0,0,0,0,0,0,0,0,4,3,2,"0","0.00%",0,15,11.75,"13.30%","13.30%",2,9,2,"100%",14,7,0,1,0,0,95.8,1.56,0,"22.20%",0,0,0,1,0,"0.00%","0.00%","50.00%","0.00%",7,1.5,"0.00%",10,6,"0.00%",0,2,0,"0.00%",4,0,0,0,0,"0.00%",6,6,0,2,0,"FCS",51,NA,NA,NA,51
"Gary Seidenberger","STF AUSTIN",20,32.25,"D","LB",2026,"Southland",74,75,NA,62,0,1,0,0,0,0,0,0,0,0,0,0,0,0,0,0,0,2,0,NA,NA,NA,NA,16,6.5,"0","6.30%",0,4,0,"0.00%",0,0,0,0,0,0,0,0,0,"100%",0,0,0,0,0,"0.00%","0.00%","0.00%","0.00%",0,0,"0.00%",5,3,"0.00%",1,0,0,"0.00%",2,1,0,0,0,"0.00%",3,3,0,0,0,"FCS",273,NA,NA,NA,273
"Brendan Leal","WAGNER",52,31.99,"D","LB",2026,"Northeast",65.8,65.9,53.7,66.9,0,1,4,0,0,0,0,0,0,0,0,0,0,0,0,0,0,5,4,10,"0","0.00%",0,21,4,"19.10%","19.10%",4,21,0,"0.00%",0,0,0,0,0,0,0,0,0,"33.30%",0,0,0,0,0,"0.00%","0.00%","0.00%","0.00%",0,0,"0.00%",4,8,"11.10%",1,4,0,"12.50%",6,1,1,0,0,"0.00%",9,9,0,1,0,"FCS",139,NA,NA,NA,139
"Ryan McKinnis","W CAROLINA",22,31.84,"D","LB",2026,"Southern",63.9,71,NA,57.8,0,1,1,0,0,0,0,0,0,0,0,0,0,1,0,0,0,2,1,NA,NA,NA,NA,10,0,"0","10.00%",0,12,2,"100%",5,2.5,0,0,0,0,79.2,0.42,0,"66.70%",0,0,0,1,0,"0.00%","0.00%","0.00%","0.00%",2.5,-3.5,"0.00%",8,2,"33.30%",1,1,1,"0.00%",1,0,0,0,0,"50.00%",3,3,1,0,1,"FCS",82,NA,NA,NA,82
"DeShaun Malone","CHISTA",45,31.75,"D","LB",2026,"IND (FCS)",66.4,64.3,56.2,67.1,0,2,1,0,0,0,0,0,0,0,0,0,0,0,0,0,0,2,1,6,"0","0.00%",0,27,1,"3.70%","3.70%",1,12,1,"100%",7,7,0,0,0,0,95.8,0.58,0,"83.30%",0,0,0,0,0,"0.00%","0.00%","0.00%","0.00%",7,-2,"0.00%",20,4,"0.00%",2,1,0,"0.00%",1,1,0,0,0,"0.00%",4,4,1,1,0,"FCS",296,NA,NA,NA,296
"Charlie Diedrich","NICHOLLS",20,31.58,"D","LB",2026,"Southland",75.4,74.2,NA,61.2,0,1,1,0,0,0,0,0,0,0,0,0,0,0,0,0,0,1,0,NA,NA,NA,NA,17,5,"0","11.80%",0,3,0,"0.00%",0,0,0,0,0,0,0,0,0,"66.70%",0,0,0,0,0,"0.00%","0.00%","0.00%","0.00%",0,0,"0.00%",41,3,"0.00%",1,1,0,"0.00%",2,1,0,0,0,"0.00%",3,3,0,0,0,"FCS",290,NA,NA,NA,290
"Jace Ward","PRVIEW A&M",39,31.52,"D","LB",2026,"SWAC",48.5,45.8,65.8,52.7,0,1,2,1,0,0,2,3,0,0,0,0,0,0,0,0,2,4,6,4,"25.00%","50.00%",37.5,20,6.5,"25.00%","0",5,15,1,"100%",45,45,0,1,0,0,118.8,3,1,"53.30%",0,0,0,1,0,"6.70%","0.00%","100%","0.00%",45,13,"0.00%",3,6,"14.30%",1,0,0,"25.00%",2,1,1,2,0,"0.00%",7,7,0,2,0,"FCS",69,NA,NA,NA,69
"Derek Hite","ELON",39,31.47,"D","LB",2026,"CAA",63.1,73.9,60,54.2,0,3,2,0,0,0,0,0,0,0,0,0,0,0,0,0,0,3,3,1,"0","0.00%",0,18,4.5,"5.60%","11.10%",1,20,2,"100%",14,7,0,1,0,0,95.8,0.7,0,"50.00%",0,0,0,2,0,"0.00%","0.00%","50.00%","0.00%",7,1.5,"0.00%",21,6,"25.00%",3,1,0,"0.00%",2,2,0,1,0,"50.00%",8,8,1,1,2,"FCS",257,NA,NA,NA,257
"Gerard Culotta","TARLETON",41,31.32,"D","LB",2026,"United Athletic",70.5,71.1,58.6,65,0,1,2,0,0,0,0,0,0,0,0,0,0,0,0,0,0,2,0,2,"0","0.00%",0,22,3,"0","4.50%",0,17,0,"0.00%",0,0,0,0,0,0,0,0,0,"52.90%",0,0,0,0,0,"0.00%","0.00%","0.00%","0.00%",0,0,"0.00%",33,3,"0.00%",1,2,0,"0.00%",2,1,0,0,0,"0.00%",3,3,0,0,0,"FCS",294,NA,NA,NA,294
"Cruz Hepburn","IDAHO",56,31.2,"D","LB",2026,"Big Sky",59.9,58.6,59.2,60.9,0,1,3,0,0,0,0,0,0,0,0,0,0,0,0,0,0,7,6,1,"0","0.00%",0,34,4,"11.80%","5.90%",4,21,4,"100%",44,11,0,2,0,0,112.5,2.1,1,"38.10%",0,0,0,2,1,"4.80%","0.00%","50.00%","0.00%",11,2.8,"0.00%",44,9,"0.00%",1,2,0,"0.00%",3,1,0,1,0,"0.00%",9,9,0,5,0,"FCS",142,NA,NA,NA,142
"Owen Johnson","HARVARD",22,31.12,"D","LB",2026,"Ivy",64.1,67.7,56.2,61.5,0,1,1,0,0,0,0,0,0,0,0,0,0,0,0,0,0,1,1,6,"0","0.00%",0,6,0,"0","16.70%",0,10,0,"0.00%",0,0,0,0,0,0,39.6,0,0,"90.00%",0,0,1,1,1,"0.00%","0.00%","0.00%","0.00%",0,23,"0.00%",30,2,"0.00%",1,0,0,"0.00%",0,1,0,1,0,"0.00%",2,2,0,1,0,"FCS",101,NA,NA,NA,101
"Jabrelle Asberry","INCAR WORD",35,30.99,"D","LB",2026,"Southland",73.5,63.2,NA,74.2,0,1,1,0,0,0,0,0,0,1,0,0,0,0,0,0,0,1,2,NA,NA,NA,NA,16,1,"12.50%","6.30%",2,19,0,"0.00%",0,0,0,0,0,1,0,0,0,"57.90%",0,0,0,0,1,"0.00%","0.00%","0.00%","0.00%",0,0,"0.00%",22,2,"0.00%",1,1,0,"0.00%",1,1,0,0,0,"0.00%",2,2,0,0,0,"FCS",214,NA,NA,NA,214
"Charles Whelpley","S ILLINOIS",31,30.88,"D","LB",2026,"Missouri Valley",58.5,67.1,64.6,52.2,0,2,0,0,0,0,1,1,0,0,0,0,0,0,0,0,0,3,2,5,"20.00%","20.00%",10,12,0,"0","0",0,14,3,"100%",48,16,0,2,0,0,118.8,3.43,2,"35.70%",0,0,0,2,0,"14.30%","0.00%","66.70%","0.00%",16,7.7,"0.00%",15,3,"25.00%",2,0,0,"0.00%",0,1,0,0,0,"33.30%",4,4,1,1,1,"FCS",168,NA,NA,NA,168
"Lucas Naquin","W GEORGIA",15,30.7,"D","LB",2026,"United Athletic",70.4,67.7,NA,64.4,0,1,1,0,0,0,0,0,0,0,0,0,0,0,0,0,0,1,0,NA,NA,NA,NA,9,3,"0","0",0,6,0,"0.00%",0,0,0,0,0,0,0,0,0,"0.00%",0,0,0,0,0,"0.00%","0.00%","0.00%","0.00%",0,0,"0.00%",39,2,"0.00%",1,1,0,"0.00%",1,0,0,0,0,"0.00%",2,2,1,0,0,"FCS",245,NA,NA,NA,245
"Andrew Ruffin","W GEORGIA",25,30.7,"D","LB",2026,"United Athletic",71.6,69.7,60,66.3,0,1,1,0,0,0,0,0,0,0,0,0,0,0,0,0,0,3,0,1,"0","0.00%",0,14,1,"0","0",0,10,0,"0.00%",0,0,0,0,0,0,0,0,0,"50.00%",0,0,0,0,0,"0.00%","0.00%","0.00%","0.00%",0,0,"0.00%",14,4,"0.00%",1,1,0,"0.00%",1,1,0,0,0,"0.00%",4,4,0,2,0,"FCS",259,NA,NA,NA,259
"Terrelle Elmore","SE MO ST",19,30.47,"D","LB",2026,"Big South - OVC Football Association",64,63.8,56.2,63.5,0,1,0,0,0,0,0,0,0,0,0,0,0,0,0,0,0,1,0,5,"0","0.00%",0,11,10,"0","0",0,3,0,"0.00%",0,0,0,0,0,0,0,0,0,"100%",0,0,0,0,0,"0.00%","0.00%","0.00%","0.00%",0,0,"0.00%",21,2,"0.00%",1,0,0,"0.00%",1,0,0,0,0,"0.00%",2,2,1,0,0,"FCS",123,NA,NA,NA,123
"Troy Bean","CAL POLY",41,30.29,"D","LB",2026,"Big Sky",69.4,75.7,53.2,65.2,0,0,2,0,0,0,0,0,0,0,0,0,0,0,0,0,0,3,0,5,"0","0.00%",0,22,2.67,"0","9.10%",0,14,0,"0.00%",0,0,0,0,0,0,0,0,0,"35.70%",0,0,0,0,0,"0.00%","0.00%","0.00%","0.00%",0,0,"0.00%",2,3,"0.00%",0,2,0,"0.00%",3,0,0,0,0,"0.00%",3,3,0,0,0,"FCS",52,NA,NA,NA,52
"Ja'Wuan Nickson","E ILLINOIS",56,30.21,"D","LB",2026,"Big South - OVC Football Association",52.1,33.7,76.4,63.3,0,2,1,0,0,2,0,2,1,0,0,0,0,1,0,0,2,2,8,9,"11.10%","22.20%",11.1,28,2.5,"25.00%","10.70%",7,19,1,"50.00%",6,6,0,1,0,0,56.3,0.32,0,"31.60%",0,0,1,1,1,"0.00%","0.00%","50.00%","0.00%",3,3.5,"0.00%",5,4,"33.30%",2,1,1,"20.00%",2,2,1,0,0,"100%",6,6,0,0,1,"FCS",208,NA,NA,NA,208
"Ryker Jones","PRINCETON",26,30.18,"D","LB",2026,"Ivy",55.9,54.8,60,54,0,3,2,0,0,0,1,1,0,0,0,0,0,1,0,1,0,4,4,1,"0","100%",50,20,3,"15.00%","5.00%",3,5,1,"100%",3,3,0,0,0,0,79.2,0.6,0,"20.00%",0,0,0,1,0,"0.00%","0.00%","0.00%","0.00%",3,3,"0.00%",10,5,"28.60%",3,1,0,"25.00%",1,2,1,1,1,"33.30%",7,7,1,1,1,"FCS",162,NA,NA,NA,162
"Mafileo Tupou","E ILLINOIS",60,30.04,"D","LB",2026,"Big South - OVC Football Association",68,67.3,56.9,66.3,0,0,1,0,0,0,0,0,0,0,0,0,0,0,0,0,0,5,2,4,"0","0.00%",0,34,7.67,"5.90%","8.80%",2,22,0,"0.00%",0,0,0,0,0,0,0,0,0,"45.50%",0,0,0,0,0,"0.00%","0.00%","0.00%","0.00%",0,0,"0.00%",19,7,"12.50%",0,1,0,"14.30%",6,0,1,0,0,"0.00%",8,8,0,1,0,"FCS",266,NA,NA,NA,266
"Harrison McKinley","PRVIEW A&M",53,30.03,"D","LB",2026,"SWAC",61.5,61.2,56.4,61.8,0,0,0,0,0,0,0,0,0,0,0,0,0,0,0,0,0,1,3,3,"0","0.00%",0,26,18,"7.70%","0",2,24,1,"50.00%",6,6,0,0,0,0,56.3,0.25,0,"75.00%",0,0,1,1,0,"0.00%","0.00%","0.00%","0.00%",3,6.5,"0.00%",18,2,"0.00%",0,0,0,"0.00%",2,0,0,0,0,"0.00%",2,2,0,0,0,"FCS",284,NA,NA,NA,284
"Ryder Bordner","IDAHO",17,29.93,"D","LB",2026,"Big Sky",64.5,71.6,66.7,54.9,0,1,1,0,0,0,1,1,0,0,0,0,0,0,0,0,0,1,1,2,"50.00%","50.00%",25,13,1,"0","7.70%",0,2,0,"0.00%",0,0,0,0,0,0,0,0,0,"50.00%",0,0,0,1,0,"0.00%","0.00%","0.00%","0.00%",0,0,"0.00%",42,2,"0.00%",1,1,0,"0.00%",1,1,0,0,0,"0.00%",2,2,0,0,0,"FCS",83,NA,NA,NA,83
"Curtis Whiting","SACR HEART",21,29.89,"D","LB",2026,"CAA",65.9,66.7,60,63.2,0,0,0,0,0,0,0,0,0,0,0,0,0,0,0,0,0,2,0,1,"0","0.00%",0,14,8,"0","0",0,6,0,"0.00%",0,0,0,0,0,0,39.6,0,0,"50.00%",0,0,1,0,0,"0.00%","0.00%","0.00%","0.00%",0,10,"0.00%",2,1,"0.00%",0,0,0,"0.00%",1,0,0,0,0,"0.00%",1,1,0,0,0,"FCS",33,NA,NA,NA,33
"Geno Calgaro","STNY BROOK",29,29.75,"D","LB",2026,"CAA",73.7,76.8,60,63.9,0,1,0,0,0,0,0,0,0,0,0,0,0,0,0,0,0,0,0,1,"0","0.00%",0,15,0,"0","6.70%",0,13,0,"0.00%",0,0,0,0,0,0,0,0,0,"76.90%",0,0,0,0,0,"0.00%","0.00%","0.00%","0.00%",0,0,"0.00%",20,1,"0.00%",1,0,0,"0.00%",0,1,0,0,0,"0.00%",1,1,0,0,0,"FCS",136,NA,NA,NA,136
"Ben Kumpon","TOWSON",38,29.74,"D","LB",2026,"CAA",59,65.8,64.5,47.7,0,2,1,0,0,0,2,2,0,0,0,0,0,0,0,0,1,4,3,4,"25.00%","50.00%",25,22,3,"9.10%","13.60%",2,12,0,"0.00%",0,0,0,0,0,0,39.6,0,0,"66.70%",0,0,1,1,0,"0.00%","0.00%","0.00%","0.00%",0,23,"0.00%",0,4,"33.30%",2,1,0,"33.30%",2,2,2,0,0,"0.00%",6,6,0,0,0,"FCS",221,NA,NA,NA,221
"Jordan Okoye","SE LA",25,29.66,"D","LB",2026,"Southland",63.7,55,NA,66.9,0,2,1,0,0,0,0,0,0,0,0,0,0,0,0,0,0,2,2,NA,NA,NA,NA,11,5,"18.20%","0",2,10,2,"100%",8,4,0,0,0,0,83.3,0.8,0,"50.00%",0,0,0,0,0,"0.00%","0.00%","0.00%","0.00%",4,0.5,"0.00%",10,4,"0.00%",2,0,0,"0.00%",1,1,0,1,0,"0.00%",4,4,1,1,0,"FCS",68,NA,NA,NA,68
"Kasai Jones","NICHOLLS",39,29.4,"D","LB",2026,"Southland",48.9,52,53.7,51.9,0,2,2,0,0,0,0,0,0,0,0,0,0,0,0,0,0,3,6,4,"0","0.00%",0,13,1,"23.10%","7.70%",3,22,3,"75.00%",73,24.3,1,2,0,0,156.3,3.32,2,"40.90%",0,4,1,3,0,"9.10%","100%","50.00%","0.00%",18.3,3.8,"0.00%",21,4,"20.00%",2,1,0,"0.00%",1,1,0,1,0,"33.30%",5,5,1,1,1,"FCS",277,NA,NA,NA,277
"Ethan Boll","N DAKOTA",65,29.17,"D","LB",2026,"Missouri Valley",70.4,74,55.1,62.1,0,4,2,0,0,0,0,0,0,0,0,0,0,0,0,0,0,3,5,3,"0","0.00%",0,40,1.5,"10.00%","17.50%",4,22,1,"100%",5,5,0,0,0,0,87.5,0.23,0,"50.00%",0,0,0,1,0,"0.00%","0.00%","0.00%","0.00%",5,3,"0.00%",11,6,"45.50%",4,2,0,"44.40%",2,3,4,0,0,"50.00%",11,11,1,0,1,"FCS",92,NA,NA,NA,92
"Nio Espinoza","ILL STATE",26,28.7,"D","LB",2026,"Missouri Valley",57.4,49.7,54.8,73.4,0,0,3,0,0,0,0,0,0,0,0,0,0,1,0,0,0,2,2,8,"0","0.00%",0,12,-3,"16.70%","0",2,6,1,"100%",1,1,0,0,0,0,79.2,0.17,0,"66.70%",0,0,0,0,1,"0.00%","0.00%","0.00%","0.00%",1,1,"0.00%",22,4,"0.00%",0,1,1,"0.00%",1,0,0,2,0,"0.00%",4,4,0,3,0,"FCS",213,NA,NA,NA,213
"Malaki Te'o","N ARIZONA",20,28.25,"D","LB",2026,"Big Sky",65.5,54.6,71.8,65.6,0,2,1,1,0,0,0,1,0,0,0,0,0,0,0,0,0,3,1,NA,NA,NA,NA,9,0,"11.10%","0",1,11,0,"0.00%",0,0,0,0,0,0,0,0,0,"81.80%",0,0,0,0,1,"0.00%","0.00%","0.00%","0.00%",0,0,"0.00%",28,4,"20.00%",2,0,0,"33.30%",0,2,1,1,0,"0.00%",5,5,0,1,0,"FCS",76,NA,NA,NA,76
"Xavier Ahrens","MONTANA ST",67,28.09,"D","LB",2026,"Big Sky",58.9,54.7,56.2,62.4,0,1,1,0,0,0,0,0,0,0,0,0,0,1,0,0,0,2,6,3,"0","0.00%",0,28,5,"17.90%","7.10%",5,36,1,"100%",6,6,0,0,0,0,91.7,0.17,0,"52.80%",0,0,0,1,0,"0.00%","0.00%","0.00%","0.00%",6,2,"0.00%",43,5,"16.70%",1,1,1,"25.00%",2,1,1,0,0,"0.00%",6,6,0,2,0,"FCS",215,NA,NA,NA,215
"Jamaal Purefoy-Thaxton","NC A&T",31,28.04,"D","LB",2026,"CAA",64.1,59.3,59.8,65.5,0,0,1,0,0,0,0,0,0,0,0,0,0,1,0,0,0,1,1,2,"0","0.00%",0,13,-2,"7.70%","7.70%",1,16,0,"0.00%",0,0,0,0,0,0,0,0,0,"31.30%",0,0,0,0,0,"0.00%","0.00%","0.00%","0.00%",0,0,"0.00%",20,1,"0.00%",0,1,1,"0.00%",1,0,0,0,0,"0.00%",1,1,0,0,0,"FCS",217,NA,NA,NA,217
"Ben Fiegel","S ILLINOIS",48,27.98,"D","LB",2026,"Missouri Valley",51.8,66.4,NA,45.3,0,2,2,0,0,1,0,1,0,0,0,0,0,0,0,0,1,3,6,NA,NA,NA,NA,18,4.67,"11.10%","11.10%",2,30,2,"100%",21,10.5,0,1,0,0,110.4,0.7,1,"36.70%",0,0,0,4,0,"3.30%","0.00%","50.00%","0.00%",10.5,2.5,"0.00%",45,6,"14.30%",2,2,0,"0.00%",3,1,0,0,0,"33.30%",7,7,1,1,1,"FCS",133,NA,NA,NA,133
"Noah Williams","E ILLINOIS",23,27.76,"D","LB",2026,"Big South - OVC Football Association",66.2,64,58.3,65.4,0,2,0,0,0,0,0,0,0,0,0,0,0,0,0,0,0,0,0,2,"0","0.00%",0,15,0,"0","0",0,6,1,"100%",0,0,0,0,0,0,79.2,0,0,"66.70%",0,0,0,0,0,"0.00%","0.00%","0.00%","0.00%",0,0,"0.00%",11,2,"0.00%",2,0,0,"0.00%",0,1,0,0,0,"0.00%",2,2,1,0,0,"FCS",209,NA,NA,NA,209
"Jaylen Dawson","FORDHAM",25,27.65,"D","LB",2026,"Patriot",54.8,69.2,59.1,49.3,0,1,1,0,0,0,0,0,0,0,0,0,0,0,0,0,0,2,2,1,"0","0.00%",0,10,4.5,"0","0",0,14,2,"66.70%",29,14.5,0,2,0,0,97.9,2.07,1,"64.30%",0,0,1,2,0,"7.10%","0.00%","66.70%","0.00%",9.7,1.3,"0.00%",32,3,"25.00%",1,1,0,"0.00%",2,0,0,0,0,"50.00%",4,4,1,0,1,"FCS",177,NA,NA,NA,177
"Brandon Biagiarelli","BUCKNELL",68,27.56,"D","LB",2026,"Patriot",64.2,74.9,58.6,49.5,0,0,3,0,0,0,1,1,0,0,0,0,0,0,0,0,0,6,3,17,"5.90%","5.90%",2.9,35,2,"2.90%","11.40%",1,16,2,"66.70%",16,8,0,1,0,0,79.9,1,0,"56.30%",0,0,1,2,0,"0.00%","0.00%","33.30%","0.00%",5.3,3.7,"0.00%",10,5,"16.70%",0,3,0,"0.00%",5,0,0,0,0,"100%",6,6,0,0,1,"FCS",161,NA,NA,NA,161
"Nico Pate","DUQUESNE",55,27.51,"D","LB",2026,"Northeast",54.5,55.7,66,52.4,1,1,1,0,0,0,0,0,0,0,0,0,0,0,0,0,0,4,5,5,"0","0.00%",0,30,7.6,"10.00%","3.30%",3,20,1,"100%",11,11,1,1,0,0,152.1,0.55,0,"40.00%",0,1,0,2,1,"0.00%","100%","100%","0.00%",11,3,"0.00%",27,7,"0.00%",1,1,0,"0.00%",5,1,0,0,0,"0.00%",7,7,0,1,0,"FCS",18,NA,NA,NA,18
"Cody Pham","GEORGETOWN",46,27.41,"D","LB",2026,"Patriot",58.4,62.7,54.7,57.8,0,0,4,0,0,1,1,2,0,0,0,0,0,0,0,1,1,6,3,4,"0","25.00%",12.5,13,3.33,"15.40%","15.40%",2,29,2,"100%",15,7.5,0,1,0,0,97.9,0.52,0,"41.40%",0,0,0,1,0,"0.00%","0.00%","50.00%","0.00%",7.5,1.5,"0.00%",10,4,"20.00%",0,3,0,"25.00%",3,0,1,1,0,"0.00%",5,5,0,1,0,"FCS",97,NA,NA,NA,97
"Noah Livingston","LIUSHAR",37,27.39,"D","LB",2026,"Northeast",43.6,65.8,50.8,45,0,1,1,0,0,1,0,1,0,0,0,0,0,1,0,1,0,1,2,18,"0","5.60%",2.8,17,-4,"5.90%","5.90%",1,2,0,"0.00%",0,0,0,0,0,0,0,0,0,"50.00%",0,0,0,0,0,"0.00%","0.00%","0.00%","0.00%",0,0,"0.00%",0,2,"0.00%",1,1,1,"0.00%",1,0,0,0,0,"0.00%",2,2,1,0,0,"FCS",140,NA,NA,NA,140
"Joshua Collins","W CAROLINA",31,27.24,"D","LB",2026,"Southern",58.4,59.6,60,58,0,0,0,0,0,0,1,1,0,0,1,0,0,0,0,1,0,3,6,1,"0","0.00%",0,14,9.25,"21.40%","7.10%",3,16,3,"75.00%",32,10.7,0,2,1,0,58.3,2,0,"43.80%",0,0,0,3,1,"0.00%","0.00%","50.00%","25.00%",8,8.3,"0.00%",3,4,"20.00%",0,0,0,"0.00%",4,0,0,0,0,"100%",5,5,0,0,1,"FCS",141,NA,NA,NA,141
"Sean Chester","DARTMOUTH",31,26.98,"D","LB",2026,"Ivy",67.5,45.7,59.1,86.7,0,0,1,0,0,0,0,0,0,1,0,0,0,0,0,0,0,1,3,1,"0","0.00%",0,22,0,"13.60%","0",3,8,1,"100%",5,5,0,0,0,1,87.5,0.63,0,"50.00%",0,0,0,0,2,"0.00%","0.00%","0.00%","0.00%",5,1,"100%",52,2,"0.00%",0,0,0,"0.00%",0,0,0,1,0,"0.00%",2,2,0,2,0,"FCS",194,NA,NA,NA,194
"LaRawn Robinson","CHATTNOOGA",22,26.97,"D","LB",2026,"Southern",60.8,57.2,NA,63.2,0,1,0,0,0,0,0,0,0,0,0,0,0,0,0,0,0,1,1,NA,NA,NA,NA,13,6,"7.70%","0",1,9,1,"50.00%",5,5,0,0,0,0,56.3,0.56,0,"77.80%",0,0,1,0,0,"0.00%","0.00%","0.00%","0.00%",2.5,10,"0.00%",17,2,"0.00%",1,0,0,"0.00%",1,1,0,0,0,"0.00%",2,2,0,0,0,"FCS",258,NA,NA,NA,258
"Dominic Jones","ALBANY",19,26.87,"D","LB",2026,"CAA",61.9,57.4,66.8,60.8,0,0,1,0,0,1,0,1,0,0,0,0,0,0,0,0,0,1,3,2,"50.00%","50.00%",25,15,4,"20.00%","20.00%",3,2,0,"0.00%",0,0,0,0,0,0,0,0,0,"50.00%",0,0,0,0,0,"0.00%","0.00%","0.00%","0.00%",0,0,"0.00%",49,1,"0.00%",0,1,0,"0.00%",1,0,0,0,0,"0.00%",1,1,0,0,0,"FCS",286,NA,NA,NA,286
"Garrett Rogan","VILLANOVA",25,26.85,"D","LB",2026,"Patriot",65.8,67.1,56.3,62.8,0,0,2,0,0,0,0,0,0,0,0,0,0,0,0,0,0,2,1,3,"0","0.00%",0,16,5,"6.30%","12.50%",1,6,0,"0.00%",0,0,0,0,0,0,0,0,0,"83.30%",0,0,0,0,0,"0.00%","0.00%","0.00%","0.00%",0,0,"0.00%",41,2,"0.00%",0,0,0,"0.00%",0,0,0,2,0,"0.00%",2,2,0,2,0,"FCS",30,NA,NA,NA,30
"Andrew Ruppe","PRESBYTERN",77,26.77,"D","LB",2026,"Pioneer",60.7,54.9,55.3,65.6,0,1,3,0,0,0,0,0,0,0,0,0,0,0,0,0,0,7,8,5,"0","0.00%",0,40,3.25,"17.50%","15.00%",7,32,3,"100%",22,7.3,0,1,0,0,97.2,0.69,0,"53.10%",0,0,0,1,0,"0.00%","0.00%","33.30%","0.00%",7.3,5,"0.00%",5,9,"10.00%",1,2,0,"16.70%",4,1,1,1,0,"0.00%",10,10,0,4,0,"FCS",235,NA,NA,NA,235
"Dean Schmitt","STHLSK",17,26.75,"D","LB",2026,"Northeast",61.5,60.4,59.2,62.1,0,3,1,0,0,0,0,0,0,0,0,0,0,0,0,0,0,4,1,1,"0","0.00%",0,11,7,"9.10%","0",1,5,0,"0.00%",0,0,0,0,0,0,0,0,0,"60.00%",0,0,0,0,0,"0.00%","0.00%","0.00%","0.00%",0,0,"0.00%",48,4,"20.00%",3,1,0,"20.00%",1,3,1,0,0,"0.00%",5,5,0,0,0,"FCS",220,NA,NA,NA,220
"Helaman Ofahengaue","UTAHTC",64,26.67,"D","LB",2026,"Big Sky",52.8,52.9,NA,55.2,0,1,2,0,0,0,0,0,0,0,0,0,0,1,0,0,0,5,7,NA,NA,NA,NA,33,5,"15.20%","12.10%",5,31,0,"0.00%",0,0,0,0,0,0,39.6,0,0,"45.20%",0,0,2,2,0,"0.00%","0.00%","0.00%","0.00%",0,7,"0.00%",7,4,"42.90%",1,2,1,"42.90%",3,1,3,0,0,"0.00%",7,7,0,0,0,"FCS",77,NA,NA,NA,77
"Tyson Cooreman","N IOWA",16,26.65,"D","LB",2026,"Missouri Valley",65.9,64.8,NA,62.1,0,1,1,0,0,0,0,0,0,0,0,0,0,0,0,0,0,2,1,NA,NA,NA,NA,11,9,"9.10%","9.10%",1,5,0,"0.00%",0,0,0,0,0,0,0,0,0,"20.00%",0,0,0,0,0,"0.00%","0.00%","0.00%","0.00%",0,0,"0.00%",37,4,"20.00%",1,1,0,"20.00%",3,1,1,0,0,"0.00%",5,5,0,0,0,"FCS",57,NA,NA,NA,57
"Charles Battaglia","CAMPBELL",37,26.57,"D","LB",2026,"CAA",67.1,68.8,56,65.2,0,0,1,0,0,0,0,0,0,0,0,0,0,0,0,0,0,3,1,4,"0","0.00%",0,10,0,"0","0",0,23,2,"100%",19,9.5,0,1,0,0,106.3,0.83,0,"47.80%",0,0,0,1,1,"0.00%","0.00%","50.00%","0.00%",9.5,9.5,"0.00%",33,2,"0.00%",0,0,0,"0.00%",0,0,0,1,0,"0.00%",2,2,0,2,0,"FCS",288,NA,NA,NA,288
"Jayden Brown","MAINE",28,26.45,"D","LB",2026,"CAA",62.8,58.8,59.7,65.5,0,3,0,0,0,0,0,0,0,0,0,0,0,0,0,0,0,2,2,1,"0","0.00%",0,17,5,"11.80%","0",2,10,0,"0.00%",0,0,0,0,0,0,0,0,0,"30.00%",0,0,0,0,0,"0.00%","0.00%","0.00%","0.00%",0,0,"0.00%",18,5,"16.70%",3,0,0,"20.00%",1,3,1,0,0,"0.00%",6,6,0,1,0,"FCS",198,NA,NA,NA,198
"Cameren Dalrymple","NC A&T",22,26.34,"D","LB",2026,"CAA",66.4,67.2,56.8,62.9,0,0,0,0,0,0,0,0,0,0,0,0,0,0,0,0,0,1,0,3,"0","0.00%",0,12,11,"0","0",0,7,0,"0.00%",0,0,0,0,0,0,0,0,0,"42.90%",0,0,0,0,0,"0.00%","0.00%","0.00%","0.00%",0,0,"0.00%",23,1,"0.00%",0,0,0,"0.00%",1,0,0,0,0,"0.00%",1,1,0,0,0,"FCS",7,NA,NA,NA,7
"Lonnie Burt","E ILLINOIS",21,26.24,"D","LB",2026,"Big South - OVC Football Association",49,47.2,59.6,56.7,0,1,0,0,0,0,0,0,0,0,0,0,0,0,0,0,0,2,3,1,"0","0.00%",0,10,12,"20.00%","0",2,10,1,"100%",30,30,0,1,0,0,118.8,3,1,"40.00%",0,0,0,1,0,"10.00%","0.00%","100%","0.00%",30,27,"0.00%",43,3,"25.00%",1,0,0,"50.00%",1,0,1,0,0,"0.00%",4,4,1,1,0,"FCS",234,NA,NA,NA,234
"Alex Fiala","FORDHAM",20,26.23,"D","LB",2026,"Patriot",65,59.7,NA,65.8,0,0,1,0,0,0,0,0,0,0,0,0,0,0,0,0,0,0,1,NA,NA,NA,NA,8,8.5,"12.50%","0",1,12,0,"0.00%",0,0,0,0,0,0,0,0,0,"41.70%",0,0,0,0,0,"0.00%","0.00%","0.00%","0.00%",0,0,"0.00%",38,3,"0.00%",0,1,0,"0.00%",2,0,0,0,0,"0.00%",3,3,0,1,0,"FCS",178,NA,NA,NA,178
"Juju Laguerre","NC CENT",66,26.15,"D","LB",2026,"MEAC",71.7,83.6,55.3,59.8,0,0,1,0,0,0,1,1,0,0,0,1,0,0,0,0,1,3,5,8,"0","12.50%",6.3,31,4,"12.90%","6.50%",4,27,1,"100%",10,10,0,1,0,0,108.3,0.37,0,"55.60%",0,0,0,1,0,"0.00%","0.00%","100%","0.00%",10,5,"0.00%",40,1,"66.70%",0,1,0,"50.00%",1,0,1,0,0,"100%",3,3,0,0,1,"FCS",276,NA,NA,NA,276
"Dylan Torrico","PRINCETON",16,26.01,"D","LB",2026,"Ivy",61.8,69.4,NA,54.2,0,0,0,0,0,0,0,0,0,0,0,0,0,0,0,0,0,3,1,NA,NA,NA,NA,9,4.5,"0","0",0,7,1,"100%",15,15,0,1,0,0,118.8,2.14,1,"28.60%",0,0,0,1,0,"14.30%","0.00%","100%","0.00%",15,12,"0.00%",31,3,"0.00%",0,0,0,"0.00%",2,0,0,0,0,"0.00%",3,3,0,1,0,"FCS",240,NA,NA,NA,240
"Jordyn Stewart","E ILLINOIS",27,26,"D","LB",2026,"Big South - OVC Football Association",55.2,54.7,59.4,58.6,0,1,1,0,0,0,0,0,0,0,0,0,0,1,0,0,0,3,3,1,"0","0.00%",0,15,0,"13.30%","6.70%",2,11,2,"100%",15,7.5,0,1,0,0,97.9,1.36,0,"36.40%",0,0,0,1,0,"0.00%","0.00%","50.00%","0.00%",7.5,2,"0.00%",34,3,"0.00%",1,1,1,"0.00%",1,1,0,0,0,"0.00%",3,3,0,1,0,"FCS",170,NA,NA,NA,170
"Conlee Crossno","MURRAY ST",21,25.97,"D","LB",2026,"Missouri Valley",66,64.6,NA,63,0,0,2,0,0,0,0,0,0,0,0,0,0,0,0,0,0,3,1,NA,NA,NA,NA,16,3,"6.30%","12.50%",1,5,0,"0.00%",0,0,0,0,0,0,0,0,0,"40.00%",0,0,0,0,0,"0.00%","0.00%","0.00%","0.00%",0,0,"0.00%",5,3,"0.00%",0,2,0,"0.00%",3,0,0,0,0,"0.00%",3,3,0,0,0,"FCS",183,NA,NA,NA,183
"Wesley York Jr.","TXAMEA",34,25.84,"D","LB",2026,"Southland",56.8,46.3,63.8,65.5,0,0,1,0,0,0,1,1,0,0,0,0,0,0,0,0,1,2,4,6,"0","16.70%",8.3,17,6.33,"23.50%","0",4,11,0,"0.00%",0,0,0,0,0,0,39.6,0,0,"72.70%",0,0,1,0,0,"0.00%","0.00%","0.00%","0.00%",0,1,"0.00%",13,5,"0.00%",0,0,0,"0.00%",3,0,0,1,0,"0.00%",5,5,0,2,0,"FCS",80,NA,NA,NA,80
"Koby Dickens","TARLETON",16,25.6,"D","LB",2026,"United Athletic",67,68.4,55.4,64.2,0,0,0,0,0,0,0,0,0,0,0,0,0,0,0,0,0,0,0,3,"0","0.00%",0,7,5,"0","0",0,6,0,"0.00%",0,0,0,0,0,0,0,0,0,"50.00%",0,0,0,0,0,"0.00%","0.00%","0.00%","0.00%",0,0,"0.00%",10,2,"0.00%",0,0,0,"0.00%",1,0,0,0,0,"0.00%",2,2,0,1,0,"FCS",182,NA,NA,NA,182
"Mason Kaplan","ILL STATE",31,25.44,"D","LB",2026,"Missouri Valley",58,46.1,69.6,60,0,1,0,0,0,1,1,2,0,0,0,0,0,0,0,1,0,0,3,7,"14.30%","28.60%",14.3,11,0,"18.20%","9.10%",2,13,0,"0.00%",0,0,0,0,0,0,39.6,0,0,"61.50%",0,0,1,1,0,"0.00%","0.00%","0.00%","0.00%",0,4,"0.00%",14,1,"50.00%",1,0,0,"0.00%",0,0,0,0,0,"50.00%",2,2,1,0,1,"FCS",13,NA,NA,NA,13
"Joey Holliday","PENN",28,25.32,"D","LB",2026,"Ivy",60.4,62.5,57.2,NA,0,0,2,0,0,0,1,1,0,0,0,0,0,0,0,0,0,2,1,16,"6.30%","6.30%",3.1,12,4,"8.30%","8.30%",1,NA,NA,NA,NA,NA,NA,NA,NA,NA,NA,NA,NA,NA,NA,NA,NA,NA,NA,NA,NA,NA,NA,NA,NA,NA,2,2,"0.00%",0,2,0,"0.00%",2,0,0,0,0,"0.00%",2,2,0,0,0,"FCS",103,NA,NA,NA,103
"Daimon Jacobs","SACR HEART",42,25.3,"D","LB",2026,"CAA",63.2,56.3,54.8,67.7,0,1,0,0,0,1,0,1,0,0,0,0,0,0,0,0,1,2,1,4,"0","25.00%",12.5,20,0,"5.00%","5.00%",1,18,2,"66.70%",14,7,0,0,0,0,77.1,0.78,0,"66.70%",0,0,1,0,0,"0.00%","0.00%","0.00%","0.00%",4.7,1.3,"0.00%",4,3,"25.00%",1,0,0,"50.00%",0,1,1,0,0,"0.00%",4,4,0,2,0,"FCS",96,NA,NA,NA,96
"Luke Hansen","UTAHTC",24,25.14,"D","LB",2026,"Big Sky",65.3,52,NA,73,0,1,1,0,0,0,0,0,0,0,0,0,0,0,0,0,0,4,3,NA,NA,NA,NA,12,3.33,"25.00%","25.00%",3,12,1,"100%",9,9,0,0,0,0,104.2,0.75,0,"33.30%",0,0,0,0,1,"0.00%","0.00%","0.00%","0.00%",9,-4,"0.00%",18,5,"28.60%",1,0,0,"40.00%",3,0,2,1,0,"0.00%",7,7,1,1,0,"FCS",271,NA,NA,NA,271
"Makai Young","MERRIMACK",21,25.04,"D","LB",2026,"IND (FCS)",66.1,66.7,57.6,63.1,0,0,0,0,0,0,0,0,0,0,0,0,0,0,0,0,0,2,0,3,"0","0.00%",0,11,8,"0","0",0,7,0,"0.00%",0,0,0,0,0,0,0,0,0,"28.60%",0,0,0,0,0,"0.00%","0.00%","0.00%","0.00%",0,0,"0.00%",43,1,"0.00%",0,0,0,"0.00%",1,0,0,0,0,"0.00%",1,1,0,0,0,"FCS",151,NA,NA,NA,151
"Jack Butler","CAMPBELL",20,24.93,"D","LB",2026,"CAA",48.5,60,58,48.5,0,0,2,0,0,0,0,0,0,0,0,0,0,1,0,0,0,2,3,2,"0","0.00%",0,1,0,"0","0",0,17,2,"50.00%",26,13,0,1,0,0,70.8,1.53,0,"58.80%",0,0,2,3,1,"0.00%","0.00%","25.00%","0.00%",6.5,7.8,"0.00%",24,4,"0.00%",0,0,0,"0.00%",0,0,0,2,1,"0.00%",4,4,0,4,0,"FCS",287,NA,NA,NA,287
"LJ Roberts","E WASHGTON",38,24.87,"D","LB",2026,"Big Sky",60.4,63.7,53.3,61,0,0,1,0,0,0,2,2,0,0,0,0,0,0,0,1,0,2,2,5,"20.00%","20.00%",10,11,0,"0","0",0,22,1,"100%",28,28,0,1,0,0,118.8,1.27,1,"36.40%",0,0,0,2,1,"4.50%","0.00%","100%","0.00%",28,11,"0.00%",10,1,"50.00%",0,0,0,"0.00%",0,0,0,1,0,"50.00%",2,2,0,1,1,"FCS",126,NA,NA,NA,126
"Jordan Johnson","GEORGETOWN",22,24.84,"D","LB",2026,"Patriot",58.5,53.1,56.7,64.2,0,1,1,0,0,0,0,0,0,0,0,0,0,0,0,0,0,1,2,3,"0","0.00%",0,7,4,"28.60%","0",2,12,0,"0.00%",0,0,0,0,0,0,39.6,0,0,"33.30%",0,0,2,0,0,"0.00%","0.00%","0.00%","0.00%",0,1,"0.00%",54,2,"0.00%",1,1,0,"0.00%",1,1,0,0,0,"0.00%",2,2,0,0,0,"FCS",230,NA,NA,NA,230
"Santana Miller","ABILENE CH",32,24.61,"D","LB",2026,"United Athletic",56.2,54.8,57,59,0,2,0,0,0,1,0,1,0,0,0,0,0,0,0,1,0,2,3,3,"0","0.00%",0,13,0,"15.40%","0",2,16,1,"100%",2,2,0,0,0,0,79.2,0.13,0,"62.50%",0,0,0,1,0,"0.00%","0.00%","0.00%","0.00%",2,1,"0.00%",32,2,"0.00%",2,0,0,"0.00%",0,1,0,0,0,"0.00%",2,2,1,0,0,"FCS",292,NA,NA,NA,292
"Stephen Henderson","YNGTOWN ST",18,24.58,"D","LB",2026,"Missouri Valley",62.8,62.1,59.3,62.2,0,0,1,0,0,0,0,0,0,0,0,0,0,0,0,0,0,2,1,1,"0","0.00%",0,11,7,"9.10%","0",1,6,0,"0.00%",0,0,0,0,0,0,0,0,0,"66.70%",0,0,0,0,0,"0.00%","0.00%","0.00%","0.00%",0,0,"0.00%",23,2,"0.00%",0,1,0,"0.00%",2,0,0,0,0,"0.00%",2,2,0,0,0,"FCS",131,NA,NA,NA,131
"Logan McCloud","WOFFORD",45,24.44,"D","LB",2026,"Southern",56.7,58.7,59.6,56,0,0,2,0,0,0,0,0,0,0,0,0,0,0,0,0,0,2,4,1,"0","0.00%",0,31,5,"9.70%","0",3,13,1,"100%",24,24,0,1,0,0,118.8,1.85,1,"69.20%",0,0,0,1,0,"7.70%","0.00%","100%","0.00%",24,12,"0.00%",41,2,"0.00%",0,1,0,"0.00%",1,0,0,1,0,"0.00%",2,2,0,1,0,"FCS",224,NA,NA,NA,224
"Chase Martin","CAL POLY",36,24.38,"D","LB",2026,"Big Sky",58.5,60.8,72.6,51,0,1,1,0,0,0,0,0,1,0,0,0,0,0,0,0,0,2,2,4,"25.00%","0.00%",0,21,3.5,"4.80%","4.80%",1,11,1,"100%",11,11,0,1,0,0,112.5,1,0,"27.30%",0,0,0,1,0,"0.00%","0.00%","100%","0.00%",11,6,"0.00%",22,3,"0.00%",1,1,0,"0.00%",2,1,0,0,0,"0.00%",3,3,0,0,0,"FCS",85,NA,NA,NA,85
"Terien George","NC A&T",15,24.27,"D","LB",2026,"CAA",69.2,70.6,57.8,63.3,0,1,0,0,0,0,0,0,0,0,0,0,0,0,0,0,0,0,0,2,"0","0.00%",0,5,0,"0","20.00%",0,8,1,"100%",0,0,0,0,0,0,79.2,0,0,"50.00%",0,0,0,0,0,"0.00%","0.00%","0.00%","0.00%",0,0,"0.00%",0,1,"0.00%",1,0,0,"0.00%",0,1,0,0,0,"0.00%",1,1,0,0,0,"FCS",115,NA,NA,NA,115
"Joel Mireles","GEORGETOWN",17,24.21,"D","LB",2026,"Patriot",71.5,62.6,55.6,72,0,0,1,0,0,0,0,0,0,0,0,0,0,0,0,0,0,0,0,3,"0","0.00%",0,5,0,"0","0",0,9,1,"100%",3,3,0,0,0,0,79.2,0.33,0,"66.70%",0,0,0,0,1,"0.00%","0.00%","0.00%","0.00%",3,-2,"0.00%",21,1,"0.00%",0,0,0,"0.00%",0,0,0,1,0,"0.00%",1,1,0,1,0,"FCS",180,NA,NA,NA,180
"Blue Monroe","W CAROLINA",27,24.03,"D","LB",2026,"Southern",60.5,52.9,60,65.9,0,0,1,0,0,0,0,0,0,0,0,0,0,1,0,0,0,2,3,1,"0","0.00%",0,11,2.5,"27.30%","9.10%",3,15,0,"0.00%",0,0,0,0,0,0,0,0,0,"40.00%",0,0,0,0,0,"0.00%","0.00%","0.00%","0.00%",0,0,"0.00%",0,3,"40.00%",0,1,1,"50.00%",2,0,2,0,0,"0.00%",5,5,0,1,0,"FCS",27,NA,NA,NA,27
"Jacorey Jones","CENT ARK",19,23.72,"D","LB",2026,"United Athletic",64,68.5,60,54.7,0,0,0,0,0,0,0,0,0,0,0,0,0,0,0,0,0,2,2,1,"0","0.00%",0,15,23,"6.70%","20.00%",1,3,1,"100%",3,3,0,0,0,0,79.2,1,0,"66.70%",0,0,0,1,0,"0.00%","0.00%","0.00%","0.00%",3,-6,"0.00%",17,1,"50.00%",0,0,0,"0.00%",1,0,0,0,0,"100%",2,2,0,0,1,"FCS",206,NA,NA,NA,206
"Anthony Ottinot","BRYANT",55,23.49,"D","LB",2026,"CAA",56,48.4,53.9,65.8,0,2,1,0,0,0,0,0,0,1,0,0,0,0,0,0,0,2,5,7,"0","0.00%",0,24,4.5,"16.70%","4.20%",4,24,2,"66.70%",17,8.5,0,1,0,1,81.3,0.71,0,"58.30%",0,0,0,1,1,"0.00%","0.00%","33.30%","0.00%",5.7,5,"33.30%",53,4,"0.00%",2,1,0,"0.00%",2,2,0,0,0,"0.00%",4,4,0,0,0,"FCS",203,NA,NA,NA,203
"Jack Leuthe","SACR HEART",43,23.33,"D","LB",2026,"CAA",54.2,63.6,55.4,48.2,0,0,2,0,0,0,0,0,0,0,0,1,0,0,0,0,0,6,4,6,"0","0.00%",0,21,5.5,"9.50%","4.80%",2,16,2,"100%",35,17.5,0,1,0,0,118.8,2.19,1,"62.50%",0,0,0,2,0,"6.30%","0.00%","50.00%","0.00%",17.5,12.5,"0.00%",32,5,"16.70%",0,2,0,"20.00%",4,0,1,0,0,"0.00%",6,6,0,1,0,"FCS",219,NA,NA,NA,219
"Gage Hinkley","RHODE ISLD",19,23.15,"D","LB",2026,"CAA",64.2,60.5,NA,60,0,1,0,0,0,0,0,0,0,1,0,0,0,0,0,0,0,1,2,NA,NA,NA,NA,18,0,"11.10%","0",2,1,0,"0.00%",0,0,0,0,0,1,39.6,0,0,"100%",0,0,0,0,1,"0.00%","0.00%","0.00%","0.00%",0,6,"100%",55,1,"0.00%",1,0,0,"0.00%",0,1,0,0,0,"0.00%",1,1,0,0,0,"FCS",191,NA,NA,NA,191
"Chris Glover","PRESBYTERN",31,23.14,"D","LB",2026,"Pioneer",62.7,61.7,57.2,63.4,0,1,1,0,0,0,0,0,0,0,0,0,0,0,0,0,0,1,3,4,"0","0.00%",0,17,1,"17.60%","11.80%",3,10,0,"0.00%",0,0,0,0,0,0,0,0,0,"50.00%",0,0,0,0,0,"0.00%","0.00%","0.00%","0.00%",0,0,"0.00%",36,2,"0.00%",1,1,0,"0.00%",1,1,0,0,0,"0.00%",2,2,0,0,0,"FCS",300,NA,NA,NA,300
"Moses Meus","RHODE ISLD",59,22.77,"D","LB",2026,"CAA",57.5,51.9,55.4,67.1,0,0,3,0,0,0,1,1,0,0,0,0,0,0,0,0,1,8,5,5,"0","20.00%",10,39,5,"12.80%","2.60%",5,15,1,"100%",7,7,0,0,0,0,95.8,0.47,0,"46.70%",0,0,0,0,0,"0.00%","0.00%","0.00%","0.00%",7,5,"0.00%",7,8,"27.30%",0,3,0,"33.30%",6,0,3,0,0,"0.00%",10,11,0,2,0,"FCS",79,NA,NA,NA,79
"Sam Jackson","CENT ARK",16,22.76,"D","LB",2026,"United Athletic",53.1,59.4,NA,51.6,0,1,1,0,0,0,0,0,0,0,0,0,0,0,0,0,0,1,2,NA,NA,NA,NA,13,6,"7.70%","7.70%",1,3,1,"100%",15,15,0,1,0,0,118.8,5,1,"66.70%",0,0,0,1,1,"33.30%","0.00%","100%","0.00%",15,0,"0.00%",28,3,"0.00%",1,0,0,"0.00%",1,1,0,1,0,"0.00%",3,3,0,1,0,"FCS",270,NA,NA,NA,270
"Carston Marshall","YNGTOWN ST",20,22.7,"D","LB",2026,"Missouri Valley",67.1,66.3,59.4,63.8,0,0,0,0,0,0,0,0,0,0,0,0,0,0,0,0,0,0,0,1,"0","0.00%",0,11,0,"0","0",0,8,0,"0.00%",0,0,0,0,0,0,0,0,0,"37.50%",0,0,0,0,0,"0.00%","0.00%","0.00%","0.00%",0,0,"0.00%",5,1,"0.00%",0,0,0,"0.00%",0,0,0,0,0,"0.00%",1,1,0,1,0,"FCS",8,NA,NA,NA,8
"Damon Narcisse","GEORGETOWN",23,22.58,"D","LB",2026,"Patriot",52.3,63.2,57.9,48.6,0,2,0,0,0,0,0,0,0,0,0,0,0,0,0,0,0,0,2,3,"0","0.00%",0,8,0,"0","0",0,12,2,"100%",23,11.5,1,2,0,0,154.2,1.92,0,"58.30%",0,0,0,2,0,"0.00%","0.00%","100%","0.00%",11.5,3.5,"0.00%",6,2,"0.00%",2,0,0,"0.00%",0,1,0,0,0,"0.00%",2,2,1,0,0,"FCS",134,NA,NA,NA,134
"DJ Griffith","INDIANA ST",22,22.57,"D","LB",2026,"Missouri Valley",60.9,67.6,60,57,0,1,0,0,0,0,0,0,0,0,0,0,0,0,0,0,0,0,1,1,"0","0.00%",0,8,0,"0","0",0,13,1,"100%",13,13,0,1,0,0,118.8,1,0,"53.80%",0,0,0,1,0,"0.00%","0.00%","100%","0.00%",13,5,"0.00%",15,2,"0.00%",1,0,0,"0.00%",0,1,0,0,0,"0.00%",2,2,0,1,0,"FCS",26,NA,NA,NA,26
"Danny Inglis","YNGTOWN ST",33,22.24,"D","LB",2026,"Missouri Valley",54.7,52.1,56.5,62.2,0,0,2,0,0,0,0,0,0,0,0,0,0,1,0,0,0,3,3,4,"0","0.00%",0,21,1.5,"14.30%","9.50%",3,8,0,"0.00%",0,0,0,0,0,0,0,0,0,"25.00%",0,0,0,0,0,"0.00%","0.00%","0.00%","0.00%",0,0,"0.00%",13,2,"33.30%",0,2,1,"33.30%",2,0,1,0,0,"0.00%",3,3,0,0,0,"FCS",124,NA,NA,NA,124
"Tanner Williams","MONTANA",61,22.15,"D","LB",2026,"Big Sky",44.4,56.3,55.2,42.7,0,3,3,0,0,0,0,0,0,0,0,0,0,0,0,0,0,4,10,4,"0","0.00%",0,23,3,"21.70%","13.00%",5,34,5,"83.30%",74,14.8,0,3,0,0,118.1,2.18,2,"41.20%",0,0,0,5,0,"5.90%","0.00%","50.00%","0.00%",12.3,4.3,"0.00%",31,7,"22.20%",3,1,0,"25.00%",1,2,1,2,0,"20.00%",9,9,1,3,1,"FCS",169,NA,NA,NA,169
"Chris Williams","SACR HEART",23,22.06,"D","LB",2026,"CAA",62.9,72.8,58,50.6,0,1,1,0,0,0,0,0,0,0,0,0,0,0,0,0,0,3,1,3,"0","0.00%",0,13,7.25,"0","0",0,7,1,"100%",-2,-2,0,0,0,0,79.2,-0.29,0,"57.10%",0,0,0,1,0,"0.00%","0.00%","0.00%","0.00%",-2,-2,"0.00%",7,5,"16.70%",1,1,0,"0.00%",4,1,0,0,0,"100%",6,6,0,0,1,"FCS",196,NA,NA,NA,196
"Broderick Washington","MERCYHURST",25,21.94,"D","LB",2026,"Northeast",64.9,62,NA,64.7,0,1,0,0,0,0,0,0,0,0,0,0,0,0,0,0,0,1,1,NA,NA,NA,NA,16,1,"6.30%","0",1,9,1,"100%",0,0,0,0,0,0,79.2,0,0,"77.80%",0,0,0,0,0,"0.00%","0.00%","0.00%","0.00%",0,-4,"0.00%",28,2,"0.00%",1,0,0,"0.00%",1,1,0,0,0,"0.00%",2,2,0,0,0,"FCS",147,NA,NA,NA,147
"Jadon Ducos","HOUCHR",16,21.77,"D","LB",2026,"Southland",58.7,54.4,NA,63.8,0,1,2,0,0,0,0,0,0,0,0,0,0,0,0,0,0,3,2,NA,NA,NA,NA,8,3.5,"25.00%","12.50%",2,8,0,"0.00%",0,0,0,0,0,0,0,0,0,"75.00%",0,0,0,0,0,"0.00%","0.00%","0.00%","0.00%",0,0,"0.00%",23,4,"20.00%",1,1,0,"25.00%",2,1,1,1,0,"0.00%",5,5,0,1,0,"FCS",212,NA,NA,NA,212
"Will Claude","MERRIMACK",41,21.54,"D","LB",2026,"IND (FCS)",51.6,40.6,67.1,56.9,0,1,1,1,0,1,0,2,0,0,0,0,0,0,0,2,0,5,5,10,"0","10.00%",10,14,8,"28.60%","0",4,17,2,"100%",11,5.5,0,1,0,0,89.6,0.65,0,"47.10%",0,0,0,1,1,"0.00%","0.00%","50.00%","0.00%",5.5,1.5,"0.00%",15,4,"33.30%",1,0,0,"33.30%",1,1,1,1,0,"33.30%",6,6,0,1,1,"FCS",172,NA,NA,NA,172
"Keith Charney","AUSTINPEAY",26,21.52,"D","LB",2026,"United Athletic",56.6,67.1,58.2,52.2,0,1,0,0,0,0,0,0,0,0,0,0,0,0,0,0,0,2,1,2,"0","0.00%",0,10,0,"0","0",0,14,1,"100%",25,25,0,0,0,0,118.8,1.79,1,"71.40%",0,0,0,1,0,"7.10%","0.00%","0.00%","0.00%",25,-6,"0.00%",23,2,"0.00%",1,0,0,"0.00%",0,1,0,0,0,"0.00%",2,2,0,1,0,"FCS",148,NA,NA,NA,148
"Tim Hays","SAN DIEGO",49,21.48,"D","LB",2026,"Pioneer",56,56.3,51.8,61.7,0,3,1,0,0,0,1,1,1,0,0,0,0,0,0,0,1,4,8,7,"14.30%","14.30%",7.1,26,3,"19.20%","23.10%",5,16,1,"100%",6,6,0,0,0,0,91.7,0.38,0,"56.30%",0,0,0,2,1,"0.00%","0.00%","0.00%","0.00%",6,1,"0.00%",42,5,"44.40%",3,1,0,"20.00%",2,2,1,0,0,"75.00%",9,9,1,0,3,"FCS",35,NA,NA,NA,35
"Luke Williams","TXAMEA",23,21.42,"D","LB",2026,"Southland",60.9,57.4,59.5,63.5,0,0,0,0,0,0,0,0,0,0,0,0,0,0,0,0,0,0,1,2,"0","0.00%",0,11,0,"9.10%","0",1,10,0,"0.00%",0,0,0,0,0,0,0,0,0,"70.00%",0,0,0,0,0,"0.00%","0.00%","0.00%","0.00%",0,0,"0.00%",NA,NA,NA,NA,NA,NA,NA,NA,NA,NA,NA,NA,NA,NA,NA,NA,NA,NA,"FCS",45,NA,NA,NA,45
"Stefan Ponder","TENN MARTN",23,21.16,"D","LB",2026,"Big South - OVC Football Association",64.6,62.5,60,64,0,0,1,0,0,0,0,0,0,0,0,0,0,0,0,0,0,3,1,1,"0","0.00%",0,15,3,"6.70%","6.70%",1,7,0,"0.00%",0,0,0,0,0,0,0,0,0,"42.90%",0,0,0,0,0,"0.00%","0.00%","0.00%","0.00%",0,0,"0.00%",32,2,"33.30%",0,1,0,"50.00%",1,0,1,0,0,"0.00%",3,3,0,1,0,"FCS",107,NA,NA,NA,107
"Jaheim Lowe","TXAMEA",19,21.14,"D","LB",2026,"Southland",58.5,69.5,55.7,51.8,0,0,1,0,0,0,1,1,0,0,0,0,0,0,0,0,1,2,1,5,"0","20.00%",10,9,2,"0","11.10%",0,5,1,"100%",6,6,0,0,0,0,91.7,1.2,0,"20.00%",0,0,0,1,0,"0.00%","0.00%","0.00%","0.00%",6,-1,"0.00%",10,2,"0.00%",0,1,0,"0.00%",1,0,0,0,0,"0.00%",2,2,0,1,0,"FCS",5,NA,NA,NA,5
"John Powers","N IOWA",35,20.97,"D","LB",2026,"Missouri Valley",42.2,43.9,56.9,50.1,0,1,2,0,0,1,0,1,0,0,0,0,0,0,0,0,1,3,6,2,"0","50.00%",25,18,13.5,"22.20%","5.60%",4,15,2,"100%",29,14.5,0,1,0,0,118.8,1.93,1,"26.70%",0,0,0,2,0,"6.70%","0.00%","50.00%","0.00%",14.5,5.5,"0.00%",33,6,"33.30%",1,2,0,"33.30%",4,0,2,0,0,"33.30%",9,9,1,1,1,"FCS",59,NA,NA,NA,59
"Ryan Geary","BRYANT",29,20.97,"D","LB",2026,"CAA",55.8,50.8,NA,63.5,0,2,0,0,0,0,0,0,0,0,0,0,0,0,0,0,0,1,3,NA,NA,NA,NA,18,0,"16.70%","0",3,11,1,"50.00%",5,5,0,0,0,0,56.3,0.45,0,"63.60%",0,0,1,0,0,"0.00%","0.00%","0.00%","0.00%",2.5,0.5,"0.00%",59,2,"0.00%",2,0,0,"0.00%",0,2,0,0,0,"0.00%",2,2,0,0,0,"FCS",188,NA,NA,NA,188
"Brock Feinberg","PRESBYTERN",18,20.59,"D","LB",2026,"Pioneer",61.4,49.8,66.8,65.3,0,0,0,0,0,0,0,0,1,0,0,0,0,0,0,0,0,0,2,3,"33.30%","0.00%",0,8,0,"25.00%","0",2,7,0,"0.00%",0,0,0,0,0,0,39.6,0,0,"71.40%",0,0,0,0,0,"0.00%","0.00%","0.00%","0.00%",0,4,"0.00%",31,1,"0.00%",0,0,0,"0.00%",0,0,0,0,0,"0.00%",1,1,0,1,0,"FCS",301,NA,NA,NA,301
"Caden Henritzy","STHLSK",45,20.55,"D","LB",2026,"Northeast",46.1,39.7,56.6,56.4,0,0,2,0,0,0,2,2,0,0,0,0,0,1,0,1,0,4,8,4,"25.00%","25.00%",12.5,20,1.5,"25.00%","5.00%",5,21,2,"100%",15,7.5,0,0,0,0,97.9,0.71,0,"66.70%",0,0,0,3,0,"0.00%","0.00%","0.00%","0.00%",7.5,4.5,"0.00%",11,5,"28.60%",0,1,1,"0.00%",2,0,0,1,0,"40.00%",6,7,0,3,2,"FCS",195,NA,NA,NA,195
"Bo Draheim","CORNELL",23,20.53,"D","LB",2026,"Ivy",53.5,59.2,57.8,52.1,0,2,1,0,0,0,0,0,0,0,0,0,0,0,0,0,0,2,4,2,"0","0.00%",0,14,4,"21.40%","14.30%",3,7,1,"100%",11,11,0,1,0,0,112.5,1.57,0,"71.40%",0,0,0,1,0,"0.00%","0.00%","100%","0.00%",11,11,"0.00%",37,3,"40.00%",2,1,0,"50.00%",1,1,2,0,0,"0.00%",5,5,1,0,0,"FCS",207,NA,NA,NA,207
"Vincent Bertone","WAGNER",20,20.07,"D","LB",2026,"Northeast",45.3,63.8,NA,41.8,0,1,0,0,0,0,0,0,0,0,0,0,0,0,0,0,0,1,3,NA,NA,NA,NA,7,0,"0","0",0,13,2,"100%",85,42.5,1,1,0,0,158.3,6.54,1,"15.40%",0,2,0,3,0,"7.70%","100%","50.00%","0.00%",42.5,-3,"0.00%",40,2,"33.30%",1,0,0,"0.00%",0,1,0,0,0,"50.00%",3,3,0,1,1,"FCS",137,NA,NA,NA,137
"Jerrium Berry Jr.","MERRIMACK",32,20.05,"D","LB",2026,"IND (FCS)",50.9,54.2,55.5,63.6,0,0,1,0,0,1,0,1,0,0,0,0,0,0,0,1,0,1,4,5,"0","0.00%",0,15,2,"20.00%","6.70%",3,12,1,"100%",13,13,0,1,0,0,118.8,1.08,0,"41.70%",0,0,0,1,0,"0.00%","0.00%","100%","0.00%",13,-4,"0.00%",13,1,"0.00%",0,1,0,"0.00%",1,0,0,0,0,"0.00%",1,1,0,0,0,"FCS",253,NA,NA,NA,253
"Noah Carpenter","MAINE",38,19.95,"F","LB",2026,"CAA",47.4,57.9,53.7,46.9,0,0,0,0,0,0,0,0,0,0,0,0,0,0,0,0,0,3,4,6,"0","0.00%",0,15,6.5,"13.30%","0",2,17,2,"100%",45,22.5,0,1,0,0,118.8,2.65,1,"52.90%",0,2,0,2,0,"5.90%","100%","50.00%","0.00%",22.5,6.5,"0.00%",7,4,"0.00%",0,0,0,"0.00%",2,0,0,0,0,"0.00%",4,4,0,2,0,"FCS",127,NA,NA,NA,127
"Luke Miller","DUQUESNE",66,19.83,"F","LB",2026,"Northeast",51.7,28.7,62.4,72.7,0,0,4,0,0,0,1,1,0,0,0,0,0,0,0,0,0,5,10,4,"0","0.00%",0,33,4.75,"30.30%","9.10%",10,28,2,"100%",8,4,0,0,0,0,83.3,0.29,0,"42.90%",0,2,0,0,2,"0.00%","100%","0.00%","0.00%",4,-1,"0.00%",55,7,"12.50%",0,3,0,"20.00%",4,0,1,1,0,"0.00%",8,8,0,3,0,"FCS",114,NA,NA,NA,114
"Josiah Stuard","HOUCHR",17,19.68,"F","LB",2026,"Southland",60.5,55.3,NA,64.1,0,0,2,0,0,0,1,1,0,0,0,0,0,0,0,1,0,3,2,NA,NA,NA,NA,10,2,"20.00%","20.00%",2,7,1,"100%",4,4,0,0,0,0,83.3,0.57,0,"42.90%",0,0,0,0,0,"0.00%","0.00%","0.00%","0.00%",4,-5,"0.00%",31,2,"33.30%",0,2,0,"33.30%",2,0,1,0,0,"0.00%",3,3,0,0,0,"FCS",156,NA,NA,NA,156
"Jalyn Turner","PRESBYTERN",54,19.59,"F","LB",2026,"Pioneer",52.5,38.2,53.3,67.1,0,1,1,0,0,0,1,1,0,1,0,0,0,1,0,1,0,1,6,8,"0","0.00%",0,23,0,"17.40%","4.30%",4,23,3,"100%",28,9.3,0,2,0,1,105.6,1.22,0,"43.50%",0,0,0,2,2,"0.00%","0.00%","66.70%","0.00%",9.3,4,"33.30%",3,3,"0.00%",1,0,0,"0.00%",0,1,0,1,1,"0.00%",3,3,0,2,0,"FCS",108,NA,NA,NA,108
"Noble Young-Blackgoat","N ARIZONA",29,19.38,"F","LB",2026,"Big Sky",49.6,54.4,56.9,51.5,0,0,0,0,0,0,0,0,0,0,0,0,0,0,0,0,0,1,2,3,"0","0.00%",0,11,7,"9.10%","0",1,15,3,"75.00%",29,9.7,1,1,0,0,134.4,1.93,1,"66.70%",0,0,1,1,0,"6.70%","0.00%","25.00%","0.00%",7.3,-0.3,"0.00%",16,1,"0.00%",0,0,0,"0.00%",1,0,0,0,0,"0.00%",1,1,0,0,0,"FCS",255,NA,NA,NA,255
"Eli Durden","STETSON",19,19.14,"F","LB",2026,"Pioneer",56,55.1,54.7,64.1,0,0,0,0,0,0,1,1,0,0,0,0,0,0,0,1,0,1,1,9,"0","11.10%",5.6,4,0,"25.00%","0",1,6,0,"0.00%",0,0,0,0,0,0,0,0,0,"33.30%",0,0,0,0,0,"0.00%","0.00%","0.00%","0.00%",0,0,"0.00%",14,1,"0.00%",0,0,0,"0.00%",0,0,0,0,0,"0.00%",1,1,0,1,0,"FCS",116,NA,NA,NA,116
"Cole Hughes","LEHIGH",51,18.56,"F","LB",2026,"Patriot",54.2,62.1,55.1,52.4,0,1,0,0,0,0,0,0,0,0,0,0,0,0,0,0,0,1,4,3,"0","0.00%",0,22,0,"9.10%","9.10%",2,26,2,"66.70%",13,6.5,0,0,0,0,75.7,0.5,0,"46.20%",0,0,1,2,0,"0.00%","0.00%","0.00%","0.00%",4.3,6,"0.00%",6,1,"0.00%",1,0,0,"0.00%",0,1,0,0,0,"0.00%",1,1,0,0,0,"FCS",135,NA,NA,NA,135
"Clay Oven","MONTANA",37,18.39,"F","LB",2026,"Big Sky",52.8,45.6,63.3,61,0,0,0,0,0,2,1,3,0,0,0,0,0,0,0,0,1,4,4,16,"12.50%","18.80%",9.4,19,6,"21.10%","5.30%",4,2,0,"0.00%",0,0,0,0,0,0,0,0,0,"100%",0,0,0,0,0,"0.00%","0.00%","0.00%","0.00%",0,0,"0.00%",37,2,"50.00%",0,0,0,"50.00%",2,0,2,0,0,"0.00%",4,4,0,0,0,"FCS",113,NA,NA,NA,113
"Carson Ratliff","Argonauts",48,17.95,"F","LB",2026,"United Athletic",47.1,53,46.7,51.3,0,2,3,0,0,0,1,1,0,0,0,0,0,0,0,1,0,7,7,4,"0","0.00%",0,28,4.5,"14.30%","10.70%",4,16,1,"33.30%",-2,-2,0,0,0,0,42.4,-0.13,0,"87.50%",0,0,2,3,0,"0.00%","0.00%","0.00%","0.00%",-0.7,4,"0.00%",5,7,"36.40%",2,2,0,"25.00%",4,2,2,1,0,"66.70%",11,11,0,1,2,"FCS",282,NA,NA,NA,282
"Logan Lisherness","PORTLAND",72,17.81,"F","LB",2026,"Big Sky",48.1,52.8,56.1,47.8,0,1,1,0,0,0,0,0,0,0,0,0,0,0,0,0,0,7,9,3,"0","0.00%",0,34,4,"11.80%","5.90%",4,35,6,"100%",94,15.7,1,4,0,0,158.3,2.69,3,"22.90%",0,6,0,5,1,"8.60%","100%","66.70%","0.00%",15.7,0.5,"0.00%",31,3,"57.10%",1,1,0,"66.70%",1,0,2,0,0,"50.00%",7,7,1,1,2,"FCS",61,NA,NA,NA,61
"Bryson Torrie","N ARIZONA",31,17.33,"F","LB",2026,"Big Sky",50.7,48.8,65.2,53.4,0,0,0,0,0,1,0,1,0,0,0,0,0,0,0,0,1,1,4,4,"0","25.00%",12.5,14,0,"14.30%","0",2,13,0,"0.00%",0,0,0,0,0,0,39.6,0,0,"61.50%",0,0,2,2,1,"0.00%","0.00%","0.00%","0.00%",0,22,"0.00%",22,0,"100%",0,0,0,"0.00%",0,0,0,0,0,"100%",1,1,0,0,1,"FCS",260,NA,NA,NA,260
"Thomas McCormick","UC DAVIS",21,17.28,"F","LB",2026,"Big Sky",58.6,62.6,55.4,59,0,0,0,0,0,0,0,0,0,0,0,0,0,0,0,0,0,1,1,4,"0","0.00%",0,4,0,"0","0",0,13,1,"100%",7,7,0,1,0,0,95.8,0.54,0,"53.80%",0,0,0,1,0,"0.00%","0.00%","100%","0.00%",7,2,"0.00%",13,2,"0.00%",0,0,0,"0.00%",0,0,0,0,0,"0.00%",2,2,0,2,0,"FCS",171,NA,NA,NA,171
"Klayton Ingram","MURRAY ST",48,17.26,"F","LB",2026,"Missouri Valley",41,47.8,56.7,42.1,0,4,1,0,0,0,0,0,0,0,0,0,0,0,0,0,0,4,11,4,"0","0.00%",0,24,2,"33.30%","16.70%",8,20,3,"100%",41,13.7,1,2,0,0,158.3,2.05,1,"30.00%",0,3,0,3,0,"5.00%","100%","66.70%","0.00%",13.7,8.3,"0.00%",1,5,"37.50%",4,1,0,"42.90%",1,3,3,0,0,"0.00%",8,8,1,0,0,"FCS",226,NA,NA,NA,226
"Peyton Wing","MONTANA",16,17.24,"F","LB",2026,"Big Sky",44.1,53.7,NA,57.1,0,1,1,0,0,0,0,0,0,0,0,0,0,0,0,0,0,5,4,NA,NA,NA,NA,5,4,"40.00%","20.00%",2,11,1,"100%",5,5,0,1,0,0,87.5,0.45,0,"36.40%",0,0,0,2,0,"0.00%","0.00%","100%","0.00%",5,3,"0.00%",32,3,"25.00%",1,1,0,"50.00%",1,0,1,0,0,"0.00%",4,4,1,1,0,"FCS",22,NA,NA,NA,22
"Kyle Hall","SACR HEART",17,17.09,"F","LB",2026,"CAA",48.8,65.1,NA,44.6,0,0,0,0,0,0,0,0,0,0,0,0,0,0,0,0,0,0,2,NA,NA,NA,NA,9,0,"0","0",0,8,1,"50.00%",19,19,1,1,0,0,122.9,2.38,1,"62.50%",0,0,1,2,0,"12.50%","0.00%","50.00%","0.00%",9.5,16,"0.00%",6,0,"100%",0,0,0,"0.00%",0,0,0,0,0,"100%",1,1,0,0,1,"FCS",95,NA,NA,NA,95
"Charlie Sasso","MONMOUTH",35,16.53,"F","LB",2026,"CAA",50.2,47,NA,56.8,0,1,0,0,0,0,0,0,0,0,0,0,0,0,0,0,0,5,4,NA,NA,NA,NA,17,10,"17.60%","5.90%",3,18,1,"100%",2,2,0,0,0,0,79.2,0.11,0,"72.20%",0,0,0,1,0,"0.00%","0.00%","0.00%","0.00%",2,-1,"0.00%",5,4,"0.00%",1,0,0,"0.00%",3,1,0,0,0,"0.00%",4,4,0,0,0,"FCS",40,NA,NA,NA,40
"Jake Worthen","WM & MARY",47,15.77,"F","LB",2026,"Patriot",60.8,55.3,58.6,65.9,0,1,0,0,0,0,0,0,0,0,0,0,0,0,0,0,0,3,2,2,"0","0.00%",0,27,0,"7.40%","0",2,18,1,"100%",-2,-2,0,0,0,0,79.2,-0.11,0,"61.10%",0,0,0,0,0,"0.00%","0.00%","0.00%","0.00%",-2,-2,"0.00%",28,2,"33.30%",1,0,0,"50.00%",0,1,1,0,0,"0.00%",3,3,0,1,0,"FCS",89,NA,NA,NA,89
"Tyler Morehead","PRVIEW A&M",20,15.7,"F","LB",2026,"SWAC",55.4,51.7,57.3,62.6,0,1,0,0,0,1,0,1,0,0,0,0,0,0,0,0,1,1,2,2,"0","0.00%",0,9,0,"22.20%","11.10%",2,9,0,"0.00%",0,0,0,0,0,0,0,0,0,"88.90%",0,0,0,0,0,"0.00%","0.00%","0.00%","0.00%",0,0,"0.00%",19,1,"50.00%",1,0,0,"50.00%",0,1,1,0,0,"0.00%",2,2,0,0,0,"FCS",6,NA,NA,NA,6
"Spencer Kishbaugh","MONMOUTH",34,15.59,"F","LB",2026,"CAA",54.7,60.1,NA,51.6,0,0,1,0,0,0,0,0,0,0,0,0,0,0,0,0,0,4,3,NA,NA,NA,NA,21,2,"9.50%","9.50%",2,13,1,"100%",24,24,0,1,0,0,118.8,1.85,1,"46.20%",0,0,0,1,0,"7.70%","0.00%","100%","0.00%",24,-6,"0.00%",27,3,"25.00%",0,1,0,"33.30%",2,0,1,0,0,"0.00%",4,4,0,1,0,"FCS",84,NA,NA,NA,84
"Caleb Phillips","HARVARD",17,15.18,"F","LB",2026,"Ivy",48.8,69.5,54.7,44.3,0,0,1,0,0,0,0,0,0,0,0,0,0,0,0,0,0,1,1,5,"0","0.00%",0,4,2,"0","25.00%",0,8,0,"0.00%",0,0,0,0,0,0,0,0,0,"75.00%",0,0,0,1,0,"0.00%","0.00%","0.00%","0.00%",0,0,"0.00%",24,1,"0.00%",0,1,0,"0.00%",1,0,0,0,0,"0.00%",1,1,0,0,0,"FCS",24,NA,NA,NA,24
"Malachi Mapp","CENT CT ST",22,15.04,"F","LB",2026,"Northeast",47.8,64.2,59.4,42.5,0,1,1,0,0,0,0,0,0,0,0,0,0,0,0,0,0,2,5,1,"0","0.00%",0,11,1,"27.30%","27.30%",3,10,2,"100%",40,20,0,2,0,0,118.8,4,1,"40.00%",0,0,0,2,0,"10.00%","0.00%","100%","0.00%",20,5,"0.00%",47,2,"33.30%",1,1,0,"0.00%",1,1,0,0,0,"100%",3,3,0,0,1,"FCS",78,NA,NA,NA,78
"JT Krivinskas","NEWHVN",15,14.4,"F","LB",2026,"Northeast",42.9,57.7,66.3,39.4,0,1,0,0,0,1,0,1,0,0,0,0,0,0,0,0,1,1,3,1,"0","0.00%",0,9,0,"11.10%","0",1,5,1,"100%",14,14,0,1,0,0,118.8,2.8,0,"40.00%",0,0,0,1,1,"0.00%","0.00%","100%","0.00%",14,8,"0.00%",22,1,"50.00%",1,0,0,"0.00%",0,0,0,0,0,"50.00%",2,2,1,0,1,"FCS",149,NA,NA,NA,149
"Keyaan Abdul-Rahim","MURRAY ST",15,14.15,"F","LB",2026,"Missouri Valley",34,51.1,NA,45.5,0,0,0,0,0,0,0,0,0,0,0,0,0,0,0,0,0,2,5,NA,NA,NA,NA,7,15,"28.60%","0",2,8,2,"100%",33,16.5,0,2,0,0,118.8,4.13,1,"25.00%",0,2,0,3,0,"12.50%","100%","100%","0.00%",16.5,12,"0.00%",23,2,"50.00%",0,0,0,"66.70%",1,0,2,0,0,"0.00%",4,4,0,1,0,"FCS",50,NA,NA,NA,50
"Darius Jones","MORGAN ST",41,13.6,"F","LB",2026,"MEAC",40.3,67.1,59.3,30,0,0,1,0,0,0,0,0,0,0,0,0,0,0,0,0,0,5,7,1,"0","0.00%",0,16,1.75,"6.30%","0",1,24,5,"83.30%",63,12.6,0,2,0,0,110.4,2.63,2,"33.30%",0,0,1,6,0,"8.30%","0.00%","33.30%","0.00%",10.5,2.5,"0.00%",1,6,"25.00%",0,1,0,"0.00%",4,0,0,0,0,"50.00%",8,8,0,2,2,"FCS",121,NA,NA,NA,121
"Matthew Boydell","DARTMOUTH",32,13.04,"F","LB",2026,"Ivy",47.6,55.5,59.6,46.6,0,0,0,0,0,0,0,0,0,0,0,0,0,0,0,0,0,1,4,1,"0","0.00%",0,24,2,"12.50%","4.20%",3,7,1,"50.00%",5,5,0,0,0,0,56.3,0.71,0,"42.90%",0,0,1,1,0,"0.00%","0.00%","0.00%","0.00%",2.5,3.5,"0.00%",54,1,"0.00%",0,0,0,"0.00%",1,0,0,0,0,"0.00%",1,1,0,0,0,"FCS",251,NA,NA,NA,251
"Caleb Nuhi-Yandall","TXAMEA",16,12.9,"F","LB",2026,"Southland",49.4,46.7,NA,62.2,0,1,0,0,0,0,0,0,0,0,0,0,0,0,0,0,0,1,2,NA,NA,NA,NA,11,0,"18.20%","9.10%",2,5,0,"0.00%",0,0,0,0,0,0,0,0,0,"0.00%",0,0,0,0,0,"0.00%","0.00%","0.00%","0.00%",0,0,"0.00%",17,1,"0.00%",1,0,0,"0.00%",0,1,0,0,0,"0.00%",1,1,0,0,0,"FCS",250,NA,NA,NA,250
"Andrew Harris","DELWARE ST",33,12.81,"F","LB",2026,"MEAC",50.6,43.4,71.3,56.1,0,0,2,0,0,0,1,1,1,0,0,0,0,0,0,0,0,5,4,5,"20.00%","20.00%",10,14,3,"21.40%","7.10%",3,14,1,"100%",11,11,0,1,0,0,112.5,0.79,0,"35.70%",0,0,0,1,1,"0.00%","0.00%","100%","0.00%",11,-5,"0.00%",10,3,"40.00%",0,2,0,"50.00%",2,0,2,0,0,"0.00%",5,5,0,1,0,"FCS",298,NA,NA,NA,298
"JJ Gibson","CENT CT ST",40,12.02,"F","LB",2026,"Northeast",45.7,44.7,57,52.9,0,0,1,0,0,0,0,0,0,0,0,0,0,0,0,0,0,5,8,2,"0","0.00%",0,19,4,"31.60%","5.30%",6,19,2,"50.00%",15,7.5,0,1,0,0,59.4,0.79,0,"42.10%",0,0,1,2,0,"0.00%","0.00%","25.00%","0.00%",3.8,4.8,"0.00%",50,4,"20.00%",0,1,0,"0.00%",2,0,0,0,0,"33.30%",5,5,0,2,1,"FCS",158,NA,NA,NA,158
"Connor Cervantes","VALPO",60,11.1,"F","LB",2026,"Pioneer",57.3,40.3,69.3,63,0,1,0,0,0,0,2,2,0,0,0,0,0,0,0,0,0,1,4,8,"25.00%","25.00%",12.5,23,0,"13.00%","4.30%",3,29,2,"100%",13,6.5,0,1,0,0,93.8,0.45,0,"41.40%",0,0,0,1,0,"0.00%","0.00%","50.00%","0.00%",6.5,-7,"0.00%",19,2,"50.00%",1,0,0,"66.70%",0,1,2,0,0,"0.00%",4,4,0,1,0,"FCS",109,NA,NA,NA,109
"Stephen Ordille","PRINCETON",36,10.89,"F","LB",2026,"Ivy",52.5,64,56.6,49,0,0,0,0,0,0,0,0,0,0,0,0,0,0,0,0,0,3,3,2,"0","0.00%",0,24,0,"0","0",0,10,3,"75.00%",30,10,0,2,0,0,95.8,3,0,"50.00%",0,0,1,3,1,"0.00%","0.00%","50.00%","0.00%",7.5,4,"0.00%",17,0,"100%",0,0,0,"0.00%",0,0,0,0,0,"100%",2,2,0,0,2,"FCS",164,NA,NA,NA,164
"Jonah Henry","PORTLAND",27,10.85,"F","LB",2026,"Big Sky",43.4,48,60,48.1,0,1,0,0,0,0,0,0,0,0,0,0,0,0,0,0,0,3,3,1,"0","0.00%",0,15,4,"13.30%","0",2,11,1,"100%",20,20,0,1,0,0,118.8,1.82,1,"63.60%",0,1,0,1,0,"9.10%","100%","100%","0.00%",20,0,"0.00%",33,2,"33.30%",1,0,0,"33.30%",1,1,1,0,0,"0.00%",3,3,0,0,0,"FCS",29,NA,NA,NA,29
"Jayden Davis","ALCORN ST",52,9.88,"F","LB",2026,"SWAC",46.4,62.4,59.9,34.1,1,0,1,0,0,0,2,2,1,0,0,0,0,0,0,0,2,3,7,10,"0","20.00%",10,28,4,"7.10%","3.60%",2,14,2,"66.70%",18,9,0,2,0,0,82.6,1.29,0,"57.10%",0,0,1,4,1,"0.00%","0.00%","66.70%","0.00%",6,-3.7,"0.00%",8,2,"60.00%",0,1,0,"0.00%",2,0,0,0,0,"100%",5,5,0,0,3,"FCS",192,NA,NA,NA,192
"Anthony Feltrinelli","VALPO",46,9.85,"F","LB",2026,"Pioneer",29.8,35.4,54.5,36.3,0,1,3,0,0,0,1,1,0,0,0,0,0,0,0,0,0,4,10,4,"25.00%","25.00%",12.5,20,4.5,"25.00%","5.00%",5,22,4,"66.70%",48,12,0,3,0,0,91,2.18,1,"45.50%",0,0,2,5,0,"4.50%","0.00%","50.00%","0.00%",8,8.5,"0.00%",4,5,"37.50%",1,1,0,"60.00%",2,0,3,2,0,"0.00%",8,8,1,2,0,"FCS",160,NA,NA,NA,160
"Dillon Crowell","ALCORN ST",33,8.01,"F","LB",2026,"SWAC",48.2,48.4,52.4,58.5,0,0,0,0,0,0,1,1,0,0,0,0,0,0,0,0,1,3,5,7,"0","14.30%",7.1,16,5,"18.80%","6.30%",3,10,0,"0.00%",0,0,0,0,0,0,0,0,0,"50.00%",0,0,0,1,0,"0.00%","0.00%","0.00%","0.00%",0,0,"0.00%",45,4,"42.90%",0,0,0,"33.30%",4,0,2,0,0,"100%",7,7,0,0,1,"FCS",118,NA,NA,NA,118
"Braden McShane","N IOWA",38,7.22,"F","LB",2026,"Missouri Valley",48.5,53.7,56.9,49.2,0,0,0,0,0,0,0,0,0,0,0,0,0,0,0,0,0,4,4,4,"0","0.00%",0,19,6,"10.50%","0",2,15,2,"100%",28,14,0,2,0,0,118.8,1.87,1,"33.30%",0,0,0,2,0,"6.70%","0.00%","100%","0.00%",14,6.5,"0.00%",36,1,"66.70%",0,0,0,"50.00%",1,0,1,0,0,"100%",3,3,0,0,1,"FCS",186,NA,NA,NA,186
"Cam Haynes","WAGNER",54,6.6,"F","LB",2026,"Northeast",41.8,41,56.4,49.4,0,0,0,0,0,0,1,1,0,0,0,0,0,0,0,0,0,4,7,13,"7.70%","7.70%",3.9,18,6,"27.80%","0",5,23,2,"100%",26,13,0,2,0,0,118.8,1.13,1,"56.50%",0,2,0,2,0,"4.30%","100%","100%","0.00%",13,1.5,"0.00%",26,1,"50.00%",0,0,0,"50.00%",1,0,1,0,0,"0.00%",2,2,0,0,0,"FCS",2,NA,NA,NA,2
"Solomon Farrell","YNGTOWN ST",21,4.18,"F","LB",2026,"Missouri Valley",42.2,42.3,56.9,NA,0,0,0,0,0,0,0,0,0,0,0,0,0,0,0,0,0,1,3,4,"0","0.00%",0,17,0,"17.60%","0",3,NA,NA,NA,NA,NA,NA,NA,NA,NA,NA,NA,NA,NA,NA,NA,NA,NA,NA,NA,NA,NA,NA,NA,NA,NA,16,0,"100%",0,0,0,"100%",0,0,1,0,0,"0.00%",1,1,0,0,0,"FCS",181,NA,NA,NA,181
"Jordan Banks","DELWARE ST",21,0,"F","LB",2026,"MEAC",32.8,27.1,NA,56.2,0,0,0,0,0,0,0,0,0,0,0,0,0,0,0,0,0,1,6,NA,NA,NA,NA,9,0,"55.60%","0",5,12,1,"100%",27,27,0,1,0,0,118.8,2.25,1,"25.00%",0,0,0,1,0,"8.30%","0.00%","100%","0.00%",27,9,"0.00%",6,1,"50.00%",0,0,0,"100%",0,0,1,0,0,"0.00%",2,2,0,1,0,"FCS",28,NA,NA,NA,28
