"Name","Team","Defensive.Snaps","Composite_Score","Player_Grade","Position","Season","Conference","Defensive.Grades","Run.Defense.Grade","Pass.Rush.Grade","Coverage.Grade","Batted.Passes","Assistant","Stops","Sacks","NFL.Sacks","Hits","Hurries","Total.Pressures.Generated","Beaten.Defender","Pass.Break.Up","Interception","Forced.Fumble","Fumble.Recovery","Tackle.for.Loss.or.No.Gain","Dropped.Int","Pursuit.Pressure","Unblocked.Pass.Rush","First.Contact","Negative.Plays","Pass.Rush.Plays","Pass.Rush.Win.Percentage","Pass.Rush.Pressure.Percentage","Pass.Rush.Productivity","Run.Defense.Plays","Average.Depth.of.Tackle","Negative.Rush.Defense.Percentage","Positive.Rush.Defense.Percentage","Number.of.Negative.Plays","Coverage.Snaps","Receptions.Allowed","Completion.Percentage.Allowed","Pass.Yards.Allowed","Yards.per.Reception.Allowed","Touchdowns.Allowed","First.Downs.Allowed","Interceptions","Forced.Incompletions","Passer.Rating.Allowed","Receiving.Yards.Allowed.per.Snap","Plays.of.15..Yards.Allowed","Successful.Plays.Percentage","Sacks.per.Throwaway","Open.Targets","Drops...Off.Targets.Receptions.Forced","Total.Negative.Plays","Total.Positive.Plays","X15..Yards.Allowed.Percentage","Percentage.of.Open.Targets","Percentage.of.First.Down.or.Touchdown.Allowed","Interceptions.per.Target.Coverage.Percentage","Receiving.Yards.per.Coverage.Target","Average.Depth.of.Target.per.Coverage","Forced.Incompletion.Percentage","Jersey.Number","Total.Tackles","Missed.Tackle.Percentage","Assist.Tackles","Run.Stop","Run.Tackle.for.Losss.or.No.Gain","Missed.Tackle.Percentage.on.Run.Plays","Tackles.on.Run.Plays","Assist.Tackles.on.Run.Plays","Missed.Tackles.on.Run.Plays","Pass.Stop","Pass.Tackle.for.Loss.or.No.Gain","Pass.Missed.Tackles.Percentage","Total.Tackle.Snaps","Total.Tackles..Sacks...Assists...Sacks...Missed.","Assist.on.Pass.Plays","Tackles.on.Pass.Plays","Missed.Tackles.on.Pass.Plays","Conference_Level","Row_ID","row_id"
"Ka Von Chisolm","SCAR STATE",51,100,"A","DI",2026,"MEAC",88.9,90.2,79.4,NA,1,1,4,2,0,2,3,7,2,0,0,0,0,2,0,2,0,5,2,33,"21.20%","21.20%",13.6,18,-1.33,"11.10%","50.00%",2,NA,NA,NA,NA,NA,NA,NA,NA,NA,NA,NA,NA,NA,NA,NA,NA,NA,NA,NA,NA,NA,NA,NA,NA,NA,7,6,"0.00%",1,3,2,"0.00%",3,1,0,1,0,"0.00%",6,6,0,0,0,"FCS",281,281
"John Starman","S DAKOTA",50,74.88,"B","DI",2026,"Missouri Valley",76.5,71.2,72.5,NA,0,0,5,2,0,0,1,3,1,0,0,0,0,2,0,1,0,5,1,29,"10.30%","10.30%",8.6,21,0.25,"4.80%","19.10%",1,NA,NA,NA,NA,NA,NA,NA,NA,NA,NA,NA,NA,NA,NA,NA,NA,NA,NA,NA,NA,NA,NA,NA,NA,NA,44,6,"0.00%",0,4,2,"0.00%",4,0,0,1,0,"0.00%",6,6,0,0,0,"FCS",43,43
"Asher Wilson","ROB MORRIS",56,68.09,"B","DI",2026,"Northeast",87.3,70.7,88,NA,0,1,2,1,0,1,4,6,1,0,0,0,0,0,0,1,1,4,0,36,"13.90%","16.70%",9.7,20,4,"0","10.00%",0,NA,NA,NA,NA,NA,NA,NA,NA,NA,NA,NA,NA,NA,NA,NA,NA,NA,NA,NA,NA,NA,NA,NA,NA,NA,9,3,"0.00%",1,1,0,"0.00%",1,1,0,1,0,"0.00%",3,3,0,0,0,"FCS",358,358
"Lowote Jurkin","STF AUSTIN",28,67.54,"B","DI",2026,"Southland",91.5,65.5,93.8,56.7,1,0,1,1,0,2,4,7,2,0,0,0,0,0,0,0,1,2,2,18,"44.40%","38.90%",22.2,10,0,"0","10.00%",0,NA,NA,NA,NA,NA,NA,NA,NA,NA,NA,NA,NA,NA,NA,NA,NA,NA,NA,NA,NA,NA,NA,NA,NA,NA,1,1,"50.00%",0,0,0,"0.00%",0,0,0,1,0,"50.00%",2,2,0,0,1,"FCS",263,263
"Joshua Barker","SCAR STATE",46,67.43,"B","DI",2026,"MEAC",80.4,75.4,73.7,NA,0,0,3,2,0,0,1,3,2,0,0,0,0,0,0,1,1,4,0,30,"10.00%","10.00%",8.3,16,4,"0","25.00%",0,NA,NA,NA,NA,NA,NA,NA,NA,NA,NA,NA,NA,NA,NA,NA,NA,NA,NA,NA,NA,NA,NA,NA,NA,NA,0,3,"0.00%",0,1,0,"0.00%",1,0,0,2,0,"0.00%",3,3,0,0,0,"FCS",280,280
"Quoy Rainey","DELWARE ST",36,66.89,"B","DI",2026,"MEAC",72,67.6,70.2,NA,0,1,3,1,0,1,1,3,0,0,0,0,0,2,0,1,0,3,1,13,"15.40%","23.10%",15.4,23,1.67,"4.30%","13.00%",1,NA,NA,NA,NA,NA,NA,NA,NA,NA,NA,NA,NA,NA,NA,NA,NA,NA,NA,NA,NA,NA,NA,NA,NA,NA,98,5,"0.00%",1,2,2,"0.00%",3,1,0,1,0,"0.00%",5,5,0,0,0,"FCS",374,374
"Malik Gucake","PRVIEW A&M",40,64.94,"B","DI",2026,"SWAC",74.7,73.2,67.3,60.1,0,1,5,1,0,2,4,7,0,0,0,0,0,0,0,3,0,3,1,22,"18.20%","31.80%",18.2,17,3,"0","17.60%",0,1,0,"0.00%",0,0,0,0,0,0,0,0,0,"100%",0,0,0,0,0,"0.00%","0.00%","0.00%","0.00%",0,0,"0.00%",6,5,"16.70%",1,3,0,"0.00%",3,1,0,1,0,"50.00%",6,6,0,0,1,"FCS",218,218
"Kehinde Akintunde","MERCER",19,62.96,"B","DI",2026,"Southern",86.2,81.1,72.1,NA,0,1,2,1,0,0,2,3,0,0,0,0,0,1,0,1,0,2,0,13,"15.40%","23.10%",15.4,6,0,"0","50.00%",0,NA,NA,NA,NA,NA,NA,NA,NA,NA,NA,NA,NA,NA,NA,NA,NA,NA,NA,NA,NA,NA,NA,NA,NA,NA,99,3,"0.00%",1,1,1,"0.00%",1,1,0,1,0,"0.00%",3,3,0,0,0,"FCS",413,413
"Brock Winsett","COLGATE",25,61.27,"B","DI",2026,"Patriot",80.7,81.1,67.9,NA,0,1,2,0,0,2,1,3,2,0,0,0,0,2,0,0,1,2,0,18,"22.20%","16.70%",8.3,7,-1.5,"0","42.90%",0,NA,NA,NA,NA,NA,NA,NA,NA,NA,NA,NA,NA,NA,NA,NA,NA,NA,NA,NA,NA,NA,NA,NA,NA,NA,92,3,"0.00%",1,2,2,"0.00%",2,1,0,0,0,"0.00%",3,3,0,0,0,"FCS",91,91
"Malik Brown","TENN MARTN",52,60.64,"B","DI",2026,"Big South - OVC Football Association",74,79.1,71.6,66.4,0,2,3,0,0,1,2,3,1,0,0,0,0,1,0,0,0,2,2,20,"20.00%","15.00%",7.5,15,1.5,"13.30%","40.00%",2,16,0,"0.00%",0,0,0,0,0,0,39.6,0,0,"43.80%",0,0,1,0,0,"0.00%","0.00%","0.00%","0.00%",0,6,"0.00%",43,5,"0.00%",2,2,1,"0.00%",2,1,0,1,0,"0.00%",5,5,1,1,0,"FCS",408,408
"Amir Dwight","S ILLINOIS",46,59.41,"C","DI",2026,"Missouri Valley",82,77.5,73.9,60,0,2,1,1,0,0,2,3,2,0,0,0,0,0,0,0,0,1,1,30,"16.70%","10.00%",6.7,16,1,"6.30%","31.30%",1,NA,NA,NA,NA,NA,NA,NA,NA,NA,NA,NA,NA,NA,NA,NA,NA,NA,NA,NA,NA,NA,NA,NA,NA,NA,94,4,"0.00%",2,1,0,"0.00%",1,1,0,0,0,"0.00%",4,4,1,0,0,"FCS",79,79
"Manaalii Danielson","CAL POLY",56,58.96,"C","DI",2026,"Big Sky",80.4,79.1,78.4,NA,0,1,4,0,0,0,3,3,2,0,0,0,0,1,0,1,0,6,3,26,"15.40%","7.70%",3.9,30,1.25,"10.00%","30.00%",3,NA,NA,NA,NA,NA,NA,NA,NA,NA,NA,NA,NA,NA,NA,NA,NA,NA,NA,NA,NA,NA,NA,NA,NA,NA,9,5,"0.00%",1,3,0,"0.00%",3,1,0,1,1,"0.00%",5,5,0,1,0,"FCS",293,293
"Alexandre Dedieu","LAMAR",15,58.74,"C","DI",2026,"Southland",85.2,74.9,76.9,NA,0,1,2,1,0,0,0,1,0,0,0,0,0,1,0,0,0,2,0,7,"14.30%","14.30%",14.3,8,0,"0","37.50%",0,NA,NA,NA,NA,NA,NA,NA,NA,NA,NA,NA,NA,NA,NA,NA,NA,NA,NA,NA,NA,NA,NA,NA,NA,NA,13,3,"0.00%",1,1,1,"0.00%",1,1,0,1,0,"0.00%",3,3,0,0,0,"FCS",257,257
"DeMarcus Wynn","PRVIEW A&M",20,58.47,"C","DI",2026,"SWAC",80.9,63.8,86.6,60,0,1,2,1,0,0,0,1,1,0,0,1,1,0,0,0,0,2,1,8,"25.00%","12.50%",12.5,12,2,"8.30%","8.30%",1,NA,NA,NA,NA,NA,NA,NA,NA,NA,NA,NA,NA,NA,NA,NA,NA,NA,NA,NA,NA,NA,NA,NA,NA,NA,91,4,"0.00%",1,1,0,"0.00%",2,1,0,1,0,"0.00%",4,4,0,0,0,"FCS",279,279
"Julian Fernandez","UC DAVIS",34,58.42,"C","DI",2026,"Big Sky",80.1,75.4,72.7,NA,0,1,4,0,0,0,0,0,2,0,0,0,0,2,0,0,0,4,1,19,"10.50%","0.00%",0,15,1,"6.70%","33.30%",1,NA,NA,NA,NA,NA,NA,NA,NA,NA,NA,NA,NA,NA,NA,NA,NA,NA,NA,NA,NA,NA,NA,NA,NA,NA,93,5,"0.00%",1,4,2,"0.00%",4,1,0,0,0,"0.00%",5,5,0,0,0,"FCS",330,330
"Mason Burke","LNDNWD",39,57.34,"C","DI",2026,"Big South - OVC Football Association",69.7,68.1,65.1,NA,1,1,3,1,0,0,1,2,1,0,0,0,0,1,0,1,1,3,1,25,"4.00%","8.00%",6,14,1,"7.10%","21.40%",1,NA,NA,NA,NA,NA,NA,NA,NA,NA,NA,NA,NA,NA,NA,NA,NA,NA,NA,NA,NA,NA,NA,NA,NA,NA,4,4,"0.00%",1,2,1,"0.00%",2,1,0,1,0,"0.00%",4,4,0,0,0,"FCS",267,267
"Case Mankins","RHODE ISLD",45,56.6,"C","DI",2026,"CAA",66.2,60.9,69.1,NA,0,1,3,2,0,0,0,2,0,0,0,1,0,0,0,2,0,2,4,18,"0","11.10%",11.1,27,2,"14.80%","11.10%",4,NA,NA,NA,NA,NA,NA,NA,NA,NA,NA,NA,NA,NA,NA,NA,NA,NA,NA,NA,NA,NA,NA,NA,NA,NA,97,4,"0.00%",1,1,0,"0.00%",1,1,0,2,0,"0.00%",4,4,0,0,0,"FCS",121,121
"Duston Chavis","TENN MARTN",44,56.59,"C","DI",2026,"Big South - OVC Football Association",82.3,69.3,81.4,60,0,0,2,1,0,0,2,3,3,0,0,0,0,0,0,1,0,0,1,28,"17.90%","10.70%",7.1,16,0,"6.30%","18.80%",1,NA,NA,NA,NA,NA,NA,NA,NA,NA,NA,NA,NA,NA,NA,NA,NA,NA,NA,NA,NA,NA,NA,NA,NA,NA,23,2,"0.00%",0,0,0,"0.00%",0,0,0,2,0,"0.00%",2,2,0,1,0,"FCS",365,365
"Dakari Harris","TXAMEA",43,55.13,"C","DI",2026,"Southland",76.6,75.7,66,NA,0,1,5,0,0,0,1,1,1,0,0,0,0,2,0,0,0,5,1,17,"11.80%","5.90%",2.9,26,1.2,"3.90%","30.80%",1,NA,NA,NA,NA,NA,NA,NA,NA,NA,NA,NA,NA,NA,NA,NA,NA,NA,NA,NA,NA,NA,NA,NA,NA,NA,78,6,"14.30%",1,5,2,"14.30%",5,1,1,0,0,"0.00%",7,7,0,0,0,"FCS",439,439
"Folu Shobowale","GEORGETOWN",48,54.58,"C","DI",2026,"Patriot",68.3,66.4,64.8,60,0,3,1,0,0,0,1,1,1,0,0,0,0,1,0,1,0,2,4,17,"5.90%","5.90%",2.9,31,7.5,"12.90%","12.90%",4,NA,NA,NA,NA,NA,NA,NA,NA,NA,NA,NA,NA,NA,NA,NA,NA,NA,NA,NA,NA,NA,NA,NA,NA,NA,55,5,"0.00%",3,1,1,"0.00%",2,2,0,0,0,"0.00%",5,5,1,0,0,"FCS",349,349
"Ugo Nwotite","VILLANOVA",23,53.73,"C","DI",2026,"Patriot",81.5,77.1,71.2,NA,0,0,2,1,0,2,1,4,0,0,0,0,0,1,0,0,0,4,0,16,"25.00%","25.00%",15.6,7,-4,"0","28.60%",0,NA,NA,NA,NA,NA,NA,NA,NA,NA,NA,NA,NA,NA,NA,NA,NA,NA,NA,NA,NA,NA,NA,NA,NA,NA,96,2,"0.00%",0,1,1,"0.00%",1,0,0,1,0,"0.00%",2,2,0,0,0,"FCS",203,203
"Jack Inserra","BUCKNELL",34,53.42,"C","DI",2026,"Patriot",73.3,77.2,59.2,NA,0,1,3,1,0,0,0,1,0,0,0,0,0,1,0,1,0,3,0,15,"0","6.70%",6.7,19,1.67,"0","21.10%",0,NA,NA,NA,NA,NA,NA,NA,NA,NA,NA,NA,NA,NA,NA,NA,NA,NA,NA,NA,NA,NA,NA,NA,NA,NA,12,5,"0.00%",1,2,1,"0.00%",3,1,0,1,0,"0.00%",5,5,0,0,0,"FCS",88,88
"Abraham Clinkscales","STNY BROOK",36,53.22,"C","DI",2026,"CAA",68.4,74.1,67.2,58.9,1,3,0,0,0,1,1,2,0,0,0,0,0,0,0,1,0,1,1,18,"5.60%","11.10%",5.6,17,8,"0","17.60%",0,1,0,"0.00%",0,0,0,0,0,0,0,0,0,"0.00%",0,0,0,0,0,"0.00%","0.00%","0.00%","0.00%",0,0,"0.00%",55,4,"0.00%",3,0,0,"0.00%",1,3,0,0,0,"0.00%",4,4,0,0,0,"FCS",62,62
"Chris Wilson","TENN MARTN",41,52.86,"C","DI",2026,"Big South - OVC Football Association",76.4,72,64.1,63.3,1,1,4,0,0,0,2,2,1,0,0,0,0,1,0,1,0,3,0,26,"7.70%","7.70%",3.9,15,1.5,"0","13.30%",0,NA,NA,NA,NA,NA,NA,NA,NA,NA,NA,NA,NA,NA,NA,NA,NA,NA,NA,NA,NA,NA,NA,NA,NA,NA,51,5,"0.00%",1,2,1,"0.00%",2,1,0,2,0,"0.00%",5,5,0,2,0,"FCS",364,364
"Chaz Knox","ELON",25,52.33,"C","DI",2026,"CAA",77.2,80.5,61.3,NA,0,2,2,1,0,0,0,1,0,0,0,0,0,1,0,0,0,3,1,16,"6.30%","6.30%",6.3,9,0,"11.10%","66.70%",1,NA,NA,NA,NA,NA,NA,NA,NA,NA,NA,NA,NA,NA,NA,NA,NA,NA,NA,NA,NA,NA,NA,NA,NA,NA,95,4,"20.00%",2,1,1,"25.00%",1,2,1,1,0,"0.00%",5,5,0,0,0,"FCS",302,302
"TJ Baldwin","RICHMOND",41,52.32,"C","DI",2026,"Patriot",72.3,73.8,61.2,NA,0,1,5,1,0,0,0,1,0,0,0,0,0,1,0,0,0,4,2,20,"5.00%","5.00%",5,21,2.25,"9.50%","23.80%",2,NA,NA,NA,NA,NA,NA,NA,NA,NA,NA,NA,NA,NA,NA,NA,NA,NA,NA,NA,NA,NA,NA,NA,NA,NA,5,6,"14.30%",1,4,1,"16.70%",4,1,1,1,0,"0.00%",7,7,0,0,0,"FCS",70,70
"Luke Reilly","LEHIGH",29,52.25,"C","DI",2026,"Patriot",58.6,57.6,72.3,NA,0,1,3,1,0,0,2,3,1,0,0,0,0,0,0,1,1,3,5,13,"15.40%","23.10%",15.4,16,1.5,"25.00%","18.80%",4,NA,NA,NA,NA,NA,NA,NA,NA,NA,NA,NA,NA,NA,NA,NA,NA,NA,NA,NA,NA,NA,NA,NA,NA,NA,97,4,"0.00%",1,2,0,"0.00%",2,1,0,1,0,"0.00%",4,4,0,0,0,"FCS",4,4
"Rashad Reid","ELON",34,52.08,"C","DI",2026,"CAA",80.9,62.3,84.1,NA,0,1,1,0,0,1,6,7,1,0,0,0,0,0,0,0,0,1,2,27,"29.60%","25.90%",13,7,3,"28.60%","28.60%",2,NA,NA,NA,NA,NA,NA,NA,NA,NA,NA,NA,NA,NA,NA,NA,NA,NA,NA,NA,NA,NA,NA,NA,NA,NA,98,3,"0.00%",1,1,0,"0.00%",2,1,0,0,0,"0.00%",3,3,0,0,0,"FCS",213,213
"Jakub Mwangelwa","FORDHAM",39,51.22,"C","DI",2026,"Patriot",65.8,63.4,64.2,60,0,0,3,2,0,0,0,2,0,0,0,0,0,0,0,0,1,2,1,18,"5.60%","11.10%",11.1,20,4,"5.00%","5.00%",1,1,0,"0.00%",0,0,0,0,0,0,0,0,0,"0.00%",0,0,0,0,0,"0.00%","0.00%","0.00%","0.00%",0,0,"0.00%",42,3,"0.00%",0,1,0,"0.00%",1,0,0,2,0,"0.00%",3,3,0,0,0,"FCS",477,477
"De'Myrion Johnson","SOUTHERN U",44,50.89,"C","DI",2026,"SWAC",73.7,74.4,65,NA,0,0,4,1,0,0,2,3,0,0,0,0,0,1,0,0,0,4,3,31,"9.70%","9.70%",6.5,13,1.33,"23.10%","53.80%",3,NA,NA,NA,NA,NA,NA,NA,NA,NA,NA,NA,NA,NA,NA,NA,NA,NA,NA,NA,NA,NA,NA,NA,NA,NA,97,4,"20.00%",0,3,1,"25.00%",3,0,1,1,0,"0.00%",5,5,0,0,0,"FCS",171,171
"Jaydon Eason","STF AUSTIN",22,49.42,"C","DI",2026,"Southland",76.4,70.7,71.1,NA,0,2,1,1,0,1,0,2,0,0,0,0,0,0,0,0,0,0,0,13,"15.40%","15.40%",11.5,9,0,"0","22.20%",0,NA,NA,NA,NA,NA,NA,NA,NA,NA,NA,NA,NA,NA,NA,NA,NA,NA,NA,NA,NA,NA,NA,NA,NA,NA,99,3,"0.00%",2,0,0,"0.00%",0,2,0,1,0,"0.00%",3,3,0,0,0,"FCS",275,275
"KJ Hardesty","MOREHEAD",18,49.39,"C","DI",2026,"Pioneer",90.9,74,86.1,NA,0,0,1,0,0,1,1,2,2,0,0,0,0,1,0,0,0,1,0,14,"28.60%","14.30%",7.1,4,-4,"0","50.00%",0,NA,NA,NA,NA,NA,NA,NA,NA,NA,NA,NA,NA,NA,NA,NA,NA,NA,NA,NA,NA,NA,NA,NA,NA,NA,54,1,"0.00%",0,1,1,"0.00%",1,0,0,0,0,"0.00%",1,1,0,0,0,"FCS",353,353
"Davin Dzidzienyo","WM & MARY",69,48.49,"C","DI",2026,"Patriot",68.6,56.9,75,61.3,0,0,1,1,0,4,3,8,2,0,0,0,1,0,0,0,0,2,2,50,"20.00%","16.00%",9,19,0,"5.30%","0",1,NA,NA,NA,NA,NA,NA,NA,NA,NA,NA,NA,NA,NA,NA,NA,NA,NA,NA,NA,NA,NA,NA,NA,NA,NA,1,1,"50.00%",0,0,0,"100%",0,0,1,1,0,"0.00%",2,2,0,0,0,"FCS",11,11
"Avery Barnes","MONMOUTH",29,47.59,"C","DI",2026,"CAA",80,78.5,60.3,67.1,0,0,3,0,0,1,0,1,0,0,0,0,0,2,0,0,0,5,0,15,"6.70%","6.70%",3.3,14,-0.5,"0","21.40%",0,NA,NA,NA,NA,NA,NA,NA,NA,NA,NA,NA,NA,NA,NA,NA,NA,NA,NA,NA,NA,NA,NA,NA,NA,NA,50,4,"0.00%",0,2,2,"0.00%",2,0,0,1,0,"0.00%",4,4,0,2,0,"FCS",246,246
"Mitchel Jaskowiak","IDAHO",46,47.57,"C","DI",2026,"Big Sky",68.5,61.3,76.1,NA,0,3,1,0,0,0,1,1,1,0,0,0,0,1,0,0,0,3,3,19,"10.50%","5.30%",2.6,27,0,"11.10%","7.40%",3,NA,NA,NA,NA,NA,NA,NA,NA,NA,NA,NA,NA,NA,NA,NA,NA,NA,NA,NA,NA,NA,NA,NA,NA,NA,45,4,"0.00%",3,1,1,"0.00%",1,3,0,0,0,"0.00%",4,4,0,0,0,"FCS",25,25
"Amiree Alexander","SE LA",60,47.09,"C","DI",2026,"Southland",59.3,56.6,63.5,NA,0,1,4,1,0,0,0,1,1,0,0,0,0,1,0,0,0,5,8,22,"9.10%","4.50%",4.5,38,1.67,"21.10%","23.70%",8,NA,NA,NA,NA,NA,NA,NA,NA,NA,NA,NA,NA,NA,NA,NA,NA,NA,NA,NA,NA,NA,NA,NA,NA,NA,54,5,"0.00%",1,3,1,"0.00%",3,1,0,1,0,"0.00%",5,5,0,0,0,"FCS",270,270
"Asher Tomaszewski","S DAKOTA",29,47.08,"C","DI",2026,"Missouri Valley",72.1,71.4,64.7,NA,0,1,2,1,0,0,1,2,0,0,0,0,0,0,0,1,0,2,0,20,"5.00%","10.00%",7.5,9,3,"0","22.20%",0,NA,NA,NA,NA,NA,NA,NA,NA,NA,NA,NA,NA,NA,NA,NA,NA,NA,NA,NA,NA,NA,NA,NA,NA,NA,99,3,"0.00%",1,1,0,"0.00%",1,1,0,1,0,"0.00%",3,3,0,0,0,"FCS",110,110
"Gensley Auguste","DELWARE ST",23,46.89,"C","DI",2026,"MEAC",73.9,74,62.8,NA,0,1,1,1,0,1,0,2,0,0,0,0,0,0,0,1,1,1,0,11,"0","18.20%",13.6,12,0,"0","16.70%",0,NA,NA,NA,NA,NA,NA,NA,NA,NA,NA,NA,NA,NA,NA,NA,NA,NA,NA,NA,NA,NA,NA,NA,NA,NA,94,2,"0.00%",1,0,0,"0.00%",0,1,0,1,0,"0.00%",2,2,0,0,0,"FCS",112,112
"Dean Mangiocavallo","GEORGETOWN",50,46,"C","DI",2026,"Patriot",64.6,63.5,72.2,60,0,2,1,0,0,0,2,2,3,0,0,0,0,0,0,0,0,2,6,19,"26.30%","10.50%",5.3,31,4,"16.10%","22.60%",5,NA,NA,NA,NA,NA,NA,NA,NA,NA,NA,NA,NA,NA,NA,NA,NA,NA,NA,NA,NA,NA,NA,NA,NA,NA,0,3,"25.00%",2,1,0,"33.30%",1,1,1,0,0,"0.00%",4,4,1,0,0,"FCS",350,350
"IyiolaOluwa Solomi","LAMAR",33,45.09,"C","DI",2026,"Southland",78.6,71,79.2,NA,0,0,1,0,0,0,2,2,0,0,0,0,0,1,0,0,0,4,2,11,"18.20%","18.20%",9.1,22,1.33,"9.10%","22.70%",2,NA,NA,NA,NA,NA,NA,NA,NA,NA,NA,NA,NA,NA,NA,NA,NA,NA,NA,NA,NA,NA,NA,NA,NA,NA,99,3,"25.00%",0,1,1,"25.00%",3,0,1,0,0,"0.00%",4,4,0,0,0,"FCS",258,258
"Zion Patillo","DUQUESNE",34,45.02,"C","DI",2026,"Northeast",63.6,59.2,59.6,62.1,0,3,1,0,0,0,1,1,0,0,0,0,0,0,0,1,0,1,4,2,"0","50.00%",25,32,4,"12.50%","3.10%",4,NA,NA,NA,NA,NA,NA,NA,NA,NA,NA,NA,NA,NA,NA,NA,NA,NA,NA,NA,NA,NA,NA,NA,NA,NA,44,5,"0.00%",3,0,0,"0.00%",1,3,0,1,0,"0.00%",5,5,0,1,0,"FCS",217,217
"Teddy Roby","ALCORN ST",41,44.97,"C","DI",2026,"SWAC",75.3,77.3,57.7,NA,0,2,3,0,0,0,0,0,0,0,0,0,0,1,0,0,0,5,1,13,"0","0.00%",0,28,3,"3.60%","21.40%",1,NA,NA,NA,NA,NA,NA,NA,NA,NA,NA,NA,NA,NA,NA,NA,NA,NA,NA,NA,NA,NA,NA,NA,NA,NA,99,6,"0.00%",2,3,1,"0.00%",4,2,0,0,0,"0.00%",6,6,0,0,0,"FCS",456,456
"Nathan Huerta","TXRG",33,44.88,"C","DI",2026,"Southland",66.1,67.2,60.1,NA,0,2,2,1,0,0,0,1,0,0,0,0,0,0,0,1,0,4,2,20,"0","5.00%",5,13,4.5,"15.40%","30.80%",2,NA,NA,NA,NA,NA,NA,NA,NA,NA,NA,NA,NA,NA,NA,NA,NA,NA,NA,NA,NA,NA,NA,NA,NA,NA,42,5,"16.70%",2,1,0,"20.00%",2,2,1,1,0,"0.00%",6,6,0,0,0,"FCS",100,100
"Braxton Lassiter","RICHMOND",59,44.75,"C","DI",2026,"Patriot",66.2,63.6,65,NA,0,2,3,0,0,1,3,4,0,0,0,0,0,1,0,0,0,2,4,35,"11.40%","11.40%",5.7,24,-0.33,"16.70%","12.50%",4,NA,NA,NA,NA,NA,NA,NA,NA,NA,NA,NA,NA,NA,NA,NA,NA,NA,NA,NA,NA,NA,NA,NA,NA,NA,8,5,"0.00%",2,3,1,"0.00%",3,2,0,0,0,"0.00%",5,5,0,0,0,"FCS",180,180
"Ean Johnson-Kelley","MERCER",33,44.54,"C","DI",2026,"Southern",78.9,78.6,61.7,62.2,1,1,2,0,0,0,0,0,0,0,0,0,0,1,0,0,0,4,0,18,"0","0.00%",0,15,0.5,"0","20.00%",0,NA,NA,NA,NA,NA,NA,NA,NA,NA,NA,NA,NA,NA,NA,NA,NA,NA,NA,NA,NA,NA,NA,NA,NA,NA,55,5,"0.00%",1,2,1,"0.00%",2,1,0,0,0,"0.00%",5,5,0,2,0,"FCS",314,314
"Tyreek'e Robinson","E TENN ST",25,43.73,"C","DI",2026,"Southern",70.3,64.3,73.1,NA,0,0,0,1,0,0,0,1,1,0,0,0,0,0,0,1,0,1,1,6,"16.70%","16.70%",16.7,19,0,"5.30%","5.30%",1,NA,NA,NA,NA,NA,NA,NA,NA,NA,NA,NA,NA,NA,NA,NA,NA,NA,NA,NA,NA,NA,NA,NA,NA,NA,98,1,"0.00%",0,0,0,"0.00%",0,0,0,0,0,"0.00%",1,1,0,0,0,"FCS",233,233
"Nicholas Mathious","WOFFORD",48,43.42,"C","DI",2026,"Southern",70.1,65.4,68.5,NA,0,0,1,0,0,0,1,1,4,0,0,0,0,1,0,0,0,2,1,32,"15.60%","3.10%",1.6,16,1,"6.30%","12.50%",1,NA,NA,NA,NA,NA,NA,NA,NA,NA,NA,NA,NA,NA,NA,NA,NA,NA,NA,NA,NA,NA,NA,NA,NA,NA,95,2,"0.00%",0,1,1,"0.00%",2,0,0,0,0,"0.00%",2,2,0,0,0,"FCS",335,335
"Devin Huegel","UC DAVIS",31,43.11,"C","DI",2026,"Big Sky",63.5,67.1,65.8,NA,0,0,3,1,0,0,0,1,0,0,0,0,0,0,0,1,0,5,2,15,"0","6.70%",6.7,16,3,"6.30%","12.50%",1,NA,NA,NA,NA,NA,NA,NA,NA,NA,NA,NA,NA,NA,NA,NA,NA,NA,NA,NA,NA,NA,NA,NA,NA,NA,97,4,"0.00%",0,2,0,"0.00%",3,0,0,1,0,"0.00%",4,4,0,0,0,"FCS",331,331
"Nakobi Spurrier","W GEORGIA",46,42.66,"C","DI",2026,"United Athletic",67.6,65.3,65.4,NA,0,2,0,1,0,0,0,1,1,0,0,0,0,0,0,1,0,0,3,22,"4.50%","4.50%",4.5,24,0,"12.50%","16.70%",3,NA,NA,NA,NA,NA,NA,NA,NA,NA,NA,NA,NA,NA,NA,NA,NA,NA,NA,NA,NA,NA,NA,NA,NA,NA,98,3,"0.00%",2,0,0,"0.00%",0,2,0,0,0,"0.00%",3,3,0,0,0,"FCS",168,168
"Zacchaeus Dixon","MERCYHURST",41,42.6,"C","DI",2026,"Northeast",62.5,65,57.1,NA,0,1,3,1,0,0,0,1,0,0,0,0,0,1,0,0,0,3,2,18,"5.60%","5.60%",5.6,23,0,"8.70%","13.00%",2,NA,NA,NA,NA,NA,NA,NA,NA,NA,NA,NA,NA,NA,NA,NA,NA,NA,NA,NA,NA,NA,NA,NA,NA,NA,3,4,"0.00%",1,2,1,"0.00%",2,1,0,1,0,"0.00%",4,4,0,0,0,"FCS",67,67
"Sean Scheck","SAN DIEGO",48,42.35,"C","DI",2026,"Pioneer",69.1,76.3,56.1,NA,0,1,2,0,0,0,1,1,0,0,0,0,0,2,0,0,0,2,0,27,"3.70%","3.70%",1.9,21,-1,"0","14.30%",0,NA,NA,NA,NA,NA,NA,NA,NA,NA,NA,NA,NA,NA,NA,NA,NA,NA,NA,NA,NA,NA,NA,NA,NA,NA,76,3,"0.00%",1,2,2,"0.00%",2,1,0,0,0,"0.00%",3,3,0,0,0,"FCS",169,169
"Jayden Baer","N ARIZONA",37,42.02,"C","DI",2026,"Big Sky",66.3,68.3,59.8,NA,0,1,1,1,0,0,0,1,0,0,0,0,0,0,0,1,0,3,0,23,"0","4.30%",4.3,14,5,"0","7.10%",0,NA,NA,NA,NA,NA,NA,NA,NA,NA,NA,NA,NA,NA,NA,NA,NA,NA,NA,NA,NA,NA,NA,NA,NA,NA,96,3,"0.00%",1,0,0,"0.00%",1,1,0,1,0,"0.00%",3,3,0,0,0,"FCS",321,321
"Joe Kelly","COLGATE",49,41.82,"C","DI",2026,"Patriot",69.9,70.1,62.9,NA,0,0,1,0,0,1,2,3,1,0,0,0,0,1,0,1,0,1,1,25,"12.00%","12.00%",6,24,1.5,"4.20%","12.50%",1,NA,NA,NA,NA,NA,NA,NA,NA,NA,NA,NA,NA,NA,NA,NA,NA,NA,NA,NA,NA,NA,NA,NA,NA,NA,0,2,"0.00%",0,1,1,"0.00%",2,0,0,0,0,"0.00%",2,2,0,0,0,"FCS",282,282
"JJ Lewis","MONMOUTH",47,41.81,"C","DI",2026,"CAA",77.7,80.1,62.9,NA,0,2,1,0,0,0,2,2,0,0,0,0,0,0,0,0,0,3,0,23,"8.70%","8.70%",4.3,24,3,"0","25.00%",0,NA,NA,NA,NA,NA,NA,NA,NA,NA,NA,NA,NA,NA,NA,NA,NA,NA,NA,NA,NA,NA,NA,NA,NA,NA,8,3,"0.00%",2,1,0,"0.00%",1,2,0,0,0,"0.00%",3,3,0,0,0,"FCS",317,317
"Donovan Dozier","NWSTATE",32,41.63,"C","DI",2026,"Southland",62.1,59,64.6,NA,0,1,0,0,0,0,1,1,1,0,0,0,0,0,0,0,0,2,2,13,"15.40%","7.70%",3.9,19,15,"10.50%","10.50%",2,NA,NA,NA,NA,NA,NA,NA,NA,NA,NA,NA,NA,NA,NA,NA,NA,NA,NA,NA,NA,NA,NA,NA,NA,NA,0,2,"0.00%",1,0,0,"0.00%",1,1,0,0,0,"0.00%",2,2,0,0,0,"FCS",125,125
"Isaiah Boyd","ALBANY",52,41.46,"C","DI",2026,"CAA",62.6,67.5,56.1,NA,0,1,2,0,0,0,0,0,1,0,0,0,0,1,0,0,0,3,1,34,"2.90%","0.00%",0,18,7,"5.60%","5.60%",1,NA,NA,NA,NA,NA,NA,NA,NA,NA,NA,NA,NA,NA,NA,NA,NA,NA,NA,NA,NA,NA,NA,NA,NA,NA,55,5,"0.00%",1,2,1,"0.00%",4,1,0,0,0,"0.00%",5,5,0,0,0,"FCS",24,24
"Patrick Conserve","RHODE ISLD",27,41.26,"C","DI",2026,"CAA",65.1,60.7,67.1,NA,0,0,1,1,0,0,1,2,1,0,0,0,0,0,0,2,0,1,2,11,"9.10%","18.20%",13.6,16,0,"12.50%","12.50%",2,NA,NA,NA,NA,NA,NA,NA,NA,NA,NA,NA,NA,NA,NA,NA,NA,NA,NA,NA,NA,NA,NA,NA,NA,NA,51,1,"0.00%",0,0,0,"0.00%",0,0,0,1,0,"0.00%",1,1,0,0,0,"FCS",120,120
"Ty Gordon","WM & MARY",69,40.91,"C","DI",2026,"Patriot",66.5,66.1,63.3,NA,1,1,0,0,0,1,3,4,2,0,0,0,1,0,0,1,0,2,1,49,"10.20%","8.20%",4.1,20,1,"5.00%","10.00%",1,NA,NA,NA,NA,NA,NA,NA,NA,NA,NA,NA,NA,NA,NA,NA,NA,NA,NA,NA,NA,NA,NA,NA,NA,NA,9,2,"0.00%",1,0,0,"0.00%",1,1,0,0,0,"0.00%",2,2,0,0,0,"FCS",133,133
"Jarmal Gilmore","DAVIDSON",45,40.9,"C","DI",2026,"Pioneer",63.5,61.8,63.3,60,0,1,3,0,0,1,0,1,1,0,0,0,0,1,0,0,1,4,5,19,"5.30%","5.30%",2.6,25,0.75,"20.00%","28.00%",5,1,0,"0.00%",0,0,0,0,0,0,0,0,0,"100%",0,0,0,0,0,"0.00%","0.00%","0.00%","0.00%",0,0,"0.00%",90,5,"0.00%",1,3,1,"0.00%",4,1,0,0,0,"0.00%",5,5,0,0,0,"FCS",341,341
"Demetrius Baldwin","FURMAN",32,40.77,"C","DI",2026,"Southern",78.4,80.2,61.9,NA,1,1,1,0,0,0,0,0,0,0,0,0,0,1,0,0,0,4,0,15,"0","0.00%",0,17,0,"0","29.40%",0,NA,NA,NA,NA,NA,NA,NA,NA,NA,NA,NA,NA,NA,NA,NA,NA,NA,NA,NA,NA,NA,NA,NA,NA,NA,93,3,"0.00%",1,1,1,"0.00%",2,1,0,0,0,"0.00%",3,3,0,0,0,"FCS",188,188
"Kahmari Valentine","WAGNER",28,40.75,"C","DI",2026,"Northeast",66.5,57,73.3,NA,0,1,1,1,0,0,1,2,0,0,0,0,0,0,0,1,0,1,2,16,"6.30%","12.50%",9.4,12,0,"16.70%","8.30%",2,NA,NA,NA,NA,NA,NA,NA,NA,NA,NA,NA,NA,NA,NA,NA,NA,NA,NA,NA,NA,NA,NA,NA,NA,NA,56,2,"0.00%",1,0,0,"0.00%",0,1,0,1,0,"0.00%",2,2,0,0,0,"FCS",368,368
"Myles Dixon","SCAR STATE",21,40.56,"C","DI",2026,"MEAC",81.2,80,62.7,61.6,0,0,2,0,0,0,2,2,0,0,0,0,0,1,0,0,1,2,0,13,"7.70%","15.40%",7.7,8,-3,"0","50.00%",0,NA,NA,NA,NA,NA,NA,NA,NA,NA,NA,NA,NA,NA,NA,NA,NA,NA,NA,NA,NA,NA,NA,NA,NA,NA,11,2,"0.00%",0,1,1,"0.00%",1,0,0,1,0,"0.00%",2,2,0,1,0,"FCS",313,313
"Kilas Francis","GRAMBLING",35,40.42,"C","DI",2026,"SWAC",72.4,80.9,55.1,NA,0,0,2,0,0,0,0,0,0,0,0,0,0,2,0,0,0,2,0,22,"0","0.00%",0,13,0,"0","38.50%",0,NA,NA,NA,NA,NA,NA,NA,NA,NA,NA,NA,NA,NA,NA,NA,NA,NA,NA,NA,NA,NA,NA,NA,NA,NA,92,3,"0.00%",0,2,2,"0.00%",3,0,0,0,0,"0.00%",3,3,0,0,0,"FCS",224,224
"Delano Marcelus","MERCER",47,40.15,"C","DI",2026,"Southern",58.9,83,54.1,60,0,2,3,0,0,0,1,1,1,0,0,0,0,0,0,1,0,4,4,27,"3.70%","3.70%",1.9,20,1.67,"10.00%","25.00%",2,NA,NA,NA,NA,NA,NA,NA,NA,NA,NA,NA,NA,NA,NA,NA,NA,NA,NA,NA,NA,NA,NA,NA,NA,NA,11,5,"28.60%",2,3,0,"0.00%",3,2,0,0,0,"100%",7,7,0,0,2,"FCS",315,315
"Chase Kerns","W CAROLINA",35,40.03,"C","DI",2026,"Southern",59.2,70.4,55.2,60,0,1,2,0,0,0,1,1,0,0,0,0,0,2,0,1,0,2,3,16,"0","6.30%",3.1,18,-2,"16.70%","16.70%",3,1,0,"0.00%",0,0,0,0,0,0,0,0,0,"100%",0,0,0,0,0,"0.00%","0.00%","0.00%","0.00%",0,0,"0.00%",16,3,"0.00%",1,2,2,"0.00%",2,1,0,0,0,"0.00%",3,3,0,0,0,"FCS",449,449
"Eugene Allen IV","NORFOLK",21,38.68,"D","DI",2026,"MEAC",68,63.1,67.2,NA,0,0,1,1,0,0,1,2,0,0,0,0,0,0,0,1,0,0,0,11,"9.10%","18.20%",13.6,10,0,"0","0",0,NA,NA,NA,NA,NA,NA,NA,NA,NA,NA,NA,NA,NA,NA,NA,NA,NA,NA,NA,NA,NA,NA,NA,NA,NA,52,1,"0.00%",0,0,0,"0.00%",0,0,0,1,0,"0.00%",1,1,0,0,0,"FCS",431,431
"Ashtin Rustemeyer","LNDNWD",38,38.37,"D","DI",2026,"Big South - OVC Football Association",67.5,71.8,55.6,60,0,4,1,0,0,0,0,0,0,0,0,0,0,0,0,0,0,2,2,22,"0","0.00%",0,16,3,"12.50%","31.30%",2,NA,NA,NA,NA,NA,NA,NA,NA,NA,NA,NA,NA,NA,NA,NA,NA,NA,NA,NA,NA,NA,NA,NA,NA,NA,91,5,"0.00%",4,1,0,"0.00%",1,3,0,0,0,"0.00%",5,5,1,0,0,"FCS",18,18
"Ben Harman","ILL STATE",42,38.23,"D","DI",2026,"Missouri Valley",69.2,72.6,61,NA,0,1,2,0,0,0,2,2,0,0,0,0,0,1,0,0,0,2,1,28,"7.10%","7.10%",3.6,14,0.5,"0","21.40%",0,NA,NA,NA,NA,NA,NA,NA,NA,NA,NA,NA,NA,NA,NA,NA,NA,NA,NA,NA,NA,NA,NA,NA,NA,NA,91,3,"25.00%",1,2,1,"0.00%",2,1,0,0,0,"100%",4,4,0,0,1,"FCS",182,182
"Isaac Saffold","GEORGETOWN",30,38.15,"D","DI",2026,"Patriot",59.2,64.3,62.4,NA,0,0,3,0,0,0,2,2,0,0,0,0,1,0,0,1,0,3,5,9,"11.10%","22.20%",11.1,21,4,"23.80%","19.10%",5,NA,NA,NA,NA,NA,NA,NA,NA,NA,NA,NA,NA,NA,NA,NA,NA,NA,NA,NA,NA,NA,NA,NA,NA,NA,99,5,"0.00%",0,3,0,"0.00%",5,0,0,0,0,"0.00%",5,5,0,0,0,"FCS",184,184
"Thad Parson","ALABAMA ST",22,37.54,"D","DI",2026,"SWAC",75.4,67,78.4,NA,0,2,0,0,0,0,0,0,1,0,0,0,0,0,0,0,0,0,1,8,"12.50%","0.00%",0,14,0,"7.10%","14.30%",1,NA,NA,NA,NA,NA,NA,NA,NA,NA,NA,NA,NA,NA,NA,NA,NA,NA,NA,NA,NA,NA,NA,NA,NA,NA,96,2,"0.00%",2,0,0,"0.00%",0,2,0,0,0,"0.00%",2,2,0,0,0,"FCS",421,421
"Jordan Johnson","WOFFORD",38,37.48,"D","DI",2026,"Southern",61.6,62.6,59.6,NA,0,0,2,1,0,1,0,2,0,0,0,1,0,0,0,1,0,2,1,29,"3.50%","6.90%",5.2,9,4,"0","0",0,NA,NA,NA,NA,NA,NA,NA,NA,NA,NA,NA,NA,NA,NA,NA,NA,NA,NA,NA,NA,NA,NA,NA,NA,NA,92,2,"33.30%",0,1,0,"0.00%",1,0,0,1,0,"50.00%",3,3,0,0,1,"FCS",334,334
"Jeremiah Shelby","WOFFORD",27,37.42,"D","DI",2026,"Southern",73.4,71.1,63.7,60.6,0,0,1,0,0,1,0,1,1,0,0,0,1,1,0,0,0,0,0,18,"11.10%","5.60%",2.8,9,0,"0","11.10%",0,NA,NA,NA,NA,NA,NA,NA,NA,NA,NA,NA,NA,NA,NA,NA,NA,NA,NA,NA,NA,NA,NA,NA,NA,NA,97,1,"0.00%",0,1,1,"0.00%",1,0,0,0,0,"0.00%",1,1,0,0,0,"FCS",420,420
"Nigel McSween","VILLANOVA",38,37.05,"D","DI",2026,"Patriot",76.2,79.9,59.8,NA,0,0,4,0,0,0,0,0,1,0,0,0,0,0,0,0,0,4,0,20,"5.00%","0.00%",0,18,2.6,"0","27.80%",0,NA,NA,NA,NA,NA,NA,NA,NA,NA,NA,NA,NA,NA,NA,NA,NA,NA,NA,NA,NA,NA,NA,NA,NA,NA,92,5,"0.00%",0,4,0,"0.00%",5,0,0,0,0,"0.00%",5,5,0,0,0,"FCS",72,72
"Alex Villavaso","NICHOLLS",33,36.97,"D","DI",2026,"Southland",57.9,72.7,58.7,36.7,0,0,2,0,0,1,0,1,0,0,0,1,0,1,0,0,0,4,4,14,"7.10%","7.10%",3.6,16,3,"12.50%","18.80%",2,3,1,"100%",13,13,0,1,0,0,118.8,4.33,0,"0.00%",0,1,0,2,0,"0.00%","100%","100%","0.00%",13,13,"0.00%",45,3,"25.00%",0,2,1,"25.00%",3,0,1,0,0,"0.00%",4,4,0,0,0,"FCS",38,38
"Jayden Wells","SO UTAH",28,36.86,"D","DI",2026,"Big Sky",66,72.3,55.3,NA,0,0,2,0,0,0,0,0,0,0,0,0,0,2,0,0,0,3,0,18,"0","0.00%",0,10,0.33,"0","20.00%",0,NA,NA,NA,NA,NA,NA,NA,NA,NA,NA,NA,NA,NA,NA,NA,NA,NA,NA,NA,NA,NA,NA,NA,NA,NA,98,3,"0.00%",0,2,2,"0.00%",3,0,0,0,0,"0.00%",3,3,0,0,0,"FCS",200,200
"Seni Tuiaki","SO UTAH",49,36.78,"D","DI",2026,"Big Sky",65.8,68.1,58.4,60,0,0,2,0,0,0,0,0,0,0,0,0,0,2,0,0,0,4,1,28,"0","0.00%",0,21,3.33,"4.80%","9.50%",1,NA,NA,NA,NA,NA,NA,NA,NA,NA,NA,NA,NA,NA,NA,NA,NA,NA,NA,NA,NA,NA,NA,NA,NA,NA,55,4,"0.00%",0,1,1,"0.00%",3,0,0,1,1,"0.00%",4,4,0,1,0,"FCS",9,9
"Adam DeSantis","COLGATE",32,36.75,"D","DI",2026,"Patriot",60.1,57.2,61.4,60,0,0,3,0,0,0,2,2,0,0,0,0,0,2,0,1,0,3,3,18,"5.60%","11.10%",5.6,14,1,"21.40%","14.30%",3,NA,NA,NA,NA,NA,NA,NA,NA,NA,NA,NA,NA,NA,NA,NA,NA,NA,NA,NA,NA,NA,NA,NA,NA,NA,96,3,"0.00%",0,2,1,"0.00%",2,0,0,1,1,"0.00%",3,3,0,1,0,"FCS",283,283
"Tavales Curry","CAMPBELL",34,36.29,"D","DI",2026,"CAA",59.4,56.8,60.1,60,0,0,3,1,0,0,0,1,1,0,0,0,0,1,0,0,0,2,2,27,"7.40%","3.70%",3.7,7,-3,"28.60%","14.30%",2,NA,NA,NA,NA,NA,NA,NA,NA,NA,NA,NA,NA,NA,NA,NA,NA,NA,NA,NA,NA,NA,NA,NA,NA,NA,5,3,"0.00%",0,1,1,"0.00%",1,0,0,2,0,"0.00%",3,3,0,1,0,"FCS",294,294
"Jason Bush Jr.","GRAMBLING",23,36.2,"D","DI",2026,"SWAC",82,81.9,63.5,NA,0,1,1,0,0,0,0,0,1,0,0,0,0,0,0,0,0,3,0,10,"10.00%","0.00%",0,13,1,"0","46.20%",0,NA,NA,NA,NA,NA,NA,NA,NA,NA,NA,NA,NA,NA,NA,NA,NA,NA,NA,NA,NA,NA,NA,NA,NA,NA,95,2,"0.00%",1,1,0,"0.00%",1,1,0,0,0,"0.00%",2,2,0,0,0,"FCS",394,394
"Travis Jones","ILL STATE",40,36.12,"D","DI",2026,"Missouri Valley",68.1,71.2,60.7,NA,1,0,0,0,0,0,2,2,1,0,0,0,0,0,0,0,1,1,0,28,"7.10%","7.10%",3.6,12,5,"0","16.70%",0,NA,NA,NA,NA,NA,NA,NA,NA,NA,NA,NA,NA,NA,NA,NA,NA,NA,NA,NA,NA,NA,NA,NA,NA,NA,92,1,"0.00%",0,0,0,"0.00%",1,0,0,0,0,"0.00%",1,1,0,0,0,"FCS",145,145
"Brady Echols","WM & MARY",43,35.57,"D","DI",2026,"Patriot",64.9,68.2,57.6,60,0,1,1,0,0,0,2,2,0,0,0,0,0,1,0,1,0,1,0,28,"3.60%","7.10%",3.6,15,0,"0","6.70%",0,NA,NA,NA,NA,NA,NA,NA,NA,NA,NA,NA,NA,NA,NA,NA,NA,NA,NA,NA,NA,NA,NA,NA,NA,NA,96,2,"0.00%",1,1,1,"0.00%",1,0,0,0,0,"0.00%",2,2,1,0,0,"FCS",248,248
"Colin Scharriter","MERCYHURST",47,35.54,"D","DI",2026,"Northeast",60.4,62.4,55.2,NA,0,2,3,0,0,0,0,0,0,0,0,0,0,1,0,0,0,2,4,20,"0","0.00%",0,27,2.33,"14.80%","11.10%",4,NA,NA,NA,NA,NA,NA,NA,NA,NA,NA,NA,NA,NA,NA,NA,NA,NA,NA,NA,NA,NA,NA,NA,NA,NA,17,5,"0.00%",2,3,1,"0.00%",3,2,0,0,0,"0.00%",5,5,0,0,0,"FCS",39,39
"Seven Cloud","TARLETON",44,35.42,"D","DI",2026,"United Athletic",61.6,66.7,61.7,NA,0,1,1,0,0,1,2,3,0,0,0,0,0,0,0,1,0,1,3,21,"9.50%","14.30%",7.1,23,3,"13.00%","13.00%",3,NA,NA,NA,NA,NA,NA,NA,NA,NA,NA,NA,NA,NA,NA,NA,NA,NA,NA,NA,NA,NA,NA,NA,NA,NA,7,2,"0.00%",1,1,0,"0.00%",1,1,0,0,0,"0.00%",2,2,0,0,0,"FCS",458,458
"Jake Rhodes","MOREHEAD",16,35.35,"D","DI",2026,"Pioneer",76.7,65,74.4,NA,0,0,0,0,0,0,2,2,1,0,0,0,0,0,0,1,0,0,0,12,"16.70%","16.70%",8.3,4,0,"0","25.00%",0,NA,NA,NA,NA,NA,NA,NA,NA,NA,NA,NA,NA,NA,NA,NA,NA,NA,NA,NA,NA,NA,NA,NA,NA,NA,NA,NA,NA,NA,NA,NA,NA,NA,NA,NA,NA,NA,NA,NA,NA,NA,NA,NA,"FCS",150,150
"Brooks Maile","N COLORADO",37,35.32,"D","DI",2026,"Big Sky",67.2,67.2,60.8,NA,0,2,2,0,0,0,1,1,0,0,0,0,0,0,0,0,0,2,2,13,"7.70%","7.70%",3.9,24,3,"8.30%","8.30%",2,NA,NA,NA,NA,NA,NA,NA,NA,NA,NA,NA,NA,NA,NA,NA,NA,NA,NA,NA,NA,NA,NA,NA,NA,NA,55,4,"0.00%",2,2,0,"0.00%",2,2,0,0,0,"0.00%",4,4,0,0,0,"FCS",20,20
"Aidan Salow","N IOWA",39,35.32,"D","DI",2026,"Missouri Valley",64.9,69.2,55.1,NA,0,0,2,0,0,0,0,0,0,0,0,0,0,2,0,0,0,2,0,20,"0","0.00%",0,19,0.33,"0","0",0,NA,NA,NA,NA,NA,NA,NA,NA,NA,NA,NA,NA,NA,NA,NA,NA,NA,NA,NA,NA,NA,NA,NA,NA,NA,56,3,"0.00%",0,2,2,"0.00%",3,0,0,0,0,"0.00%",3,3,0,0,0,"FCS",262,262
"Kai Baugh","TXAMEA",55,35.31,"D","DI",2026,"Southland",60.8,54.4,72,NA,0,3,2,0,0,0,1,1,1,0,0,0,0,0,0,0,0,4,8,21,"9.50%","4.80%",2.4,34,1.5,"23.50%","17.60%",8,NA,NA,NA,NA,NA,NA,NA,NA,NA,NA,NA,NA,NA,NA,NA,NA,NA,NA,NA,NA,NA,NA,NA,NA,NA,42,5,"28.60%",3,2,0,"28.60%",2,3,2,0,0,"0.00%",7,7,0,0,0,"FCS",427,427
"Preston Hamilton","GARD-WEBB",33,35.3,"D","DI",2026,"Big South - OVC Football Association",67.8,70.6,55.5,NA,0,3,1,0,0,0,0,0,0,0,0,0,0,0,0,0,0,3,1,13,"0","0.00%",0,20,4,"5.00%","15.00%",1,NA,NA,NA,NA,NA,NA,NA,NA,NA,NA,NA,NA,NA,NA,NA,NA,NA,NA,NA,NA,NA,NA,NA,NA,NA,93,5,"0.00%",3,1,0,"0.00%",2,3,0,0,0,"0.00%",5,5,0,0,0,"FCS",58,58
"Andres Rodriguez","N COLORADO",30,35.15,"D","DI",2026,"Big Sky",64.2,63.3,61.7,NA,0,1,1,1,0,0,0,1,0,0,0,0,0,0,0,0,0,1,1,12,"8.30%","8.30%",8.3,18,0,"5.60%","5.60%",1,NA,NA,NA,NA,NA,NA,NA,NA,NA,NA,NA,NA,NA,NA,NA,NA,NA,NA,NA,NA,NA,NA,NA,NA,NA,90,2,"0.00%",1,0,0,"0.00%",0,1,0,1,0,"0.00%",2,2,0,0,0,"FCS",323,323
"Christ Kore","MS VLY ST",42,35.11,"D","DI",2026,"SWAC",71.8,76.2,55.5,NA,0,1,2,0,0,0,0,0,0,0,0,0,0,1,0,0,0,6,1,18,"0","0.00%",0,24,0.5,"4.20%","16.70%",1,NA,NA,NA,NA,NA,NA,NA,NA,NA,NA,NA,NA,NA,NA,NA,NA,NA,NA,NA,NA,NA,NA,NA,NA,NA,48,3,"0.00%",1,2,1,"0.00%",2,1,0,0,0,"0.00%",3,3,0,0,0,"FCS",463,463
"Charlie Stec","DUQUESNE",24,35.04,"D","DI",2026,"Northeast",60.5,60.4,59.2,NA,0,0,0,0,0,0,1,1,0,0,0,0,0,0,0,0,1,0,2,3,"0","33.30%",16.7,21,10,"14.30%","0",3,NA,NA,NA,NA,NA,NA,NA,NA,NA,NA,NA,NA,NA,NA,NA,NA,NA,NA,NA,NA,NA,NA,NA,NA,NA,99,1,"0.00%",0,0,0,"0.00%",1,0,0,0,0,"0.00%",1,1,0,0,0,"FCS",347,347
"Ramon McCollough Jr.","WOFFORD",44,34.92,"D","DI",2026,"Southern",54.9,69.8,59,NA,0,0,1,0,0,0,0,0,2,0,0,0,0,1,0,0,0,1,2,27,"7.40%","0.00%",0,17,2,"11.80%","11.80%",2,NA,NA,NA,NA,NA,NA,NA,NA,NA,NA,NA,NA,NA,NA,NA,NA,NA,NA,NA,NA,NA,NA,NA,NA,NA,66,1,"0.00%",0,1,1,"0.00%",1,0,0,0,0,"0.00%",1,1,0,0,0,"FCS",192,192
"Chief Ebana","NEW HAMP",47,34.79,"D","DI",2026,"CAA",63.5,64.2,59.4,NA,0,1,1,0,0,1,1,2,0,0,0,0,0,1,0,1,0,1,3,23,"4.30%","8.70%",4.3,24,0,"12.50%","16.70%",3,NA,NA,NA,NA,NA,NA,NA,NA,NA,NA,NA,NA,NA,NA,NA,NA,NA,NA,NA,NA,NA,NA,NA,NA,NA,94,2,"0.00%",1,1,1,"0.00%",1,1,0,0,0,"0.00%",2,2,0,0,0,"FCS",260,260
"Kendall Carter","MERRIMACK",20,34.75,"D","DI",2026,"IND (FCS)",54.8,46.9,65.9,NA,0,0,0,1,0,1,1,3,0,0,0,0,0,0,0,0,1,2,3,14,"14.30%","21.40%",14.3,6,3,"50.00%","33.30%",3,NA,NA,NA,NA,NA,NA,NA,NA,NA,NA,NA,NA,NA,NA,NA,NA,NA,NA,NA,NA,NA,NA,NA,NA,NA,0,2,"0.00%",0,0,0,"0.00%",1,0,0,0,0,"0.00%",2,2,0,0,0,"FCS",244,244
"Alijah Alexander","MCNEESE",27,34.69,"D","DI",2026,"Southland",64.5,59.6,66,NA,1,0,1,1,0,0,0,1,0,0,0,0,0,0,0,1,0,2,1,17,"0","5.90%",5.9,10,0,"10.00%","0",1,NA,NA,NA,NA,NA,NA,NA,NA,NA,NA,NA,NA,NA,NA,NA,NA,NA,NA,NA,NA,NA,NA,NA,NA,NA,55,1,"0.00%",0,0,0,"0.00%",0,0,0,1,0,"0.00%",1,1,0,0,0,"FCS",157,157
"Max Bremer","S ILLINOIS",17,34.58,"D","DI",2026,"Missouri Valley",77,67.2,74.5,NA,0,0,1,0,0,0,1,1,0,0,0,0,0,0,0,0,0,1,0,12,"8.30%","8.30%",4.2,5,4,"0","20.00%",0,NA,NA,NA,NA,NA,NA,NA,NA,NA,NA,NA,NA,NA,NA,NA,NA,NA,NA,NA,NA,NA,NA,NA,NA,NA,49,1,"0.00%",0,1,0,"0.00%",1,0,0,0,0,"0.00%",1,1,0,0,0,"FCS",78,78
"A'Amear Walton","STF AUSTIN",25,34.54,"D","DI",2026,"Southland",69.8,68.4,64,NA,0,0,1,0,0,0,1,1,1,0,0,0,0,1,0,0,0,1,1,16,"12.50%","6.30%",3.1,9,0,"11.10%","22.20%",1,NA,NA,NA,NA,NA,NA,NA,NA,NA,NA,NA,NA,NA,NA,NA,NA,NA,NA,NA,NA,NA,NA,NA,NA,NA,11,1,"0.00%",0,1,1,"0.00%",1,0,0,0,0,"0.00%",1,1,0,0,0,"FCS",400,400
"Bryan Robertson","ROB MORRIS",17,34.13,"D","DI",2026,"Northeast",69.9,64.7,57.1,65.1,0,1,0,0,0,0,2,2,0,0,0,0,0,0,0,1,1,1,0,12,"0","16.70%",8.3,5,5,"0","0",0,NA,NA,NA,NA,NA,NA,NA,NA,NA,NA,NA,NA,NA,NA,NA,NA,NA,NA,NA,NA,NA,NA,NA,NA,NA,95,2,"0.00%",1,0,0,"0.00%",1,0,0,0,0,"0.00%",2,2,1,0,0,"FCS",359,359
"Ebenezer Bedada","CAMPBELL",50,33.65,"D","DI",2026,"CAA",68.7,70.3,63.6,60,0,0,1,0,0,0,2,2,2,0,0,0,0,1,0,0,1,0,0,37,"8.10%","5.40%",2.7,12,-6,"0","16.70%",0,1,0,"0.00%",0,0,0,0,0,0,0,0,0,"100%",0,0,0,0,0,"0.00%","0.00%","0.00%","0.00%",0,0,"0.00%",1,1,"0.00%",0,1,1,"0.00%",1,0,0,0,0,"0.00%",1,1,0,0,0,"FCS",53,53
"Graysen Schneider","MONTANA ST",18,33.6,"D","DI",2026,"Big Sky",72.3,74.1,60.4,NA,0,0,1,0,0,1,1,2,0,0,0,0,0,1,0,0,0,1,1,11,"18.20%","18.20%",9.1,7,-2,"0","28.60%",0,NA,NA,NA,NA,NA,NA,NA,NA,NA,NA,NA,NA,NA,NA,NA,NA,NA,NA,NA,NA,NA,NA,NA,NA,NA,92,1,"50.00%",0,1,1,"0.00%",1,0,0,0,0,"100%",2,2,0,0,1,"FCS",319,319
"Gage Brown","SE LA",35,33.56,"D","DI",2026,"Southland",60.1,61.3,56.2,NA,0,2,2,0,0,0,0,0,0,0,0,0,0,1,0,0,0,2,4,12,"0","0.00%",0,23,2,"17.40%","13.00%",4,NA,NA,NA,NA,NA,NA,NA,NA,NA,NA,NA,NA,NA,NA,NA,NA,NA,NA,NA,NA,NA,NA,NA,NA,NA,98,4,"0.00%",2,2,1,"0.00%",2,2,0,0,0,"0.00%",4,4,0,0,0,"FCS",441,441
"Zavier Pollard","DAVIDSON",24,33.53,"D","DI",2026,"Pioneer",61.6,62.7,56.5,NA,0,3,1,0,0,0,0,0,0,0,0,0,0,0,0,0,0,1,2,5,"0","0.00%",0,19,6,"10.50%","5.30%",2,NA,NA,NA,NA,NA,NA,NA,NA,NA,NA,NA,NA,NA,NA,NA,NA,NA,NA,NA,NA,NA,NA,NA,NA,NA,92,4,"0.00%",3,1,0,"0.00%",1,3,0,0,0,"0.00%",4,4,0,0,0,"FCS",340,340
"Jyheam Ingram","N ALABAMA",45,33.42,"D","DI",2026,"United Athletic",70.1,75.2,55.1,60,0,1,2,0,0,0,1,1,0,0,0,0,0,0,0,0,1,3,0,20,"0","5.00%",2.5,25,2.33,"0","12.00%",0,NA,NA,NA,NA,NA,NA,NA,NA,NA,NA,NA,NA,NA,NA,NA,NA,NA,NA,NA,NA,NA,NA,NA,NA,NA,44,4,"0.00%",1,2,0,"0.00%",3,1,0,0,0,"0.00%",4,4,0,0,0,"FCS",138,138
"Kevin Johnson","WEBER ST",48,33.28,"D","DI",2026,"Big Sky",68.9,70.4,56.9,NA,0,3,1,0,0,0,0,0,0,0,0,0,0,0,0,0,0,1,2,15,"0","0.00%",0,33,2,"6.10%","12.10%",2,NA,NA,NA,NA,NA,NA,NA,NA,NA,NA,NA,NA,NA,NA,NA,NA,NA,NA,NA,NA,NA,NA,NA,NA,NA,44,4,"0.00%",3,1,0,"0.00%",1,3,0,0,0,"0.00%",4,4,0,0,0,"FCS",264,264
"Jayden Wilson-Abrams","E TENN ST",24,33.18,"D","DI",2026,"Southern",65.2,65.7,57.8,NA,0,0,1,0,0,0,1,1,0,0,0,0,0,0,0,1,0,1,1,5,"0","20.00%",10,19,8.5,"5.30%","5.30%",1,NA,NA,NA,NA,NA,NA,NA,NA,NA,NA,NA,NA,NA,NA,NA,NA,NA,NA,NA,NA,NA,NA,NA,NA,NA,22,2,"33.30%",0,1,0,"0.00%",2,0,0,0,0,"100%",3,3,0,0,1,"FCS",177,177
"Mark Fielder","MCNEESE",17,33.16,"D","DI",2026,"Southland",69.1,62.8,67,60,0,0,1,0,0,1,1,2,0,0,0,0,0,0,0,0,0,1,0,13,"15.40%","15.40%",7.7,4,4,"0","0",0,NA,NA,NA,NA,NA,NA,NA,NA,NA,NA,NA,NA,NA,NA,NA,NA,NA,NA,NA,NA,NA,NA,NA,NA,NA,98,2,"0.00%",0,0,0,"0.00%",1,0,0,1,0,"0.00%",2,2,0,1,0,"FCS",105,105
"Justin Tedim","COLGATE",37,32.93,"D","DI",2026,"Patriot",56,49.4,63.8,NA,0,0,1,0,0,1,2,3,2,0,0,0,0,1,0,1,1,2,4,19,"15.80%","15.80%",7.9,18,-2,"22.20%","11.10%",4,NA,NA,NA,NA,NA,NA,NA,NA,NA,NA,NA,NA,NA,NA,NA,NA,NA,NA,NA,NA,NA,NA,NA,NA,NA,44,1,"0.00%",0,1,1,"0.00%",1,0,0,0,0,"0.00%",1,1,0,0,0,"FCS",90,90
"David Alexander","CITADEL",31,32.84,"D","DI",2026,"Southern",63.7,63.3,60.7,NA,1,1,1,0,0,0,0,0,0,0,0,0,0,1,0,0,0,4,2,16,"0","0.00%",0,15,0.5,"13.30%","6.70%",2,NA,NA,NA,NA,NA,NA,NA,NA,NA,NA,NA,NA,NA,NA,NA,NA,NA,NA,NA,NA,NA,NA,NA,NA,NA,98,3,"0.00%",1,1,1,"0.00%",2,1,0,0,0,"0.00%",3,3,0,0,0,"FCS",164,164
"Ratu Delano Navoti","VILLANOVA",34,32.72,"D","DI",2026,"Patriot",65.8,73,55.5,NA,0,0,1,0,0,1,1,2,0,0,0,0,0,1,0,1,1,1,0,24,"0","8.30%",4.2,10,-2,"0","20.00%",0,NA,NA,NA,NA,NA,NA,NA,NA,NA,NA,NA,NA,NA,NA,NA,NA,NA,NA,NA,NA,NA,NA,NA,NA,NA,99,1,"0.00%",0,1,1,"0.00%",1,0,0,0,0,"0.00%",1,1,0,0,0,"FCS",201,201
"Payne Miller","E KENTUCKY",34,32.5,"D","DI",2026,"United Athletic",64.3,67.7,55.5,NA,0,2,3,0,0,0,1,1,0,0,0,0,0,0,0,0,0,4,2,19,"5.30%","5.30%",2.6,15,2.67,"6.70%","13.30%",1,NA,NA,NA,NA,NA,NA,NA,NA,NA,NA,NA,NA,NA,NA,NA,NA,NA,NA,NA,NA,NA,NA,NA,NA,NA,97,5,"16.70%",2,3,0,"0.00%",3,2,0,0,0,"100%",6,6,0,0,1,"FCS",272,272
"Marquan Saddler Jr.","STHLSK",23,32.28,"D","DI",2026,"Northeast",69.8,73.1,57,NA,0,1,1,0,0,0,0,0,0,0,0,0,0,1,0,0,0,2,2,12,"0","0.00%",0,11,0,"18.20%","45.50%",2,NA,NA,NA,NA,NA,NA,NA,NA,NA,NA,NA,NA,NA,NA,NA,NA,NA,NA,NA,NA,NA,NA,NA,NA,NA,99,2,"0.00%",1,1,1,"0.00%",1,1,0,0,0,"0.00%",2,2,0,0,0,"FCS",326,326
"Timothy Maxson","SE MO ST",32,32.2,"D","DI",2026,"Big South - OVC Football Association",69,68.9,61.9,NA,1,1,1,0,0,0,1,1,0,0,0,0,0,0,0,0,1,3,2,14,"0","7.10%",3.6,18,2,"11.10%","22.20%",2,NA,NA,NA,NA,NA,NA,NA,NA,NA,NA,NA,NA,NA,NA,NA,NA,NA,NA,NA,NA,NA,NA,NA,NA,NA,98,2,"33.30%",1,1,0,"33.30%",1,1,1,0,0,"0.00%",3,3,0,0,0,"FCS",269,269
"Jordan Jones","CAMPBELL",23,32.08,"D","DI",2026,"CAA",64.7,69.2,55.5,NA,0,2,1,0,0,0,1,1,0,0,0,0,0,0,0,0,1,1,0,15,"0","6.70%",3.3,8,2,"0","12.50%",0,NA,NA,NA,NA,NA,NA,NA,NA,NA,NA,NA,NA,NA,NA,NA,NA,NA,NA,NA,NA,NA,NA,NA,NA,NA,15,3,"0.00%",2,1,0,"0.00%",1,2,0,0,0,"0.00%",3,3,0,0,0,"FCS",295,295
"Zalen Watkins","GARD-WEBB",25,32.05,"D","DI",2026,"Big South - OVC Football Association",63.7,63.3,60.9,NA,0,2,2,0,0,0,1,1,0,0,0,0,0,0,0,0,0,2,2,13,"7.70%","7.70%",3.9,12,1.5,"16.70%","33.30%",2,NA,NA,NA,NA,NA,NA,NA,NA,NA,NA,NA,NA,NA,NA,NA,NA,NA,NA,NA,NA,NA,NA,NA,NA,NA,8,4,"0.00%",2,2,0,"0.00%",2,2,0,0,0,"0.00%",4,4,0,0,0,"FCS",393,393
"Zeliah Wade","PORTLAND",28,32.05,"D","DI",2026,"Big Sky",60.5,61.9,56,NA,0,0,1,0,0,0,0,0,0,0,0,0,0,0,0,0,0,1,2,10,"0","0.00%",0,18,15,"11.10%","11.10%",2,NA,NA,NA,NA,NA,NA,NA,NA,NA,NA,NA,NA,NA,NA,NA,NA,NA,NA,NA,NA,NA,NA,NA,NA,NA,59,2,"0.00%",0,1,0,"0.00%",2,0,0,0,0,"0.00%",2,2,0,0,0,"FCS",406,406
"Thomas Gerke","BUCKNELL",18,31.99,"D","DI",2026,"Patriot",69,69,58.7,NA,0,0,3,0,0,0,0,0,0,0,0,0,0,1,0,0,0,2,1,4,"0","0.00%",0,14,1,"7.10%","21.40%",1,NA,NA,NA,NA,NA,NA,NA,NA,NA,NA,NA,NA,NA,NA,NA,NA,NA,NA,NA,NA,NA,NA,NA,NA,NA,99,3,"0.00%",0,3,1,"0.00%",3,0,0,0,0,"0.00%",3,3,0,0,0,"FCS",339,339
"Cameryn Heath","WM & MARY",30,31.92,"D","DI",2026,"Patriot",63.9,64.4,60.1,NA,0,0,0,0,0,0,0,0,1,0,0,0,0,0,0,0,0,0,0,19,"5.30%","0.00%",0,11,11,"0","0",0,NA,NA,NA,NA,NA,NA,NA,NA,NA,NA,NA,NA,NA,NA,NA,NA,NA,NA,NA,NA,NA,NA,NA,NA,NA,51,1,"0.00%",0,0,0,"0.00%",1,0,0,0,0,"0.00%",1,1,0,0,0,"FCS",249,249
"Joseph Polite","WOFFORD",41,31.65,"D","DI",2026,"Southern",66.1,65,63,NA,0,0,1,0,0,0,0,0,2,0,0,0,0,1,0,0,0,1,1,24,"8.30%","0.00%",0,17,-1,"5.90%","5.90%",1,NA,NA,NA,NA,NA,NA,NA,NA,NA,NA,NA,NA,NA,NA,NA,NA,NA,NA,NA,NA,NA,NA,NA,NA,NA,90,1,"0.00%",0,1,1,"0.00%",1,0,0,0,0,"0.00%",1,1,0,0,0,"FCS",379,379
"Cam Moore","MERCER",26,31.38,"D","DI",2026,"Southern",68.1,68.5,60.8,60,0,2,0,0,0,0,1,1,0,0,0,0,0,0,0,1,0,0,0,15,"0","6.70%",3.3,11,0,"0","9.10%",0,NA,NA,NA,NA,NA,NA,NA,NA,NA,NA,NA,NA,NA,NA,NA,NA,NA,NA,NA,NA,NA,NA,NA,NA,NA,4,2,"0.00%",2,0,0,"0.00%",0,1,0,0,0,"0.00%",2,2,1,0,0,"FCS",208,208
"Ahmir Crawley","LAFAYETTE",41,31.29,"D","DI",2026,"Patriot",63.5,67.6,55.1,NA,0,2,1,0,0,0,0,0,0,0,0,0,0,1,0,0,0,0,2,22,"0","0.00%",0,19,-1,"10.50%","10.50%",2,NA,NA,NA,NA,NA,NA,NA,NA,NA,NA,NA,NA,NA,NA,NA,NA,NA,NA,NA,NA,NA,NA,NA,NA,NA,55,3,"0.00%",2,1,1,"0.00%",1,2,0,0,0,"0.00%",3,3,0,0,0,"FCS",93,93
"Ashton Nawrocki","BUTLER",37,31.25,"D","DI",2026,"Pioneer",49.7,58.7,63.2,NA,0,0,2,0,0,0,2,2,0,0,0,0,0,1,0,0,0,2,4,19,"10.50%","10.50%",5.3,18,0.5,"11.10%","11.10%",2,NA,NA,NA,NA,NA,NA,NA,NA,NA,NA,NA,NA,NA,NA,NA,NA,NA,NA,NA,NA,NA,NA,NA,NA,NA,15,2,"0.00%",0,2,1,"0.00%",2,0,0,0,0,"0.00%",2,2,0,0,0,"FCS",97,97
"Hollis Sams","MS VLY ST",36,31.24,"D","DI",2026,"SWAC",65.7,65,61.1,60,0,2,0,0,0,0,1,1,0,0,0,0,0,0,0,0,0,1,1,14,"7.10%","7.10%",3.6,22,2,"4.50%","4.50%",1,NA,NA,NA,NA,NA,NA,NA,NA,NA,NA,NA,NA,NA,NA,NA,NA,NA,NA,NA,NA,NA,NA,NA,NA,NA,58,3,"0.00%",2,0,0,"0.00%",1,1,0,0,0,"0.00%",3,3,1,0,0,"FCS",464,464
"Jake East","IDAHO ST",41,31.2,"D","DI",2026,"Big Sky",61.1,60.3,60.4,NA,0,0,2,0,0,0,2,2,0,0,0,0,0,1,0,1,0,4,3,22,"4.50%","9.10%",4.5,19,0,"15.80%","10.50%",3,NA,NA,NA,NA,NA,NA,NA,NA,NA,NA,NA,NA,NA,NA,NA,NA,NA,NA,NA,NA,NA,NA,NA,NA,NA,98,2,"0.00%",0,2,1,"0.00%",2,0,0,0,0,"0.00%",2,2,0,0,0,"FCS",273,273
"Cidney Johnson","W ILLINOIS",45,31.15,"D","DI",2026,"Big South - OVC Football Association",82,71.8,53.1,62.3,0,0,2,0,0,0,1,1,0,0,0,0,0,1,0,0,0,2,1,21,"4.80%","4.80%",2.4,24,2,"0","8.30%",0,NA,NA,NA,NA,NA,NA,NA,NA,NA,NA,NA,NA,NA,NA,NA,NA,NA,NA,NA,NA,NA,NA,NA,NA,NA,17,3,"25.00%",0,2,1,"0.00%",3,0,0,0,0,"100%",4,4,0,0,1,"FCS",81,81
"Broderick Tommie Jr.","TENN MARTN",35,30.86,"D","DI",2026,"Big South - OVC Football Association",68.6,62,69.3,NA,0,0,1,0,0,0,2,2,1,0,0,0,0,0,0,0,0,1,1,24,"12.50%","8.30%",4.2,11,2,"9.10%","9.10%",1,NA,NA,NA,NA,NA,NA,NA,NA,NA,NA,NA,NA,NA,NA,NA,NA,NA,NA,NA,NA,NA,NA,NA,NA,NA,93,1,"0.00%",0,1,0,"0.00%",1,0,0,0,0,"0.00%",1,1,0,0,0,"FCS",147,147
"Jayden Marable","E KENTUCKY",33,30.63,"D","DI",2026,"United Athletic",67.4,69.6,57,60,0,2,1,0,0,0,0,0,0,0,0,0,0,0,0,0,0,3,1,16,"0","0.00%",0,17,2,"5.90%","17.60%",1,NA,NA,NA,NA,NA,NA,NA,NA,NA,NA,NA,NA,NA,NA,NA,NA,NA,NA,NA,NA,NA,NA,NA,NA,NA,0,4,"0.00%",2,1,0,"0.00%",2,1,0,0,0,"0.00%",4,4,1,0,0,"FCS",3,3
"Dh'King Brown","WOFFORD",23,30.56,"D","DI",2026,"Southern",69,67,64.2,NA,0,1,0,0,0,0,1,1,1,0,0,0,0,0,0,0,1,0,0,15,"6.70%","6.70%",3.3,8,0,"0","12.50%",0,NA,NA,NA,NA,NA,NA,NA,NA,NA,NA,NA,NA,NA,NA,NA,NA,NA,NA,NA,NA,NA,NA,NA,NA,NA,91,1,"0.00%",1,0,0,"0.00%",0,1,0,0,0,"0.00%",1,1,0,0,0,"FCS",333,333
"Hunter Sharbono","MONTANA ST",22,30.43,"D","DI",2026,"Big Sky",66.3,64.9,62.6,NA,0,0,1,0,0,0,1,1,0,0,0,0,0,1,0,0,0,1,1,11,"9.10%","9.10%",4.5,11,0,"9.10%","18.20%",1,NA,NA,NA,NA,NA,NA,NA,NA,NA,NA,NA,NA,NA,NA,NA,NA,NA,NA,NA,NA,NA,NA,NA,NA,NA,90,1,"0.00%",0,1,1,"0.00%",1,0,0,0,0,"0.00%",1,1,0,0,0,"FCS",140,140
"Isaiah Fowler","MCNEESE",21,30.41,"D","DI",2026,"Southland",67.6,63.9,65.3,NA,0,0,1,0,0,0,2,2,0,0,0,0,0,0,0,0,0,0,0,15,"13.30%","13.30%",6.7,6,4,"0","0",0,NA,NA,NA,NA,NA,NA,NA,NA,NA,NA,NA,NA,NA,NA,NA,NA,NA,NA,NA,NA,NA,NA,NA,NA,NA,99,1,"0.00%",0,1,0,"0.00%",1,0,0,0,0,"0.00%",1,1,0,0,0,"FCS",152,152
"Kyle Dillon","HOWARD",34,30.33,"D","DI",2026,"MEAC",69.8,75.9,55.2,NA,0,1,1,0,0,0,1,1,0,0,0,0,0,0,0,1,0,4,0,19,"0","5.30%",2.6,15,1,"0","20.00%",0,NA,NA,NA,NA,NA,NA,NA,NA,NA,NA,NA,NA,NA,NA,NA,NA,NA,NA,NA,NA,NA,NA,NA,NA,NA,44,2,"0.00%",1,1,0,"0.00%",1,1,0,0,0,"0.00%",2,2,0,0,0,"FCS",366,366
"Owen Pins","DRAKE",56,30.2,"D","DI",2026,"Pioneer",64.4,70.6,52.9,NA,0,1,1,0,0,0,0,0,0,0,0,0,0,1,0,0,0,3,0,28,"0","0.00%",0,28,0.5,"0","0",0,NA,NA,NA,NA,NA,NA,NA,NA,NA,NA,NA,NA,NA,NA,NA,NA,NA,NA,NA,NA,NA,NA,NA,NA,NA,99,3,"0.00%",1,1,1,"0.00%",2,1,0,0,0,"0.00%",3,3,0,0,0,"FCS",375,375
"Logan Wright","CAMPBELL",44,30.17,"D","DI",2026,"CAA",61.9,70.7,53.9,60,0,1,1,0,0,0,0,0,0,0,0,0,0,1,0,0,0,2,0,37,"0","0.00%",0,7,-1,"0","14.30%",0,NA,NA,NA,NA,NA,NA,NA,NA,NA,NA,NA,NA,NA,NA,NA,NA,NA,NA,NA,NA,NA,NA,NA,NA,NA,9,3,"0.00%",1,1,1,"0.00%",1,1,0,0,0,"0.00%",3,3,0,1,0,"FCS",129,129
"Justyce Hathaway","MERRIMACK",28,30.09,"D","DI",2026,"IND (FCS)",67.9,64.8,65.4,NA,0,0,0,0,0,0,1,1,1,0,0,0,0,0,0,0,0,3,1,17,"11.80%","5.90%",2.9,11,6,"9.10%","27.30%",1,NA,NA,NA,NA,NA,NA,NA,NA,NA,NA,NA,NA,NA,NA,NA,NA,NA,NA,NA,NA,NA,NA,NA,NA,NA,16,1,"50.00%",0,0,0,"50.00%",1,0,1,0,0,"0.00%",2,2,0,0,0,"FCS",245,245
"Jaden Hudgins-Key","S ILLINOIS",24,29.94,"D","DI",2026,"Missouri Valley",61,63.8,55.8,60,0,2,0,0,0,0,2,2,0,0,0,0,0,0,0,0,2,0,0,17,"0","11.80%",5.9,7,0,"0","0",0,NA,NA,NA,NA,NA,NA,NA,NA,NA,NA,NA,NA,NA,NA,NA,NA,NA,NA,NA,NA,NA,NA,NA,NA,NA,93,2,"0.00%",2,0,0,"0.00%",0,1,0,0,0,"0.00%",2,2,1,0,0,"FCS",470,470
"Samarion George","TXAMEA",29,29.93,"D","DI",2026,"Southland",62.6,61.5,61.2,NA,0,0,1,0,0,0,0,0,1,0,0,0,0,1,0,0,0,2,2,14,"7.10%","0.00%",0,15,1.5,"13.30%","13.30%",2,NA,NA,NA,NA,NA,NA,NA,NA,NA,NA,NA,NA,NA,NA,NA,NA,NA,NA,NA,NA,NA,NA,NA,NA,NA,90,2,"0.00%",0,1,1,"0.00%",2,0,0,0,0,"0.00%",2,2,0,0,0,"FCS",196,196
"Brenden LeBlanc","E TENN ST",34,29.91,"D","DI",2026,"Southern",67.5,65.9,63.8,NA,0,0,1,0,0,0,1,1,0,0,0,0,0,1,0,0,0,1,2,9,"11.10%","11.10%",5.6,25,-2,"8.00%","8.00%",2,NA,NA,NA,NA,NA,NA,NA,NA,NA,NA,NA,NA,NA,NA,NA,NA,NA,NA,NA,NA,NA,NA,NA,NA,NA,91,1,"0.00%",0,1,1,"0.00%",1,0,0,0,0,"0.00%",1,1,0,0,0,"FCS",122,122
"Collin Lewis","IDAHO ST",43,29.89,"D","DI",2026,"Big Sky",58.7,57.4,63.7,59.7,0,0,0,0,0,0,1,1,2,0,0,0,0,0,0,1,0,1,2,25,"8.00%","4.00%",2,17,5,"11.80%","0",2,1,0,"0.00%",0,0,0,0,0,0,0,0,0,"0.00%",0,0,0,0,0,"0.00%","0.00%","0.00%","0.00%",0,0,"0.00%",97,1,"0.00%",0,0,0,"0.00%",1,0,0,0,0,"0.00%",1,1,0,0,0,"FCS",309,309
"Jalen Hand","E KENTUCKY",41,29.49,"D","DI",2026,"United Athletic",63.9,69,55.2,NA,0,1,1,0,0,0,0,0,0,0,0,0,0,1,0,0,0,0,0,23,"0","0.00%",0,18,0,"0","5.60%",0,NA,NA,NA,NA,NA,NA,NA,NA,NA,NA,NA,NA,NA,NA,NA,NA,NA,NA,NA,NA,NA,NA,NA,NA,NA,96,2,"0.00%",1,1,1,"0.00%",1,1,0,0,0,"0.00%",2,2,0,0,0,"FCS",115,115
"Lucas Allen","WM & MARY",22,29.49,"D","DI",2026,"Patriot",66,67.7,59.5,NA,0,0,1,0,0,1,1,2,0,0,0,0,0,0,0,0,1,1,0,13,"7.70%","15.40%",7.7,9,2,"0","11.10%",0,NA,NA,NA,NA,NA,NA,NA,NA,NA,NA,NA,NA,NA,NA,NA,NA,NA,NA,NA,NA,NA,NA,NA,NA,NA,90,1,"0.00%",0,1,0,"0.00%",1,0,0,0,0,"0.00%",1,1,0,0,0,"FCS",411,411
"Logan Candis","NORFOLK",18,29.44,"D","DI",2026,"MEAC",61.2,57.2,64.4,NA,0,0,0,1,0,0,0,1,0,0,0,0,0,0,0,0,0,0,1,11,"9.10%","9.10%",9.1,7,0,"14.30%","0",1,NA,NA,NA,NA,NA,NA,NA,NA,NA,NA,NA,NA,NA,NA,NA,NA,NA,NA,NA,NA,NA,NA,NA,NA,NA,65,1,"0.00%",0,0,0,"0.00%",0,0,0,0,0,"0.00%",1,1,0,0,0,"FCS",404,404
"Phoenix Ward","VA MILT IN",23,29.42,"D","DI",2026,"Southern",67.3,67.7,61.1,NA,0,1,0,0,0,0,1,1,0,0,0,0,0,0,0,0,0,1,0,14,"7.10%","7.10%",3.6,9,3,"0","11.10%",0,NA,NA,NA,NA,NA,NA,NA,NA,NA,NA,NA,NA,NA,NA,NA,NA,NA,NA,NA,NA,NA,NA,NA,NA,NA,40,2,"0.00%",1,0,0,"0.00%",1,1,0,0,0,"0.00%",2,2,0,0,0,"FCS",255,255
"Michael Joiner Jr.","ALABAMA ST",20,29.41,"D","DI",2026,"SWAC",63.8,64.4,57.7,NA,0,2,1,0,0,0,0,0,0,0,0,0,0,1,0,0,0,2,2,5,"0","0.00%",0,15,-1,"13.30%","13.30%",2,NA,NA,NA,NA,NA,NA,NA,NA,NA,NA,NA,NA,NA,NA,NA,NA,NA,NA,NA,NA,NA,NA,NA,NA,NA,26,3,"25.00%",2,1,1,"25.00%",1,2,1,0,0,"0.00%",4,4,0,0,0,"FCS",195,195
"Aiden Jeter","SAMFORD",55,29.39,"D","DI",2026,"Southern",61.1,62.2,57.1,60,0,1,1,0,0,0,2,2,0,0,0,0,0,0,0,2,0,2,3,25,"0","8.00%",4,30,2,"10.00%","6.70%",3,NA,NA,NA,NA,NA,NA,NA,NA,NA,NA,NA,NA,NA,NA,NA,NA,NA,NA,NA,NA,NA,NA,NA,NA,NA,92,2,"0.00%",1,1,0,"0.00%",1,0,0,0,0,"0.00%",2,2,1,0,0,"FCS",92,92
"Chris Dixon","S DAKOTA",46,29.37,"D","DI",2026,"Missouri Valley",67.9,68.8,55.5,61.6,0,1,0,0,0,0,0,0,0,0,0,0,0,0,0,0,0,2,0,29,"0","0.00%",0,17,6,"0","5.90%",0,NA,NA,NA,NA,NA,NA,NA,NA,NA,NA,NA,NA,NA,NA,NA,NA,NA,NA,NA,NA,NA,NA,NA,NA,NA,50,3,"0.00%",1,0,0,"0.00%",1,1,0,0,0,"0.00%",3,3,0,1,0,"FCS",50,50
"Alex Larry","NWSTATE",34,29.33,"D","DI",2026,"Southland",71.8,75.9,55.5,NA,0,0,1,0,0,0,0,0,0,0,0,0,0,1,0,0,0,1,0,14,"0","0.00%",0,20,0,"0","15.00%",0,NA,NA,NA,NA,NA,NA,NA,NA,NA,NA,NA,NA,NA,NA,NA,NA,NA,NA,NA,NA,NA,NA,NA,NA,NA,61,1,"0.00%",0,1,1,"0.00%",1,0,0,0,0,"0.00%",1,1,0,0,0,"FCS",481,481
"Joseph Shannon","SAMFORD",32,29.11,"D","DI",2026,"Southern",60.9,69.1,49,60,0,1,2,0,0,0,1,1,0,0,0,0,0,1,0,1,0,1,2,14,"0","7.10%",3.6,17,-1.5,"5.90%","11.80%",1,1,0,"0.00%",0,0,0,0,0,0,0,0,0,"0.00%",0,0,0,0,0,"0.00%","0.00%","0.00%","0.00%",0,0,"0.00%",94,3,"25.00%",1,2,1,"0.00%",2,1,0,0,0,"100%",4,4,0,0,1,"FCS",360,360
"Hank Weber","SAMFORD",40,29.09,"D","DI",2026,"Southern",57.5,56.6,59.3,NA,0,0,1,1,0,0,0,1,0,0,0,0,0,0,0,1,0,2,2,20,"0","5.00%",5,20,1,"10.00%","0",2,NA,NA,NA,NA,NA,NA,NA,NA,NA,NA,NA,NA,NA,NA,NA,NA,NA,NA,NA,NA,NA,NA,NA,NA,NA,60,2,"0.00%",0,0,0,"0.00%",1,0,0,1,0,"0.00%",2,2,0,0,0,"FCS",170,170
"David Johnson","ROB MORRIS",38,29.08,"D","DI",2026,"Northeast",69.4,75.8,55.5,NA,0,1,1,0,0,0,0,0,0,0,0,0,0,0,0,0,0,1,0,22,"0","0.00%",0,16,3,"0","25.00%",0,NA,NA,NA,NA,NA,NA,NA,NA,NA,NA,NA,NA,NA,NA,NA,NA,NA,NA,NA,NA,NA,NA,NA,NA,NA,0,2,"0.00%",1,1,0,"0.00%",1,1,0,0,0,"0.00%",2,2,0,0,0,"FCS",178,178
"Dantey Menard","NORFOLK",29,28.99,"D","DI",2026,"MEAC",71.5,73.5,56.8,NA,0,0,2,0,0,0,0,0,0,0,0,0,0,1,0,0,0,1,1,9,"0","0.00%",0,20,-1.5,"5.00%","15.00%",1,NA,NA,NA,NA,NA,NA,NA,NA,NA,NA,NA,NA,NA,NA,NA,NA,NA,NA,NA,NA,NA,NA,NA,NA,NA,95,2,"0.00%",0,2,1,"0.00%",2,0,0,0,0,"0.00%",2,2,0,0,0,"FCS",144,144
"Carter Lance","DUQUESNE",31,28.9,"D","DI",2026,"Northeast",62.8,60,67.8,NA,0,0,1,0,0,0,0,0,1,0,0,0,0,0,0,0,0,3,3,6,"16.70%","0.00%",0,25,4,"12.00%","0",3,NA,NA,NA,NA,NA,NA,NA,NA,NA,NA,NA,NA,NA,NA,NA,NA,NA,NA,NA,NA,NA,NA,NA,NA,NA,52,3,"0.00%",0,1,0,"0.00%",3,0,0,0,0,"0.00%",3,3,0,0,0,"FCS",216,216
"Asaiah Hamond","TOWSON",40,28.88,"D","DI",2026,"CAA",69.9,69.7,61.8,NA,0,0,2,0,0,0,1,1,0,0,0,0,0,0,0,0,0,3,2,10,"10.00%","10.00%",5,30,1.5,"6.70%","13.30%",2,NA,NA,NA,NA,NA,NA,NA,NA,NA,NA,NA,NA,NA,NA,NA,NA,NA,NA,NA,NA,NA,NA,NA,NA,NA,44,2,"0.00%",0,2,0,"0.00%",2,0,0,0,0,"0.00%",2,2,0,0,0,"FCS",328,328
"Brian Oliver Jr.","FORDHAM",33,28.76,"D","DI",2026,"Patriot",65.5,58.5,76.8,NA,0,0,1,0,0,0,0,0,1,0,0,0,0,0,0,0,0,3,3,9,"11.10%","0.00%",0,24,3,"12.50%","12.50%",3,NA,NA,NA,NA,NA,NA,NA,NA,NA,NA,NA,NA,NA,NA,NA,NA,NA,NA,NA,NA,NA,NA,NA,NA,NA,50,1,"50.00%",0,1,0,"50.00%",1,0,1,0,0,"0.00%",2,2,0,0,0,"FCS",478,478
"Al Sandifer","AUSTINPEAY",29,28.71,"D","DI",2026,"United Athletic",67.5,70.4,56.5,NA,0,1,2,0,0,0,0,0,0,0,0,0,0,0,0,0,0,3,1,14,"0","0.00%",0,15,3,"6.70%","13.30%",1,NA,NA,NA,NA,NA,NA,NA,NA,NA,NA,NA,NA,NA,NA,NA,NA,NA,NA,NA,NA,NA,NA,NA,NA,NA,45,3,"0.00%",1,2,0,"0.00%",2,1,0,0,0,"0.00%",3,3,0,0,0,"FCS",292,292
"Joshua White","N ALABAMA",25,28.68,"D","DI",2026,"United Athletic",56.8,63.2,61.5,NA,0,0,1,0,0,0,0,0,1,0,0,0,0,1,0,0,0,3,2,12,"8.30%","0.00%",0,13,1,"7.70%","7.70%",1,NA,NA,NA,NA,NA,NA,NA,NA,NA,NA,NA,NA,NA,NA,NA,NA,NA,NA,NA,NA,NA,NA,NA,NA,NA,0,2,"33.30%",0,1,1,"33.30%",2,0,1,0,0,"0.00%",3,3,0,0,0,"FCS",22,22
"Amari Deason","HOUCHR",39,28.57,"D","DI",2026,"Southland",68.5,68.1,58.8,60,0,2,1,0,0,0,0,0,0,0,0,0,0,0,0,0,0,2,0,5,"0","0.00%",0,34,0,"0","2.90%",0,NA,NA,NA,NA,NA,NA,NA,NA,NA,NA,NA,NA,NA,NA,NA,NA,NA,NA,NA,NA,NA,NA,NA,NA,NA,44,3,"0.00%",2,0,0,"0.00%",0,2,0,1,0,"0.00%",3,3,0,1,0,"FCS",307,307
"Nathan Jackson","VA MILT IN",25,28.56,"D","DI",2026,"Southern",67.1,68.7,56.6,NA,0,1,1,0,0,0,0,0,0,0,0,0,0,0,0,0,0,3,2,8,"0","0.00%",0,17,4,"11.80%","17.60%",2,NA,NA,NA,NA,NA,NA,NA,NA,NA,NA,NA,NA,NA,NA,NA,NA,NA,NA,NA,NA,NA,NA,NA,NA,NA,38,4,"0.00%",1,1,0,"0.00%",3,1,0,0,0,"0.00%",4,4,0,0,0,"FCS",471,471
"Colton Francis","MOREHEAD",25,28.47,"D","DI",2026,"Pioneer",65.5,68.3,56.6,NA,0,0,1,0,0,0,0,0,0,0,0,0,0,1,0,0,0,3,0,14,"0","0.00%",0,11,1.5,"0","9.10%",0,NA,NA,NA,NA,NA,NA,NA,NA,NA,NA,NA,NA,NA,NA,NA,NA,NA,NA,NA,NA,NA,NA,NA,NA,NA,60,2,"0.00%",0,1,1,"0.00%",2,0,0,0,0,"0.00%",2,2,0,0,0,"FCS",433,433
"DJ Jones","FL A&M",36,28.44,"D","DI",2026,"SWAC",54.6,61.6,54.5,60,0,4,0,0,0,0,0,0,0,0,0,0,0,0,0,0,0,0,3,12,"0","0.00%",0,24,0,"8.30%","0",2,NA,NA,NA,NA,NA,NA,NA,NA,NA,NA,NA,NA,NA,NA,NA,NA,NA,NA,NA,NA,NA,NA,NA,NA,NA,95,4,"0.00%",4,0,0,"0.00%",0,3,0,0,0,"0.00%",4,4,1,0,0,"FCS",130,130
"Mason Keifer","INDIANA ST",26,28.18,"D","DI",2026,"Missouri Valley",66.6,69.8,56,NA,0,1,2,0,0,0,0,0,0,0,0,0,0,0,0,0,0,3,1,12,"0","0.00%",0,14,3,"7.10%","21.40%",1,NA,NA,NA,NA,NA,NA,NA,NA,NA,NA,NA,NA,NA,NA,NA,NA,NA,NA,NA,NA,NA,NA,NA,NA,NA,52,3,"0.00%",1,2,0,"0.00%",2,1,0,0,0,"0.00%",3,3,0,0,0,"FCS",351,351
"Xavier Potts","TARLETON",50,28.03,"D","DI",2026,"United Athletic",64.9,69,54.5,60,0,2,0,0,0,0,1,1,0,0,0,0,0,0,0,1,0,1,2,24,"0","4.20%",2.1,26,0,"7.70%","15.40%",2,NA,NA,NA,NA,NA,NA,NA,NA,NA,NA,NA,NA,NA,NA,NA,NA,NA,NA,NA,NA,NA,NA,NA,NA,NA,22,2,"0.00%",2,0,0,"0.00%",0,1,0,0,0,"0.00%",2,2,1,0,0,"FCS",61,61
"Malik Butler","MOREHEAD",19,27.99,"D","DI",2026,"Pioneer",74.5,73,64.1,NA,0,0,0,0,0,0,1,1,0,0,0,0,0,0,0,0,0,0,0,10,"10.00%","10.00%",5,9,0,"0","22.20%",0,NA,NA,NA,NA,NA,NA,NA,NA,NA,NA,NA,NA,NA,NA,NA,NA,NA,NA,NA,NA,NA,NA,NA,NA,NA,NA,NA,NA,NA,NA,NA,NA,NA,NA,NA,NA,NA,NA,NA,NA,NA,NA,NA,"FCS",435,435
"Jackson Bussey","SAMFORD",42,27.92,"D","DI",2026,"Southern",61.5,62.9,56.8,60,0,3,0,0,0,0,1,1,0,0,0,0,0,0,0,0,0,2,2,19,"5.30%","5.30%",2.6,23,0,"8.70%","17.40%",2,NA,NA,NA,NA,NA,NA,NA,NA,NA,NA,NA,NA,NA,NA,NA,NA,NA,NA,NA,NA,NA,NA,NA,NA,NA,97,4,"20.00%",3,0,0,"25.00%",0,3,1,0,0,"0.00%",5,5,0,1,0,"FCS",361,361
"Semisi Felila","WEBER ST",36,27.91,"D","DI",2026,"Big Sky",68.1,68.6,58.6,NA,0,1,2,0,0,0,0,0,0,0,0,0,0,0,0,0,0,2,1,9,"0","0.00%",0,27,2,"3.70%","7.40%",1,NA,NA,NA,NA,NA,NA,NA,NA,NA,NA,NA,NA,NA,NA,NA,NA,NA,NA,NA,NA,NA,NA,NA,NA,NA,97,3,"0.00%",1,2,0,"0.00%",2,1,0,0,0,"0.00%",3,3,0,0,0,"FCS",407,407
"Julius Davis","HOUCHR",36,27.77,"D","DI",2026,"Southland",70,70,58.5,NA,0,1,2,0,0,0,0,0,0,0,0,0,0,0,0,0,0,4,2,3,"0","0.00%",0,33,2.33,"6.10%","18.20%",2,NA,NA,NA,NA,NA,NA,NA,NA,NA,NA,NA,NA,NA,NA,NA,NA,NA,NA,NA,NA,NA,NA,NA,NA,NA,52,4,"20.00%",1,2,0,"20.00%",3,1,1,0,0,"0.00%",5,5,0,0,0,"FCS",40,40
"Malik Moses","NORFOLK",29,27.68,"D","DI",2026,"MEAC",67.5,69.8,56.3,NA,0,1,0,0,0,0,0,0,0,0,0,0,0,0,0,0,0,2,1,9,"0","0.00%",0,20,5,"5.00%","15.00%",1,NA,NA,NA,NA,NA,NA,NA,NA,NA,NA,NA,NA,NA,NA,NA,NA,NA,NA,NA,NA,NA,NA,NA,NA,NA,8,2,"0.00%",1,0,0,"0.00%",1,1,0,0,0,"0.00%",2,2,0,0,0,"FCS",238,238
"Jadin Nelson","LEHIGH",34,27.66,"D","DI",2026,"Patriot",61.2,58.9,72.2,NA,0,0,0,0,0,1,1,2,1,0,0,0,0,0,0,0,1,0,2,20,"10.00%","10.00%",5,14,0,"7.10%","0",1,NA,NA,NA,NA,NA,NA,NA,NA,NA,NA,NA,NA,NA,NA,NA,NA,NA,NA,NA,NA,NA,NA,NA,NA,NA,54,0,"100%",0,0,0,"100%",0,0,1,0,0,"0.00%",1,1,0,0,0,"FCS",95,95
"Jordan Campbell","PRVIEW A&M",18,27.65,"D","DI",2026,"SWAC",71.1,69.8,62.9,NA,0,1,0,0,0,0,0,0,1,0,0,0,0,0,0,0,0,0,0,7,"14.30%","0.00%",0,11,0,"0","9.10%",0,NA,NA,NA,NA,NA,NA,NA,NA,NA,NA,NA,NA,NA,NA,NA,NA,NA,NA,NA,NA,NA,NA,NA,NA,NA,44,1,"0.00%",1,0,0,"0.00%",0,1,0,0,0,"0.00%",1,1,0,0,0,"FCS",111,111
"Logan Barnes","WAGNER",37,27.61,"D","DI",2026,"Northeast",56.1,59.8,53.8,NA,0,0,0,0,0,0,1,1,1,0,0,0,0,0,0,1,0,0,2,24,"4.20%","4.20%",2.1,13,10,"7.70%","0",1,NA,NA,NA,NA,NA,NA,NA,NA,NA,NA,NA,NA,NA,NA,NA,NA,NA,NA,NA,NA,NA,NA,NA,NA,NA,0,1,"50.00%",0,0,0,"0.00%",1,0,0,0,0,"100%",2,2,0,0,1,"FCS",69,69
"Zayden Cook","UTAHTC",47,27.58,"D","DI",2026,"Big Sky",30.2,28.2,61.7,NA,0,3,0,0,0,0,1,1,0,0,0,0,0,0,0,0,0,4,14,16,"6.30%","6.30%",3.1,31,12,"45.20%","0",14,NA,NA,NA,NA,NA,NA,NA,NA,NA,NA,NA,NA,NA,NA,NA,NA,NA,NA,NA,NA,NA,NA,NA,NA,NA,95,5,"16.70%",3,0,0,"0.00%",1,3,0,0,0,"50.00%",6,6,0,1,1,"FCS",214,214
"Blake Holmes","NEW HAMP",30,27.5,"D","DI",2026,"CAA",64.3,65,60,NA,0,2,0,0,0,0,0,0,1,0,0,0,0,0,0,0,0,1,1,17,"5.90%","0.00%",0,13,0,"7.70%","7.70%",1,NA,NA,NA,NA,NA,NA,NA,NA,NA,NA,NA,NA,NA,NA,NA,NA,NA,NA,NA,NA,NA,NA,NA,NA,NA,53,2,"0.00%",2,0,0,"0.00%",0,2,0,0,0,"0.00%",2,2,0,0,0,"FCS",345,345
"Dawson Rivers","W GEORGIA",29,27.44,"D","DI",2026,"United Athletic",50.7,50.5,56.3,NA,0,1,1,0,0,0,2,2,0,0,0,0,0,1,0,0,2,1,3,16,"0","12.50%",6.3,13,-1,"23.10%","7.70%",3,NA,NA,NA,NA,NA,NA,NA,NA,NA,NA,NA,NA,NA,NA,NA,NA,NA,NA,NA,NA,NA,NA,NA,NA,NA,44,2,"0.00%",1,1,1,"0.00%",1,1,0,0,0,"0.00%",2,2,0,0,0,"FCS",250,250
"Jackson Farrell","DUQUESNE",21,27.4,"D","DI",2026,"Northeast",54.3,54.4,60,NA,0,1,0,0,0,0,0,0,0,0,0,0,0,0,0,0,0,0,4,1,"0","0.00%",0,20,10,"30.00%","5.00%",6,NA,NA,NA,NA,NA,NA,NA,NA,NA,NA,NA,NA,NA,NA,NA,NA,NA,NA,NA,NA,NA,NA,NA,NA,NA,54,2,"0.00%",1,0,0,"0.00%",1,1,0,0,0,"0.00%",2,2,0,0,0,"FCS",156,156
"Fernando Jeanty","W CAROLINA",53,27.36,"D","DI",2026,"Southern",61.5,60.9,54.6,60,0,2,1,0,0,0,0,0,0,0,1,0,0,1,0,0,0,2,2,29,"0","0.00%",0,24,-0.5,"8.30%","8.30%",2,NA,NA,NA,NA,NA,NA,NA,NA,NA,NA,NA,NA,NA,NA,NA,NA,NA,NA,NA,NA,NA,NA,NA,NA,NA,97,4,"20.00%",2,1,1,"20.00%",2,2,1,0,0,"0.00%",5,5,0,0,0,"FCS",419,419
"Mason Ball","E TENN ST",36,27.34,"D","DI",2026,"Southern",58.9,56.8,63.4,NA,0,2,1,0,0,0,0,0,1,0,0,0,0,0,0,0,0,2,3,10,"10.00%","0.00%",0,26,2,"11.50%","11.50%",3,NA,NA,NA,NA,NA,NA,NA,NA,NA,NA,NA,NA,NA,NA,NA,NA,NA,NA,NA,NA,NA,NA,NA,NA,NA,99,3,"25.00%",2,1,0,"25.00%",1,2,1,0,0,"0.00%",4,4,0,0,0,"FCS",254,254
"Derek Berlitz","MAINE",55,27.19,"D","DI",2026,"CAA",59.8,59.4,59.3,NA,0,2,1,0,0,0,0,0,1,0,0,0,0,0,0,0,0,1,4,27,"3.70%","0.00%",0,28,1,"14.30%","3.60%",4,NA,NA,NA,NA,NA,NA,NA,NA,NA,NA,NA,NA,NA,NA,NA,NA,NA,NA,NA,NA,NA,NA,NA,NA,NA,27,3,"0.00%",2,1,0,"0.00%",1,2,0,0,0,"0.00%",3,3,0,0,0,"FCS",65,65
"Sean Curtis","LAFAYETTE",36,27.12,"D","DI",2026,"Patriot",61.9,59.8,62.4,NA,0,0,0,0,0,0,2,2,0,0,0,0,0,0,0,0,0,3,2,19,"10.50%","10.50%",5.3,17,5,"11.80%","11.80%",2,NA,NA,NA,NA,NA,NA,NA,NA,NA,NA,NA,NA,NA,NA,NA,NA,NA,NA,NA,NA,NA,NA,NA,NA,NA,90,2,"0.00%",0,0,0,"0.00%",2,0,0,0,0,"0.00%",2,2,0,0,0,"FCS",310,310
"Aaziah Scott","STHLSK",23,27.11,"D","DI",2026,"Northeast",71.8,75.1,57,NA,0,0,1,0,0,0,0,0,0,0,0,0,0,0,0,0,0,1,0,12,"0","0.00%",0,11,3.5,"0","27.30%",0,NA,NA,NA,NA,NA,NA,NA,NA,NA,NA,NA,NA,NA,NA,NA,NA,NA,NA,NA,NA,NA,NA,NA,NA,NA,91,2,"0.00%",0,1,0,"0.00%",2,0,0,0,0,"0.00%",2,2,0,0,0,"FCS",432,432
"Levi Little","N COLORADO",32,27.04,"D","DI",2026,"Big Sky",66.4,71.5,55,NA,0,0,1,0,0,0,0,0,0,0,0,0,0,1,0,0,0,2,0,16,"0","0.00%",0,16,0,"0","12.50%",0,NA,NA,NA,NA,NA,NA,NA,NA,NA,NA,NA,NA,NA,NA,NA,NA,NA,NA,NA,NA,NA,NA,NA,NA,NA,99,1,"0.00%",0,1,1,"0.00%",1,0,0,0,0,"0.00%",1,1,0,0,0,"FCS",322,322
"Sebastian Regis","STNY BROOK",58,27.01,"D","DI",2026,"CAA",66,73.1,54.5,NA,0,0,1,0,0,0,1,1,0,0,0,0,0,0,0,0,0,0,0,31,"3.20%","3.20%",1.6,27,4,"0","11.10%",0,NA,NA,NA,NA,NA,NA,NA,NA,NA,NA,NA,NA,NA,NA,NA,NA,NA,NA,NA,NA,NA,NA,NA,NA,NA,8,2,"0.00%",0,1,0,"0.00%",1,0,0,0,0,"0.00%",2,2,0,0,0,"FCS",247,247
"Demoris Jenkins","AUSTINPEAY",36,26.92,"D","DI",2026,"United Athletic",62.9,69.7,54.6,59.2,0,1,1,0,0,0,0,0,0,0,0,0,0,0,0,0,0,2,0,17,"0","0.00%",0,18,3.5,"0","5.60%",0,1,0,"0.00%",0,0,0,0,0,0,0,0,0,"100%",0,0,0,0,0,"0.00%","0.00%","0.00%","0.00%",0,0,"0.00%",11,3,"0.00%",1,1,0,"0.00%",2,1,0,0,0,"0.00%",3,3,0,0,0,"FCS",128,128
"Adrian Stone","W CAROLINA",21,26.88,"D","DI",2026,"Southern",70.2,71.5,58.9,60,0,0,1,0,0,0,0,0,0,0,0,0,0,0,0,0,0,2,0,8,"0","0.00%",0,12,4,"0","16.70%",0,1,0,"0.00%",0,0,0,0,0,0,0,0,0,"100%",0,0,0,0,0,"0.00%","0.00%","0.00%","0.00%",0,0,"0.00%",99,2,"0.00%",0,1,0,"0.00%",2,0,0,0,0,"0.00%",2,2,0,0,0,"FCS",191,191
"Obi Udom","ABILENE CH",37,26.88,"D","DI",2026,"United Athletic",69.7,65.5,69.3,NA,0,1,0,0,0,0,1,1,0,0,0,0,0,0,0,0,0,1,2,17,"5.90%","5.90%",2.9,20,0,"10.00%","20.00%",2,NA,NA,NA,NA,NA,NA,NA,NA,NA,NA,NA,NA,NA,NA,NA,NA,NA,NA,NA,NA,NA,NA,NA,NA,NA,92,1,"50.00%",1,0,0,"50.00%",0,1,1,0,0,"0.00%",2,2,0,0,0,"FCS",210,210
"Gabe Flores","HOLY CROSS",26,26.55,"D","DI",2026,"Patriot",65,64.5,61.3,NA,0,0,1,0,0,0,0,0,1,0,0,0,0,0,0,0,0,1,0,15,"6.70%","0.00%",0,11,4,"0","0",0,NA,NA,NA,NA,NA,NA,NA,NA,NA,NA,NA,NA,NA,NA,NA,NA,NA,NA,NA,NA,NA,NA,NA,NA,NA,50,1,"0.00%",0,1,0,"0.00%",1,0,0,0,0,"0.00%",1,1,0,0,0,"FCS",186,186
"Myles Mays","CHATTNOOGA",25,26.31,"D","DI",2026,"Southern",65.2,67,57,60,0,1,1,0,0,0,0,0,0,0,0,0,0,0,0,0,0,1,0,12,"0","0.00%",0,13,3,"0","0",0,NA,NA,NA,NA,NA,NA,NA,NA,NA,NA,NA,NA,NA,NA,NA,NA,NA,NA,NA,NA,NA,NA,NA,NA,NA,94,2,"0.00%",1,1,0,"0.00%",1,0,0,0,0,"0.00%",2,2,1,0,0,"FCS",299,299
"Robert Beasley","INDIANA ST",32,26.24,"D","DI",2026,"Missouri Valley",44.3,41.8,54,60,0,1,2,1,0,0,2,3,0,0,0,0,0,0,0,0,2,3,5,20,"5.00%","15.00%",10,12,0,"33.30%","8.30%",4,NA,NA,NA,NA,NA,NA,NA,NA,NA,NA,NA,NA,NA,NA,NA,NA,NA,NA,NA,NA,NA,NA,NA,NA,NA,25,3,"40.00%",1,0,0,"50.00%",0,1,1,2,0,"33.30%",5,5,0,1,1,"FCS",352,352
"Brekien Harold","ALABAMA ST",23,26.22,"D","DI",2026,"SWAC",66,66.2,58.3,NA,0,0,1,0,0,0,0,0,0,0,0,0,0,1,0,0,0,1,1,4,"0","0.00%",0,19,0,"5.30%","5.30%",1,NA,NA,NA,NA,NA,NA,NA,NA,NA,NA,NA,NA,NA,NA,NA,NA,NA,NA,NA,NA,NA,NA,NA,NA,NA,99,1,"0.00%",0,1,1,"0.00%",1,0,0,0,0,"0.00%",1,1,0,0,0,"FCS",286,286
"Chris Campbell","LAMAR",36,26.18,"D","DI",2026,"Southland",68.7,70.6,57.8,NA,0,0,0,0,0,0,2,2,0,0,0,0,0,0,0,1,0,3,1,15,"0","6.70%",3.3,21,3,"4.80%","19.10%",1,NA,NA,NA,NA,NA,NA,NA,NA,NA,NA,NA,NA,NA,NA,NA,NA,NA,NA,NA,NA,NA,NA,NA,NA,NA,93,1,"50.00%",0,0,0,"50.00%",1,0,1,0,0,"0.00%",2,2,0,0,0,"FCS",414,414
"Marquis Cagle","ARKAPB",39,26.17,"D","DI",2026,"SWAC",55.4,55.4,67.6,NA,0,0,0,0,0,0,1,1,0,0,0,0,0,0,0,0,0,2,6,17,"5.90%","5.90%",2.9,22,6,"27.30%","13.60%",6,NA,NA,NA,NA,NA,NA,NA,NA,NA,NA,NA,NA,NA,NA,NA,NA,NA,NA,NA,NA,NA,NA,NA,NA,NA,91,1,"0.00%",0,0,0,"0.00%",1,0,0,0,0,"0.00%",1,1,0,0,0,"FCS",381,381
"Walter Goggins","N ALABAMA",26,26.14,"D","DI",2026,"United Athletic",69.3,69.3,61.7,NA,0,0,1,0,0,0,0,0,0,0,0,0,1,0,0,0,0,3,1,12,"0","0.00%",0,14,1.5,"7.10%","14.30%",1,NA,NA,NA,NA,NA,NA,NA,NA,NA,NA,NA,NA,NA,NA,NA,NA,NA,NA,NA,NA,NA,NA,NA,NA,NA,41,2,"0.00%",0,1,0,"0.00%",2,0,0,0,0,"0.00%",2,2,0,0,0,"FCS",103,103
"Javorious Sherrod","GRAMBLING",43,26.09,"D","DI",2026,"SWAC",64.7,66.4,58.6,NA,0,1,1,0,0,0,1,1,0,0,0,0,0,0,0,0,0,1,2,22,"4.50%","4.50%",2.3,21,1,"9.50%","14.30%",2,NA,NA,NA,NA,NA,NA,NA,NA,NA,NA,NA,NA,NA,NA,NA,NA,NA,NA,NA,NA,NA,NA,NA,NA,NA,99,2,"0.00%",1,1,0,"0.00%",1,1,0,0,0,"0.00%",2,2,0,0,0,"FCS",225,225
"Shawan Lewis","ALBANY",52,26.04,"D","DI",2026,"CAA",60.8,54.7,54.5,67.8,0,0,3,0,0,0,1,1,1,0,0,0,0,1,0,0,1,1,3,34,"2.90%","2.90%",1.5,18,0,"11.10%","0",2,NA,NA,NA,NA,NA,NA,NA,NA,NA,NA,NA,NA,NA,NA,NA,NA,NA,NA,NA,NA,NA,NA,NA,NA,NA,11,3,"0.00%",0,0,0,"0.00%",0,0,0,3,1,"0.00%",3,3,0,3,0,"FCS",14,14
"Colby Spencer","FORDHAM",46,26.03,"D","DI",2026,"Patriot",56.8,56.8,57.7,NA,0,0,2,0,0,0,0,0,1,0,0,0,0,1,0,0,0,2,5,23,"4.30%","0.00%",0,23,0.5,"21.70%","13.00%",5,NA,NA,NA,NA,NA,NA,NA,NA,NA,NA,NA,NA,NA,NA,NA,NA,NA,NA,NA,NA,NA,NA,NA,NA,NA,98,2,"0.00%",0,2,1,"0.00%",2,0,0,0,0,"0.00%",2,2,0,0,0,"FCS",45,45
"Dylan Yang","RHODE ISLD",29,25.92,"D","DI",2026,"CAA",56.2,53.7,61.8,NA,0,0,1,0,0,0,0,0,1,0,0,0,0,0,0,0,0,2,3,11,"9.10%","0.00%",0,18,7.5,"16.70%","11.10%",3,NA,NA,NA,NA,NA,NA,NA,NA,NA,NA,NA,NA,NA,NA,NA,NA,NA,NA,NA,NA,NA,NA,NA,NA,NA,98,2,"0.00%",0,1,0,"0.00%",2,0,0,0,0,"0.00%",2,2,0,0,0,"FCS",49,49
"Payton Hawkins","COLGATE",24,25.88,"D","DI",2026,"Patriot",63.8,69.1,54.9,NA,0,0,1,0,0,0,0,0,0,0,0,0,0,1,0,0,0,1,0,15,"0","0.00%",0,9,0,"0","11.10%",0,NA,NA,NA,NA,NA,NA,NA,NA,NA,NA,NA,NA,NA,NA,NA,NA,NA,NA,NA,NA,NA,NA,NA,NA,NA,57,1,"0.00%",0,1,1,"0.00%",1,0,0,0,0,"0.00%",1,1,0,0,0,"FCS",300,300
"Anthony Chuman","MORGAN ST",26,25.82,"D","DI",2026,"MEAC",59.5,54.2,66.3,NA,0,0,0,0,0,0,1,1,2,0,0,0,0,0,0,0,1,0,2,14,"14.30%","7.10%",3.6,12,0,"16.70%","0",2,NA,NA,NA,NA,NA,NA,NA,NA,NA,NA,NA,NA,NA,NA,NA,NA,NA,NA,NA,NA,NA,NA,NA,NA,NA,NA,NA,NA,NA,NA,NA,NA,NA,NA,NA,NA,NA,NA,NA,NA,NA,NA,NA,"FCS",378,378
"KB Bonds","SCAR STATE",39,25.81,"D","DI",2026,"MEAC",63.8,71.2,53.9,NA,0,0,1,0,0,0,1,1,0,0,0,0,0,1,0,0,0,1,3,26,"3.90%","3.90%",1.9,13,-1,"15.40%","30.80%",2,NA,NA,NA,NA,NA,NA,NA,NA,NA,NA,NA,NA,NA,NA,NA,NA,NA,NA,NA,NA,NA,NA,NA,NA,NA,99,1,"50.00%",0,1,1,"0.00%",1,0,0,0,0,"100%",2,2,0,0,1,"FCS",167,167
"Logan Jellison","ILL STATE",15,25.81,"D","DI",2026,"Missouri Valley",64,68.1,55.7,NA,0,0,1,0,0,0,0,0,0,0,0,0,0,1,0,0,0,0,0,10,"0","0.00%",0,5,0,"0","20.00%",0,NA,NA,NA,NA,NA,NA,NA,NA,NA,NA,NA,NA,NA,NA,NA,NA,NA,NA,NA,NA,NA,NA,NA,NA,NA,98,1,"0.00%",0,1,1,"0.00%",1,0,0,0,0,"0.00%",1,1,0,0,0,"FCS",236,236
"Josiha Mason","E TENN ST",27,25.81,"D","DI",2026,"Southern",54.4,52.2,62.2,NA,0,1,1,0,0,0,0,0,1,0,0,0,0,1,0,0,0,1,3,7,"14.30%","0.00%",0,20,0,"15.00%","5.00%",3,NA,NA,NA,NA,NA,NA,NA,NA,NA,NA,NA,NA,NA,NA,NA,NA,NA,NA,NA,NA,NA,NA,NA,NA,NA,20,2,"33.30%",1,1,1,"33.30%",1,1,1,0,0,"0.00%",3,3,0,0,0,"FCS",416,416
"Pete Melle","NEWHVN",37,25.79,"D","DI",2026,"Northeast",76.6,76,63.8,NA,0,0,0,0,0,0,0,0,1,0,0,0,0,0,0,0,0,1,2,9,"11.10%","0.00%",0,28,0,"7.10%","28.60%",2,NA,NA,NA,NA,NA,NA,NA,NA,NA,NA,NA,NA,NA,NA,NA,NA,NA,NA,NA,NA,NA,NA,NA,NA,NA,18,0,"100%",0,0,0,"100%",0,0,1,0,0,"0.00%",1,1,0,0,0,"FCS",27,27
"Jason Hertz","CHARLES SO",37,25.76,"D","DI",2026,"Big South - OVC Football Association",62.1,65.5,55.8,NA,0,0,1,0,0,0,1,1,0,0,0,0,0,0,0,0,0,1,0,23,"4.30%","4.30%",2.2,14,6,"0","0",0,NA,NA,NA,NA,NA,NA,NA,NA,NA,NA,NA,NA,NA,NA,NA,NA,NA,NA,NA,NA,NA,NA,NA,NA,NA,56,1,"0.00%",0,1,0,"0.00%",1,0,0,0,0,"0.00%",1,1,0,0,0,"FCS",126,126
"Grant Hessler","IDAHO ST",25,25.75,"D","DI",2026,"Big Sky",58.8,56.4,61.8,NA,0,0,2,0,0,0,1,1,0,0,0,0,0,1,0,0,0,2,2,15,"6.70%","6.70%",3.3,10,-1.5,"20.00%","20.00%",2,NA,NA,NA,NA,NA,NA,NA,NA,NA,NA,NA,NA,NA,NA,NA,NA,NA,NA,NA,NA,NA,NA,NA,NA,NA,99,2,"0.00%",0,2,1,"0.00%",2,0,0,0,0,"0.00%",2,2,0,0,0,"FCS",212,212
"Javien Blanks","ARKAPB",33,25.69,"D","DI",2026,"SWAC",51,52.2,54.4,NA,0,0,3,0,0,0,0,0,0,0,0,0,0,1,0,0,0,2,6,18,"0","0.00%",0,15,4,"40.00%","26.70%",6,NA,NA,NA,NA,NA,NA,NA,NA,NA,NA,NA,NA,NA,NA,NA,NA,NA,NA,NA,NA,NA,NA,NA,NA,NA,58,4,"0.00%",0,3,1,"0.00%",4,0,0,0,0,"0.00%",4,4,0,0,0,"FCS",160,160
"Kannon Matthews","DRAKE",20,25.65,"D","DI",2026,"Pioneer",65.9,67.2,57.4,NA,0,0,1,0,0,0,0,0,0,0,0,0,0,0,0,0,0,1,0,8,"0","0.00%",0,12,5.5,"0","0",0,NA,NA,NA,NA,NA,NA,NA,NA,NA,NA,NA,NA,NA,NA,NA,NA,NA,NA,NA,NA,NA,NA,NA,NA,NA,98,2,"0.00%",0,1,0,"0.00%",2,0,0,0,0,"0.00%",2,2,0,0,0,"FCS",57,57
"Javen Johnson","HAMPTON",36,25.62,"D","DI",2026,"CAA",59,55.7,61.8,NA,0,0,1,0,0,1,0,1,1,0,0,0,0,0,0,0,1,1,2,24,"4.20%","4.20%",2.1,12,5,"16.70%","16.70%",2,NA,NA,NA,NA,NA,NA,NA,NA,NA,NA,NA,NA,NA,NA,NA,NA,NA,NA,NA,NA,NA,NA,NA,NA,NA,99,1,"50.00%",0,1,0,"50.00%",1,0,1,0,0,"0.00%",2,2,0,0,0,"FCS",54,54
"Hikifo'Ou Maile","IDAHO",47,25.57,"D","DI",2026,"Big Sky",66.7,69.1,56.3,NA,0,0,1,0,0,0,0,0,0,0,0,0,0,1,0,0,0,2,1,19,"0","0.00%",0,28,-1,"3.60%","7.10%",1,NA,NA,NA,NA,NA,NA,NA,NA,NA,NA,NA,NA,NA,NA,NA,NA,NA,NA,NA,NA,NA,NA,NA,NA,NA,98,1,"0.00%",0,1,1,"0.00%",1,0,0,0,0,"0.00%",1,1,0,0,0,"FCS",395,395
"Javon Taylor","PORTLAND",33,25.44,"D","DI",2026,"Big Sky",64.4,65.7,57.2,NA,0,0,1,0,0,0,0,0,0,0,0,0,0,1,0,0,0,4,2,11,"0","0.00%",0,22,0,"9.10%","9.10%",2,NA,NA,NA,NA,NA,NA,NA,NA,NA,NA,NA,NA,NA,NA,NA,NA,NA,NA,NA,NA,NA,NA,NA,NA,NA,97,1,"0.00%",0,1,1,"0.00%",1,0,0,0,0,"0.00%",1,1,0,0,0,"FCS",426,426
"Hudson Wiens","MONTANA ST",16,25.43,"D","DI",2026,"Big Sky",67.8,64.8,64.6,NA,0,0,0,0,0,1,0,1,0,0,0,0,0,0,0,0,0,0,0,8,"12.50%","12.50%",6.3,8,0,"0","0",0,NA,NA,NA,NA,NA,NA,NA,NA,NA,NA,NA,NA,NA,NA,NA,NA,NA,NA,NA,NA,NA,NA,NA,NA,NA,NA,NA,NA,NA,NA,NA,NA,NA,NA,NA,NA,NA,NA,NA,NA,NA,NA,NA,"FCS",243,243
"Darren Scott","SOUTHERN U",29,25.42,"D","DI",2026,"SWAC",58.5,64.2,63.7,NA,0,0,0,0,0,0,2,2,1,0,0,0,0,0,0,1,0,1,2,21,"9.50%","9.50%",4.8,8,0,"12.50%","25.00%",1,NA,NA,NA,NA,NA,NA,NA,NA,NA,NA,NA,NA,NA,NA,NA,NA,NA,NA,NA,NA,NA,NA,NA,NA,NA,93,0,"100%",0,0,0,"100%",0,0,1,0,0,"0.00%",1,1,0,0,0,"FCS",363,363
"Jared Hirschfeld","SACR HEART",39,25.41,"D","DI",2026,"CAA",70.4,77.6,55.5,NA,0,0,1,0,0,0,0,0,0,0,0,0,0,0,0,0,0,3,0,22,"0","0.00%",0,17,2,"0","17.60%",0,NA,NA,NA,NA,NA,NA,NA,NA,NA,NA,NA,NA,NA,NA,NA,NA,NA,NA,NA,NA,NA,NA,NA,NA,NA,90,1,"0.00%",0,1,0,"0.00%",1,0,0,0,0,"0.00%",1,1,0,0,0,"FCS",146,146
"James Kate","MCNEESE",19,25.35,"D","DI",2026,"Southland",65.3,68,56.9,NA,0,0,1,0,0,0,0,0,0,0,0,0,0,1,0,0,0,1,0,11,"0","0.00%",0,8,-1,"0","12.50%",0,NA,NA,NA,NA,NA,NA,NA,NA,NA,NA,NA,NA,NA,NA,NA,NA,NA,NA,NA,NA,NA,NA,NA,NA,NA,90,1,"0.00%",0,1,1,"0.00%",1,0,0,0,0,"0.00%",1,1,0,0,0,"FCS",226,226
"Geoffrey Ojeh","NWSTATE",21,25.32,"D","DI",2026,"Southland",67.8,66,63.5,NA,0,0,1,0,0,0,0,0,1,0,0,0,0,0,0,0,0,2,2,8,"12.50%","0.00%",0,13,1,"15.40%","23.10%",2,NA,NA,NA,NA,NA,NA,NA,NA,NA,NA,NA,NA,NA,NA,NA,NA,NA,NA,NA,NA,NA,NA,NA,NA,NA,94,1,"0.00%",0,1,0,"0.00%",1,0,0,0,0,"0.00%",1,1,0,0,0,"FCS",418,418
"Nick Porada","CITADEL",29,25.26,"D","DI",2026,"Southern",61.1,62.4,57.3,60,0,2,0,0,0,0,1,1,0,0,0,0,0,0,0,0,0,1,1,17,"5.90%","5.90%",2.9,12,0,"8.30%","8.30%",1,NA,NA,NA,NA,NA,NA,NA,NA,NA,NA,NA,NA,NA,NA,NA,NA,NA,NA,NA,NA,NA,NA,NA,NA,NA,54,2,"0.00%",2,0,0,"0.00%",0,1,0,0,0,"0.00%",2,2,1,0,0,"FCS",59,59
"Beau Shugarts","CITADEL",37,25.21,"D","DI",2026,"Southern",56.5,65.4,54.3,60,0,1,1,0,0,0,1,1,0,0,0,0,0,0,0,0,0,0,1,24,"4.20%","4.20%",2.1,13,4,"0","0",0,NA,NA,NA,NA,NA,NA,NA,NA,NA,NA,NA,NA,NA,NA,NA,NA,NA,NA,NA,NA,NA,NA,NA,NA,NA,52,2,"33.30%",1,1,0,"0.00%",1,1,0,0,0,"100%",3,3,0,0,1,"FCS",60,60
"Tyler Lewis","NWSTATE",26,25.18,"D","DI",2026,"Southland",68.5,69.9,57.2,NA,0,1,1,0,0,0,0,0,0,0,0,0,0,0,0,0,0,2,1,10,"0","0.00%",0,16,1,"6.30%","31.30%",1,NA,NA,NA,NA,NA,NA,NA,NA,NA,NA,NA,NA,NA,NA,NA,NA,NA,NA,NA,NA,NA,NA,NA,NA,NA,90,2,"0.00%",1,1,0,"0.00%",1,1,0,0,0,"0.00%",2,2,0,0,0,"FCS",7,7
"Renardo Lewis","GARD-WEBB",27,25.16,"D","DI",2026,"Big South - OVC Football Association",59.6,62,55.5,NA,0,2,0,0,0,0,0,0,0,0,0,0,0,0,0,0,0,3,2,13,"0","0.00%",0,14,3,"14.30%","7.10%",2,NA,NA,NA,NA,NA,NA,NA,NA,NA,NA,NA,NA,NA,NA,NA,NA,NA,NA,NA,NA,NA,NA,NA,NA,NA,99,3,"0.00%",2,0,0,"0.00%",1,2,0,0,0,"0.00%",3,3,0,0,0,"FCS",158,158
"Jack Harwell","TXRG",29,25.11,"D","DI",2026,"Southland",63.2,59.1,66.2,NA,0,0,0,0,0,0,2,2,1,0,0,0,0,0,0,0,1,0,2,14,"14.30%","14.30%",7.1,15,0,"13.30%","6.70%",2,NA,NA,NA,NA,NA,NA,NA,NA,NA,NA,NA,NA,NA,NA,NA,NA,NA,NA,NA,NA,NA,NA,NA,NA,NA,98,0,"100%",0,0,0,"100%",0,0,1,0,0,"0.00%",1,1,0,0,0,"FCS",386,386
"Alex Sumler","LAMAR",23,24.96,"D","DI",2026,"Southland",64.9,62.8,63.3,NA,0,1,0,0,0,0,1,1,0,0,0,0,0,0,0,0,0,0,1,11,"9.10%","9.10%",4.5,12,0,"8.30%","8.30%",1,NA,NA,NA,NA,NA,NA,NA,NA,NA,NA,NA,NA,NA,NA,NA,NA,NA,NA,NA,NA,NA,NA,NA,NA,NA,22,1,"0.00%",1,0,0,"0.00%",0,1,0,0,0,"0.00%",1,1,0,0,0,"FCS",162,162
"Noel Brown","BETH COOK",47,24.96,"D","DI",2026,"SWAC",65.1,66.9,56.6,NA,0,0,4,0,0,0,0,0,0,0,0,0,0,0,0,0,0,5,4,18,"0","0.00%",0,29,2.75,"13.80%","24.10%",4,NA,NA,NA,NA,NA,NA,NA,NA,NA,NA,NA,NA,NA,NA,NA,NA,NA,NA,NA,NA,NA,NA,NA,NA,NA,95,4,"20.00%",0,4,0,"20.00%",4,0,1,0,0,"0.00%",5,5,0,0,0,"FCS",384,384
"Gabriel Valeros","CHISTA",44,24.93,"D","DI",2026,"IND (FCS)",60.7,62.1,56.6,NA,0,0,2,0,0,0,0,0,0,0,0,0,0,1,0,0,0,2,4,20,"0","0.00%",0,24,1.5,"16.70%","20.80%",4,NA,NA,NA,NA,NA,NA,NA,NA,NA,NA,NA,NA,NA,NA,NA,NA,NA,NA,NA,NA,NA,NA,NA,NA,NA,97,2,"33.30%",0,2,1,"33.30%",2,0,1,0,0,"0.00%",3,3,0,0,0,"FCS",459,459
"Hayden Loveless","TOWSON",48,24.87,"D","DI",2026,"CAA",64.2,62.4,65.1,NA,0,0,0,0,0,1,0,1,0,0,0,0,0,0,0,0,0,1,3,7,"14.30%","14.30%",7.1,41,0,"7.30%","2.40%",3,NA,NA,NA,NA,NA,NA,NA,NA,NA,NA,NA,NA,NA,NA,NA,NA,NA,NA,NA,NA,NA,NA,NA,NA,NA,NA,NA,NA,NA,NA,NA,NA,NA,NA,NA,NA,NA,NA,NA,NA,NA,NA,NA,"FCS",443,443
"Tevita Paongo","WEBER ST",28,24.75,"D","DI",2026,"Big Sky",66.5,66.9,57.4,NA,0,2,0,0,0,0,0,0,0,0,0,0,0,0,0,0,0,0,1,6,"0","0.00%",0,22,0,"4.50%","9.10%",1,NA,NA,NA,NA,NA,NA,NA,NA,NA,NA,NA,NA,NA,NA,NA,NA,NA,NA,NA,NA,NA,NA,NA,NA,NA,98,2,"0.00%",2,0,0,"0.00%",0,2,0,0,0,"0.00%",2,2,0,0,0,"FCS",448,448
"Preston Davis","LEHIGH",28,24.69,"D","DI",2026,"Patriot",69.2,70.8,60.6,NA,0,0,0,0,0,0,0,0,1,0,0,0,0,0,0,0,0,0,0,17,"5.90%","0.00%",0,11,0,"0","18.20%",0,NA,NA,NA,NA,NA,NA,NA,NA,NA,NA,NA,NA,NA,NA,NA,NA,NA,NA,NA,NA,NA,NA,NA,NA,NA,NA,NA,NA,NA,NA,NA,NA,NA,NA,NA,NA,NA,NA,NA,NA,NA,NA,NA,"FCS",185,185
"Adewola Adeniyi","TEXAS STHN",17,24.69,"D","DI",2026,"SWAC",62.5,62.9,58.7,NA,0,1,1,0,0,0,0,0,0,0,0,0,0,0,0,0,0,1,1,9,"0","0.00%",0,8,3,"12.50%","12.50%",1,NA,NA,NA,NA,NA,NA,NA,NA,NA,NA,NA,NA,NA,NA,NA,NA,NA,NA,NA,NA,NA,NA,NA,NA,NA,92,2,"0.00%",1,1,0,"0.00%",1,1,0,0,0,"0.00%",2,2,0,0,0,"FCS",479,479
"Kortlin Rausaw","ABILENE CH",47,24.67,"D","DI",2026,"United Athletic",57.3,57.2,56.3,60,0,0,1,0,0,0,0,0,1,0,0,0,0,0,0,0,0,5,2,26,"3.90%","0.00%",0,21,4,"9.50%","4.80%",2,NA,NA,NA,NA,NA,NA,NA,NA,NA,NA,NA,NA,NA,NA,NA,NA,NA,NA,NA,NA,NA,NA,NA,NA,NA,9,6,"0.00%",0,1,0,"0.00%",5,0,0,0,0,"0.00%",6,6,0,1,0,"FCS",1,1
"Jordan Gaston","WAGNER",25,24.62,"D","DI",2026,"Northeast",55.4,45.4,67.7,NA,0,0,1,0,0,0,1,1,1,0,0,0,0,1,0,0,0,1,2,17,"11.80%","5.90%",2.9,8,-1,"25.00%","12.50%",2,NA,NA,NA,NA,NA,NA,NA,NA,NA,NA,NA,NA,NA,NA,NA,NA,NA,NA,NA,NA,NA,NA,NA,NA,NA,44,1,"0.00%",0,1,1,"0.00%",1,0,0,0,0,"0.00%",1,1,0,0,0,"FCS",367,367
"Isaiah Potts","E TENN ST",24,24.58,"D","DI",2026,"Southern",73.2,74.1,57.1,NA,0,0,1,0,0,0,0,0,0,0,0,0,0,0,0,0,0,3,0,4,"0","0.00%",0,20,2,"0","15.00%",0,NA,NA,NA,NA,NA,NA,NA,NA,NA,NA,NA,NA,NA,NA,NA,NA,NA,NA,NA,NA,NA,NA,NA,NA,NA,97,1,"0.00%",0,1,0,"0.00%",1,0,0,0,0,"0.00%",1,1,0,0,0,"FCS",8,8
"Jason Morbitzer","BUCKNELL",36,24.56,"D","DI",2026,"Patriot",62.3,72.4,54.8,NA,0,0,2,0,0,0,0,0,0,0,0,0,0,0,0,0,0,3,1,14,"0","0.00%",0,22,1.67,"4.50%","9.10%",1,NA,NA,NA,NA,NA,NA,NA,NA,NA,NA,NA,NA,NA,NA,NA,NA,NA,NA,NA,NA,NA,NA,NA,NA,NA,92,3,"0.00%",0,2,0,"0.00%",3,0,0,0,0,"0.00%",3,3,0,0,0,"FCS",230,230
"Michael Wright Jr.","YNGTOWN ST",16,24.48,"D","DI",2026,"Missouri Valley",57.4,57,57.9,60,0,3,0,0,0,0,0,0,0,0,0,0,0,0,0,0,0,0,2,6,"0","0.00%",0,10,0,"20.00%","10.00%",2,NA,NA,NA,NA,NA,NA,NA,NA,NA,NA,NA,NA,NA,NA,NA,NA,NA,NA,NA,NA,NA,NA,NA,NA,NA,45,3,"0.00%",3,0,0,"0.00%",0,2,0,0,0,"0.00%",3,3,1,0,0,"FCS",337,337
"Khamari Brown","SACR HEART",16,24.48,"D","DI",2026,"CAA",61.8,64.6,56.3,NA,0,0,1,0,0,0,0,0,0,0,0,0,0,1,0,0,0,1,1,10,"0","0.00%",0,6,0,"16.70%","33.30%",1,NA,NA,NA,NA,NA,NA,NA,NA,NA,NA,NA,NA,NA,NA,NA,NA,NA,NA,NA,NA,NA,NA,NA,NA,NA,99,1,"0.00%",0,1,1,"0.00%",1,0,0,0,0,"0.00%",1,1,0,0,0,"FCS",469,469
"Myles Saulsberry","CHISTA",32,24.46,"D","DI",2026,"IND (FCS)",58.9,70.9,53.3,NA,0,0,2,0,0,0,0,0,0,0,0,0,0,0,0,0,0,2,2,16,"0","0.00%",0,16,3,"6.30%","18.80%",1,NA,NA,NA,NA,NA,NA,NA,NA,NA,NA,NA,NA,NA,NA,NA,NA,NA,NA,NA,NA,NA,NA,NA,NA,NA,94,3,"0.00%",0,2,0,"0.00%",3,0,0,0,0,"0.00%",3,3,0,0,0,"FCS",32,32
"Kamari Federick","LAMAR",46,24.45,"D","DI",2026,"Southland",69,68.6,62.8,NA,0,0,0,0,0,0,1,1,0,0,0,0,0,0,0,0,0,0,0,18,"5.60%","5.60%",2.8,28,0,"0","3.60%",0,NA,NA,NA,NA,NA,NA,NA,NA,NA,NA,NA,NA,NA,NA,NA,NA,NA,NA,NA,NA,NA,NA,NA,NA,NA,NA,NA,NA,NA,NA,NA,NA,NA,NA,NA,NA,NA,NA,NA,NA,NA,NA,NA,"FCS",274,274
"Mond Cole","N ALABAMA",42,24.42,"D","DI",2026,"United Athletic",66.2,69.7,55.9,NA,0,1,0,0,0,0,0,0,0,0,0,0,0,0,0,0,0,1,0,19,"0","0.00%",0,23,2,"0","4.30%",0,NA,NA,NA,NA,NA,NA,NA,NA,NA,NA,NA,NA,NA,NA,NA,NA,NA,NA,NA,NA,NA,NA,NA,NA,NA,98,2,"0.00%",1,0,0,"0.00%",1,1,0,0,0,"0.00%",2,2,0,0,0,"FCS",172,172
"Jackson Ford","HAMPTON",18,24.39,"D","DI",2026,"CAA",61.2,61.2,58.7,NA,0,0,0,0,0,0,0,0,0,0,0,0,0,0,0,0,0,2,1,4,"0","0.00%",0,14,8,"7.10%","0",1,NA,NA,NA,NA,NA,NA,NA,NA,NA,NA,NA,NA,NA,NA,NA,NA,NA,NA,NA,NA,NA,NA,NA,NA,NA,95,1,"0.00%",0,0,0,"0.00%",1,0,0,0,0,"0.00%",1,1,0,0,0,"FCS",303,303
"Carson Freese","PRESBYTERN",23,24.36,"D","DI",2026,"Pioneer",61.4,62.6,57.1,NA,0,1,1,0,0,0,0,0,0,0,0,0,0,0,0,0,0,2,2,10,"0","0.00%",0,13,3,"15.40%","15.40%",2,NA,NA,NA,NA,NA,NA,NA,NA,NA,NA,NA,NA,NA,NA,NA,NA,NA,NA,NA,NA,NA,NA,NA,NA,NA,93,3,"0.00%",1,1,0,"0.00%",2,1,0,0,0,"0.00%",3,3,0,0,0,"FCS",44,44
"John Sualla Jr.","NEWHVN",36,24.33,"D","DI",2026,"Northeast",60.1,60.2,57,60,0,0,1,0,0,0,0,0,0,0,0,0,0,1,0,0,0,3,3,10,"0","0.00%",0,26,0,"11.50%","7.70%",3,NA,NA,NA,NA,NA,NA,NA,NA,NA,NA,NA,NA,NA,NA,NA,NA,NA,NA,NA,NA,NA,NA,NA,NA,NA,98,2,"0.00%",0,1,1,"0.00%",1,0,0,0,0,"0.00%",2,2,0,1,0,"FCS",139,139
"Titus Miller","SE MO ST",21,24.29,"D","DI",2026,"Big South - OVC Football Association",71.4,73.9,56.7,NA,0,0,1,0,0,0,0,0,0,0,0,0,0,0,0,0,0,1,0,8,"0","0.00%",0,13,2,"0","23.10%",0,NA,NA,NA,NA,NA,NA,NA,NA,NA,NA,NA,NA,NA,NA,NA,NA,NA,NA,NA,NA,NA,NA,NA,NA,NA,95,1,"0.00%",0,1,0,"0.00%",1,0,0,0,0,"0.00%",1,1,0,0,0,"FCS",234,234
"Garrison Butler","FURMAN",26,24.18,"D","DI",2026,"Southern",60.6,61.5,57.6,NA,0,1,1,0,0,0,0,0,0,0,0,0,0,1,0,0,0,1,1,11,"0","0.00%",0,15,-3,"6.70%","0",1,NA,NA,NA,NA,NA,NA,NA,NA,NA,NA,NA,NA,NA,NA,NA,NA,NA,NA,NA,NA,NA,NA,NA,NA,NA,7,2,"0.00%",1,1,1,"0.00%",1,1,0,0,0,"0.00%",2,2,0,0,0,"FCS",209,209
"McKenzie Hazzard","TENN TECH",17,24.13,"D","DI",2026,"Southern",67,68.6,56.2,60,0,0,1,0,0,0,0,0,0,0,0,0,0,0,0,0,0,3,0,7,"0","0.00%",0,10,3,"0","10.00%",0,NA,NA,NA,NA,NA,NA,NA,NA,NA,NA,NA,NA,NA,NA,NA,NA,NA,NA,NA,NA,NA,NA,NA,NA,NA,15,2,"0.00%",0,0,0,"0.00%",1,0,0,1,0,"0.00%",2,2,0,1,0,"FCS",42,42
"Zack Black","MONTANA ST",19,24.07,"D","DI",2026,"Big Sky",61.7,59.6,62.7,NA,0,0,1,0,0,0,1,1,0,0,0,0,0,0,0,0,1,1,2,9,"0","11.10%",5.6,10,1,"20.00%","10.00%",2,NA,NA,NA,NA,NA,NA,NA,NA,NA,NA,NA,NA,NA,NA,NA,NA,NA,NA,NA,NA,NA,NA,NA,NA,NA,50,1,"0.00%",0,1,0,"0.00%",1,0,0,0,0,"0.00%",1,1,0,0,0,"FCS",10,10
"Chris Herpin","ABILENE CH",32,23.88,"D","DI",2026,"United Athletic",61.1,63.4,56.5,NA,0,0,1,0,0,0,0,0,0,0,0,0,0,0,0,0,0,5,1,20,"0","0.00%",0,12,5.33,"8.30%","8.30%",1,NA,NA,NA,NA,NA,NA,NA,NA,NA,NA,NA,NA,NA,NA,NA,NA,NA,NA,NA,NA,NA,NA,NA,NA,NA,93,3,"0.00%",0,1,0,"0.00%",3,0,0,0,0,"0.00%",3,3,0,0,0,"FCS",108,108
"Diezel Hernandez","SAN DIEGO",19,23.85,"D","DI",2026,"Pioneer",63,64.7,56.7,NA,0,1,1,0,0,0,0,0,0,0,0,0,0,0,0,0,0,1,1,8,"0","0.00%",0,11,4,"9.10%","18.20%",1,NA,NA,NA,NA,NA,NA,NA,NA,NA,NA,NA,NA,NA,NA,NA,NA,NA,NA,NA,NA,NA,NA,NA,NA,NA,97,2,"33.30%",1,1,0,"33.30%",1,1,1,0,0,"0.00%",3,3,0,0,0,"FCS",324,324
"Christian Santiago","ALBANY",32,23.83,"D","DI",2026,"CAA",53.7,68.4,53.4,NA,0,0,1,0,0,1,0,1,0,0,0,0,0,0,0,1,0,2,1,22,"0","4.50%",2.3,10,2,"0","10.00%",0,NA,NA,NA,NA,NA,NA,NA,NA,NA,NA,NA,NA,NA,NA,NA,NA,NA,NA,NA,NA,NA,NA,NA,NA,NA,97,1,"0.00%",0,1,0,"0.00%",1,0,0,0,0,"0.00%",1,1,0,0,0,"FCS",84,84
"CJ Landrum","CHARLES SO",42,23.82,"D","DI",2026,"Big South - OVC Football Association",59.1,63.3,54.4,60,0,0,1,0,0,1,0,1,0,0,0,0,0,0,0,1,0,1,1,27,"0","3.70%",1.9,14,4,"7.10%","7.10%",1,1,0,"0.00%",0,0,0,0,0,0,0,0,0,"100%",0,0,0,0,0,"0.00%","0.00%","0.00%","0.00%",0,0,"0.00%",8,1,"0.00%",0,1,0,"0.00%",1,0,0,0,0,"0.00%",1,1,0,0,0,"FCS",176,176
"Ashton Jones","SE MO ST",30,23.81,"D","DI",2026,"Big South - OVC Football Association",57.8,61.8,53.2,NA,0,1,0,0,0,0,2,2,1,0,0,0,0,0,0,1,0,0,4,15,"13.30%","13.30%",6.7,15,0,"20.00%","26.70%",3,NA,NA,NA,NA,NA,NA,NA,NA,NA,NA,NA,NA,NA,NA,NA,NA,NA,NA,NA,NA,NA,NA,NA,NA,NA,93,1,"50.00%",1,0,0,"0.00%",0,1,0,0,0,"100%",2,2,0,0,1,"FCS",268,268
"Marquise Brunson","DELWARE ST",20,23.78,"D","DI",2026,"MEAC",64.6,67.2,56.5,NA,0,0,1,0,0,0,0,0,0,0,0,0,0,1,0,0,0,1,0,10,"0","0.00%",0,10,-2,"0","10.00%",0,NA,NA,NA,NA,NA,NA,NA,NA,NA,NA,NA,NA,NA,NA,NA,NA,NA,NA,NA,NA,NA,NA,NA,NA,NA,97,1,"0.00%",0,1,1,"0.00%",1,0,0,0,0,"0.00%",1,1,0,0,0,"FCS",142,142
"Matthias Corbin","VA MILT IN",26,23.71,"D","DI",2026,"Southern",67.9,70.6,56.6,NA,0,0,1,0,0,0,0,0,0,0,0,0,0,0,0,0,0,1,0,10,"0","0.00%",0,16,3,"0","12.50%",0,NA,NA,NA,NA,NA,NA,NA,NA,NA,NA,NA,NA,NA,NA,NA,NA,NA,NA,NA,NA,NA,NA,NA,NA,NA,32,1,"0.00%",0,1,0,"0.00%",1,0,0,0,0,"0.00%",1,1,0,0,0,"FCS",445,445
"Calogero LoGrasso","BUCKNELL",33,23.69,"D","DI",2026,"Patriot",63.4,66.2,55.9,NA,0,2,0,0,0,0,0,0,0,0,0,0,0,0,0,0,0,1,0,15,"0","0.00%",0,18,0,"0","0",0,NA,NA,NA,NA,NA,NA,NA,NA,NA,NA,NA,NA,NA,NA,NA,NA,NA,NA,NA,NA,NA,NA,NA,NA,NA,73,2,"0.00%",2,0,0,"0.00%",0,2,0,0,0,"0.00%",2,2,0,0,0,"FCS",89,89
"D'Angelo Sheppard","CITADEL",34,23.68,"D","DI",2026,"Southern",59.8,67.2,53.5,NA,0,0,0,0,0,2,1,3,0,0,0,0,0,0,0,2,0,2,2,25,"4.00%","12.00%",6,9,0,"11.10%","22.20%",1,NA,NA,NA,NA,NA,NA,NA,NA,NA,NA,NA,NA,NA,NA,NA,NA,NA,NA,NA,NA,NA,NA,NA,NA,NA,10,0,"100%",0,0,0,"0.00%",0,0,0,0,0,"100%",1,1,0,0,1,"FCS",383,383
"Brendan Bigos","MONMOUTH",29,23.64,"D","DI",2026,"CAA",64.9,68.8,55.9,NA,0,0,1,0,0,0,0,0,0,0,0,0,0,0,0,0,0,1,0,16,"0","0.00%",0,13,3.5,"0","7.70%",0,NA,NA,NA,NA,NA,NA,NA,NA,NA,NA,NA,NA,NA,NA,NA,NA,NA,NA,NA,NA,NA,NA,NA,NA,NA,90,2,"0.00%",0,1,0,"0.00%",2,0,0,0,0,"0.00%",2,2,0,0,0,"FCS",29,29
"David Jones","MS VLY ST",31,23.6,"D","DI",2026,"SWAC",64.9,63.9,62,NA,0,0,1,0,0,0,0,0,1,0,0,0,0,0,0,0,0,2,2,14,"7.10%","0.00%",0,17,1,"11.80%","11.80%",2,NA,NA,NA,NA,NA,NA,NA,NA,NA,NA,NA,NA,NA,NA,NA,NA,NA,NA,NA,NA,NA,NA,NA,NA,NA,99,1,"0.00%",0,1,0,"0.00%",1,0,0,0,0,"0.00%",1,1,0,0,0,"FCS",465,465
"Eddie Vega","PORTLAND",42,23.57,"D","DI",2026,"Big Sky",62.1,62.1,59.6,NA,0,0,0,0,0,0,0,0,1,0,0,0,0,0,0,0,0,3,2,19,"5.30%","0.00%",0,23,4,"8.70%","4.30%",2,NA,NA,NA,NA,NA,NA,NA,NA,NA,NA,NA,NA,NA,NA,NA,NA,NA,NA,NA,NA,NA,NA,NA,NA,NA,80,1,"0.00%",0,0,0,"0.00%",1,0,0,0,0,"0.00%",1,1,0,0,0,"FCS",369,369
"Jalen Nicolas","W ILLINOIS",25,23.52,"D","DI",2026,"Big South - OVC Football Association",63.7,62.7,61.2,60.5,0,1,0,0,0,0,0,0,1,0,0,0,0,0,0,0,0,0,1,11,"9.10%","0.00%",0,12,0,"8.30%","8.30%",1,2,0,"0.00%",0,0,0,0,0,0,0,0,0,"50.00%",0,0,0,0,0,"0.00%","0.00%","0.00%","0.00%",0,0,"0.00%",21,1,"0.00%",1,0,0,"0.00%",0,1,0,0,0,"0.00%",1,1,0,0,0,"FCS",332,332
"Graham Gilmartin","BUTLER",17,23.29,"D","DI",2026,"Pioneer",58.6,68.3,55.6,60,0,2,0,0,0,0,0,0,0,0,0,0,0,0,0,0,0,0,1,10,"0","0.00%",0,7,0,"0","14.30%",0,NA,NA,NA,NA,NA,NA,NA,NA,NA,NA,NA,NA,NA,NA,NA,NA,NA,NA,NA,NA,NA,NA,NA,NA,NA,92,2,"33.30%",2,0,0,"0.00%",0,2,0,0,0,"100%",3,3,0,0,1,"FCS",251,251
"Cameron Daniels","MURRAY ST",29,23.28,"D","DI",2026,"Missouri Valley",62.9,63.5,59.7,NA,0,0,1,0,0,0,0,0,1,0,0,0,0,0,0,0,0,1,1,18,"5.60%","0.00%",0,11,2,"9.10%","9.10%",1,NA,NA,NA,NA,NA,NA,NA,NA,NA,NA,NA,NA,NA,NA,NA,NA,NA,NA,NA,NA,NA,NA,NA,NA,NA,90,1,"0.00%",0,1,0,"0.00%",1,0,0,0,0,"0.00%",1,1,0,0,0,"FCS",342,342
"Jordan Muhanyi","NC A&T",31,23.28,"D","DI",2026,"CAA",55,61.4,60,NA,0,1,1,0,0,0,0,0,1,0,0,0,0,0,0,0,0,2,3,15,"6.70%","0.00%",0,16,1,"12.50%","6.30%",2,NA,NA,NA,NA,NA,NA,NA,NA,NA,NA,NA,NA,NA,NA,NA,NA,NA,NA,NA,NA,NA,NA,NA,NA,NA,59,2,"33.30%",1,1,0,"33.30%",1,1,1,0,0,"0.00%",3,3,0,0,0,"FCS",484,484
"Antori Hamilton","AUSTINPEAY",36,23.27,"D","DI",2026,"United Athletic",66.6,68.7,57.1,NA,0,0,0,0,0,0,1,1,0,0,0,0,0,0,0,0,0,1,1,15,"6.70%","6.70%",3.3,21,2,"4.80%","14.30%",1,NA,NA,NA,NA,NA,NA,NA,NA,NA,NA,NA,NA,NA,NA,NA,NA,NA,NA,NA,NA,NA,NA,NA,NA,NA,51,1,"0.00%",0,0,0,"0.00%",1,0,0,0,0,"0.00%",1,1,0,0,0,"FCS",197,197
"Terrill Hopkins","GARD-WEBB",16,23.26,"D","DI",2026,"Big South - OVC Football Association",60.1,48.4,70.8,NA,0,0,0,0,0,1,2,3,0,0,0,0,0,0,0,0,0,1,1,10,"30.00%","30.00%",15,6,0,"16.70%","0",1,NA,NA,NA,NA,NA,NA,NA,NA,NA,NA,NA,NA,NA,NA,NA,NA,NA,NA,NA,NA,NA,NA,NA,NA,NA,15,0,"100%",0,0,0,"100%",0,0,1,0,0,"0.00%",1,1,0,0,0,"FCS",409,409
"AJ Koukou","VILLANOVA",28,23.21,"D","DI",2026,"Patriot",66.2,66,61.5,NA,0,0,0,0,0,1,0,1,0,0,0,0,0,0,0,0,0,0,0,16,"6.30%","6.30%",3.1,12,0,"0","0",0,NA,NA,NA,NA,NA,NA,NA,NA,NA,NA,NA,NA,NA,NA,NA,NA,NA,NA,NA,NA,NA,NA,NA,NA,NA,NA,NA,NA,NA,NA,NA,NA,NA,NA,NA,NA,NA,NA,NA,NA,NA,NA,NA,"FCS",202,202
"Sahnai Swain-Price","RHODE ISLD",17,23.19,"D","DI",2026,"CAA",67.2,67.8,58.2,NA,0,0,0,0,0,0,0,0,0,0,0,0,0,0,0,0,0,1,0,6,"0","0.00%",0,11,4,"0","9.10%",0,NA,NA,NA,NA,NA,NA,NA,NA,NA,NA,NA,NA,NA,NA,NA,NA,NA,NA,NA,NA,NA,NA,NA,NA,NA,99,1,"0.00%",0,0,0,"0.00%",1,0,0,0,0,"0.00%",1,1,0,0,0,"FCS",16,16
"Jacob Bobic","CAL POLY",18,23.13,"D","DI",2026,"Big Sky",64.6,66.2,57.3,NA,0,0,1,0,0,0,0,0,0,0,0,0,0,0,0,0,0,2,1,9,"0","0.00%",0,9,3.5,"11.10%","22.20%",1,NA,NA,NA,NA,NA,NA,NA,NA,NA,NA,NA,NA,NA,NA,NA,NA,NA,NA,NA,NA,NA,NA,NA,NA,NA,50,2,"0.00%",0,1,0,"0.00%",2,0,0,0,0,"0.00%",2,2,0,0,0,"FCS",240,240
"Shamir Boyd","TOWSON",54,23.09,"D","DI",2026,"CAA",69.3,69.8,58.4,NA,0,1,0,0,0,0,0,0,0,0,0,0,0,0,0,0,0,0,0,9,"0","0.00%",0,45,0,"0","2.20%",0,NA,NA,NA,NA,NA,NA,NA,NA,NA,NA,NA,NA,NA,NA,NA,NA,NA,NA,NA,NA,NA,NA,NA,NA,NA,40,1,"0.00%",1,0,0,"0.00%",0,1,0,0,0,"0.00%",1,1,0,0,0,"FCS",119,119
"Reece Satterwhite","LNDNWD",29,23.05,"D","DI",2026,"Big South - OVC Football Association",56,58.4,55.6,NA,0,1,0,0,0,0,0,0,0,0,0,0,0,0,0,0,0,1,1,22,"0","0.00%",0,7,6,"14.30%","0",1,NA,NA,NA,NA,NA,NA,NA,NA,NA,NA,NA,NA,NA,NA,NA,NA,NA,NA,NA,NA,NA,NA,NA,NA,NA,92,2,"0.00%",1,0,0,"0.00%",1,1,0,0,0,"0.00%",2,2,0,0,0,"FCS",312,312
"Jace Sifore","S DAK ST",41,23,"D","DI",2026,"Missouri Valley",62.5,65.6,56.9,NA,0,0,0,0,0,0,2,2,0,0,0,0,0,0,0,0,1,1,1,23,"4.30%","8.70%",4.3,18,0,"5.60%","11.10%",1,NA,NA,NA,NA,NA,NA,NA,NA,NA,NA,NA,NA,NA,NA,NA,NA,NA,NA,NA,NA,NA,NA,NA,NA,NA,NA,NA,NA,NA,NA,NA,NA,NA,NA,NA,NA,NA,NA,NA,NA,NA,NA,NA,"FCS",52,52
"Timothy Gulley","BETH COOK",20,22.96,"D","DI",2026,"SWAC",64.7,67,56.4,NA,0,0,0,0,0,0,1,1,0,0,0,0,0,0,0,0,1,0,0,9,"0","11.10%",5.6,11,0,"0","9.10%",0,NA,NA,NA,NA,NA,NA,NA,NA,NA,NA,NA,NA,NA,NA,NA,NA,NA,NA,NA,NA,NA,NA,NA,NA,NA,NA,NA,NA,NA,NA,NA,NA,NA,NA,NA,NA,NA,NA,NA,NA,NA,NA,NA,"FCS",98,98
"Ethan McLaurin","TENN TECH",20,22.9,"D","DI",2026,"Southern",59.5,66.8,46.8,NA,0,0,0,0,0,0,1,1,0,0,0,0,0,0,0,0,1,1,1,7,"0","14.30%",7.1,13,6,"0","0",0,NA,NA,NA,NA,NA,NA,NA,NA,NA,NA,NA,NA,NA,NA,NA,NA,NA,NA,NA,NA,NA,NA,NA,NA,NA,94,1,"50.00%",0,0,0,"0.00%",1,0,0,0,0,"100%",2,2,0,0,1,"FCS",41,41
"Kenneth Andrews","ALCORN ST",43,22.82,"D","DI",2026,"SWAC",49.9,49.8,55.2,NA,0,1,1,0,0,0,1,1,0,0,0,0,0,0,0,1,0,1,4,20,"0","5.00%",2.5,23,5,"17.40%","0",4,NA,NA,NA,NA,NA,NA,NA,NA,NA,NA,NA,NA,NA,NA,NA,NA,NA,NA,NA,NA,NA,NA,NA,NA,NA,98,3,"0.00%",1,1,0,"0.00%",2,1,0,0,0,"0.00%",3,3,0,0,0,"FCS",289,289
"Ryan McCarthy","VA MILT IN",23,22.77,"D","DI",2026,"Southern",62.8,63.9,57.6,NA,0,0,0,0,0,0,1,1,0,0,0,0,0,0,0,1,0,0,0,7,"0","14.30%",7.1,16,0,"0","0",0,NA,NA,NA,NA,NA,NA,NA,NA,NA,NA,NA,NA,NA,NA,NA,NA,NA,NA,NA,NA,NA,NA,NA,NA,NA,NA,NA,NA,NA,NA,NA,NA,NA,NA,NA,NA,NA,NA,NA,NA,NA,NA,NA,"FCS",154,154
"Lance Bassett","S ILLINOIS",41,22.57,"D","DI",2026,"Missouri Valley",62.6,67.9,55.5,NA,0,0,1,0,0,0,0,0,1,0,0,0,0,0,0,0,0,1,1,26,"3.90%","0.00%",0,15,3,"6.70%","20.00%",1,NA,NA,NA,NA,NA,NA,NA,NA,NA,NA,NA,NA,NA,NA,NA,NA,NA,NA,NA,NA,NA,NA,NA,NA,NA,98,1,"50.00%",0,1,0,"50.00%",1,0,1,0,0,"0.00%",2,2,0,0,0,"FCS",109,109
"Chase Lamb","DRAKE",59,22.52,"D","DI",2026,"Pioneer",59.2,67.5,50.8,NA,0,0,1,0,0,0,0,0,0,0,0,0,0,0,0,0,0,0,0,33,"0","0.00%",0,26,5.5,"0","0",0,NA,NA,NA,NA,NA,NA,NA,NA,NA,NA,NA,NA,NA,NA,NA,NA,NA,NA,NA,NA,NA,NA,NA,NA,NA,32,2,"0.00%",0,1,0,"0.00%",2,0,0,0,0,"0.00%",2,2,0,0,0,"FCS",220,220
"Conlan Greene","YNGTOWN ST",19,22.5,"D","DI",2026,"Missouri Valley",62.4,65.3,55.9,NA,0,0,0,0,0,0,0,0,0,0,0,0,0,0,0,0,0,0,0,10,"0","0.00%",0,9,5,"0","0",0,NA,NA,NA,NA,NA,NA,NA,NA,NA,NA,NA,NA,NA,NA,NA,NA,NA,NA,NA,NA,NA,NA,NA,NA,NA,90,2,"0.00%",0,0,0,"0.00%",2,0,0,0,0,"0.00%",2,2,0,0,0,"FCS",113,113
"Bruce Knauber","FURMAN",20,22.46,"D","DI",2026,"Southern",64.6,65.8,57.2,NA,0,2,0,0,0,0,0,0,0,0,0,0,0,0,0,0,0,0,1,8,"0","0.00%",0,12,0,"8.30%","8.30%",1,NA,NA,NA,NA,NA,NA,NA,NA,NA,NA,NA,NA,NA,NA,NA,NA,NA,NA,NA,NA,NA,NA,NA,NA,NA,99,2,"33.30%",2,0,0,"33.30%",0,2,1,0,0,"0.00%",3,3,0,0,0,"FCS",190,190
"Zack Philpott","TOWSON",21,22.41,"D","DI",2026,"CAA",59.8,59.5,59.6,NA,0,2,0,0,0,0,0,0,0,0,0,0,0,0,0,0,0,0,2,3,"0","0.00%",0,18,0,"11.10%","0",2,NA,NA,NA,NA,NA,NA,NA,NA,NA,NA,NA,NA,NA,NA,NA,NA,NA,NA,NA,NA,NA,NA,NA,NA,NA,99,2,"0.00%",2,0,0,"0.00%",0,2,0,0,0,"0.00%",2,2,0,0,0,"FCS",444,444
"Xavier Byars","TENN STATE",17,22.37,"D","DI",2026,"Big South - OVC Football Association",67.2,68.7,57.7,NA,0,0,1,0,0,0,0,0,0,0,0,0,0,0,0,0,0,2,0,8,"0","0.00%",0,9,2,"0","11.10%",0,NA,NA,NA,NA,NA,NA,NA,NA,NA,NA,NA,NA,NA,NA,NA,NA,NA,NA,NA,NA,NA,NA,NA,NA,NA,97,1,"0.00%",0,1,0,"0.00%",1,0,0,0,0,"0.00%",1,1,0,0,0,"FCS",462,462
"Dezmon Thomas","SAMFORD",21,22.35,"D","DI",2026,"Southern",62.7,59.1,56.4,65.9,0,1,1,0,0,0,0,0,0,0,0,0,0,0,0,0,0,0,1,12,"0","0.00%",0,9,3,"11.10%","0",1,NA,NA,NA,NA,NA,NA,NA,NA,NA,NA,NA,NA,NA,NA,NA,NA,NA,NA,NA,NA,NA,NA,NA,NA,NA,98,2,"0.00%",1,1,0,"0.00%",1,0,0,0,0,"0.00%",2,2,1,0,0,"FCS",287,287
"Lucian DePino","BRYANT",21,22.27,"D","DI",2026,"CAA",67.6,67.5,58.9,NA,0,1,0,0,0,0,0,0,0,0,0,0,0,0,0,0,0,0,1,3,"0","0.00%",0,18,0,"5.60%","11.10%",1,NA,NA,NA,NA,NA,NA,NA,NA,NA,NA,NA,NA,NA,NA,NA,NA,NA,NA,NA,NA,NA,NA,NA,NA,NA,93,1,"0.00%",1,0,0,"0.00%",0,1,0,0,0,"0.00%",1,1,0,0,0,"FCS",265,265
"Jake Williams","UC DAVIS",21,22.23,"D","DI",2026,"Big Sky",65.4,67.4,56.6,NA,0,0,1,0,0,0,0,0,0,0,0,0,0,0,0,0,0,1,0,9,"0","0.00%",0,12,3,"0","8.30%",0,NA,NA,NA,NA,NA,NA,NA,NA,NA,NA,NA,NA,NA,NA,NA,NA,NA,NA,NA,NA,NA,NA,NA,NA,NA,95,1,"0.00%",0,1,0,"0.00%",1,0,0,0,0,"0.00%",1,1,0,0,0,"FCS",175,175
"Caldwell Bussey","FURMAN",25,22.12,"D","DI",2026,"Southern",64.2,62.6,62.6,NA,0,0,0,0,0,0,1,1,0,0,0,0,0,0,0,0,0,0,1,12,"8.30%","8.30%",4.2,13,0,"7.70%","7.70%",1,NA,NA,NA,NA,NA,NA,NA,NA,NA,NA,NA,NA,NA,NA,NA,NA,NA,NA,NA,NA,NA,NA,NA,NA,NA,NA,NA,NA,NA,NA,NA,NA,NA,NA,NA,NA,NA,NA,NA,NA,NA,NA,NA,"FCS",101,101
"Maurice Seals","STNY BROOK",33,22.02,"D","DI",2026,"CAA",64.8,63.8,55.6,61.9,0,0,1,0,0,0,0,0,0,0,0,0,0,1,0,0,0,2,2,16,"0","0.00%",0,17,0,"11.80%","17.60%",2,NA,NA,NA,NA,NA,NA,NA,NA,NA,NA,NA,NA,NA,NA,NA,NA,NA,NA,NA,NA,NA,NA,NA,NA,NA,95,2,"0.00%",0,0,0,"0.00%",0,0,0,1,1,"0.00%",2,2,0,2,0,"FCS",327,327
"Kanstin Brooks","TENN TECH",36,21.88,"D","DI",2026,"Southern",69.8,69.9,55.7,62.4,0,0,2,0,0,0,0,0,0,0,0,0,0,0,0,0,0,2,0,16,"0","0.00%",0,20,0,"0","5.00%",0,NA,NA,NA,NA,NA,NA,NA,NA,NA,NA,NA,NA,NA,NA,NA,NA,NA,NA,NA,NA,NA,NA,NA,NA,NA,0,1,"0.00%",0,0,0,"0.00%",0,0,0,1,0,"0.00%",1,1,0,1,0,"FCS",5,5
"Hyson Bey-Buie","N IOWA",29,21.88,"D","DI",2026,"Missouri Valley",62.5,66.9,55.1,NA,0,0,2,0,0,0,0,0,0,0,0,0,0,0,0,0,0,3,0,17,"0","0.00%",0,12,2,"0","0",0,NA,NA,NA,NA,NA,NA,NA,NA,NA,NA,NA,NA,NA,NA,NA,NA,NA,NA,NA,NA,NA,NA,NA,NA,NA,50,2,"0.00%",0,2,0,"0.00%",2,0,0,0,0,"0.00%",2,2,0,0,0,"FCS",261,261
"Hadley Holmes","DRAKE",19,21.81,"D","DI",2026,"Pioneer",64,66.8,56.1,NA,0,0,1,0,0,0,0,0,0,0,0,0,0,0,0,0,0,2,0,10,"0","0.00%",0,9,2.5,"0","0",0,NA,NA,NA,NA,NA,NA,NA,NA,NA,NA,NA,NA,NA,NA,NA,NA,NA,NA,NA,NA,NA,NA,NA,NA,NA,57,2,"0.00%",0,1,0,"0.00%",2,0,0,0,0,"0.00%",2,2,0,0,0,"FCS",219,219
"Damola Owode","STHLSK",22,21.73,"D","DI",2026,"Northeast",68.2,74.9,55.5,NA,0,0,0,0,0,0,0,0,0,0,0,0,0,0,0,0,0,0,0,15,"0","0.00%",0,7,0,"0","42.90%",0,NA,NA,NA,NA,NA,NA,NA,NA,NA,NA,NA,NA,NA,NA,NA,NA,NA,NA,NA,NA,NA,NA,NA,NA,NA,NA,NA,NA,NA,NA,NA,NA,NA,NA,NA,NA,NA,NA,NA,NA,NA,NA,NA,"FCS",278,278
"Ky Tayo","CHATTNOOGA",36,21.66,"D","DI",2026,"Southern",62.6,66.6,56.2,NA,0,0,1,0,0,0,0,0,0,0,0,0,0,0,0,0,0,1,0,22,"0","0.00%",0,14,3,"0","0",0,NA,NA,NA,NA,NA,NA,NA,NA,NA,NA,NA,NA,NA,NA,NA,NA,NA,NA,NA,NA,NA,NA,NA,NA,NA,55,1,"0.00%",0,1,0,"0.00%",1,0,0,0,0,"0.00%",1,1,0,0,0,"FCS",23,23
"JaSire Peterson","N ARIZONA",39,21.6,"D","DI",2026,"Big Sky",40.8,33.7,59.7,NA,0,0,1,1,0,0,0,1,0,0,0,0,0,0,0,1,0,2,6,21,"0","4.80%",4.8,18,4,"33.30%","0",6,NA,NA,NA,NA,NA,NA,NA,NA,NA,NA,NA,NA,NA,NA,NA,NA,NA,NA,NA,NA,NA,NA,NA,NA,NA,55,2,"0.00%",0,0,0,"0.00%",1,0,0,1,0,"0.00%",2,2,0,0,0,"FCS",131,131
"Collin Bray","CHARLES SO",23,21.55,"D","DI",2026,"Big South - OVC Football Association",60.7,60.3,59.7,60,0,1,0,0,0,0,1,1,0,0,0,0,0,0,0,0,0,0,1,15,"6.70%","6.70%",3.3,7,0,"14.30%","14.30%",1,1,0,"0.00%",0,0,0,0,0,0,0,0,0,"0.00%",0,0,0,0,0,"0.00%","0.00%","0.00%","0.00%",0,0,"0.00%",40,1,"0.00%",1,0,0,"0.00%",0,1,0,0,0,"0.00%",1,1,0,0,0,"FCS",438,438
"Keshawn Hayden","E KENTUCKY",30,21.52,"D","DI",2026,"United Athletic",61.5,61.5,58.9,60,0,1,0,0,0,0,1,1,0,0,0,0,0,0,0,0,0,2,1,18,"5.60%","5.60%",2.8,12,0,"8.30%","0",1,NA,NA,NA,NA,NA,NA,NA,NA,NA,NA,NA,NA,NA,NA,NA,NA,NA,NA,NA,NA,NA,NA,NA,NA,NA,4,1,"0.00%",1,0,0,"0.00%",0,1,0,0,0,"0.00%",1,1,0,0,0,"FCS",76,76
"Mason Knipp","INDIANA ST",27,21.44,"D","DI",2026,"Missouri Valley",45.3,60.6,56.6,56.7,0,2,0,0,0,0,0,0,0,0,0,0,0,0,0,0,0,0,4,12,"0","0.00%",0,15,0,"20.00%","26.70%",3,NA,NA,NA,NA,NA,NA,NA,NA,NA,NA,NA,NA,NA,NA,NA,NA,NA,NA,NA,NA,NA,NA,NA,NA,NA,93,2,"0.00%",2,0,0,"0.00%",0,2,0,0,0,"0.00%",2,2,0,0,0,"FCS",229,229
"Nicholas Fernandez","CAL POLY",43,21.37,"D","DI",2026,"Big Sky",61.1,62.9,56.1,NA,0,1,0,0,0,0,0,0,0,0,0,0,0,0,0,0,0,2,1,20,"0","0.00%",0,23,2,"4.30%","0",1,NA,NA,NA,NA,NA,NA,NA,NA,NA,NA,NA,NA,NA,NA,NA,NA,NA,NA,NA,NA,NA,NA,NA,NA,NA,99,2,"0.00%",1,0,0,"0.00%",1,1,0,0,0,"0.00%",2,2,0,0,0,"FCS",86,86
"Vin Ferrara","HOLY CROSS",40,21.31,"D","DI",2026,"Patriot",59.7,58,61.5,NA,1,1,0,0,0,0,0,0,0,0,0,0,0,0,0,0,0,1,3,17,"0","0.00%",0,23,0,"13.00%","4.30%",3,NA,NA,NA,NA,NA,NA,NA,NA,NA,NA,NA,NA,NA,NA,NA,NA,NA,NA,NA,NA,NA,NA,NA,NA,NA,97,1,"0.00%",1,0,0,"0.00%",0,1,0,0,0,"0.00%",1,1,0,0,0,"FCS",305,305
"Carlos Sanders","MCNEESE",24,21.25,"D","DI",2026,"Southland",61.3,64.5,56.1,NA,0,0,0,0,0,1,0,1,0,0,0,0,0,0,0,0,1,0,0,15,"0","6.70%",3.3,9,0,"0","0",0,NA,NA,NA,NA,NA,NA,NA,NA,NA,NA,NA,NA,NA,NA,NA,NA,NA,NA,NA,NA,NA,NA,NA,NA,NA,NA,NA,NA,NA,NA,NA,NA,NA,NA,NA,NA,NA,NA,NA,NA,NA,NA,NA,"FCS",106,106
"King Smith","LNDNWD",29,21.25,"D","DI",2026,"Big South - OVC Football Association",62.1,61.3,60.7,NA,0,0,1,0,0,0,1,1,0,0,0,0,0,0,0,0,0,1,1,22,"4.50%","4.50%",2.3,7,1,"14.30%","14.30%",1,NA,NA,NA,NA,NA,NA,NA,NA,NA,NA,NA,NA,NA,NA,NA,NA,NA,NA,NA,NA,NA,NA,NA,NA,NA,53,1,"0.00%",0,1,0,"0.00%",1,0,0,0,0,"0.00%",1,1,0,0,0,"FCS",242,242
"Gabe Whittington","SE LA",25,21.24,"D","DI",2026,"Southland",57.3,57.8,56.4,60,0,0,2,0,0,0,0,0,0,0,0,0,0,0,0,0,0,0,2,10,"0","0.00%",0,15,4,"13.30%","0",2,NA,NA,NA,NA,NA,NA,NA,NA,NA,NA,NA,NA,NA,NA,NA,NA,NA,NA,NA,NA,NA,NA,NA,NA,NA,91,2,"0.00%",0,1,0,"0.00%",1,0,0,1,0,"0.00%",2,2,0,1,0,"FCS",151,151
"Seyyid Smith","TXRG",23,21.2,"D","DI",2026,"Southland",67.4,64.2,54.9,68.3,0,0,2,0,0,0,0,0,0,0,0,0,0,1,0,0,0,3,1,13,"0","0.00%",0,10,0,"10.00%","20.00%",1,NA,NA,NA,NA,NA,NA,NA,NA,NA,NA,NA,NA,NA,NA,NA,NA,NA,NA,NA,NA,NA,NA,NA,NA,NA,53,2,"33.30%",0,0,0,"100%",0,0,1,2,1,"0.00%",3,3,0,2,0,"FCS",388,388
"Paul Gatley","FL A&M",22,21.17,"D","DI",2026,"SWAC",67.7,70,56.1,NA,0,0,1,0,0,0,0,0,0,0,0,0,0,0,0,0,0,2,0,9,"0","0.00%",0,13,1,"0","7.70%",0,NA,NA,NA,NA,NA,NA,NA,NA,NA,NA,NA,NA,NA,NA,NA,NA,NA,NA,NA,NA,NA,NA,NA,NA,NA,96,1,"0.00%",0,1,0,"0.00%",1,0,0,0,0,"0.00%",1,1,0,0,0,"FCS",487,487
"Zion To'oto'o","IDAHO ST",17,21.12,"D","DI",2026,"Big Sky",64.6,67.7,56.4,60,0,1,0,0,0,0,0,0,0,0,0,0,0,0,0,0,0,0,0,9,"0","0.00%",0,7,0,"0","14.30%",0,1,0,"0.00%",0,0,0,0,0,0,0,0,0,"0.00%",0,0,0,0,0,"0.00%","0.00%","0.00%","0.00%",0,0,"0.00%",92,1,"0.00%",1,0,0,"0.00%",0,1,0,0,0,"0.00%",1,1,0,0,0,"FCS",46,46
"D'Shawn Kirby","YNGTOWN ST",32,21.07,"D","DI",2026,"Missouri Valley",51.7,53.6,53.8,NA,0,1,1,0,0,0,0,0,0,0,0,0,0,0,0,0,0,2,3,18,"0","0.00%",0,14,5.5,"21.40%","0",3,NA,NA,NA,NA,NA,NA,NA,NA,NA,NA,NA,NA,NA,NA,NA,NA,NA,NA,NA,NA,NA,NA,NA,NA,NA,97,3,"0.00%",1,1,0,"0.00%",2,1,0,0,0,"0.00%",3,3,0,0,0,"FCS",380,380
"Abdon Mata","TXRG",35,21.02,"D","DI",2026,"Southland",63.6,68.5,55.2,NA,0,0,0,0,0,0,0,0,0,0,0,0,0,0,0,0,0,3,0,20,"0","0.00%",0,15,3,"0","6.70%",0,NA,NA,NA,NA,NA,NA,NA,NA,NA,NA,NA,NA,NA,NA,NA,NA,NA,NA,NA,NA,NA,NA,NA,NA,NA,58,1,"0.00%",0,0,0,"0.00%",1,0,0,0,0,"0.00%",1,1,0,0,0,"FCS",387,387
"David Dunston","W ILLINOIS",40,20.98,"D","DI",2026,"Big South - OVC Football Association",64.4,68.8,54.8,NA,0,0,1,0,0,0,0,0,0,0,0,0,0,0,0,0,0,1,0,20,"0","0.00%",0,20,2,"0","5.00%",0,NA,NA,NA,NA,NA,NA,NA,NA,NA,NA,NA,NA,NA,NA,NA,NA,NA,NA,NA,NA,NA,NA,NA,NA,NA,32,1,"0.00%",0,1,0,"0.00%",1,0,0,0,0,"0.00%",1,1,0,0,0,"FCS",74,74
"Ke'Vion Wellington","MERCER",21,20.93,"D","DI",2026,"Southern",58,54.7,63.2,NA,0,0,1,0,0,0,0,0,1,0,0,0,0,0,0,0,0,1,2,11,"9.10%","0.00%",0,10,2,"20.00%","10.00%",2,NA,NA,NA,NA,NA,NA,NA,NA,NA,NA,NA,NA,NA,NA,NA,NA,NA,NA,NA,NA,NA,NA,NA,NA,NA,54,1,"0.00%",0,1,0,"0.00%",1,0,0,0,0,"0.00%",1,1,0,0,0,"FCS",127,127
"Bryce Gentry-Warrick","MERRIMACK",37,20.82,"D","DI",2026,"IND (FCS)",61,55.3,64.9,NA,0,0,0,0,0,0,1,1,2,0,0,0,0,0,0,0,0,1,3,24,"12.50%","4.20%",2.1,13,0,"23.10%","15.40%",3,NA,NA,NA,NA,NA,NA,NA,NA,NA,NA,NA,NA,NA,NA,NA,NA,NA,NA,NA,NA,NA,NA,NA,NA,NA,6,0,"100%",0,0,0,"100%",0,0,1,0,0,"0.00%",1,1,0,0,0,"FCS",82,82
"O'Shea Miller","TARLETON",23,20.69,"D","DI",2026,"United Athletic",64.3,67.3,55.9,NA,0,1,0,0,0,0,0,0,0,0,0,0,0,0,0,0,0,0,1,10,"0","0.00%",0,13,0,"7.70%","15.40%",1,NA,NA,NA,NA,NA,NA,NA,NA,NA,NA,NA,NA,NA,NA,NA,NA,NA,NA,NA,NA,NA,NA,NA,NA,NA,44,1,"0.00%",1,0,0,"0.00%",0,1,0,0,0,"0.00%",1,1,0,0,0,"FCS",457,457
"Mason Fleming","AUSTINPEAY",22,20.68,"D","DI",2026,"United Athletic",60.1,60.8,57.6,NA,0,0,0,0,0,0,1,1,0,0,0,0,0,0,0,0,1,0,1,9,"0","11.10%",5.6,13,0,"7.70%","0",1,NA,NA,NA,NA,NA,NA,NA,NA,NA,NA,NA,NA,NA,NA,NA,NA,NA,NA,NA,NA,NA,NA,NA,NA,NA,NA,NA,NA,NA,NA,NA,NA,NA,NA,NA,NA,NA,NA,NA,NA,NA,NA,NA,"FCS",235,235
"Jesse Smith","LNDNWD",28,20.67,"D","DI",2026,"Big South - OVC Football Association",51.1,58.8,58.6,60,0,0,1,0,0,0,0,0,1,0,0,0,0,0,0,0,0,1,2,19,"5.30%","0.00%",0,9,5,"11.10%","22.20%",1,NA,NA,NA,NA,NA,NA,NA,NA,NA,NA,NA,NA,NA,NA,NA,NA,NA,NA,NA,NA,NA,NA,NA,NA,NA,6,1,"66.70%",0,1,0,"50.00%",1,0,1,0,0,"100%",3,3,0,0,1,"FCS",148,148
"Tevita Pekipaki","WEBER ST",18,20.67,"D","DI",2026,"Big Sky",60.5,69.3,58.6,NA,0,0,0,0,0,0,0,0,0,0,0,0,0,0,0,0,0,0,1,4,"0","0.00%",0,14,0,"7.10%","14.30%",1,NA,NA,NA,NA,NA,NA,NA,NA,NA,NA,NA,NA,NA,NA,NA,NA,NA,NA,NA,NA,NA,NA,NA,NA,NA,NA,NA,NA,NA,NA,NA,NA,NA,NA,NA,NA,NA,NA,NA,NA,NA,NA,NA,"FCS",472,472
"Wyatt Boals","ILL STATE",27,20.6,"D","DI",2026,"Missouri Valley",60,62.2,56.3,NA,0,0,1,0,0,0,0,0,0,0,0,0,0,0,0,0,0,1,2,17,"0","0.00%",0,10,5,"20.00%","30.00%",2,NA,NA,NA,NA,NA,NA,NA,NA,NA,NA,NA,NA,NA,NA,NA,NA,NA,NA,NA,NA,NA,NA,NA,NA,NA,51,2,"33.30%",0,1,0,"33.30%",2,0,1,0,0,"0.00%",3,3,0,0,0,"FCS",181,181
"Josaiah Asuega","MONTANA ST",16,20.56,"D","DI",2026,"Big Sky",60,61.1,57.1,NA,0,0,1,0,0,0,0,0,0,0,0,0,0,0,0,0,0,1,2,6,"0","0.00%",0,10,4,"20.00%","20.00%",2,NA,NA,NA,NA,NA,NA,NA,NA,NA,NA,NA,NA,NA,NA,NA,NA,NA,NA,NA,NA,NA,NA,NA,NA,NA,94,1,"0.00%",0,1,0,"0.00%",1,0,0,0,0,"0.00%",1,1,0,0,0,"FCS",318,318
"Herbert Ware","PORTLAND",34,20.52,"D","DI",2026,"Big Sky",62.3,61.8,60.6,NA,0,0,0,0,0,0,0,0,1,0,0,0,0,0,0,0,0,0,1,16,"6.30%","0.00%",0,18,0,"5.60%","0",1,NA,NA,NA,NA,NA,NA,NA,NA,NA,NA,NA,NA,NA,NA,NA,NA,NA,NA,NA,NA,NA,NA,NA,NA,NA,NA,NA,NA,NA,NA,NA,NA,NA,NA,NA,NA,NA,NA,NA,NA,NA,NA,NA,"FCS",173,173
"Tobi Akintade","HOUCHR",38,20.48,"D","DI",2026,"Southland",62,62.5,57.7,NA,0,0,0,0,0,0,0,0,0,0,0,0,0,0,0,0,0,1,1,10,"0","0.00%",0,28,4,"3.60%","0",1,NA,NA,NA,NA,NA,NA,NA,NA,NA,NA,NA,NA,NA,NA,NA,NA,NA,NA,NA,NA,NA,NA,NA,NA,NA,92,1,"0.00%",0,0,0,"0.00%",1,0,0,0,0,"0.00%",1,1,0,0,0,"FCS",306,306
"Cole Sisson","ALBANY",48,20.3,"D","DI",2026,"CAA",43.8,38.7,56.3,58.2,0,1,0,0,0,1,1,2,0,0,0,0,0,0,0,1,1,3,6,29,"0","6.90%",3.5,18,5,"33.30%","0",6,1,0,"0.00%",0,0,0,0,0,0,0,0,0,"0.00%",0,0,0,0,0,"0.00%","0.00%","0.00%","0.00%",0,0,"0.00%",96,2,"0.00%",1,0,0,"0.00%",1,0,0,0,0,"0.00%",2,2,1,0,0,"FCS",288,288
"Ethan Harris","DAVIDSON",29,20.28,"D","DI",2026,"Pioneer",52.5,53.8,57.4,59.2,0,0,1,0,0,0,0,0,0,0,0,0,0,1,0,0,0,3,5,10,"0","0.00%",0,18,3,"27.80%","22.20%",5,1,0,"0.00%",0,0,0,0,0,0,0,0,0,"0.00%",0,0,0,0,0,"0.00%","0.00%","0.00%","0.00%",0,0,"0.00%",97,2,"50.00%",0,1,1,"50.00%",2,0,2,0,0,"0.00%",4,4,0,0,0,"FCS",430,430
"Logan Green","S DAK ST",42,20.23,"D","DI",2026,"Missouri Valley",59.3,57.5,60.5,NA,0,0,0,0,0,0,1,1,1,0,0,0,0,0,0,0,0,0,2,24,"8.30%","4.20%",2.1,18,0,"11.10%","0",2,NA,NA,NA,NA,NA,NA,NA,NA,NA,NA,NA,NA,NA,NA,NA,NA,NA,NA,NA,NA,NA,NA,NA,NA,NA,NA,NA,NA,NA,NA,NA,NA,NA,NA,NA,NA,NA,NA,NA,NA,NA,NA,NA,"FCS",51,51
"Gene Blalock","N IOWA",42,20.09,"D","DI",2026,"Missouri Valley",63.9,68.4,55.4,NA,0,0,1,0,0,0,0,0,0,0,0,0,0,0,0,0,0,1,0,24,"0","0.00%",0,18,1,"0","0",0,NA,NA,NA,NA,NA,NA,NA,NA,NA,NA,NA,NA,NA,NA,NA,NA,NA,NA,NA,NA,NA,NA,NA,NA,NA,9,1,"0.00%",0,1,0,"0.00%",1,0,0,0,0,"0.00%",1,1,0,0,0,"FCS",149,149
"Tosin Akinsulire","RHODE ISLD",31,19.92,"F","DI",2026,"CAA",59.8,66.7,56.7,NA,0,0,0,0,0,0,0,0,0,0,0,0,0,0,0,0,0,3,2,6,"0","0.00%",0,25,2,"8.00%","8.00%",2,NA,NA,NA,NA,NA,NA,NA,NA,NA,NA,NA,NA,NA,NA,NA,NA,NA,NA,NA,NA,NA,NA,NA,NA,NA,92,1,"0.00%",0,0,0,"0.00%",1,0,0,0,0,"0.00%",1,1,0,0,0,"FCS",48,48
"Josh Osuagwu","STHLSK",20,19.92,"F","DI",2026,"Northeast",61.4,60.2,60.9,NA,0,0,0,0,0,0,0,0,1,0,0,0,0,0,0,0,0,0,1,14,"7.10%","0.00%",0,6,0,"16.70%","16.70%",1,NA,NA,NA,NA,NA,NA,NA,NA,NA,NA,NA,NA,NA,NA,NA,NA,NA,NA,NA,NA,NA,NA,NA,NA,NA,NA,NA,NA,NA,NA,NA,NA,NA,NA,NA,NA,NA,NA,NA,NA,NA,NA,NA,"FCS",277,277
"Maximus Tufugafale","SAN DIEGO",23,19.78,"F","DI",2026,"Pioneer",62.3,64.7,56.5,NA,0,1,0,0,0,0,0,0,0,0,0,0,0,0,0,0,0,0,0,13,"0","0.00%",0,10,0,"0","0",0,NA,NA,NA,NA,NA,NA,NA,NA,NA,NA,NA,NA,NA,NA,NA,NA,NA,NA,NA,NA,NA,NA,NA,NA,NA,75,1,"0.00%",1,0,0,"0.00%",0,1,0,0,0,"0.00%",1,1,0,0,0,"FCS",468,468
"Habib Bello","SOUTHERN U",16,19.62,"F","DI",2026,"SWAC",59.1,55.6,63.5,NA,0,0,0,0,0,0,1,1,0,0,0,0,0,0,0,0,0,0,1,10,"10.00%","10.00%",5,6,0,"16.70%","0",1,NA,NA,NA,NA,NA,NA,NA,NA,NA,NA,NA,NA,NA,NA,NA,NA,NA,NA,NA,NA,NA,NA,NA,NA,NA,NA,NA,NA,NA,NA,NA,NA,NA,NA,NA,NA,NA,NA,NA,NA,NA,NA,NA,"FCS",87,87
"Peter Lagemann","BUCKNELL",17,19.59,"F","DI",2026,"Patriot",62.1,64.6,56.2,NA,0,1,0,0,0,0,0,0,0,0,0,0,0,0,0,0,0,0,0,8,"0","0.00%",0,9,0,"0","0",0,NA,NA,NA,NA,NA,NA,NA,NA,NA,NA,NA,NA,NA,NA,NA,NA,NA,NA,NA,NA,NA,NA,NA,NA,NA,97,1,"50.00%",1,0,0,"0.00%",0,1,0,0,0,"0.00%",2,2,0,0,0,"FCS",338,338
"Mi'Jai Mickles","HOUCHR",59,19.58,"F","DI",2026,"Southland",56.4,61.2,44.2,NA,0,1,2,0,0,0,1,1,0,0,0,0,0,0,0,1,0,6,6,13,"0","7.70%",3.9,46,2.67,"10.90%","8.70%",5,NA,NA,NA,NA,NA,NA,NA,NA,NA,NA,NA,NA,NA,NA,NA,NA,NA,NA,NA,NA,NA,NA,NA,NA,NA,99,4,"33.30%",1,2,0,"20.00%",3,1,1,0,0,"100%",6,6,0,0,1,"FCS",417,417
"Aidan Horodnik","HOLY CROSS",22,19.56,"F","DI",2026,"Patriot",64.3,66.2,56.4,NA,0,0,1,0,0,0,0,0,0,0,0,0,0,0,0,0,0,1,1,8,"0","0.00%",0,14,1,"7.10%","7.10%",1,NA,NA,NA,NA,NA,NA,NA,NA,NA,NA,NA,NA,NA,NA,NA,NA,NA,NA,NA,NA,NA,NA,NA,NA,NA,95,1,"0.00%",0,1,0,"0.00%",1,0,0,0,0,"0.00%",1,1,0,0,0,"FCS",276,276
"Jacob Logan","DUQUESNE",21,19.56,"F","DI",2026,"Northeast",60.9,60.7,59.8,NA,0,1,0,0,0,0,0,0,0,0,0,0,0,0,0,0,0,0,1,1,"0","0.00%",0,20,0,"5.00%","0",1,NA,NA,NA,NA,NA,NA,NA,NA,NA,NA,NA,NA,NA,NA,NA,NA,NA,NA,NA,NA,NA,NA,NA,NA,NA,92,1,"0.00%",1,0,0,"0.00%",0,1,0,0,0,"0.00%",1,1,0,0,0,"FCS",437,437
"Brady Fodor","HOLY CROSS",18,19.53,"F","DI",2026,"Patriot",62.2,63.4,57.2,NA,0,1,0,0,0,0,0,0,0,0,0,0,0,0,0,0,0,0,0,7,"0","0.00%",0,11,0,"0","0",0,NA,NA,NA,NA,NA,NA,NA,NA,NA,NA,NA,NA,NA,NA,NA,NA,NA,NA,NA,NA,NA,NA,NA,NA,NA,91,1,"0.00%",1,0,0,"0.00%",0,1,0,0,0,"0.00%",1,1,0,0,0,"FCS",75,75
"Dorian Royal","ALBANY",35,19.48,"F","DI",2026,"CAA",59,54.3,62.7,NA,0,0,0,0,0,0,0,0,1,0,0,0,1,0,0,0,0,0,2,25,"4.00%","0.00%",0,10,0,"20.00%","0",2,NA,NA,NA,NA,NA,NA,NA,NA,NA,NA,NA,NA,NA,NA,NA,NA,NA,NA,NA,NA,NA,NA,NA,NA,NA,NA,NA,NA,NA,NA,NA,NA,NA,NA,NA,NA,NA,NA,NA,NA,NA,NA,NA,"FCS",6,6
"Antione Keefer Jr.","SE MO ST",18,19.43,"F","DI",2026,"Big South - OVC Football Association",66.5,69.4,56,NA,0,0,0,0,0,0,0,0,0,0,0,0,0,0,0,0,0,0,0,8,"0","0.00%",0,10,0,"0","10.00%",0,NA,NA,NA,NA,NA,NA,NA,NA,NA,NA,NA,NA,NA,NA,NA,NA,NA,NA,NA,NA,NA,NA,NA,NA,NA,NA,NA,NA,NA,NA,NA,NA,NA,NA,NA,NA,NA,NA,NA,NA,NA,NA,NA,"FCS",410,410
"Anthony Gray","TXAMEA",53,19.42,"F","DI",2026,"Southland",56.2,61.3,49.1,NA,0,0,1,0,0,0,2,2,0,0,0,0,0,0,0,2,0,2,5,20,"0","10.00%",5,33,3,"12.10%","18.20%",4,NA,NA,NA,NA,NA,NA,NA,NA,NA,NA,NA,NA,NA,NA,NA,NA,NA,NA,NA,NA,NA,NA,NA,NA,NA,12,1,"66.70%",0,1,0,"50.00%",1,0,1,0,0,"100%",3,3,0,0,1,"FCS",34,34
"Adam Camphor","SE MO ST",32,19.42,"F","DI",2026,"Big South - OVC Football Association",59.1,55.7,64.1,NA,0,0,0,0,0,0,0,0,1,0,0,0,0,0,0,0,0,0,4,14,"7.10%","0.00%",0,18,0,"22.20%","16.70%",4,NA,NA,NA,NA,NA,NA,NA,NA,NA,NA,NA,NA,NA,NA,NA,NA,NA,NA,NA,NA,NA,NA,NA,NA,NA,NA,NA,NA,NA,NA,NA,NA,NA,NA,NA,NA,NA,NA,NA,NA,NA,NA,NA,"FCS",325,325
"Chris Campanelli","NEW HAMP",21,19.33,"F","DI",2026,"CAA",54.8,55,57.8,NA,0,0,0,0,0,0,1,1,0,0,0,0,0,0,0,1,0,0,2,10,"0","10.00%",5,11,2,"18.20%","0",2,NA,NA,NA,NA,NA,NA,NA,NA,NA,NA,NA,NA,NA,NA,NA,NA,NA,NA,NA,NA,NA,NA,NA,NA,NA,66,1,"0.00%",0,0,0,"0.00%",1,0,0,0,0,"0.00%",1,1,0,0,0,"FCS",343,343
"Jamarr Jones","TENN TECH",37,19.32,"F","DI",2026,"Southern",65.7,69.8,55.4,NA,0,0,0,0,0,0,0,0,0,0,0,0,0,0,0,0,0,0,0,17,"0","0.00%",0,20,0,"0","5.00%",0,NA,NA,NA,NA,NA,NA,NA,NA,NA,NA,NA,NA,NA,NA,NA,NA,NA,NA,NA,NA,NA,NA,NA,NA,NA,NA,NA,NA,NA,NA,NA,NA,NA,NA,NA,NA,NA,NA,NA,NA,NA,NA,NA,"FCS",153,153
"Maxton Woodward","SAMFORD",34,19.25,"F","DI",2026,"Southern",62.7,63.7,57.2,NA,0,0,2,0,0,0,0,0,0,0,0,0,0,0,0,0,0,2,2,11,"0","0.00%",0,23,1.5,"8.70%","8.70%",2,NA,NA,NA,NA,NA,NA,NA,NA,NA,NA,NA,NA,NA,NA,NA,NA,NA,NA,NA,NA,NA,NA,NA,NA,NA,95,2,"33.30%",0,2,0,"33.30%",2,0,1,0,0,"0.00%",3,3,0,0,0,"FCS",221,221
"Rufus Toe","HOUCHR",21,19.19,"F","DI",2026,"Southland",60.3,60,59.7,NA,0,1,0,0,0,0,0,0,0,0,0,0,0,0,0,0,0,1,1,2,"0","0.00%",0,19,0,"5.30%","5.30%",1,NA,NA,NA,NA,NA,NA,NA,NA,NA,NA,NA,NA,NA,NA,NA,NA,NA,NA,NA,NA,NA,NA,NA,NA,NA,32,1,"0.00%",1,0,0,"0.00%",0,1,0,0,0,"0.00%",1,1,0,0,0,"FCS",15,15
"Alexander Cossignani","DELWARE ST",32,19.1,"F","DI",2026,"MEAC",67.3,70.2,54.6,NA,0,0,0,0,0,0,0,0,0,0,0,0,0,0,0,0,0,1,0,9,"0","0.00%",0,23,0,"0","4.30%",0,NA,NA,NA,NA,NA,NA,NA,NA,NA,NA,NA,NA,NA,NA,NA,NA,NA,NA,NA,NA,NA,NA,NA,NA,NA,NA,NA,NA,NA,NA,NA,NA,NA,NA,NA,NA,NA,NA,NA,NA,NA,NA,NA,"FCS",143,143
"Ivan Murray Jr.","VILLANOVA",31,19.09,"F","DI",2026,"Patriot",63.2,64.8,56.9,60,0,0,1,0,0,0,0,0,0,0,0,0,0,0,0,0,0,0,0,17,"0","0.00%",0,14,0,"0","0",0,NA,NA,NA,NA,NA,NA,NA,NA,NA,NA,NA,NA,NA,NA,NA,NA,NA,NA,NA,NA,NA,NA,NA,NA,NA,9,1,"0.00%",0,0,0,"0.00%",0,0,0,1,0,"0.00%",1,1,0,1,0,"FCS",73,73
"Frederick Lujan III","IDAHO",25,19.09,"F","DI",2026,"Big Sky",61.5,63,56.7,NA,0,1,0,0,0,0,0,0,0,0,0,0,0,0,0,0,0,0,1,10,"0","0.00%",0,15,0,"6.70%","6.70%",1,NA,NA,NA,NA,NA,NA,NA,NA,NA,NA,NA,NA,NA,NA,NA,NA,NA,NA,NA,NA,NA,NA,NA,NA,NA,97,1,"0.00%",1,0,0,"0.00%",0,1,0,0,0,"0.00%",1,1,0,0,0,"FCS",141,141
"Braeden Kaczmarek","N ARIZONA",40,19.04,"F","DI",2026,"Big Sky",52.6,53.2,55.2,NA,0,1,0,0,0,0,0,0,0,0,0,0,0,0,0,0,0,3,5,21,"0","0.00%",0,19,4,"26.30%","10.50%",5,NA,NA,NA,NA,NA,NA,NA,NA,NA,NA,NA,NA,NA,NA,NA,NA,NA,NA,NA,NA,NA,NA,NA,NA,NA,98,3,"0.00%",1,0,0,"0.00%",2,1,0,0,0,"0.00%",3,3,0,0,0,"FCS",68,68
"Gabriel Ikechukwu","PRVIEW A&M",16,18.99,"F","DI",2026,"SWAC",60.8,61.4,58,NA,0,1,0,0,0,0,0,0,0,0,0,0,0,0,0,0,0,0,1,6,"0","0.00%",0,10,0,"10.00%","10.00%",1,NA,NA,NA,NA,NA,NA,NA,NA,NA,NA,NA,NA,NA,NA,NA,NA,NA,NA,NA,NA,NA,NA,NA,NA,NA,95,1,"0.00%",1,0,0,"0.00%",0,1,0,0,0,"0.00%",1,1,0,0,0,"FCS",285,285
"Bryce Rooks","MONMOUTH",16,18.96,"F","DI",2026,"CAA",65.2,66.9,57.4,NA,0,0,0,0,0,0,0,0,0,0,0,0,0,0,0,0,0,0,0,8,"0","0.00%",0,8,0,"0","12.50%",0,NA,NA,NA,NA,NA,NA,NA,NA,NA,NA,NA,NA,NA,NA,NA,NA,NA,NA,NA,NA,NA,NA,NA,NA,NA,NA,NA,NA,NA,NA,NA,NA,NA,NA,NA,NA,NA,NA,NA,NA,NA,NA,NA,"FCS",47,47
"Chase Chesser","NICHOLLS",26,18.93,"F","DI",2026,"Southland",49.5,49.8,56.1,NA,0,1,1,0,0,0,0,0,0,0,0,0,0,0,0,0,0,2,5,11,"0","0.00%",0,15,4,"33.30%","6.70%",5,NA,NA,NA,NA,NA,NA,NA,NA,NA,NA,NA,NA,NA,NA,NA,NA,NA,NA,NA,NA,NA,NA,NA,NA,NA,91,3,"0.00%",1,1,0,"0.00%",2,1,0,0,0,"0.00%",3,3,0,0,0,"FCS",355,355
"Bryce Patterson","INDIANA ST",23,18.92,"F","DI",2026,"Missouri Valley",60,63.7,55.7,NA,0,1,0,0,0,0,0,0,0,0,0,0,0,0,0,0,0,0,0,17,"0","0.00%",0,6,0,"0","0",0,NA,NA,NA,NA,NA,NA,NA,NA,NA,NA,NA,NA,NA,NA,NA,NA,NA,NA,NA,NA,NA,NA,NA,NA,NA,98,1,"0.00%",1,0,0,"0.00%",0,1,0,0,0,"0.00%",1,1,0,0,0,"FCS",77,77
"Deshawn Palmer","ALCORN ST",44,18.92,"F","DI",2026,"SWAC",55.5,53.1,60.9,NA,0,1,0,0,0,0,0,0,1,0,0,0,0,0,0,0,0,1,4,17,"5.90%","0.00%",0,27,0,"14.80%","7.40%",4,NA,NA,NA,NA,NA,NA,NA,NA,NA,NA,NA,NA,NA,NA,NA,NA,NA,NA,NA,NA,NA,NA,NA,NA,NA,88,1,"0.00%",1,0,0,"0.00%",0,1,0,0,0,"0.00%",1,1,0,0,0,"FCS",291,291
"Brandon Jackson","UTAHTC",30,18.88,"F","DI",2026,"Big Sky",64.7,67.2,56.3,60,0,0,0,0,0,0,0,0,0,0,0,0,0,0,0,0,0,2,1,15,"0","0.00%",0,15,0,"6.70%","13.30%",1,NA,NA,NA,NA,NA,NA,NA,NA,NA,NA,NA,NA,NA,NA,NA,NA,NA,NA,NA,NA,NA,NA,NA,NA,NA,90,1,"0.00%",0,0,0,"0.00%",0,0,0,0,0,"0.00%",1,1,0,1,0,"FCS",215,215
"Bryce Wilson","MERRIMACK",15,18.88,"F","DI",2026,"IND (FCS)",52.7,49.5,63.1,NA,0,1,0,0,0,0,1,1,0,0,0,0,0,0,0,0,0,0,2,10,"10.00%","10.00%",5,5,0,"40.00%","0",2,NA,NA,NA,NA,NA,NA,NA,NA,NA,NA,NA,NA,NA,NA,NA,NA,NA,NA,NA,NA,NA,NA,NA,NA,NA,52,1,"0.00%",1,0,0,"0.00%",0,1,0,0,0,"0.00%",1,1,0,0,0,"FCS",316,316
"Marlon Huff","TENN STATE",27,18.86,"F","DI",2026,"Big South - OVC Football Association",60.4,62.6,56.6,NA,0,1,0,0,0,0,0,0,0,0,0,0,0,0,0,0,0,1,1,15,"0","0.00%",0,12,0,"8.30%","8.30%",1,NA,NA,NA,NA,NA,NA,NA,NA,NA,NA,NA,NA,NA,NA,NA,NA,NA,NA,NA,NA,NA,NA,NA,NA,NA,4,1,"0.00%",1,0,0,"0.00%",0,1,0,0,0,"0.00%",1,1,0,0,0,"FCS",179,179
"Unknown Lafayette D35","LAFAYETTE",26,18.84,"F","DI",2026,"Patriot",58.1,52.1,65.7,NA,0,0,0,0,0,1,0,1,0,0,0,0,0,0,0,0,0,1,3,16,"6.30%","6.30%",3.1,10,0,"30.00%","10.00%",3,NA,NA,NA,NA,NA,NA,NA,NA,NA,NA,NA,NA,NA,NA,NA,NA,NA,NA,NA,NA,NA,NA,NA,NA,NA,NA,NA,NA,NA,NA,NA,NA,NA,NA,NA,NA,NA,NA,NA,NA,NA,NA,NA,"FCS",488,488
"Jaggar Tavai","UTAHTC",24,18.76,"F","DI",2026,"Big Sky",65.6,67,56.9,NA,0,0,0,0,0,0,0,0,0,0,0,0,0,0,0,0,0,1,1,7,"0","0.00%",0,17,0,"5.90%","11.80%",1,NA,NA,NA,NA,NA,NA,NA,NA,NA,NA,NA,NA,NA,NA,NA,NA,NA,NA,NA,NA,NA,NA,NA,NA,NA,NA,NA,NA,NA,NA,NA,NA,NA,NA,NA,NA,NA,NA,NA,NA,NA,NA,NA,"FCS",452,452
"Molik Mason","PRVIEW A&M",33,18.74,"F","DI",2026,"SWAC",53.8,55.9,53.5,60,0,0,1,0,0,0,2,2,0,0,0,0,0,0,0,1,0,1,2,18,"5.60%","11.10%",5.6,15,0,"13.30%","0",2,NA,NA,NA,NA,NA,NA,NA,NA,NA,NA,NA,NA,NA,NA,NA,NA,NA,NA,NA,NA,NA,NA,NA,NA,NA,7,1,"0.00%",0,0,0,"0.00%",0,0,0,1,0,"0.00%",1,1,0,1,0,"FCS",35,35
"Devyn Davis","DRAKE",27,18.72,"F","DI",2026,"Pioneer",60,65.3,53.8,NA,0,1,0,0,0,0,0,0,0,0,0,0,0,0,0,0,0,1,0,15,"0","0.00%",0,12,0,"0","0",0,NA,NA,NA,NA,NA,NA,NA,NA,NA,NA,NA,NA,NA,NA,NA,NA,NA,NA,NA,NA,NA,NA,NA,NA,NA,97,1,"0.00%",1,0,0,"0.00%",0,1,0,0,0,"0.00%",1,1,0,0,0,"FCS",473,473
"Rashawn Watson","ALABAMA ST",21,18.67,"F","DI",2026,"SWAC",64.4,66.8,56.9,NA,0,0,0,0,0,0,0,0,0,0,0,0,0,0,0,0,0,1,0,11,"0","0.00%",0,10,0,"0","10.00%",0,NA,NA,NA,NA,NA,NA,NA,NA,NA,NA,NA,NA,NA,NA,NA,NA,NA,NA,NA,NA,NA,NA,NA,NA,NA,NA,NA,NA,NA,NA,NA,NA,NA,NA,NA,NA,NA,NA,NA,NA,NA,NA,NA,"FCS",256,256
"Kion Wright","ALBANY",32,18.63,"F","DI",2026,"CAA",53.8,48.2,60.2,60,0,1,0,0,0,0,0,0,2,0,0,0,0,0,0,0,0,0,3,21,"9.50%","0.00%",0,10,0,"30.00%","0",3,1,0,"0.00%",0,0,0,0,0,0,0,0,0,"100%",0,0,0,0,0,"0.00%","0.00%","0.00%","0.00%",0,0,"0.00%",5,1,"0.00%",1,0,0,"0.00%",0,1,0,0,0,"0.00%",1,1,0,0,0,"FCS",116,116
"Montrell Henderson","CHATTNOOGA",30,18.62,"F","DI",2026,"Southern",60.1,62.2,56.5,NA,0,1,0,0,0,0,0,0,0,0,0,0,0,0,0,0,0,0,1,17,"0","0.00%",0,13,0,"7.70%","0",1,NA,NA,NA,NA,NA,NA,NA,NA,NA,NA,NA,NA,NA,NA,NA,NA,NA,NA,NA,NA,NA,NA,NA,NA,NA,91,1,"0.00%",1,0,0,"0.00%",0,1,0,0,0,"0.00%",1,1,0,0,0,"FCS",33,33
"Ke'shawn Reed","NWSTATE",35,18.61,"F","DI",2026,"Southland",57,57.3,57.1,NA,0,1,1,0,0,0,0,0,0,0,0,0,0,0,0,0,0,2,4,12,"0","0.00%",0,23,2,"17.40%","21.70%",4,NA,NA,NA,NA,NA,NA,NA,NA,NA,NA,NA,NA,NA,NA,NA,NA,NA,NA,NA,NA,NA,NA,NA,NA,NA,99,2,"33.30%",1,1,0,"33.30%",1,1,1,0,0,"0.00%",3,3,0,0,0,"FCS",155,155
"Israel Lucas","HOWARD",40,18.61,"F","DI",2026,"MEAC",54.5,54.2,56.9,NA,0,2,0,0,0,0,0,0,0,0,0,0,0,0,0,0,0,1,4,20,"0","0.00%",0,20,0,"20.00%","5.00%",4,NA,NA,NA,NA,NA,NA,NA,NA,NA,NA,NA,NA,NA,NA,NA,NA,NA,NA,NA,NA,NA,NA,NA,NA,NA,95,2,"0.00%",2,0,0,"0.00%",0,2,0,0,0,"0.00%",2,2,0,0,0,"FCS",198,198
"Kerry North","PRVIEW A&M",34,18.57,"F","DI",2026,"SWAC",61.9,64.7,55.8,NA,0,0,1,0,0,0,0,0,0,0,0,0,0,0,0,0,0,1,2,18,"0","0.00%",0,16,1,"12.50%","18.80%",2,NA,NA,NA,NA,NA,NA,NA,NA,NA,NA,NA,NA,NA,NA,NA,NA,NA,NA,NA,NA,NA,NA,NA,NA,NA,90,1,"0.00%",0,1,0,"0.00%",1,0,0,0,0,"0.00%",1,1,0,0,0,"FCS",206,206
"Christian Booker","LAMAR",16,18.52,"F","DI",2026,"Southland",55.8,56.7,57.8,NA,0,0,0,0,0,0,1,1,0,0,0,0,0,0,0,1,0,0,1,11,"0","9.10%",4.5,5,0,"20.00%","0",1,NA,NA,NA,NA,NA,NA,NA,NA,NA,NA,NA,NA,NA,NA,NA,NA,NA,NA,NA,NA,NA,NA,NA,NA,NA,NA,NA,NA,NA,NA,NA,NA,NA,NA,NA,NA,NA,NA,NA,NA,NA,NA,NA,"FCS",194,194
"Cleve Tellery II","CHARLES SO",21,18.44,"F","DI",2026,"Big South - OVC Football Association",60.5,61.8,57.6,NA,0,0,1,0,0,0,0,0,0,0,0,0,0,0,0,0,0,2,1,13,"0","0.00%",0,8,3,"12.50%","12.50%",1,NA,NA,NA,NA,NA,NA,NA,NA,NA,NA,NA,NA,NA,NA,NA,NA,NA,NA,NA,NA,NA,NA,NA,NA,NA,90,1,"50.00%",0,1,0,"50.00%",1,0,1,0,0,"0.00%",2,2,0,0,0,"FCS",298,298
"Kristopher Boyd","MORGAN ST",38,18.43,"F","DI",2026,"MEAC",54.2,52.6,58.5,NA,0,1,0,0,0,0,0,0,1,0,0,0,0,0,0,0,0,3,3,24,"4.20%","0.00%",0,14,2,"21.40%","7.10%",3,NA,NA,NA,NA,NA,NA,NA,NA,NA,NA,NA,NA,NA,NA,NA,NA,NA,NA,NA,NA,NA,NA,NA,NA,NA,52,2,"33.30%",1,0,0,"33.30%",1,1,1,0,0,"0.00%",3,3,0,0,0,"FCS",117,117
"Jaden Wincher","TXRG",22,18.42,"F","DI",2026,"Southland",63.2,66.8,56.4,NA,0,0,0,0,0,0,0,0,0,0,0,0,0,0,0,0,0,1,0,14,"0","0.00%",0,8,0,"0","12.50%",0,NA,NA,NA,NA,NA,NA,NA,NA,NA,NA,NA,NA,NA,NA,NA,NA,NA,NA,NA,NA,NA,NA,NA,NA,NA,NA,NA,NA,NA,NA,NA,NA,NA,NA,NA,NA,NA,NA,NA,NA,NA,NA,NA,"FCS",389,389
"Ayden Merrihew","N COLORADO",17,18.36,"F","DI",2026,"Big Sky",64.1,67.1,56,NA,0,0,0,0,0,0,0,0,0,0,0,0,0,0,0,0,0,0,0,9,"0","0.00%",0,8,0,"0","12.50%",0,NA,NA,NA,NA,NA,NA,NA,NA,NA,NA,NA,NA,NA,NA,NA,NA,NA,NA,NA,NA,NA,NA,NA,NA,NA,NA,NA,NA,NA,NA,NA,NA,NA,NA,NA,NA,NA,NA,NA,NA,NA,NA,NA,"FCS",231,231
"Trenton Kintigh","WOFFORD",21,18.27,"F","DI",2026,"Southern",55.7,54.5,59.7,NA,0,0,0,0,0,1,0,1,0,0,0,0,0,0,0,1,0,0,1,18,"0","5.60%",2.8,3,0,"33.30%","0",1,NA,NA,NA,NA,NA,NA,NA,NA,NA,NA,NA,NA,NA,NA,NA,NA,NA,NA,NA,NA,NA,NA,NA,NA,NA,NA,NA,NA,NA,NA,NA,NA,NA,NA,NA,NA,NA,NA,NA,NA,NA,NA,NA,"FCS",99,99
"Carson Moore","MERCYHURST",19,18.27,"F","DI",2026,"Northeast",64.4,65.2,57.6,NA,0,0,0,0,0,0,0,0,0,0,0,0,0,0,0,0,0,0,0,5,"0","0.00%",0,14,0,"0","0",0,NA,NA,NA,NA,NA,NA,NA,NA,NA,NA,NA,NA,NA,NA,NA,NA,NA,NA,NA,NA,NA,NA,NA,NA,NA,NA,NA,NA,NA,NA,NA,NA,NA,NA,NA,NA,NA,NA,NA,NA,NA,NA,NA,"FCS",403,403
"Bryce Purnell","MAINE",57,18.26,"F","DI",2026,"CAA",63.8,67.1,55.8,NA,0,0,0,0,0,0,0,0,0,0,0,0,0,0,0,0,0,1,1,29,"0","0.00%",0,28,0,"3.60%","7.10%",1,NA,NA,NA,NA,NA,NA,NA,NA,NA,NA,NA,NA,NA,NA,NA,NA,NA,NA,NA,NA,NA,NA,NA,NA,NA,NA,NA,NA,NA,NA,NA,NA,NA,NA,NA,NA,NA,NA,NA,NA,NA,NA,NA,"FCS",17,17
"Tony Deloach","ALCORN ST",33,18.26,"F","DI",2026,"SWAC",50.7,50,57.4,NA,0,0,1,0,0,0,0,0,0,0,0,0,0,1,0,0,0,3,4,13,"0","0.00%",0,20,0,"20.00%","10.00%",4,NA,NA,NA,NA,NA,NA,NA,NA,NA,NA,NA,NA,NA,NA,NA,NA,NA,NA,NA,NA,NA,NA,NA,NA,NA,95,1,"0.00%",0,1,1,"0.00%",1,0,0,0,0,"0.00%",1,1,0,0,0,"FCS",290,290
"Sean Hickey","NEW HAMP",17,18.22,"F","DI",2026,"CAA",54.7,56.4,56.6,NA,0,0,0,0,0,0,1,1,0,0,0,0,0,0,0,1,0,0,1,9,"0","11.10%",5.6,8,0,"12.50%","0",1,NA,NA,NA,NA,NA,NA,NA,NA,NA,NA,NA,NA,NA,NA,NA,NA,NA,NA,NA,NA,NA,NA,NA,NA,NA,NA,NA,NA,NA,NA,NA,NA,NA,NA,NA,NA,NA,NA,NA,NA,NA,NA,NA,"FCS",344,344
"Drew Rozier","DAVIDSON",28,18.18,"F","DI",2026,"Pioneer",56.8,55.4,60.3,NA,0,0,0,0,0,0,1,1,0,0,0,0,0,0,0,0,0,0,3,9,"11.10%","11.10%",5.6,19,0,"15.80%","5.30%",3,NA,NA,NA,NA,NA,NA,NA,NA,NA,NA,NA,NA,NA,NA,NA,NA,NA,NA,NA,NA,NA,NA,NA,NA,NA,NA,NA,NA,NA,NA,NA,NA,NA,NA,NA,NA,NA,NA,NA,NA,NA,NA,NA,"FCS",429,429
"Ryan Kuennen","N IOWA",35,18.12,"F","DI",2026,"Missouri Valley",62.4,67,55.6,NA,0,0,0,0,0,0,0,0,0,0,0,0,0,0,0,0,0,0,0,22,"0","0.00%",0,13,0,"0","0",0,NA,NA,NA,NA,NA,NA,NA,NA,NA,NA,NA,NA,NA,NA,NA,NA,NA,NA,NA,NA,NA,NA,NA,NA,NA,NA,NA,NA,NA,NA,NA,NA,NA,NA,NA,NA,NA,NA,NA,NA,NA,NA,NA,"FCS",66,66
"Tripp Alexander III","HAMPTON",24,18.1,"F","DI",2026,"CAA",55.3,50.1,NA,63,0,1,1,0,0,0,0,0,0,0,0,0,0,0,0,0,0,2,2,NA,NA,NA,NA,18,3,"11.10%","0",2,6,1,"100%",7,7,0,0,0,0,95.8,1.17,0,"0.00%",0,0,0,0,0,"0.00%","0.00%","0.00%","0.00%",7,-4,"0.00%",0,2,"0.00%",1,1,0,"0.00%",1,1,0,0,0,"0.00%",2,2,0,0,0,"FCS",440,440
"RJ Jackson","AUSTINPEAY",20,18.01,"F","DI",2026,"United Athletic",63.4,64.1,58.1,NA,0,0,0,0,0,0,0,0,0,0,0,0,0,0,0,0,0,0,0,8,"0","0.00%",0,12,0,"0","0",0,NA,NA,NA,NA,NA,NA,NA,NA,NA,NA,NA,NA,NA,NA,NA,NA,NA,NA,NA,NA,NA,NA,NA,NA,NA,NA,NA,NA,NA,NA,NA,NA,NA,NA,NA,NA,NA,NA,NA,NA,NA,NA,NA,"FCS",415,415
"Machi Robinson","TEXAS STHN",21,17.95,"F","DI",2026,"SWAC",62.9,64.4,57.7,NA,0,0,0,0,0,0,0,0,0,0,0,0,0,0,0,0,0,0,0,11,"0","0.00%",0,10,0,"0","0",0,NA,NA,NA,NA,NA,NA,NA,NA,NA,NA,NA,NA,NA,NA,NA,NA,NA,NA,NA,NA,NA,NA,NA,NA,NA,NA,NA,NA,NA,NA,NA,NA,NA,NA,NA,NA,NA,NA,NA,NA,NA,NA,NA,"FCS",373,373
"Kareem Vessup","LIUSHAR",17,17.95,"F","DI",2026,"Northeast",52.5,53.4,56.9,NA,0,0,0,0,0,0,1,1,0,0,0,0,0,0,0,0,1,1,2,6,"0","16.70%",8.3,11,0,"18.20%","0",2,NA,NA,NA,NA,NA,NA,NA,NA,NA,NA,NA,NA,NA,NA,NA,NA,NA,NA,NA,NA,NA,NA,NA,NA,NA,NA,NA,NA,NA,NA,NA,NA,NA,NA,NA,NA,NA,NA,NA,NA,NA,NA,NA,"FCS",396,396
"Tiu Afalava","FORDHAM",43,17.91,"F","DI",2026,"Patriot",50.7,57.5,55.1,NA,1,1,0,0,0,0,0,0,0,0,0,0,0,0,0,0,0,0,3,23,"0","0.00%",0,20,0,"15.00%","5.00%",3,NA,NA,NA,NA,NA,NA,NA,NA,NA,NA,NA,NA,NA,NA,NA,NA,NA,NA,NA,NA,NA,NA,NA,NA,NA,90,1,"0.00%",1,0,0,"0.00%",0,1,0,0,0,"0.00%",1,1,0,0,0,"FCS",135,135
"Derrick Taylor","MS VLY ST",23,17.91,"F","DI",2026,"SWAC",61,61.5,57.5,NA,0,0,0,0,0,0,0,0,0,0,0,0,1,0,0,0,0,0,2,4,"0","0.00%",0,19,0,"10.50%","5.30%",2,NA,NA,NA,NA,NA,NA,NA,NA,NA,NA,NA,NA,NA,NA,NA,NA,NA,NA,NA,NA,NA,NA,NA,NA,NA,NA,NA,NA,NA,NA,NA,NA,NA,NA,NA,NA,NA,NA,NA,NA,NA,NA,NA,"FCS",382,382
"James Dunnemann II","FORDHAM",25,17.89,"F","DI",2026,"Patriot",59.1,60.2,56.9,NA,0,1,0,0,0,0,0,0,0,0,0,0,0,0,0,0,0,0,1,9,"0","0.00%",0,16,0,"6.30%","0",1,NA,NA,NA,NA,NA,NA,NA,NA,NA,NA,NA,NA,NA,NA,NA,NA,NA,NA,NA,NA,NA,NA,NA,NA,NA,96,1,"0.00%",1,0,0,"0.00%",0,1,0,0,0,"0.00%",1,1,0,0,0,"FCS",392,392
"Capri Martin","VILLANOVA",51,17.85,"F","DI",2026,"Patriot",58.6,55.2,61.1,NA,0,0,0,0,0,0,2,2,1,0,0,0,0,0,0,0,0,1,2,33,"9.10%","6.10%",3,18,0,"11.10%","5.60%",2,NA,NA,NA,NA,NA,NA,NA,NA,NA,NA,NA,NA,NA,NA,NA,NA,NA,NA,NA,NA,NA,NA,NA,NA,NA,0,0,"100%",0,0,0,"100%",0,0,1,0,0,"0.00%",1,1,0,0,0,"FCS",71,71
"Brody Harriff","DRAKE",49,17.81,"F","DI",2026,"Pioneer",62.4,68.8,53.3,NA,0,0,0,0,0,0,0,0,0,0,0,0,0,0,0,0,0,0,0,26,"0","0.00%",0,23,0,"0","0",0,NA,NA,NA,NA,NA,NA,NA,NA,NA,NA,NA,NA,NA,NA,NA,NA,NA,NA,NA,NA,NA,NA,NA,NA,NA,NA,NA,NA,NA,NA,NA,NA,NA,NA,NA,NA,NA,NA,NA,NA,NA,NA,NA,"FCS",376,376
"Devin Williams","BRYANT",20,17.7,"F","DI",2026,"CAA",57,56,59.3,60,0,1,0,0,0,0,0,0,0,0,0,0,0,0,0,0,0,0,1,3,"0","0.00%",0,17,0,"5.90%","0",1,NA,NA,NA,NA,NA,NA,NA,NA,NA,NA,NA,NA,NA,NA,NA,NA,NA,NA,NA,NA,NA,NA,NA,NA,NA,99,1,"0.00%",1,0,0,"0.00%",0,0,0,0,0,"0.00%",1,1,1,0,0,"FCS",436,436
"Isaiah Harvey","CHATTNOOGA",26,17.61,"F","DI",2026,"Southern",62.3,65.7,55.8,NA,0,0,0,0,0,0,0,0,0,0,0,0,0,0,0,0,0,1,0,14,"0","0.00%",0,12,0,"0","0",0,NA,NA,NA,NA,NA,NA,NA,NA,NA,NA,NA,NA,NA,NA,NA,NA,NA,NA,NA,NA,NA,NA,NA,NA,NA,NA,NA,NA,NA,NA,NA,NA,NA,NA,NA,NA,NA,NA,NA,NA,NA,NA,NA,"FCS",187,187
"Ma'ake Apo","IDAHO",34,17.6,"F","DI",2026,"Big Sky",51.8,51.4,57.1,NA,0,0,1,0,0,0,1,1,0,0,0,0,0,0,0,0,1,1,3,15,"0","6.70%",3.3,19,2,"15.80%","10.50%",3,NA,NA,NA,NA,NA,NA,NA,NA,NA,NA,NA,NA,NA,NA,NA,NA,NA,NA,NA,NA,NA,NA,NA,NA,NA,55,1,"0.00%",0,1,0,"0.00%",1,0,0,0,0,"0.00%",1,1,0,0,0,"FCS",308,308
"Rylan Shibley","ELON",24,17.59,"F","DI",2026,"CAA",57.5,55.7,60.4,NA,0,0,0,0,0,0,0,0,1,0,0,0,0,0,0,0,0,0,2,15,"6.70%","0.00%",0,9,0,"22.20%","11.10%",2,NA,NA,NA,NA,NA,NA,NA,NA,NA,NA,NA,NA,NA,NA,NA,NA,NA,NA,NA,NA,NA,NA,NA,NA,NA,NA,NA,NA,NA,NA,NA,NA,NA,NA,NA,NA,NA,NA,NA,NA,NA,NA,NA,"FCS",377,377
"Isaiah Hare","TXAMEA",31,17.49,"F","DI",2026,"Southland",58,56,61.1,NA,0,0,1,0,0,0,0,0,1,0,0,0,0,1,0,0,0,2,2,17,"5.90%","0.00%",0,14,-6,"14.30%","14.30%",2,NA,NA,NA,NA,NA,NA,NA,NA,NA,NA,NA,NA,NA,NA,NA,NA,NA,NA,NA,NA,NA,NA,NA,NA,NA,93,1,"50.00%",0,1,1,"50.00%",1,0,1,0,0,"0.00%",2,2,0,0,0,"FCS",241,241
"Jakoby Diamond","W CAROLINA",23,17.48,"F","DI",2026,"Southern",57.7,61.5,56.6,56.2,0,0,1,0,0,0,0,0,0,0,0,0,0,0,0,0,0,1,1,10,"0","0.00%",0,11,1,"9.10%","9.10%",1,2,0,"0.00%",0,0,0,0,0,0,0,0,0,"0.00%",0,0,0,0,0,"0.00%","0.00%","0.00%","0.00%",0,0,"0.00%",91,1,"0.00%",0,1,0,"0.00%",1,0,0,0,0,"0.00%",1,1,0,0,0,"FCS",402,402
"Nicholas Miano","TOWSON",22,17.41,"F","DI",2026,"CAA",61.6,61.1,59.7,NA,0,0,0,0,0,0,0,0,0,0,0,0,0,0,0,0,0,0,1,4,"0","0.00%",0,18,0,"5.60%","0",1,NA,NA,NA,NA,NA,NA,NA,NA,NA,NA,NA,NA,NA,NA,NA,NA,NA,NA,NA,NA,NA,NA,NA,NA,NA,NA,NA,NA,NA,NA,NA,NA,NA,NA,NA,NA,NA,NA,NA,NA,NA,NA,NA,"FCS",329,329
"Fred Dampeer","NICHOLLS",25,17.4,"F","DI",2026,"Southland",53.6,54.2,56.5,NA,0,0,0,0,0,1,0,1,0,0,0,0,0,0,0,1,0,0,2,10,"0","10.00%",5,15,0,"13.30%","0",2,NA,NA,NA,NA,NA,NA,NA,NA,NA,NA,NA,NA,NA,NA,NA,NA,NA,NA,NA,NA,NA,NA,NA,NA,NA,NA,NA,NA,NA,NA,NA,NA,NA,NA,NA,NA,NA,NA,NA,NA,NA,NA,NA,"FCS",424,424
"Andrew Zook","LNDNWD",38,17.38,"F","DI",2026,"Big South - OVC Football Association",58,55.7,61,NA,0,0,0,0,0,0,1,1,0,0,0,0,0,0,0,0,0,0,2,22,"4.50%","4.50%",2.3,16,0,"12.50%","0",2,NA,NA,NA,NA,NA,NA,NA,NA,NA,NA,NA,NA,NA,NA,NA,NA,NA,NA,NA,NA,NA,NA,NA,NA,NA,NA,NA,NA,NA,NA,NA,NA,NA,NA,NA,NA,NA,NA,NA,NA,NA,NA,NA,"FCS",85,85
"Vertonio Weatherton","TENN STATE",23,17.36,"F","DI",2026,"Big South - OVC Football Association",59,65.6,57.2,57.6,0,0,0,0,0,0,0,0,0,0,0,0,0,0,0,0,0,0,2,13,"0","0.00%",0,9,0,"11.10%","22.20%",1,1,0,"0.00%",0,0,0,0,0,0,0,0,0,"0.00%",0,0,0,0,0,"0.00%","0.00%","0.00%","0.00%",0,0,"0.00%",2,1,"50.00%",0,0,0,"0.00%",0,0,0,0,0,"50.00%",2,2,0,1,1,"FCS",163,163
"Bryce Ricks","MERRIMACK",29,17.33,"F","DI",2026,"IND (FCS)",61.9,66.3,55.2,NA,0,0,1,0,0,0,0,0,0,0,0,0,0,0,0,0,0,3,1,18,"0","0.00%",0,11,1,"9.10%","27.30%",1,NA,NA,NA,NA,NA,NA,NA,NA,NA,NA,NA,NA,NA,NA,NA,NA,NA,NA,NA,NA,NA,NA,NA,NA,NA,90,1,"50.00%",0,1,0,"50.00%",1,0,1,0,0,"0.00%",2,2,0,0,0,"FCS",64,64
"Nico Guerra","TEXAS STHN",22,17.29,"F","DI",2026,"SWAC",51.5,62.2,57.6,NA,0,0,1,0,0,0,0,0,0,0,0,0,0,0,0,0,0,1,2,12,"0","0.00%",0,10,0,"20.00%","10.00%",2,NA,NA,NA,NA,NA,NA,NA,NA,NA,NA,NA,NA,NA,NA,NA,NA,NA,NA,NA,NA,NA,NA,NA,NA,NA,95,1,"0.00%",0,1,0,"0.00%",1,0,0,0,0,"0.00%",1,1,0,0,0,"FCS",284,284
"Ajayi Ajaga","YNGTOWN ST",17,17.26,"F","DI",2026,"Missouri Valley",61.9,64.2,56.5,NA,0,0,0,0,0,0,0,0,0,0,0,0,0,0,0,0,0,0,0,7,"0","0.00%",0,10,0,"0","0",0,NA,NA,NA,NA,NA,NA,NA,NA,NA,NA,NA,NA,NA,NA,NA,NA,NA,NA,NA,NA,NA,NA,NA,NA,NA,NA,NA,NA,NA,NA,NA,NA,NA,NA,NA,NA,NA,NA,NA,NA,NA,NA,NA,"FCS",253,253
"Immanuel Hawkins","PRVIEW A&M",17,17.24,"F","DI",2026,"SWAC",43.1,51.8,61.9,NA,0,0,0,0,0,0,0,0,1,0,0,0,0,0,0,0,0,2,3,7,"14.30%","0.00%",0,10,3,"20.00%","10.00%",2,NA,NA,NA,NA,NA,NA,NA,NA,NA,NA,NA,NA,NA,NA,NA,NA,NA,NA,NA,NA,NA,NA,NA,NA,NA,93,1,"50.00%",0,0,0,"50.00%",1,0,1,0,0,"0.00%",2,2,0,0,0,"FCS",166,166
"Peyton Anderson","SE LA",37,17.18,"F","DI",2026,"Southland",47.8,43.7,61.3,NA,0,0,0,0,0,1,0,1,0,0,0,0,0,0,0,0,0,2,6,16,"6.30%","6.30%",3.1,21,5,"28.60%","0",6,NA,NA,NA,NA,NA,NA,NA,NA,NA,NA,NA,NA,NA,NA,NA,NA,NA,NA,NA,NA,NA,NA,NA,NA,NA,90,1,"0.00%",0,0,0,"0.00%",1,0,0,0,0,"0.00%",1,1,0,0,0,"FCS",107,107
"Marc Hernández","FURMAN",16,17.06,"F","DI",2026,"Southern",61.4,62.6,57.6,NA,0,0,0,0,0,0,0,0,0,0,0,0,0,0,0,0,0,0,0,8,"0","0.00%",0,8,0,"0","0",0,NA,NA,NA,NA,NA,NA,NA,NA,NA,NA,NA,NA,NA,NA,NA,NA,NA,NA,NA,NA,NA,NA,NA,NA,NA,NA,NA,NA,NA,NA,NA,NA,NA,NA,NA,NA,NA,NA,NA,NA,NA,NA,NA,"FCS",102,102
"Gavin Rowell","W CAROLINA",23,17,"F","DI",2026,"Southern",58,59.2,55.9,60,0,0,1,0,0,0,0,0,0,0,0,0,0,0,0,0,0,3,1,10,"0","0.00%",0,12,3,"8.30%","8.30%",1,1,0,"0.00%",0,0,0,0,0,0,0,0,0,"100%",0,0,0,0,0,"0.00%","0.00%","0.00%","0.00%",0,0,"0.00%",33,2,"33.30%",0,1,0,"33.30%",2,0,1,0,0,"0.00%",3,3,0,0,0,"FCS",165,165
"Anthony Pinal","SACR HEART",18,17,"F","DI",2026,"CAA",60.7,63.1,57,NA,0,0,0,0,0,0,0,0,0,0,0,0,0,0,0,0,0,0,0,13,"0","0.00%",0,5,0,"0","0",0,NA,NA,NA,NA,NA,NA,NA,NA,NA,NA,NA,NA,NA,NA,NA,NA,NA,NA,NA,NA,NA,NA,NA,NA,NA,NA,NA,NA,NA,NA,NA,NA,NA,NA,NA,NA,NA,NA,NA,NA,NA,NA,NA,"FCS",205,205
"Charlie Meehleib","BUCKNELL",19,16.96,"F","DI",2026,"Patriot",61.8,64.4,55.7,NA,0,0,0,0,0,0,0,0,0,0,0,0,0,0,0,0,0,1,0,7,"0","0.00%",0,12,0,"0","0",0,NA,NA,NA,NA,NA,NA,NA,NA,NA,NA,NA,NA,NA,NA,NA,NA,NA,NA,NA,NA,NA,NA,NA,NA,NA,NA,NA,NA,NA,NA,NA,NA,NA,NA,NA,NA,NA,NA,NA,NA,NA,NA,NA,"FCS",223,223
"Tequan Kemp","DRAKE",18,16.96,"F","DI",2026,"Pioneer",60.8,64.2,55.9,NA,0,0,0,0,0,0,0,0,0,0,0,0,0,0,0,0,0,1,0,12,"0","0.00%",0,6,0,"0","0",0,NA,NA,NA,NA,NA,NA,NA,NA,NA,NA,NA,NA,NA,NA,NA,NA,NA,NA,NA,NA,NA,NA,NA,NA,NA,NA,NA,NA,NA,NA,NA,NA,NA,NA,NA,NA,NA,NA,NA,NA,NA,NA,NA,"FCS",390,390
"Jamaal Cherry","TEXAS STHN",26,16.94,"F","DI",2026,"SWAC",60.9,63.3,56.7,NA,0,0,0,0,0,0,0,0,0,0,0,0,0,0,0,0,0,0,0,16,"0","0.00%",0,10,0,"0","0",0,NA,NA,NA,NA,NA,NA,NA,NA,NA,NA,NA,NA,NA,NA,NA,NA,NA,NA,NA,NA,NA,NA,NA,NA,NA,NA,NA,NA,NA,NA,NA,NA,NA,NA,NA,NA,NA,NA,NA,NA,NA,NA,NA,"FCS",385,385
"Kenny Harris","MOREHEAD",19,16.91,"F","DI",2026,"Pioneer",60.8,62.7,57.2,NA,0,0,0,0,0,0,0,0,0,0,0,0,0,0,0,0,0,0,0,12,"0","0.00%",0,7,0,"0","0",0,NA,NA,NA,NA,NA,NA,NA,NA,NA,NA,NA,NA,NA,NA,NA,NA,NA,NA,NA,NA,NA,NA,NA,NA,NA,NA,NA,NA,NA,NA,NA,NA,NA,NA,NA,NA,NA,NA,NA,NA,NA,NA,NA,"FCS",434,434
"Kyran Bourda","LAMAR",19,16.85,"F","DI",2026,"Southland",54.7,50.8,63.5,NA,0,0,0,0,0,0,0,0,1,0,0,0,0,0,0,0,0,0,2,10,"10.00%","0.00%",0,9,0,"22.20%","0",2,NA,NA,NA,NA,NA,NA,NA,NA,NA,NA,NA,NA,NA,NA,NA,NA,NA,NA,NA,NA,NA,NA,NA,NA,NA,NA,NA,NA,NA,NA,NA,NA,NA,NA,NA,NA,NA,NA,NA,NA,NA,NA,NA,"FCS",134,134
"Alvoid Kennon","CHARLES SO",23,16.81,"F","DI",2026,"Big South - OVC Football Association",60.3,63.6,55.5,60,0,0,0,0,0,0,0,0,0,0,0,0,0,0,0,0,0,1,0,16,"0","0.00%",0,7,0,"0","0",0,NA,NA,NA,NA,NA,NA,NA,NA,NA,NA,NA,NA,NA,NA,NA,NA,NA,NA,NA,NA,NA,NA,NA,NA,NA,96,1,"0.00%",0,0,0,"0.00%",0,0,0,0,0,"0.00%",1,1,0,1,0,"FCS",297,297
"Tanner Phelps","W ILLINOIS",23,16.73,"F","DI",2026,"Big South - OVC Football Association",60.6,60.5,58.9,NA,0,0,0,0,0,0,0,0,0,0,0,0,0,0,0,0,0,0,1,6,"0","0.00%",0,17,0,"5.90%","0",1,NA,NA,NA,NA,NA,NA,NA,NA,NA,NA,NA,NA,NA,NA,NA,NA,NA,NA,NA,NA,NA,NA,NA,NA,NA,NA,NA,NA,NA,NA,NA,NA,NA,NA,NA,NA,NA,NA,NA,NA,NA,NA,NA,"FCS",211,211
"Tristen Graham","NEW HAMP",31,16.71,"F","DI",2026,"CAA",44.9,40.8,60.6,NA,0,1,1,0,0,0,1,1,0,0,0,0,0,0,0,0,0,1,7,14,"7.10%","7.10%",3.6,17,2,"41.20%","5.90%",7,NA,NA,NA,NA,NA,NA,NA,NA,NA,NA,NA,NA,NA,NA,NA,NA,NA,NA,NA,NA,NA,NA,NA,NA,NA,5,2,"0.00%",1,1,0,"0.00%",1,1,0,0,0,"0.00%",2,2,0,0,0,"FCS",237,237
"Rocky Shields","SO UTAH",21,16.63,"F","DI",2026,"Big Sky",57.1,63.8,55.6,59.5,0,0,0,0,0,0,0,0,0,0,0,0,0,0,0,0,0,0,0,13,"0","0.00%",0,7,0,"0","0",0,1,0,"0.00%",0,0,0,0,0,0,0,0,0,"100%",0,0,0,0,0,"0.00%","0.00%","0.00%","0.00%",0,0,"0.00%",NA,NA,NA,NA,NA,NA,NA,NA,NA,NA,NA,NA,NA,NA,NA,NA,NA,NA,"FCS",137,137
"Rayne Mayo Jr.","UC DAVIS",30,16.45,"F","DI",2026,"Big Sky",56.5,58.6,55.2,NA,0,0,1,0,0,0,0,0,0,0,0,0,0,0,0,0,0,1,2,17,"0","0.00%",0,13,2,"15.40%","7.70%",2,NA,NA,NA,NA,NA,NA,NA,NA,NA,NA,NA,NA,NA,NA,NA,NA,NA,NA,NA,NA,NA,NA,NA,NA,NA,92,1,"0.00%",0,1,0,"0.00%",1,0,0,0,0,"0.00%",1,1,0,0,0,"FCS",174,174
"Malachi McDonald","ARKAPB",38,16.33,"F","DI",2026,"SWAC",54.6,55.7,55.4,NA,0,0,2,0,0,0,0,0,0,0,0,0,0,0,0,0,0,2,3,21,"0","0.00%",0,17,1.5,"17.60%","17.60%",3,NA,NA,NA,NA,NA,NA,NA,NA,NA,NA,NA,NA,NA,NA,NA,NA,NA,NA,NA,NA,NA,NA,NA,NA,NA,99,2,"0.00%",0,2,0,"0.00%",2,0,0,0,0,"0.00%",2,2,0,0,0,"FCS",475,475
"Caden Ross","GARD-WEBB",15,16.22,"F","DI",2026,"Big South - OVC Football Association",59.7,62.8,55.7,NA,0,0,0,0,0,0,0,0,0,0,0,0,0,0,0,0,0,0,0,9,"0","0.00%",0,6,0,"0","0",0,NA,NA,NA,NA,NA,NA,NA,NA,NA,NA,NA,NA,NA,NA,NA,NA,NA,NA,NA,NA,NA,NA,NA,NA,NA,NA,NA,NA,NA,NA,NA,NA,NA,NA,NA,NA,NA,NA,NA,NA,NA,NA,NA,"FCS",348,348
"Adrien Medine","FL A&M",18,16.18,"F","DI",2026,"SWAC",60.1,60.9,57.4,NA,0,0,0,0,0,0,0,0,0,0,0,0,0,0,0,0,0,0,1,5,"0","0.00%",0,13,0,"7.70%","0",1,NA,NA,NA,NA,NA,NA,NA,NA,NA,NA,NA,NA,NA,NA,NA,NA,NA,NA,NA,NA,NA,NA,NA,NA,NA,NA,NA,NA,NA,NA,NA,NA,NA,NA,NA,NA,NA,NA,NA,NA,NA,NA,NA,"FCS",391,391
"Jerry Martin","MURRAY ST",16,16.11,"F","DI",2026,"Missouri Valley",54.8,55.4,57.8,NA,0,1,0,0,0,0,0,0,0,0,0,0,0,0,0,0,0,0,2,8,"0","0.00%",0,8,0,"25.00%","12.50%",2,NA,NA,NA,NA,NA,NA,NA,NA,NA,NA,NA,NA,NA,NA,NA,NA,NA,NA,NA,NA,NA,NA,NA,NA,NA,97,1,"0.00%",1,0,0,"0.00%",0,1,0,0,0,"0.00%",1,1,0,0,0,"FCS",422,422
"Abram Fofana","BETH COOK",44,16.09,"F","DI",2026,"SWAC",50.1,48.6,57.5,NA,0,1,0,0,0,0,1,1,0,0,0,0,0,0,0,0,1,0,6,19,"0","5.30%",2.6,25,0,"24.00%","4.00%",6,NA,NA,NA,NA,NA,NA,NA,NA,NA,NA,NA,NA,NA,NA,NA,NA,NA,NA,NA,NA,NA,NA,NA,NA,NA,66,1,"0.00%",1,0,0,"0.00%",0,1,0,0,0,"0.00%",1,1,0,0,0,"FCS",227,227
"Rayvon Murray","LIUSHAR",23,16.08,"F","DI",2026,"Northeast",48.6,47.2,57.2,60,0,2,0,0,0,0,0,0,0,0,0,0,0,0,0,0,0,0,4,9,"0","0.00%",0,14,0,"28.60%","0",4,NA,NA,NA,NA,NA,NA,NA,NA,NA,NA,NA,NA,NA,NA,NA,NA,NA,NA,NA,NA,NA,NA,NA,NA,NA,99,2,"0.00%",2,0,0,"0.00%",0,1,0,0,0,"0.00%",2,2,1,0,0,"FCS",467,467
"Mike Hamilton","MAINE",28,16.05,"F","DI",2026,"CAA",54.9,54.2,58.8,NA,0,1,0,0,0,0,0,0,0,0,0,0,0,0,0,0,0,0,2,13,"0","0.00%",0,15,0,"13.30%","0",2,NA,NA,NA,NA,NA,NA,NA,NA,NA,NA,NA,NA,NA,NA,NA,NA,NA,NA,NA,NA,NA,NA,NA,NA,NA,95,1,"0.00%",1,0,0,"0.00%",0,1,0,0,0,"0.00%",1,1,0,0,0,"FCS",28,28
"Parker Andrus","SO UTAH",53,16.01,"F","DI",2026,"Big Sky",55.5,57.7,54.2,NA,0,0,0,0,0,0,1,1,0,0,0,0,0,0,0,0,1,0,2,31,"0","3.20%",1.6,22,0,"9.10%","0",2,NA,NA,NA,NA,NA,NA,NA,NA,NA,NA,NA,NA,NA,NA,NA,NA,NA,NA,NA,NA,NA,NA,NA,NA,NA,NA,NA,NA,NA,NA,NA,NA,NA,NA,NA,NA,NA,NA,NA,NA,NA,NA,NA,"FCS",199,199
"Ramon McAndrews","MERCYHURST",31,16.01,"F","DI",2026,"Northeast",56.2,56.9,56.2,NA,0,1,0,0,0,0,0,0,0,0,0,0,0,0,0,0,0,0,2,11,"0","0.00%",0,20,0,"10.00%","0",2,NA,NA,NA,NA,NA,NA,NA,NA,NA,NA,NA,NA,NA,NA,NA,NA,NA,NA,NA,NA,NA,NA,NA,NA,NA,55,1,"0.00%",1,0,0,"0.00%",0,1,0,0,0,"0.00%",1,1,0,0,0,"FCS",204,204
"Semaj Fluellyn","W GEORGIA",26,15.75,"F","DI",2026,"United Athletic",59.1,60.3,57.1,NA,0,0,0,0,0,0,0,0,0,0,0,0,0,0,0,0,0,0,2,13,"0","0.00%",0,13,0,"15.40%","15.40%",2,NA,NA,NA,NA,NA,NA,NA,NA,NA,NA,NA,NA,NA,NA,NA,NA,NA,NA,NA,NA,NA,NA,NA,NA,NA,NA,NA,NA,NA,NA,NA,NA,NA,NA,NA,NA,NA,NA,NA,NA,NA,NA,NA,"FCS",480,480
"Carson Gue","VA MILT IN",31,15.58,"F","DI",2026,"Southern",60.8,60.9,56.2,62.9,0,0,0,0,0,0,0,0,0,0,0,0,0,0,0,0,0,0,1,13,"0","0.00%",0,13,0,"7.70%","7.70%",1,5,0,"0.00%",0,0,0,0,0,0,0,0,0,"40.00%",0,0,0,0,0,"0.00%","0.00%","0.00%","0.00%",0,0,"0.00%",NA,NA,NA,NA,NA,NA,NA,NA,NA,NA,NA,NA,NA,NA,NA,NA,NA,NA,"FCS",399,399
"Jordan Pritchard-Sewell","YNGTOWN ST",48,15.55,"F","DI",2026,"Missouri Valley",53.2,54.6,54.1,NA,0,1,0,0,0,0,1,1,0,0,0,0,0,0,0,1,0,1,3,20,"0","5.00%",2.5,28,0,"10.70%","0",3,NA,NA,NA,NA,NA,NA,NA,NA,NA,NA,NA,NA,NA,NA,NA,NA,NA,NA,NA,NA,NA,NA,NA,NA,NA,9,1,"50.00%",1,0,0,"50.00%",0,1,1,0,0,"0.00%",2,2,0,0,0,"FCS",252,252
"Michael Vaughn","LAFAYETTE",15,15.48,"F","DI",2026,"Patriot",53.7,54.9,57,NA,0,1,0,0,0,0,0,0,0,0,0,0,0,0,0,0,0,0,2,6,"0","0.00%",0,9,0,"22.20%","0",2,NA,NA,NA,NA,NA,NA,NA,NA,NA,NA,NA,NA,NA,NA,NA,NA,NA,NA,NA,NA,NA,NA,NA,NA,NA,95,1,"0.00%",1,0,0,"0.00%",0,1,0,0,0,"0.00%",1,1,0,0,0,"FCS",94,94
"Nathaniel Mitchell","VA MILT IN",23,15.48,"F","DI",2026,"Southern",37.3,35.5,57.7,NA,0,1,0,0,0,0,0,0,0,0,0,0,0,0,0,0,0,1,7,9,"0","0.00%",0,14,8,"50.00%","7.10%",7,NA,NA,NA,NA,NA,NA,NA,NA,NA,NA,NA,NA,NA,NA,NA,NA,NA,NA,NA,NA,NA,NA,NA,NA,NA,93,2,"0.00%",1,0,0,"0.00%",1,1,0,0,0,"0.00%",2,2,0,0,0,"FCS",447,447
"Elijah Kongolo","W ILLINOIS",30,15.44,"F","DI",2026,"Big South - OVC Football Association",59.2,60.8,56,NA,0,0,0,0,0,0,0,0,0,0,0,0,0,0,0,0,0,0,1,10,"0","0.00%",0,20,0,"5.00%","0",1,NA,NA,NA,NA,NA,NA,NA,NA,NA,NA,NA,NA,NA,NA,NA,NA,NA,NA,NA,NA,NA,NA,NA,NA,NA,NA,NA,NA,NA,NA,NA,NA,NA,NA,NA,NA,NA,NA,NA,NA,NA,NA,NA,"FCS",271,271
"Bryce Lee","RICHMOND",15,15.39,"F","DI",2026,"Patriot",47.6,59.1,57.5,NA,0,0,0,0,0,0,0,0,0,0,0,0,0,0,0,0,0,0,2,6,"0","0.00%",0,9,0,"22.20%","0",2,NA,NA,NA,NA,NA,NA,NA,NA,NA,NA,NA,NA,NA,NA,NA,NA,NA,NA,NA,NA,NA,NA,NA,NA,NA,NA,NA,NA,NA,NA,NA,NA,NA,NA,NA,NA,NA,NA,NA,NA,NA,NA,NA,"FCS",346,346
"Aden Cannon","ILL STATE",15,15.33,"F","DI",2026,"Missouri Valley",57.4,61.1,55.5,NA,0,0,0,0,0,0,0,0,0,0,0,0,0,0,0,0,0,0,0,11,"0","0.00%",0,4,0,"0","0",0,NA,NA,NA,NA,NA,NA,NA,NA,NA,NA,NA,NA,NA,NA,NA,NA,NA,NA,NA,NA,NA,NA,NA,NA,NA,NA,NA,NA,NA,NA,NA,NA,NA,NA,NA,NA,NA,NA,NA,NA,NA,NA,NA,"FCS",114,114
"Kolten Gajewski","INDIANA ST",38,15.22,"F","DI",2026,"Missouri Valley",40.2,41.7,57.9,NA,0,0,1,0,0,0,2,2,0,0,0,0,0,0,0,0,1,0,6,19,"5.30%","10.50%",5.3,19,2,"26.30%","10.50%",5,NA,NA,NA,NA,NA,NA,NA,NA,NA,NA,NA,NA,NA,NA,NA,NA,NA,NA,NA,NA,NA,NA,NA,NA,NA,6,1,"0.00%",0,1,0,"0.00%",1,0,0,0,0,"0.00%",1,1,0,0,0,"FCS",31,31
"Nathan Hayes","ELON",27,14.95,"F","DI",2026,"CAA",49,47.9,56,NA,0,1,0,0,0,0,1,1,0,0,0,0,0,0,0,0,1,1,3,21,"0","4.80%",2.4,6,0,"50.00%","16.70%",3,NA,NA,NA,NA,NA,NA,NA,NA,NA,NA,NA,NA,NA,NA,NA,NA,NA,NA,NA,NA,NA,NA,NA,NA,NA,34,1,"0.00%",1,0,0,"0.00%",0,1,0,0,0,"0.00%",1,1,0,0,0,"FCS",412,412
"Kyshawn Kimble","ALCORN ST",34,14.95,"F","DI",2026,"SWAC",43.6,39.2,62.7,NA,0,0,2,0,0,0,0,0,1,0,0,0,0,0,0,0,0,3,7,10,"10.00%","0.00%",0,24,3.5,"29.20%","4.20%",7,NA,NA,NA,NA,NA,NA,NA,NA,NA,NA,NA,NA,NA,NA,NA,NA,NA,NA,NA,NA,NA,NA,NA,NA,NA,10,2,"33.30%",0,2,0,"33.30%",2,0,1,0,0,"0.00%",3,3,0,0,0,"FCS",455,455
"Sean Kabengele","LAFAYETTE",36,14.92,"F","DI",2026,"Patriot",51.6,52.2,55,NA,0,1,0,0,0,0,1,1,0,0,0,0,0,0,0,1,0,0,4,19,"0","5.30%",2.6,17,0,"23.50%","17.60%",4,NA,NA,NA,NA,NA,NA,NA,NA,NA,NA,NA,NA,NA,NA,NA,NA,NA,NA,NA,NA,NA,NA,NA,NA,NA,91,1,"50.00%",1,0,0,"50.00%",0,1,1,0,0,"0.00%",2,2,0,0,0,"FCS",311,311
"Weston Woodard","TOWSON",28,14.91,"F","DI",2026,"CAA",57.1,57,58.5,NA,0,0,0,0,0,0,0,0,0,0,0,0,0,0,0,0,0,0,2,2,"0","0.00%",0,26,0,"7.70%","3.90%",2,NA,NA,NA,NA,NA,NA,NA,NA,NA,NA,NA,NA,NA,NA,NA,NA,NA,NA,NA,NA,NA,NA,NA,NA,NA,NA,NA,NA,NA,NA,NA,NA,NA,NA,NA,NA,NA,NA,NA,NA,NA,NA,NA,"FCS",239,239
"Dawson Rodd","COLGATE",34,14.9,"F","DI",2026,"Patriot",58.3,60.4,55.3,NA,0,0,0,0,0,0,0,0,0,0,0,0,0,0,0,0,0,0,1,15,"0","0.00%",0,19,0,"5.30%","0",1,NA,NA,NA,NA,NA,NA,NA,NA,NA,NA,NA,NA,NA,NA,NA,NA,NA,NA,NA,NA,NA,NA,NA,NA,NA,NA,NA,NA,NA,NA,NA,NA,NA,NA,NA,NA,NA,NA,NA,NA,NA,NA,NA,"FCS",301,301
"Nathan LaPlante","BRYANT",36,14.89,"F","DI",2026,"CAA",48.8,47.6,56.8,60,0,0,1,0,0,0,0,0,0,0,0,0,0,0,0,0,0,4,5,10,"0","0.00%",0,26,3.67,"19.20%","11.50%",5,NA,NA,NA,NA,NA,NA,NA,NA,NA,NA,NA,NA,NA,NA,NA,NA,NA,NA,NA,NA,NA,NA,NA,NA,NA,1,4,"20.00%",0,1,0,"25.00%",3,0,1,0,0,"0.00%",5,5,0,1,0,"FCS",124,124
"Daniel Viramontes","E ILLINOIS",16,14.75,"F","DI",2026,"Big South - OVC Football Association",56.6,57.5,57.7,NA,0,0,0,0,0,0,0,0,0,0,0,0,0,0,0,0,0,0,1,8,"0","0.00%",0,8,0,"12.50%","0",1,NA,NA,NA,NA,NA,NA,NA,NA,NA,NA,NA,NA,NA,NA,NA,NA,NA,NA,NA,NA,NA,NA,NA,NA,NA,NA,NA,NA,NA,NA,NA,NA,NA,NA,NA,NA,NA,NA,NA,NA,NA,NA,NA,"FCS",370,370
"Grant Merritt","NICHOLLS",25,14.68,"F","DI",2026,"Southland",45.4,45.3,57.3,NA,0,2,0,0,0,0,0,0,0,0,0,0,0,0,0,0,0,2,6,6,"0","0.00%",0,19,0,"31.60%","5.30%",6,NA,NA,NA,NA,NA,NA,NA,NA,NA,NA,NA,NA,NA,NA,NA,NA,NA,NA,NA,NA,NA,NA,NA,NA,NA,96,2,"0.00%",2,0,0,"0.00%",0,2,0,0,0,"0.00%",2,2,0,0,0,"FCS",425,425
"Charleston Waugh","TEXAS STHN",19,14.68,"F","DI",2026,"SWAC",56.8,58.1,57,NA,0,0,0,0,0,0,0,0,0,0,0,0,0,0,0,0,0,0,1,10,"0","0.00%",0,9,0,"11.10%","0",1,NA,NA,NA,NA,NA,NA,NA,NA,NA,NA,NA,NA,NA,NA,NA,NA,NA,NA,NA,NA,NA,NA,NA,NA,NA,NA,NA,NA,NA,NA,NA,NA,NA,NA,NA,NA,NA,NA,NA,NA,NA,NA,NA,"FCS",428,428
"Steven Oberst","W ILLINOIS",36,14.64,"F","DI",2026,"Big South - OVC Football Association",57.6,59.4,55.7,NA,0,0,0,0,0,0,0,0,0,0,0,0,0,0,0,0,0,0,2,19,"0","0.00%",0,17,0,"11.80%","5.90%",2,NA,NA,NA,NA,NA,NA,NA,NA,NA,NA,NA,NA,NA,NA,NA,NA,NA,NA,NA,NA,NA,NA,NA,NA,NA,NA,NA,NA,NA,NA,NA,NA,NA,NA,NA,NA,NA,NA,NA,NA,NA,NA,NA,"FCS",228,228
"Ejike Brown","HOUCHR",45,14.4,"F","DI",2026,"Southland",45,43.8,57.2,NA,0,1,1,0,0,0,0,0,0,0,0,0,0,0,0,0,0,2,8,12,"0","0.00%",0,33,4,"24.20%","9.10%",8,NA,NA,NA,NA,NA,NA,NA,NA,NA,NA,NA,NA,NA,NA,NA,NA,NA,NA,NA,NA,NA,NA,NA,NA,NA,10,2,"33.30%",1,1,0,"33.30%",1,1,1,0,0,"0.00%",3,3,0,0,0,"FCS",161,161
"Bobby Piland Jr.","CAL POLY",24,14.38,"F","DI",2026,"Big Sky",56.6,58.2,56.3,NA,0,0,0,0,0,0,0,0,0,0,0,0,0,0,0,0,0,0,1,14,"0","0.00%",0,10,0,"10.00%","0",1,NA,NA,NA,NA,NA,NA,NA,NA,NA,NA,NA,NA,NA,NA,NA,NA,NA,NA,NA,NA,NA,NA,NA,NA,NA,NA,NA,NA,NA,NA,NA,NA,NA,NA,NA,NA,NA,NA,NA,NA,NA,NA,NA,"FCS",136,136
"Donovan Nevils","N ALABAMA",27,14.25,"F","DI",2026,"United Athletic",54.7,62.9,49,NA,0,0,0,0,0,0,1,1,0,0,0,0,0,0,0,1,0,0,1,14,"0","7.10%",3.6,13,0,"0","0",0,NA,NA,NA,NA,NA,NA,NA,NA,NA,NA,NA,NA,NA,NA,NA,NA,NA,NA,NA,NA,NA,NA,NA,NA,NA,55,0,"100%",0,0,0,"0.00%",0,0,0,0,0,"100%",1,1,0,0,1,"FCS",2,2
"Jason Seraphin","HOWARD",36,13.86,"F","DI",2026,"MEAC",52.7,53.1,55.4,NA,0,1,0,0,0,0,0,0,0,0,0,0,0,0,0,0,0,2,2,22,"0","0.00%",0,14,0,"14.30%","7.10%",2,NA,NA,NA,NA,NA,NA,NA,NA,NA,NA,NA,NA,NA,NA,NA,NA,NA,NA,NA,NA,NA,NA,NA,NA,NA,9,1,"0.00%",1,0,0,"0.00%",0,1,0,0,0,"0.00%",1,1,0,0,0,"FCS",37,37
"Brandan Green","CITADEL",35,13.76,"F","DI",2026,"Southern",56.3,57.3,55.9,NA,0,0,0,0,0,0,0,0,0,0,0,0,0,0,0,0,0,0,3,15,"0","0.00%",0,20,0,"15.00%","5.00%",3,NA,NA,NA,NA,NA,NA,NA,NA,NA,NA,NA,NA,NA,NA,NA,NA,NA,NA,NA,NA,NA,NA,NA,NA,NA,NA,NA,NA,NA,NA,NA,NA,NA,NA,NA,NA,NA,NA,NA,NA,NA,NA,NA,"FCS",442,442
"Sidiq Cabaniss-Ali","NC A&T",44,13.71,"F","DI",2026,"CAA",39.4,37.5,54,NA,0,2,0,0,0,0,0,0,0,0,0,0,0,0,0,0,0,4,8,21,"0","0.00%",0,23,7,"34.80%","8.70%",8,NA,NA,NA,NA,NA,NA,NA,NA,NA,NA,NA,NA,NA,NA,NA,NA,NA,NA,NA,NA,NA,NA,NA,NA,NA,94,3,"40.00%",2,0,0,"40.00%",1,2,2,0,0,"0.00%",4,5,0,0,0,"FCS",320,320
"Tanner Allen","ABILENE CH",21,13.7,"F","DI",2026,"United Athletic",52.7,54.1,55.5,NA,0,0,0,0,0,0,1,1,0,0,0,0,0,0,0,1,0,1,2,9,"0","11.10%",5.6,12,0,"16.70%","16.70%",2,NA,NA,NA,NA,NA,NA,NA,NA,NA,NA,NA,NA,NA,NA,NA,NA,NA,NA,NA,NA,NA,NA,NA,NA,NA,90,0,"100%",0,0,0,"100%",0,0,1,0,0,"0.00%",1,1,0,0,0,"FCS",19,19
"Emmanuel Ilechukwu","NC A&T",20,13.55,"F","DI",2026,"CAA",38.2,47.1,58.1,NA,0,0,1,0,0,0,0,0,0,0,0,0,0,0,0,0,0,1,4,6,"0","0.00%",0,14,3,"21.40%","0",3,NA,NA,NA,NA,NA,NA,NA,NA,NA,NA,NA,NA,NA,NA,NA,NA,NA,NA,NA,NA,NA,NA,NA,NA,NA,66,1,"0.00%",0,1,0,"0.00%",1,0,0,0,0,"0.00%",1,1,0,0,0,"FCS",485,485
"Jermy Jackson","LAMAR",16,13.5,"F","DI",2026,"Southland",54.1,54.7,57.8,NA,0,0,0,0,0,0,0,0,0,0,0,0,0,0,0,0,0,0,2,9,"0","0.00%",0,7,0,"28.60%","14.30%",2,NA,NA,NA,NA,NA,NA,NA,NA,NA,NA,NA,NA,NA,NA,NA,NA,NA,NA,NA,NA,NA,NA,NA,NA,NA,NA,NA,NA,NA,NA,NA,NA,NA,NA,NA,NA,NA,NA,NA,NA,NA,NA,NA,"FCS",232,232
"Brandon Mills","MURRAY ST",35,13.44,"F","DI",2026,"Missouri Valley",59.5,60.9,56.8,NA,0,0,0,0,0,0,0,0,0,0,0,0,0,0,0,0,0,1,2,20,"0","0.00%",0,15,0,"13.30%","13.30%",2,NA,NA,NA,NA,NA,NA,NA,NA,NA,NA,NA,NA,NA,NA,NA,NA,NA,NA,NA,NA,NA,NA,NA,NA,NA,95,0,"100%",0,0,0,"0.00%",0,0,0,0,0,"100%",1,1,0,0,1,"FCS",401,401
"Elias Sanders","PRVIEW A&M",17,13.39,"F","DI",2026,"SWAC",54.1,56.7,55.7,NA,0,0,0,0,0,0,0,0,0,0,0,0,0,0,0,0,0,0,1,12,"0","0.00%",0,5,0,"20.00%","0",1,NA,NA,NA,NA,NA,NA,NA,NA,NA,NA,NA,NA,NA,NA,NA,NA,NA,NA,NA,NA,NA,NA,NA,NA,NA,NA,NA,NA,NA,NA,NA,NA,NA,NA,NA,NA,NA,NA,NA,NA,NA,NA,NA,"FCS",26,26
"Kezni Brown","LIUSHAR",43,13.36,"F","DI",2026,"Northeast",40.8,38.5,56.7,NA,0,1,0,0,0,0,0,0,0,0,0,0,0,0,0,0,0,1,9,16,"0","0.00%",0,27,5,"33.30%","3.70%",9,NA,NA,NA,NA,NA,NA,NA,NA,NA,NA,NA,NA,NA,NA,NA,NA,NA,NA,NA,NA,NA,NA,NA,NA,NA,5,2,"0.00%",1,0,0,"0.00%",1,1,0,0,0,"0.00%",2,2,0,0,0,"FCS",80,80
"Cam Jackson","DAVIDSON",36,13.25,"F","DI",2026,"Pioneer",42.2,40,56.6,NA,0,0,0,0,0,0,1,1,0,0,0,0,0,0,0,1,0,0,6,14,"0","7.10%",3.6,22,4,"27.30%","0",6,NA,NA,NA,NA,NA,NA,NA,NA,NA,NA,NA,NA,NA,NA,NA,NA,NA,NA,NA,NA,NA,NA,NA,NA,NA,45,1,"0.00%",0,0,0,"0.00%",1,0,0,0,0,"0.00%",1,1,0,0,0,"FCS",193,193
"Jackson Murray","N ARIZONA",37,13.14,"F","DI",2026,"Big Sky",55.1,56.7,55.2,NA,0,0,0,0,0,0,0,0,0,0,0,0,0,0,0,0,0,1,3,23,"0","0.00%",0,14,0,"21.40%","14.30%",3,NA,NA,NA,NA,NA,NA,NA,NA,NA,NA,NA,NA,NA,NA,NA,NA,NA,NA,NA,NA,NA,NA,NA,NA,NA,NA,NA,NA,NA,NA,NA,NA,NA,NA,NA,NA,NA,NA,NA,NA,NA,NA,NA,"FCS",371,371
"Jae'Von Reels","SAN DIEGO",41,13.13,"F","DI",2026,"Pioneer",49.1,55.5,56.3,NA,0,0,0,0,0,0,0,0,0,0,0,0,0,0,0,0,0,1,3,23,"0","0.00%",0,18,0,"11.10%","0",2,NA,NA,NA,NA,NA,NA,NA,NA,NA,NA,NA,NA,NA,NA,NA,NA,NA,NA,NA,NA,NA,NA,NA,NA,NA,NA,NA,NA,NA,NA,NA,NA,NA,NA,NA,NA,NA,NA,NA,NA,NA,NA,NA,"FCS",222,222
"Keith Hills","NICHOLLS",27,12.86,"F","DI",2026,"Southland",40,39.8,56.5,NA,0,1,0,0,0,0,0,0,0,0,0,0,0,0,0,0,0,3,7,7,"0","0.00%",0,20,4,"35.00%","5.00%",7,NA,NA,NA,NA,NA,NA,NA,NA,NA,NA,NA,NA,NA,NA,NA,NA,NA,NA,NA,NA,NA,NA,NA,NA,NA,56,2,"0.00%",1,0,0,"0.00%",1,1,0,0,0,"0.00%",2,2,0,0,0,"FCS",482,482
"Kennland Lyons","TENN STATE",29,12.74,"F","DI",2026,"Big South - OVC Football Association",43.5,38.7,57.2,60,0,0,0,0,0,0,0,0,0,0,0,0,0,0,0,0,0,1,5,18,"0","0.00%",0,11,6,"45.50%","0",5,NA,NA,NA,NA,NA,NA,NA,NA,NA,NA,NA,NA,NA,NA,NA,NA,NA,NA,NA,NA,NA,NA,NA,NA,NA,96,2,"0.00%",0,0,0,"0.00%",1,0,0,0,0,"0.00%",2,2,0,1,0,"FCS",461,461
"Hudson Page","ABILENE CH",31,12.56,"F","DI",2026,"United Athletic",42.7,42.3,53.4,NA,0,0,1,0,0,0,1,1,0,0,0,0,0,0,0,1,0,1,5,15,"0","6.70%",3.3,16,4,"31.30%","6.30%",5,NA,NA,NA,NA,NA,NA,NA,NA,NA,NA,NA,NA,NA,NA,NA,NA,NA,NA,NA,NA,NA,NA,NA,NA,NA,42,2,"33.30%",0,1,0,"33.30%",2,0,1,0,0,"0.00%",3,3,0,0,0,"FCS",453,453
"Justin Fevrier","NEW HAMP",37,12.54,"F","DI",2026,"CAA",50.5,50.1,56.4,NA,0,0,2,0,0,0,0,0,0,0,0,0,0,0,0,0,0,2,5,16,"0","0.00%",0,21,1.5,"23.80%","9.50%",5,NA,NA,NA,NA,NA,NA,NA,NA,NA,NA,NA,NA,NA,NA,NA,NA,NA,NA,NA,NA,NA,NA,NA,NA,NA,90,2,"33.30%",0,2,0,"33.30%",2,0,1,0,0,"0.00%",3,3,0,0,0,"FCS",30,30
"Kai Brown","SOUTHERN U",27,12.48,"F","DI",2026,"SWAC",53.9,50.2,61.1,NA,0,0,0,0,0,0,0,0,1,0,0,0,0,0,0,0,0,2,2,17,"5.90%","0.00%",0,10,0,"20.00%","10.00%",2,NA,NA,NA,NA,NA,NA,NA,NA,NA,NA,NA,NA,NA,NA,NA,NA,NA,NA,NA,NA,NA,NA,NA,NA,NA,48,0,"100%",0,0,0,"100%",0,0,1,0,0,"0.00%",1,1,0,0,0,"FCS",362,362
"Romeo Brown","NICHOLLS",19,12.39,"F","DI",2026,"Southland",43.3,44,57,NA,0,1,1,0,0,0,0,0,0,0,0,0,0,0,0,0,0,0,3,4,"0","0.00%",0,15,2,"20.00%","6.70%",3,NA,NA,NA,NA,NA,NA,NA,NA,NA,NA,NA,NA,NA,NA,NA,NA,NA,NA,NA,NA,NA,NA,NA,NA,NA,15,2,"33.30%",1,1,0,"33.30%",1,1,1,0,0,"0.00%",3,3,0,0,0,"FCS",423,423
"Josh Narcisse","ARKAPB",31,12.38,"F","DI",2026,"SWAC",53.6,53.9,56.3,NA,0,0,0,0,0,0,0,0,0,0,0,0,0,0,0,0,0,0,3,12,"0","0.00%",0,19,0,"15.80%","5.30%",3,NA,NA,NA,NA,NA,NA,NA,NA,NA,NA,NA,NA,NA,NA,NA,NA,NA,NA,NA,NA,NA,NA,NA,NA,NA,NA,NA,NA,NA,NA,NA,NA,NA,NA,NA,NA,NA,NA,NA,NA,NA,NA,NA,"FCS",474,474
"Shanard Lo-Ray","MERCYHURST",18,12.36,"F","DI",2026,"Northeast",52.8,54.7,55.5,NA,0,0,0,0,0,0,0,0,0,0,0,0,0,0,0,0,0,0,2,9,"0","0.00%",0,9,0,"22.20%","11.10%",2,NA,NA,NA,NA,NA,NA,NA,NA,NA,NA,NA,NA,NA,NA,NA,NA,NA,NA,NA,NA,NA,NA,NA,NA,NA,NA,NA,NA,NA,NA,NA,NA,NA,NA,NA,NA,NA,NA,NA,NA,NA,NA,NA,"FCS",207,207
"Elijah Brooks","VA MILT IN",42,12.22,"F","DI",2026,"Southern",48.7,46.8,58,NA,0,1,0,0,0,0,0,0,0,0,0,0,0,0,0,0,0,0,5,17,"0","0.00%",0,25,0,"20.00%","8.00%",5,NA,NA,NA,NA,NA,NA,NA,NA,NA,NA,NA,NA,NA,NA,NA,NA,NA,NA,NA,NA,NA,NA,NA,NA,NA,90,1,"0.00%",1,0,0,"0.00%",0,1,0,0,0,"0.00%",1,1,0,0,0,"FCS",104,104
"Ty Kauserud","FURMAN",30,12.16,"F","DI",2026,"Southern",50.9,49.6,57.5,60,0,1,0,0,0,0,0,0,0,0,0,0,0,0,0,0,0,3,3,12,"0","0.00%",0,18,0,"16.70%","0",3,NA,NA,NA,NA,NA,NA,NA,NA,NA,NA,NA,NA,NA,NA,NA,NA,NA,NA,NA,NA,NA,NA,NA,NA,NA,0,1,"50.00%",1,0,0,"100%",0,0,1,0,0,"0.00%",2,2,1,0,0,"FCS",189,189
"Cooper Paukstis","BUTLER",22,12.11,"F","DI",2026,"Pioneer",52.5,48.5,62.3,NA,1,0,0,0,0,0,0,0,0,0,0,0,0,0,0,0,0,1,2,11,"0","0.00%",0,11,0,"18.20%","9.10%",2,NA,NA,NA,NA,NA,NA,NA,NA,NA,NA,NA,NA,NA,NA,NA,NA,NA,NA,NA,NA,NA,NA,NA,NA,NA,51,0,"100%",0,0,0,"100%",0,0,1,0,0,"0.00%",1,1,0,0,0,"FCS",476,476
"Davi'yon Hawkins-Ingram","E KENTUCKY",35,12.1,"F","DI",2026,"United Athletic",53.4,55,54.7,NA,0,0,0,0,0,0,0,0,0,0,0,0,0,0,0,0,0,0,3,19,"0","0.00%",0,16,0,"18.80%","0",3,NA,NA,NA,NA,NA,NA,NA,NA,NA,NA,NA,NA,NA,NA,NA,NA,NA,NA,NA,NA,NA,NA,NA,NA,NA,NA,NA,NA,NA,NA,NA,NA,NA,NA,NA,NA,NA,NA,NA,NA,NA,NA,NA,"FCS",183,183
"Michael Marshall","FL A&M",28,12.09,"F","DI",2026,"SWAC",53.1,53.8,55.8,NA,0,0,0,0,0,0,0,0,0,0,0,0,0,0,0,0,0,0,2,11,"0","0.00%",0,17,0,"11.80%","0",2,NA,NA,NA,NA,NA,NA,NA,NA,NA,NA,NA,NA,NA,NA,NA,NA,NA,NA,NA,NA,NA,NA,NA,NA,NA,NA,NA,NA,NA,NA,NA,NA,NA,NA,NA,NA,NA,NA,NA,NA,NA,NA,NA,"FCS",13,13
"Dawson James","NC A&T",29,12.05,"F","DI",2026,"CAA",47.7,44.2,60,NA,0,0,0,0,0,0,0,0,1,0,0,0,0,0,0,0,0,1,6,16,"6.30%","0.00%",0,13,0,"46.20%","15.40%",6,NA,NA,NA,NA,NA,NA,NA,NA,NA,NA,NA,NA,NA,NA,NA,NA,NA,NA,NA,NA,NA,NA,NA,NA,NA,NA,NA,NA,NA,NA,NA,NA,NA,NA,NA,NA,NA,NA,NA,NA,NA,NA,NA,"FCS",486,486
"Joey Lightfoot","NICHOLLS",31,11.8,"F","DI",2026,"Southland",48.6,48.7,55.1,NA,0,0,1,0,0,0,0,0,0,0,0,0,0,0,0,0,0,2,4,16,"0","0.00%",0,15,2,"26.70%","6.70%",4,NA,NA,NA,NA,NA,NA,NA,NA,NA,NA,NA,NA,NA,NA,NA,NA,NA,NA,NA,NA,NA,NA,NA,NA,NA,99,1,"0.00%",0,1,0,"0.00%",1,0,0,0,0,"0.00%",1,1,0,0,0,"FCS",132,132
"Chancy Jordan","CHARLES SO",15,11.65,"F","DI",2026,"Big South - OVC Football Association",47.1,47.9,56.9,NA,0,0,1,0,0,0,0,0,0,0,0,0,0,0,0,0,0,2,2,8,"0","0.00%",0,7,3,"28.60%","14.30%",2,NA,NA,NA,NA,NA,NA,NA,NA,NA,NA,NA,NA,NA,NA,NA,NA,NA,NA,NA,NA,NA,NA,NA,NA,NA,93,1,"50.00%",0,1,0,"50.00%",1,0,1,0,0,"0.00%",2,2,0,0,0,"FCS",296,296
"Braden Woods","NWSTATE",17,11.54,"F","DI",2026,"Southland",48,48.9,56,NA,0,0,0,0,0,0,1,1,0,0,0,0,0,0,0,1,0,3,2,9,"0","11.10%",5.6,8,0,"25.00%","25.00%",2,NA,NA,NA,NA,NA,NA,NA,NA,NA,NA,NA,NA,NA,NA,NA,NA,NA,NA,NA,NA,NA,NA,NA,NA,NA,42,0,"100%",0,0,0,"100%",0,0,1,0,0,"0.00%",1,1,0,0,0,"FCS",259,259
"Reggie Reed Jr.","HOWARD",39,11.48,"F","DI",2026,"MEAC",46.7,49,60.2,NA,0,0,0,0,0,0,0,0,1,0,0,0,0,0,0,0,0,0,5,23,"4.30%","0.00%",0,16,0,"25.00%","12.50%",4,NA,NA,NA,NA,NA,NA,NA,NA,NA,NA,NA,NA,NA,NA,NA,NA,NA,NA,NA,NA,NA,NA,NA,NA,NA,15,0,"100%",0,0,0,"100%",0,0,1,0,0,"0.00%",1,1,0,0,0,"FCS",36,36
"Gideon Spottsville","ALCORN ST",44,11.44,"F","DI",2026,"SWAC",46.2,44.8,56,NA,0,0,1,0,0,0,0,0,0,0,0,0,0,0,0,0,0,2,5,17,"0","0.00%",0,27,3,"18.50%","0",5,NA,NA,NA,NA,NA,NA,NA,NA,NA,NA,NA,NA,NA,NA,NA,NA,NA,NA,NA,NA,NA,NA,NA,NA,NA,0,1,"0.00%",0,1,0,"0.00%",1,0,0,0,0,"0.00%",1,1,0,0,0,"FCS",159,159
"Jayden Hazelwood","BRYANT",36,11.43,"F","DI",2026,"CAA",38,36.2,56.7,NA,0,0,1,0,0,0,0,0,0,0,0,0,0,0,0,0,0,2,6,10,"0","0.00%",0,26,6,"23.10%","0",6,NA,NA,NA,NA,NA,NA,NA,NA,NA,NA,NA,NA,NA,NA,NA,NA,NA,NA,NA,NA,NA,NA,NA,NA,NA,68,2,"0.00%",0,1,0,"0.00%",2,0,0,0,0,"0.00%",2,2,0,0,0,"FCS",266,266
"Jaden Roper","BRYANT",23,11.2,"F","DI",2026,"CAA",49,48.9,58.6,NA,0,0,0,0,0,0,0,0,0,0,0,0,0,0,0,0,0,0,3,4,"0","0.00%",0,19,0,"15.80%","0",3,NA,NA,NA,NA,NA,NA,NA,NA,NA,NA,NA,NA,NA,NA,NA,NA,NA,NA,NA,NA,NA,NA,NA,NA,NA,NA,NA,NA,NA,NA,NA,NA,NA,NA,NA,NA,NA,NA,NA,NA,NA,NA,NA,"FCS",372,372
"Landon Carson","ALCORN ST",30,10.87,"F","DI",2026,"SWAC",47.4,47,57.3,NA,0,0,2,0,0,0,0,0,0,0,0,0,0,0,0,0,0,4,6,8,"0","0.00%",0,22,2.5,"27.30%","13.60%",6,NA,NA,NA,NA,NA,NA,NA,NA,NA,NA,NA,NA,NA,NA,NA,NA,NA,NA,NA,NA,NA,NA,NA,NA,NA,40,2,"50.00%",0,2,0,"50.00%",2,0,2,0,0,"0.00%",4,4,0,0,0,"FCS",454,454
"Alex Bowman Jr.","ABILENE CH",41,10.72,"F","DI",2026,"United Athletic",51.5,51.6,55.1,NA,0,0,0,0,0,0,0,0,0,0,0,0,0,0,0,0,0,1,3,24,"0","0.00%",0,17,0,"17.60%","0",3,NA,NA,NA,NA,NA,NA,NA,NA,NA,NA,NA,NA,NA,NA,NA,NA,NA,NA,NA,NA,NA,NA,NA,NA,NA,NA,NA,NA,NA,NA,NA,NA,NA,NA,NA,NA,NA,NA,NA,NA,NA,NA,NA,"FCS",55,55
"Gerald Danner","PRESBYTERN",39,10.53,"F","DI",2026,"Pioneer",41.3,38.2,56.2,NA,0,0,0,0,0,0,1,1,0,0,0,0,0,0,0,0,0,1,5,17,"5.90%","5.90%",2.9,22,4,"22.70%","0",5,NA,NA,NA,NA,NA,NA,NA,NA,NA,NA,NA,NA,NA,NA,NA,NA,NA,NA,NA,NA,NA,NA,NA,NA,NA,97,1,"0.00%",0,0,0,"0.00%",1,0,0,0,0,"0.00%",1,1,0,0,0,"FCS",357,357
"Chase Robinson","HAMPTON",30,10.49,"F","DI",2026,"CAA",46.3,42,58.9,NA,0,0,0,0,0,0,0,0,1,0,0,0,0,0,0,0,0,0,1,19,"5.30%","0.00%",0,11,0,"9.10%","0",1,NA,NA,NA,NA,NA,NA,NA,NA,NA,NA,NA,NA,NA,NA,NA,NA,NA,NA,NA,NA,NA,NA,NA,NA,NA,NA,NA,NA,NA,NA,NA,NA,NA,NA,NA,NA,NA,NA,NA,NA,NA,NA,NA,"FCS",304,304
"Caleb Estrada","CHISTA",43,10.46,"F","DI",2026,"IND (FCS)",49.7,49,56.2,NA,0,0,0,0,0,0,0,0,0,0,0,0,0,0,0,0,0,2,6,19,"0","0.00%",0,24,1,"25.00%","4.20%",6,NA,NA,NA,NA,NA,NA,NA,NA,NA,NA,NA,NA,NA,NA,NA,NA,NA,NA,NA,NA,NA,NA,NA,NA,NA,99,1,"0.00%",0,0,0,"0.00%",1,0,0,0,0,"0.00%",1,1,0,0,0,"FCS",460,460
"Tyher Howard-Thompson","HAMPTON",31,10.46,"F","DI",2026,"CAA",45.9,44.4,56.7,NA,0,1,0,0,0,0,0,0,0,0,0,0,0,0,0,0,0,0,5,14,"0","0.00%",0,17,0,"29.40%","0",5,NA,NA,NA,NA,NA,NA,NA,NA,NA,NA,NA,NA,NA,NA,NA,NA,NA,NA,NA,NA,NA,NA,NA,NA,NA,58,1,"0.00%",1,0,0,"0.00%",0,1,0,0,0,"0.00%",1,1,0,0,0,"FCS",483,483
"Mason McLendon","W GEORGIA",15,10.4,"F","DI",2026,"United Athletic",50.7,54.7,57.4,59.4,0,0,0,0,0,0,0,0,0,0,0,0,0,0,0,0,0,0,1,10,"0","0.00%",0,4,0,"25.00%","0",1,1,0,"0.00%",0,0,0,0,0,0,0,0,0,"100%",0,0,0,0,0,"0.00%","0.00%","0.00%","0.00%",0,0,"0.00%",95,0,"100%",0,0,0,"100%",0,0,1,0,0,"0.00%",1,1,0,0,0,"FCS",450,450
"Fasitootai Sagapolu","UTAHTC",40,10.34,"F","DI",2026,"Big Sky",43.9,48.9,56.2,60,0,1,0,0,0,0,1,1,0,0,0,0,0,0,0,0,0,1,6,17,"0","0.00%",0,23,0,"21.70%","8.70%",5,NA,NA,NA,NA,NA,NA,NA,NA,NA,NA,NA,NA,NA,NA,NA,NA,NA,NA,NA,NA,NA,NA,NA,NA,NA,3,1,"66.70%",1,0,0,"50.00%",0,1,1,0,0,"100%",3,3,0,0,1,"FCS",56,56
"Luke Green","BUTLER",37,9.8,"F","DI",2026,"Pioneer",48.4,47.8,55.3,NA,0,0,1,0,0,0,0,0,0,0,0,0,0,0,0,0,0,1,3,19,"0","0.00%",0,18,2,"16.70%","5.60%",3,NA,NA,NA,NA,NA,NA,NA,NA,NA,NA,NA,NA,NA,NA,NA,NA,NA,NA,NA,NA,NA,NA,NA,NA,NA,44,1,"50.00%",0,1,0,"50.00%",1,0,1,0,0,"0.00%",2,2,0,0,0,"FCS",96,96
"Thomas Jolly","YNGTOWN ST",37,9.77,"F","DI",2026,"Missouri Valley",50.1,48.8,55.8,NA,0,0,0,0,0,0,0,0,0,0,0,0,0,0,0,0,0,2,3,22,"0","0.00%",0,15,0,"20.00%","0",3,NA,NA,NA,NA,NA,NA,NA,NA,NA,NA,NA,NA,NA,NA,NA,NA,NA,NA,NA,NA,NA,NA,NA,NA,NA,NA,NA,NA,NA,NA,NA,NA,NA,NA,NA,NA,NA,NA,NA,NA,NA,NA,NA,"FCS",336,336
"Amondi James","NC A&T",32,8.64,"F","DI",2026,"CAA",42.6,40.8,57.3,NA,0,0,0,0,0,0,0,0,0,0,0,0,0,0,0,0,0,4,5,14,"0","0.00%",0,18,3.5,"27.80%","5.60%",5,NA,NA,NA,NA,NA,NA,NA,NA,NA,NA,NA,NA,NA,NA,NA,NA,NA,NA,NA,NA,NA,NA,NA,NA,NA,97,2,"33.30%",0,0,0,"33.30%",2,0,1,0,0,"0.00%",3,3,0,0,0,"FCS",83,83
"Bryce Gray","TENN STATE",26,8.13,"F","DI",2026,"Big South - OVC Football Association",46.7,44.3,56.7,NA,0,0,0,0,0,0,0,0,0,0,0,0,0,0,0,0,0,0,2,19,"0","0.00%",0,7,0,"28.60%","0",2,NA,NA,NA,NA,NA,NA,NA,NA,NA,NA,NA,NA,NA,NA,NA,NA,NA,NA,NA,NA,NA,NA,NA,NA,NA,NA,NA,NA,NA,NA,NA,NA,NA,NA,NA,NA,NA,NA,NA,NA,NA,NA,NA,"FCS",398,398
"Chris Jackson II","HAMPTON",39,8,"F","DI",2026,"CAA",45.6,44.1,55.4,NA,0,1,0,0,0,0,0,0,0,0,0,0,0,0,0,0,0,2,5,21,"0","0.00%",0,18,0,"27.80%","5.60%",5,NA,NA,NA,NA,NA,NA,NA,NA,NA,NA,NA,NA,NA,NA,NA,NA,NA,NA,NA,NA,NA,NA,NA,NA,NA,90,1,"50.00%",1,0,0,"50.00%",0,1,1,0,0,"0.00%",2,2,0,0,0,"FCS",118,118
"Amari James","LIUSHAR",34,7.65,"F","DI",2026,"Northeast",38.3,35.6,54.9,60,0,0,0,0,0,0,1,1,0,0,0,0,0,0,0,0,1,0,6,9,"0","11.10%",5.6,24,0,"25.00%","0",6,1,0,"0.00%",0,0,0,0,0,0,0,0,0,"100%",0,0,0,0,0,"0.00%","0.00%","0.00%","0.00%",0,0,"0.00%",NA,NA,NA,NA,NA,NA,NA,NA,NA,NA,NA,NA,NA,NA,NA,NA,NA,NA,"FCS",405,405
"Marquacious Wright","LIUSHAR",46,7.56,"F","DI",2026,"Northeast",36,29.6,58.9,NA,0,0,0,0,0,0,2,2,0,0,0,0,0,0,0,0,1,0,9,20,"5.00%","10.00%",5,26,0,"34.60%","11.50%",9,NA,NA,NA,NA,NA,NA,NA,NA,NA,NA,NA,NA,NA,NA,NA,NA,NA,NA,NA,NA,NA,NA,NA,NA,NA,NA,NA,NA,NA,NA,NA,NA,NA,NA,NA,NA,NA,NA,NA,NA,NA,NA,NA,"FCS",466,466
"Premiere Whitley","E ILLINOIS",55,6.52,"F","DI",2026,"Big South - OVC Football Association",39.1,34.5,54.9,60,0,1,0,0,0,0,0,0,0,0,0,0,0,0,0,0,0,1,9,26,"0","0.00%",0,29,0,"31.00%","3.50%",9,NA,NA,NA,NA,NA,NA,NA,NA,NA,NA,NA,NA,NA,NA,NA,NA,NA,NA,NA,NA,NA,NA,NA,NA,NA,13,2,"0.00%",1,0,0,"0.00%",0,1,0,0,0,"0.00%",2,2,0,1,0,"FCS",356,356
"Josiah Wyatt","CHARLES SO",42,5.99,"F","DI",2026,"Big South - OVC Football Association",41.4,44.5,54,60,0,0,0,0,0,0,0,0,0,0,0,0,0,0,0,0,0,1,4,28,"0","0.00%",0,14,0,"21.40%","0",3,NA,NA,NA,NA,NA,NA,NA,NA,NA,NA,NA,NA,NA,NA,NA,NA,NA,NA,NA,NA,NA,NA,NA,NA,NA,0,1,"50.00%",0,0,0,"0.00%",0,0,0,0,0,"50.00%",2,2,0,1,1,"FCS",21,21
"Jadon Joseph","LIUSHAR",31,5.05,"F","DI",2026,"Northeast",41.7,39.8,54.7,60,0,0,0,0,0,0,0,0,0,0,0,0,0,0,0,0,0,1,6,9,"0","0.00%",0,21,0,"28.60%","9.50%",6,1,0,"0.00%",0,0,0,0,0,0,0,0,0,"100%",0,0,0,0,0,"0.00%","0.00%","0.00%","0.00%",0,0,"0.00%",NA,NA,NA,NA,NA,NA,NA,NA,NA,NA,NA,NA,NA,NA,NA,NA,NA,NA,"FCS",397,397
"Griffin Ellis","NICHOLLS",26,4.2,"F","DI",2026,"Southland",39.5,36.9,55.7,NA,0,0,0,0,0,0,0,0,0,0,0,0,0,0,0,0,0,0,5,14,"0","0.00%",0,12,0,"41.70%","0",5,NA,NA,NA,NA,NA,NA,NA,NA,NA,NA,NA,NA,NA,NA,NA,NA,NA,NA,NA,NA,NA,NA,NA,NA,NA,NA,NA,NA,NA,NA,NA,NA,NA,NA,NA,NA,NA,NA,NA,NA,NA,NA,NA,"FCS",354,354
"Gustavo Bravo","BRYANT",28,3.8,"F","DI",2026,"CAA",35.4,33.8,57.8,NA,0,0,0,0,0,0,0,0,0,0,0,0,0,0,0,0,0,0,7,7,"0","0.00%",0,21,0,"33.30%","0",7,NA,NA,NA,NA,NA,NA,NA,NA,NA,NA,NA,NA,NA,NA,NA,NA,NA,NA,NA,NA,NA,NA,NA,NA,NA,NA,NA,NA,NA,NA,NA,NA,NA,NA,NA,NA,NA,NA,NA,NA,NA,NA,NA,"FCS",123,123
"Robert Smith","UTAHTC",15,2.76,"F","DI",2026,"Big Sky",28.7,29.2,60,NA,0,0,0,0,0,0,0,0,0,0,0,0,0,0,0,0,0,1,6,1,"0","0.00%",0,14,0,"42.90%","0",6,NA,NA,NA,NA,NA,NA,NA,NA,NA,NA,NA,NA,NA,NA,NA,NA,NA,NA,NA,NA,NA,NA,NA,NA,NA,NA,NA,NA,NA,NA,NA,NA,NA,NA,NA,NA,NA,NA,NA,NA,NA,NA,NA,"FCS",451,451
"David Czapp","VA MILT IN",29,1.97,"F","DI",2026,"Southern",36,32.3,55.5,NA,0,0,0,0,0,0,0,0,0,0,0,0,0,0,0,0,0,1,6,16,"0","0.00%",0,13,0,"46.20%","7.70%",6,NA,NA,NA,NA,NA,NA,NA,NA,NA,NA,NA,NA,NA,NA,NA,NA,NA,NA,NA,NA,NA,NA,NA,NA,NA,NA,NA,NA,NA,NA,NA,NA,NA,NA,NA,NA,NA,NA,NA,NA,NA,NA,NA,"FCS",446,446
"James Collins II","E ILLINOIS",55,0.28,"F","DI",2026,"Big South - OVC Football Association",33.9,29.2,55,NA,0,0,0,0,0,0,0,0,0,0,0,0,0,0,0,0,0,0,10,27,"0","0.00%",0,28,0,"35.70%","3.60%",10,NA,NA,NA,NA,NA,NA,NA,NA,NA,NA,NA,NA,NA,NA,NA,NA,NA,NA,NA,NA,NA,NA,NA,NA,NA,NA,NA,NA,NA,NA,NA,NA,NA,NA,NA,NA,NA,NA,NA,NA,NA,NA,NA,"FCS",12,12
"Jordan Jeudy","MORGAN ST",36,0,"F","DI",2026,"MEAC",39.8,35.7,54.2,NA,0,0,0,0,0,0,0,0,0,0,0,0,0,0,0,0,0,1,5,23,"0","0.00%",0,13,0,"38.50%","7.70%",5,NA,NA,NA,NA,NA,NA,NA,NA,NA,NA,NA,NA,NA,NA,NA,NA,NA,NA,NA,NA,NA,NA,NA,NA,NA,8,0,"100%",0,0,0,"100%",0,0,1,0,0,"0.00%",1,1,0,0,0,"FCS",63,63
