"Name","Team","Defensive.Snaps","Composite_Score","Player_Grade","Position","Season","Conference","Defensive.Grades","Run.Defense.Grade","Pass.Rush.Grade","Coverage.Grade","Batted.Passes","Assistant","Stops","Sacks","NFL.Sacks","Hits","Hurries","Total.Pressures.Generated","Beaten.Defender","Pass.Break.Up","Interception","Forced.Fumble","Fumble.Recovery","Tackle.for.Loss.or.No.Gain","Dropped.Int","Pursuit.Pressure","Unblocked.Pass.Rush","First.Contact","Negative.Plays","Pass.Rush.Plays","Pass.Rush.Win.Percentage","Pass.Rush.Pressure.Percentage","Pass.Rush.Productivity","Run.Defense.Plays","Average.Depth.of.Tackle","Negative.Rush.Defense.Percentage","Positive.Rush.Defense.Percentage","Number.of.Negative.Plays","Coverage.Snaps","Receptions.Allowed","Completion.Percentage.Allowed","Pass.Yards.Allowed","Yards.per.Reception.Allowed","Touchdowns.Allowed","First.Downs.Allowed","Interceptions","Forced.Incompletions","Passer.Rating.Allowed","Receiving.Yards.Allowed.per.Snap","Plays.of.15..Yards.Allowed","Successful.Plays.Percentage","Sacks.per.Throwaway","Open.Targets","Drops...Off.Targets.Receptions.Forced","Total.Negative.Plays","Total.Positive.Plays","X15..Yards.Allowed.Percentage","Percentage.of.Open.Targets","Percentage.of.First.Down.or.Touchdown.Allowed","Interceptions.per.Target.Coverage.Percentage","Receiving.Yards.per.Coverage.Target","Average.Depth.of.Target.per.Coverage","Forced.Incompletion.Percentage","Jersey.Number","Total.Tackles","Missed.Tackle.Percentage","Assist.Tackles","Run.Stop","Run.Tackle.for.Losss.or.No.Gain","Missed.Tackle.Percentage.on.Run.Plays","Tackles.on.Run.Plays","Assist.Tackles.on.Run.Plays","Missed.Tackles.on.Run.Plays","Pass.Stop","Pass.Tackle.for.Loss.or.No.Gain","Pass.Missed.Tackles.Percentage","Total.Tackle.Snaps","Total.Tackles..Sacks...Assists...Sacks...Missed.","Assist.on.Pass.Plays","Tackles.on.Pass.Plays","Missed.Tackles.on.Pass.Plays","Conference_Level","Row_ID","Lined.up.in.Press.Coverage","Negative.Rush.Grade.Percentage","Positive.Rush.Grade.Percentage","row_id"
"Christian Magliacano","COLGATE",59,100,"A","LB",2026,"Patriot",87.7,90.6,58.5,74.7,0,4,5,0,0,0,2,2,0,1,1,0,0,4,0,0,1,7,5,9,"11.10%","22.20%",11.1,28,0.2,"10.70%","39.30%",3,22,2,"66.70%",35,17.5,0,1,1,1,66.7,1.59,1,"36.40%",0,0,0,2,3,"4.50%","0.00%","33.30%","33.30%",11.7,10.3,"33.30%",4,10,"16.70%",4,4,3,"11.10%",5,3,1,1,1,"33.30%",12,12,1,1,1,"FCS",247,NA,NA,NA,247
"Jacob Perez","IDAHO ST",63,99.04,"A","LB",2026,"Big Sky",83.4,92.3,75.7,68.4,0,3,6,0,0,0,1,1,1,0,1,0,0,2,0,0,0,7,3,4,"50.00%","25.00%",12.5,17,1,"0","35.30%",0,42,4,"66.70%",41,10.3,0,2,1,0,46.5,0.98,2,"35.70%",0,5,1,3,3,"4.80%","83.30%","33.30%","16.70%",6.8,8.8,"0.00%",44,12,"0.00%",3,3,2,"0.00%",4,3,0,3,0,"0.00%",12,12,0,5,0,"FCS",147,NA,NA,NA,147
"Kenny Olson","CAL POLY",64,94.08,"A","LB",2026,"Big Sky",89.3,91.6,55.9,74.9,0,7,3,0,0,0,0,0,0,0,0,1,0,2,0,0,0,7,1,4,"0","0.00%",0,32,2.57,"0","21.90%",0,28,2,"100%",31,15.5,0,1,0,0,118.8,1.11,2,"35.70%",0,0,0,1,1,"7.10%","0.00%","50.00%","0.00%",15.5,5,"0.00%",20,15,"0.00%",7,3,2,"0.00%",7,6,0,0,0,"0.00%",15,15,1,1,0,"FCS",28,NA,NA,NA,28
"Ben Fiegel","S ILLINOIS",56,91.23,"A","LB",2026,"Missouri Valley",73.8,74.4,58.6,70.5,0,3,7,0,0,0,0,0,0,0,1,0,0,5,0,0,0,9,5,3,"0","0.00%",0,22,-1.2,"18.20%","40.90%",4,31,2,"100%",6,3,0,0,1,0,39.6,0.19,0,"32.30%",0,0,0,1,2,"0.00%","0.00%","0.00%","50.00%",3,3,"0.00%",45,13,"7.10%",3,5,5,"11.10%",5,3,1,2,0,"0.00%",14,14,0,4,0,"FCS",178,NA,NA,NA,178
"Porter Connors","UC DAVIS",61,88.55,"A","LB",2026,"Big Sky",89.5,81.6,90,73.5,0,6,3,0,0,1,2,3,0,0,0,0,0,0,0,0,0,4,1,8,"37.50%","37.50%",18.8,28,2,"3.60%","17.90%",1,25,1,"100%",4,4,0,0,0,0,83.3,0.16,0,"36.00%",0,0,0,0,1,"0.00%","0.00%","0.00%","0.00%",4,3,"0.00%",39,10,"0.00%",6,2,0,"0.00%",2,3,0,1,0,"0.00%",10,10,3,2,0,"FCS",21,NA,NA,NA,21
"Nathan Reynolds","IDAHO ST",80,85.34,"A","LB",2026,"Big Sky",66.3,71,65.6,59.9,0,5,5,0,0,0,0,0,1,0,0,0,0,1,0,0,0,8,5,4,"0","0.00%",0,26,3.75,"11.50%","7.70%",3,50,2,"66.70%",33,16.5,0,2,0,0,103.5,0.66,1,"26.00%",0,3,1,2,1,"2.00%","100%","66.70%","0.00%",11,9.3,"0.00%",7,14,"0.00%",5,5,1,"0.00%",8,2,0,0,0,"0.00%",14,14,3,1,0,"FCS",145,NA,NA,NA,145
"Omari Bursey","VILLANOVA",72,85.26,"A","LB",2026,"Patriot",83.4,87.5,58,73.4,0,4,5,0,0,1,1,2,0,0,0,0,0,1,0,1,0,9,1,12,"8.30%","8.30%",4.2,28,2.25,"3.60%","25.00%",1,32,0,"0.00%",0,0,0,0,0,0,39.6,0,0,"31.30%",0,0,1,0,1,"0.00%","0.00%","0.00%","0.00%",0,26,"0.00%",8,12,"7.70%",4,3,1,"12.50%",4,3,1,2,0,"0.00%",13,13,1,4,0,"FCS",194,NA,NA,NA,194
"Andrew Osmun","FORDHAM",69,82.74,"A","LB",2026,"Patriot",69.4,69,62.7,65.1,0,5,5,1,0,0,0,1,0,0,0,0,0,2,0,0,0,11,5,8,"12.50%","12.50%",12.5,37,3.33,"10.80%","16.20%",4,24,1,"100%",18,18,0,1,0,0,118.8,0.75,1,"20.80%",0,0,0,1,1,"4.20%","0.00%","100%","0.00%",18,8,"0.00%",12,16,"11.10%",5,4,2,"18.20%",6,3,2,1,0,"0.00%",18,18,2,4,0,"FCS",82,NA,NA,NA,82
"Wade Abrams","S DAKOTA",50,82.58,"A","LB",2026,"Missouri Valley",87.1,83.6,NA,80.4,0,3,6,0,0,0,0,0,0,1,0,0,0,2,1,0,0,9,1,NA,NA,NA,NA,22,2.5,"0","13.60%",0,28,5,"100%",36,7.2,0,3,0,1,96.7,1.29,1,"28.60%",0,0,0,1,3,"3.60%","0.00%","60.00%","0.00%",7.2,0.4,"20.00%",49,12,"0.00%",3,3,0,"0.00%",4,1,0,3,2,"0.00%",12,12,2,5,0,"FCS",59,NA,NA,NA,59
"Teni Worthen","WEBER ST",71,80.44,"A","LB",2026,"Big Sky",71.6,68.6,55.6,71.9,0,0,6,0,0,0,0,0,0,0,0,0,0,5,0,0,0,10,3,6,"0","0.00%",0,50,2.78,"6.00%","12.00%",3,14,1,"50.00%",3,3,0,0,0,0,56.3,0.21,0,"35.70%",0,0,0,0,1,"0.00%","0.00%","0.00%","0.00%",1.5,3.5,"0.00%",23,10,"9.10%",0,6,5,"10.00%",9,0,1,0,0,"0.00%",11,11,0,1,0,"FCS",340,NA,NA,NA,340
"Lonnie Burt","E ILLINOIS",31,79.33,"B","LB",2026,"Big South - OVC Football Association",75.9,90,65.7,51.6,0,4,2,0,0,0,2,2,0,0,0,0,0,2,0,0,1,4,2,5,"20.00%","40.00%",20,17,-2,"0","35.30%",0,9,1,"50.00%",7,7,0,1,0,0,58.3,0.78,0,"0.00%",0,2,1,2,0,"0.00%","100%","50.00%","0.00%",3.5,9,"0.00%",43,8,"0.00%",4,2,2,"0.00%",2,2,0,0,0,"0.00%",8,8,2,2,0,"FCS",297,NA,NA,NA,297
"Jaylen Dawson","FORDHAM",49,77.21,"B","LB",2026,"Patriot",82.3,88.5,55.7,65.4,0,4,4,0,0,0,0,0,0,0,0,0,0,3,0,0,0,7,0,3,"0","0.00%",0,28,0.4,"0","17.90%",0,18,1,"100%",5,5,0,0,0,0,87.5,0.28,0,"33.30%",0,1,0,0,0,"0.00%","100%","0.00%","0.00%",5,2,"0.00%",32,10,"0.00%",4,4,3,"0.00%",5,4,0,0,0,"0.00%",10,10,0,1,0,"FCS",219,NA,NA,NA,219
"Zyion Brown","CITADEL",68,75.87,"B","LB",2026,"Southern",60.9,68.8,65.5,52.5,0,1,6,1,0,3,0,4,0,1,1,0,0,1,0,2,1,7,8,9,"11.10%","11.10%",5.6,26,3.4,"11.50%","11.50%",3,33,4,"50.00%",31,7.8,0,1,1,1,20.3,0.94,0,"30.30%",1,6,3,5,3,"0.00%","75.00%","12.50%","12.50%",3.9,3.3,"12.50%",2,10,"9.10%",1,4,1,"0.00%",5,1,0,2,0,"20.00%",11,11,0,3,1,"FCS",32,NA,NA,NA,32
"Harrison Johnson","WM & MARY",84,74.7,"B","LB",2026,"Patriot",70,78.9,72.7,59.2,0,2,3,0,0,0,2,2,0,1,0,0,0,2,0,0,0,7,5,5,"40.00%","40.00%",20,26,3.6,"3.90%","15.40%",1,53,3,"75.00%",46,15.3,0,3,0,1,112.5,0.87,2,"35.90%",0,0,1,4,1,"3.80%","0.00%","75.00%","0.00%",11.5,6.8,"25.00%",8,11,"8.30%",2,3,2,"0.00%",5,2,0,0,0,"20.00%",12,12,0,4,1,"FCS",174,NA,NA,NA,174
"Chris Robinson","TARLETON",51,73.53,"B","LB",2026,"United Athletic",86,74.8,76.4,79.4,0,2,4,0,0,0,2,2,0,0,0,0,0,2,0,0,0,6,1,3,"66.70%","66.70%",33.3,25,3.33,"4.00%","4.00%",1,23,2,"100%",2,1,0,0,0,0,79.2,0.09,0,"30.40%",0,0,0,0,2,"0.00%","0.00%","0.00%","0.00%",1,-0.5,"0.00%",43,10,"9.10%",2,2,0,"20.00%",3,1,1,2,2,"0.00%",11,11,1,5,0,"FCS",201,NA,NA,NA,201
"Spencer Rich","TXRG",53,71.77,"B","LB",2026,"Southland",72.7,79.7,62.1,68.5,0,4,4,0,0,1,1,2,0,0,0,0,0,1,0,0,0,7,3,7,"28.60%","28.60%",14.3,20,1.67,"0","10.00%",0,26,2,"100%",14,7,1,1,0,0,135.4,0.54,0,"34.60%",0,0,0,1,1,"0.00%","0.00%","50.00%","0.00%",7,11,"0.00%",45,11,"8.30%",4,2,1,"0.00%",3,3,0,2,0,"16.70%",12,12,1,4,1,"FCS",6,NA,NA,NA,6
"Dre Delinois","E TENN ST",43,71.68,"B","LB",2026,"Southern",89.2,91.1,60,63,0,2,7,0,0,1,0,1,0,0,0,0,0,1,0,1,0,8,1,1,"0","0.00%",0,31,3.56,"3.20%","35.50%",1,11,0,"0.00%",0,0,0,0,0,0,0,0,0,"36.40%",0,0,0,0,0,"0.00%","0.00%","0.00%","0.00%",0,0,"0.00%",33,11,"0.00%",2,7,1,"0.00%",9,2,0,0,0,"0.00%",11,11,0,0,0,"FCS",106,NA,NA,NA,106
"Trevor Barry","NEW HAMP",82,70.38,"B","LB",2026,"CAA",60.2,58,68.6,65.1,0,4,4,1,0,0,0,1,0,1,0,0,0,1,0,1,0,6,7,2,"0","0.00%",0,42,2.5,"9.50%","7.10%",4,38,2,"66.70%",14,7,0,1,0,1,77.1,0.37,0,"21.10%",0.5,2,1,3,2,"0.00%","66.70%","33.30%","0.00%",4.7,7.3,"33.30%",42,11,"8.30%",4,2,1,"14.30%",4,2,1,2,0,"0.00%",12,12,2,2,0,"FCS",229,NA,NA,NA,229
"Nick Reinicke","W ILLINOIS",79,69.52,"B","LB",2026,"Big South - OVC Football Association",72.1,64.7,70.1,70.2,0,2,7,1,0,2,0,3,0,0,0,0,0,1,0,0,2,7,4,17,"5.90%","17.60%",11.8,42,2.33,"9.50%","9.50%",4,20,0,"0.00%",0,0,0,0,0,1,39.6,0,0,"15.00%",0,0,1,0,1,"0.00%","0.00%","0.00%","0.00%",0,14,"100%",10,9,"18.20%",2,6,1,"11.10%",6,2,1,1,0,"0.00%",11,11,0,0,0,"FCS",168,NA,NA,NA,168
"Adam Due","HOLY CROSS",59,68.9,"B","LB",2026,"Patriot",75.2,78.5,56.6,66.1,0,3,4,0,0,0,0,0,0,0,0,0,0,2,0,0,0,4,3,3,"0","0.00%",0,35,7,"5.70%","14.30%",2,21,2,"100%",21,10.5,0,1,0,0,110.4,1,1,"19.10%",0,0,0,1,1,"4.80%","0.00%","50.00%","0.00%",10.5,-2,"0.00%",8,11,"0.00%",3,3,1,"0.00%",6,2,0,1,1,"0.00%",11,11,1,2,0,"FCS",134,NA,NA,NA,134
"Brodie Carroll","ELON",54,68.83,"B","LB",2026,"CAA",61.1,73.8,46.4,57.7,0,4,3,0,0,0,3,3,0,1,0,0,0,2,0,1,2,4,6,5,"0","20.00%",10,16,0.67,"12.50%","18.80%",2,33,2,"50.00%",12,6,0,0,0,1,56.3,0.36,0,"51.50%",0,0,1,4,2,"0.00%","0.00%","0.00%","0.00%",3,1.8,"25.00%",33,7,"12.50%",4,3,2,"0.00%",3,2,0,0,0,"33.30%",8,8,2,0,1,"FCS",198,NA,NA,NA,198
"Logan Lisherness","PORTLAND",51,68.67,"B","LB",2026,"Big Sky",73.5,69.8,69.6,69,1,3,4,0,0,0,0,0,0,0,0,0,0,2,0,0,0,8,2,3,"0","0.00%",0,27,1,"7.40%","14.80%",2,21,0,"0.00%",0,0,0,0,0,0,0,0,0,"33.30%",0,0,0,0,0,"0.00%","0.00%","0.00%","0.00%",0,0,"0.00%",31,10,"9.10%",3,4,2,"14.30%",4,2,1,0,0,"0.00%",11,11,1,3,0,"FCS",79,NA,NA,NA,79
"Aidan Foster","HOWARD",42,67.27,"B","LB",2026,"MEAC",70.8,72.8,59,72.4,0,1,5,1,0,0,2,3,0,0,0,0,0,1,0,0,2,5,3,3,"33.30%","66.70%",50,16,0.75,"12.50%","31.30%",2,23,0,"0.00%",0,0,0,0,0,0,0,0,0,"26.10%",0,0,0,1,1,"0.00%","0.00%","0.00%","0.00%",0,0,"0.00%",0,8,"11.10%",1,4,1,"0.00%",4,0,0,1,0,"20.00%",9,9,1,2,1,"FCS",305,NA,NA,NA,305
"Skylar James","DRAKE",57,66.68,"B","LB",2026,"Pioneer",71.3,71,52.1,71.6,0,2,3,0,0,0,0,0,0,0,0,0,0,2,0,0,0,7,0,9,"0","0.00%",0,25,3.5,"0","0",0,23,0,"0.00%",0,0,0,0,0,0,0,0,0,"13.00%",0,0,0,0,0,"0.00%","0.00%","0.00%","0.00%",0,0,"0.00%",8,11,"0.00%",2,2,1,"0.00%",4,0,0,1,1,"0.00%",11,11,2,5,0,"FCS",258,NA,NA,NA,258
"Marcellius Johnson","GRAMBLING",33,65.33,"B","LB",2026,"SWAC",80.9,84.1,67.5,68.6,0,2,3,0,0,0,1,1,0,0,0,0,0,1,0,0,0,2,1,2,"0","0.00%",0,14,1,"0","21.40%",0,17,2,"100%",12,6,1,1,0,0,131.3,0.71,0,"35.30%",0,0,0,1,3,"0.00%","0.00%","50.00%","0.00%",6,7,"0.00%",2,6,"0.00%",2,2,1,"0.00%",3,1,0,1,0,"0.00%",6,6,1,1,0,"FCS",150,NA,NA,NA,150
"Mason Stromstad","SO UTAH",66,65.3,"B","LB",2026,"Big Sky",57.6,69.1,57.5,51.4,0,2,4,0,0,2,2,4,0,0,0,0,0,2,0,3,1,7,6,2,"0","50.00%",25,25,5.75,"4.00%","8.00%",1,39,6,"75.00%",53,8.8,0,4,0,0,92.2,1.36,2,"33.30%",0,0,2,5,2,"5.10%","0.00%","50.00%","0.00%",6.6,6,"0.00%",6,9,"18.20%",2,2,0,"20.00%",3,1,1,2,2,"16.70%",11,11,1,4,1,"FCS",157,NA,NA,NA,157
"Wyatt Ward","WOFFORD",69,64.97,"B","LB",2026,"Southern",69.2,59,73.5,69.6,0,5,2,0,0,0,2,2,0,1,0,0,0,1,1,0,2,7,4,4,"0","50.00%",25,22,6,"9.10%","9.10%",2,43,4,"80.00%",39,9.8,0,2,0,1,99.2,0.91,1,"30.20%",0,0,1,2,2,"2.30%","0.00%","40.00%","0.00%",7.8,5.2,"20.00%",44,9,"10.00%",5,0,0,"16.70%",1,4,1,2,1,"0.00%",10,10,1,3,0,"FCS",282,NA,NA,NA,282
"Mason Wuenschel","LAMAR",37,64.52,"B","LB",2026,"Southland",67.7,68.2,68.5,60.7,0,1,4,1,0,0,0,1,0,0,0,0,0,2,0,0,0,3,3,4,"25.00%","25.00%",25,18,-1,"11.10%","16.70%",2,15,3,"100%",32,10.7,0,1,0,0,111.1,2.13,1,"26.70%",0,1,0,1,1,"6.70%","33.30%","33.30%","0.00%",10.7,4,"0.00%",9,6,"0.00%",1,2,2,"0.00%",2,0,0,2,0,"0.00%",6,6,1,2,0,"FCS",268,NA,NA,NA,268
"Gerard Culotta","TARLETON",38,64.45,"B","LB",2026,"United Athletic",70.4,71.5,57.2,64.3,0,1,6,0,0,0,0,0,0,0,0,0,0,3,0,0,0,5,1,2,"0","0.00%",0,22,1.17,"4.50%","9.10%",1,14,0,"0.00%",0,0,0,0,0,0,39.6,0,0,"50.00%",0,0,1,0,0,"0.00%","0.00%","0.00%","0.00%",0,2,"0.00%",33,7,"12.50%",1,6,3,"12.50%",6,1,1,0,0,"0.00%",8,8,0,0,0,"FCS",379,NA,NA,NA,379
"Tay James","SOUTHERN U",59,64.44,"B","LB",2026,"SWAC",76.9,72.9,54.6,77.4,0,1,3,0,0,0,0,0,0,0,1,0,0,2,0,0,0,3,3,6,"0","0.00%",0,17,4,"5.90%","11.80%",1,36,2,"50.00%",12,6,0,1,1,0,16.7,0.33,0,"33.30%",0,0,2,2,2,"0.00%","0.00%","25.00%","25.00%",3,3,"0.00%",0,5,"0.00%",1,2,1,"0.00%",3,1,0,1,1,"0.00%",5,5,0,1,0,"FCS",366,NA,NA,NA,366
"Keion Dunlap","SAMFORD",36,64.43,"B","LB",2026,"Southern",86,66.2,71,90,0,3,2,0,0,0,1,1,1,0,0,0,0,0,0,0,0,3,2,5,"20.00%","0.00%",0,23,1.5,"8.70%","8.70%",2,8,0,"0.00%",0,0,0,0,0,0,39.6,0,0,"12.50%",0,0,1,0,2,"0.00%","0.00%","0.00%","0.00%",0,6,"0.00%",2,5,"16.70%",3,2,0,"20.00%",2,2,1,0,0,"0.00%",6,6,1,0,0,"FCS",212,NA,NA,NA,212
"Mikey D'Amato","CAL POLY",79,64.16,"B","LB",2026,"Big Sky",68,75.3,65.5,58.2,0,5,3,1,0,1,0,2,0,0,0,0,0,0,0,2,0,7,5,4,"0","25.00%",12.5,37,7.33,"5.40%","5.40%",2,38,2,"100%",18,9,0,2,0,0,104.2,0.47,0,"39.50%",0,0,0,3,2,"0.00%","0.00%","100%","0.00%",9,5,"0.00%",44,12,"14.30%",5,1,0,"0.00%",3,4,0,2,0,"28.60%",14,14,1,3,2,"FCS",169,NA,NA,NA,169
"Chase Martin","CAL POLY",34,64.05,"B","LB",2026,"Big Sky",73.1,61.5,70.8,72.9,0,2,1,1,0,2,0,3,0,0,0,0,0,1,0,2,1,2,1,1,"0","100%",100,15,0,"6.70%","6.70%",1,18,1,"100%",0,0,0,0,0,0,79.2,0,0,"27.80%",0,0,0,0,1,"0.00%","0.00%","0.00%","0.00%",0,-3,"0.00%",22,6,"0.00%",2,0,0,"0.00%",0,1,0,1,1,"0.00%",6,6,1,3,0,"FCS",120,NA,NA,NA,120
"Micah Valenzuela","E ILLINOIS",36,63.13,"B","LB",2026,"Big South - OVC Football Association",69.2,74.9,57.9,61.2,0,3,3,0,0,0,0,0,0,0,0,0,0,2,0,0,0,4,2,3,"0","0.00%",0,20,0,"5.00%","10.00%",1,13,3,"100%",43,14.3,0,1,0,0,118.8,3.31,1,"15.40%",0,1,0,1,1,"7.70%","33.30%","33.30%","0.00%",14.3,2,"0.00%",16,7,"0.00%",3,3,2,"0.00%",3,2,0,0,0,"0.00%",7,7,1,1,0,"FCS",203,NA,NA,NA,203
"Trooper Price","COLGATE",62,62.89,"B","LB",2026,"Patriot",69,80.2,64.1,54.4,0,3,5,0,0,0,1,1,1,0,0,0,0,2,0,0,0,7,4,8,"12.50%","0.00%",0,26,1.2,"7.70%","23.10%",2,28,1,"100%",15,15,0,1,0,0,118.8,0.54,1,"42.90%",0,0,0,2,2,"3.60%","0.00%","100%","0.00%",15,5,"0.00%",18,10,"16.70%",3,5,2,"11.10%",5,3,1,0,0,"33.30%",12,12,0,2,1,"FCS",81,NA,NA,NA,81
"Cole Taylor","MONTANA ST",27,61.79,"B","LB",2026,"Big Sky",83.9,81.5,72.8,65.4,1,2,1,0,0,1,0,1,0,0,0,0,0,1,0,0,1,4,0,NA,NA,NA,NA,17,5.5,"0","11.80%",0,10,2,"100%",12,6,0,0,0,0,91.7,1.2,0,"40.00%",0,0,0,0,2,"0.00%","0.00%","0.00%","0.00%",6,-1,"0.00%",34,6,"0.00%",2,1,1,"0.00%",2,2,0,0,0,"0.00%",6,6,0,2,0,"FCS",123,NA,NA,NA,123
"Rodney Roane","HOWARD",57,61.61,"B","LB",2026,"MEAC",81,81.8,76.2,65.5,0,1,5,1,0,0,1,2,0,0,0,1,0,0,0,0,1,8,0,10,"10.00%","20.00%",15,25,1.75,"0","16.00%",0,22,1,"100%",7,7,0,0,0,0,95.8,0.32,0,"18.20%",0,0,0,0,0,"0.00%","0.00%","0.00%","0.00%",7,9,"0.00%",4,7,"0.00%",1,4,0,"0.00%",4,1,0,1,0,"0.00%",7,7,0,1,0,"FCS",126,NA,NA,NA,126
"Jaiden Letua","N ARIZONA",40,61.38,"B","LB",2026,"Big Sky",68.4,63.8,62.7,67.1,0,2,4,0,0,1,1,2,0,0,0,0,0,0,0,1,1,4,3,4,"0","25.00%",12.5,15,5.25,"13.30%","6.70%",2,21,3,"75.00%",22,7.3,0,1,0,0,87.5,1.05,0,"14.30%",0,0,1,1,2,"0.00%","0.00%","25.00%","0.00%",5.5,0.8,"0.00%",8,7,"0.00%",2,3,0,"0.00%",4,0,0,1,0,"0.00%",7,7,2,1,0,"FCS",29,NA,NA,NA,29
"Rashad Watson","ALABAMA ST",21,60.69,"B","LB",2026,"SWAC",84.4,83.7,70.4,61.9,0,4,4,1,0,0,0,1,0,0,0,0,0,0,0,1,0,4,0,1,"0","0.00%",0,14,3,"0","21.40%",0,6,0,"0.00%",0,0,0,0,0,0,0,0,0,"66.70%",0,0,0,0,1,"0.00%","0.00%","0.00%","0.00%",0,0,"0.00%",32,8,"0.00%",4,3,0,"0.00%",3,4,0,1,0,"0.00%",8,8,0,0,0,"FCS",158,NA,NA,NA,158
"Gabe Brown","ABILENE CH",74,60.48,"B","LB",2026,"United Athletic",70.7,69.7,53.5,70.6,0,2,4,0,0,0,0,0,0,0,0,0,0,1,0,0,0,4,2,4,"0","0.00%",0,35,0.33,"5.70%","8.60%",2,34,2,"66.70%",13,6.5,0,0,0,0,75.7,0.38,0,"32.40%",0,3,1,0,0,"0.00%","100%","0.00%","0.00%",4.3,-1,"0.00%",13,9,"0.00%",2,3,1,"0.00%",3,1,0,1,0,"0.00%",9,9,1,4,0,"FCS",26,NA,NA,NA,26
"Matthew Cooks","N ARIZONA",17,59.89,"C","LB",2026,"Big Sky",82.8,85.7,NA,63.8,0,3,0,0,0,0,0,0,0,0,0,1,1,0,0,0,0,0,2,NA,NA,NA,NA,11,11,"18.20%","18.20%",2,6,0,"0.00%",0,0,0,0,0,0,0,0,0,"16.70%",0,0,0,0,0,"0.00%","0.00%","0.00%","0.00%",0,0,"0.00%",18,4,"0.00%",3,0,0,"0.00%",1,2,0,0,0,"0.00%",4,4,1,0,0,"FCS",324,NA,NA,NA,324
"Geno Calgaro","STNY BROOK",50,59.57,"C","LB",2026,"CAA",61.4,59.7,58.9,62.1,0,3,2,0,0,0,0,0,0,0,0,0,0,2,0,0,0,4,4,2,"0","0.00%",0,22,-1,"13.60%","13.60%",3,26,0,"0.00%",0,0,0,0,0,0,39.6,0,0,"42.30%",0,0,1,1,1,"0.00%","0.00%","0.00%","0.00%",0,41,"0.00%",20,6,"33.30%",3,2,2,"40.00%",2,1,2,0,0,"0.00%",9,9,2,0,0,"FCS",184,NA,NA,NA,184
"Garrett Rogan","VILLANOVA",72,59.56,"C","LB",2026,"Patriot",65.7,71.1,59.4,60.7,0,0,6,0,0,0,1,1,0,1,0,0,0,3,0,1,0,9,5,10,"0","0.00%",0,28,1.6,"3.60%","14.30%",1,34,6,"75.00%",39,6.5,0,3,0,1,84.9,1.15,0,"35.30%",0,0,1,4,3,"0.00%","0.00%","37.50%","0.00%",4.9,0,"12.50%",41,8,"20.00%",0,4,2,"16.70%",5,0,1,2,1,"25.00%",10,10,0,3,1,"FCS",41,NA,NA,NA,41
"Mason Kaplan","ILL STATE",31,59.4,"C","LB",2026,"Missouri Valley",73.1,78,56.8,65.4,0,4,1,0,0,0,0,0,0,0,0,0,0,1,0,0,0,1,1,2,"0","0.00%",0,12,-1,"0","16.70%",0,17,3,"100%",22,7.3,0,0,0,0,97.2,1.29,0,"47.10%",0,0,0,1,1,"0.00%","0.00%","0.00%","0.00%",7.3,0,"0.00%",14,6,"0.00%",4,1,1,"0.00%",1,2,0,0,0,"0.00%",6,6,2,1,0,"FCS",19,NA,NA,NA,19
"Brendan Thompson","NORFOLK",47,59.27,"C","LB",2026,"MEAC",73.3,75.3,67,61.2,0,2,7,0,0,0,1,1,0,0,0,0,0,0,0,0,0,8,3,3,"0","0.00%",0,28,3,"7.10%","14.30%",2,16,1,"50.00%",4,4,0,0,0,0,56.3,0.25,0,"43.80%",0,0,0,1,2,"0.00%","0.00%","0.00%","0.00%",2,11,"0.00%",13,12,"7.70%",2,5,0,"11.10%",7,1,1,2,0,"0.00%",13,13,1,3,0,"FCS",312,NA,NA,NA,312
"Spencer Conn","SAMFORD",74,58.98,"C","LB",2026,"Southern",68.9,73.4,66.2,55.9,0,1,4,0,0,2,3,5,0,0,0,0,0,0,0,4,1,7,5,13,"0","23.10%",11.5,40,3.17,"10.00%","15.00%",4,21,1,"50.00%",2,2,1,1,0,0,95.8,0.1,0,"19.10%",0,0,1,1,2,"0.00%","0.00%","50.00%","0.00%",1,4.5,"0.00%",34,9,"10.00%",1,3,0,"12.50%",6,1,1,1,0,"0.00%",10,10,0,2,0,"FCS",287,NA,NA,NA,287
"Mitchell Robinson Jr.","ALABAMA ST",42,58.7,"C","LB",2026,"SWAC",78.6,72.9,59.2,75.8,0,0,4,0,0,0,0,0,0,0,0,1,0,2,0,0,0,4,3,2,"0","0.00%",0,29,-1.25,"6.90%","10.30%",2,11,2,"100%",8,4,0,1,0,0,83.3,0.73,0,"54.50%",0,0,0,1,1,"0.00%","0.00%","50.00%","0.00%",4,2,"0.00%",5,5,"0.00%",0,4,2,"0.00%",4,0,0,0,0,"0.00%",5,5,0,1,0,"FCS",35,NA,NA,NA,35
"Dillon Dunathan","ALBANY",78,57.94,"C","LB",2026,"CAA",73.5,73.7,51.2,72.2,0,4,2,0,0,0,0,0,0,0,0,0,0,0,0,0,0,5,1,8,"0","0.00%",0,27,3.5,"3.70%","7.40%",1,43,0,"0.00%",0,0,0,0,0,0,0,0,0,"39.50%",0,0,0,0,1,"0.00%","0.00%","0.00%","0.00%",0,0,"0.00%",41,8,"0.00%",4,2,0,"0.00%",4,2,0,0,0,"0.00%",8,8,2,0,0,"FCS",125,NA,NA,NA,125
"Kristian Ozane","CHATTNOOGA",49,57.72,"C","LB",2026,"Southern",75.3,80.3,57.3,66.1,0,1,3,0,0,0,0,0,0,0,1,0,0,1,0,0,0,5,0,3,"0","0.00%",0,20,3.71,"0","5.00%",0,26,0,"0.00%",0,0,0,0,1,0,0,0,0,"50.00%",0,0,0,0,0,"0.00%","0.00%","0.00%","0.00%",0,0,"0.00%",2,8,"0.00%",1,3,1,"0.00%",7,1,0,0,0,"0.00%",8,8,0,0,0,"FCS",96,NA,NA,NA,96
"Amanuel Dickson","ROB MORRIS",55,57.45,"C","LB",2026,"Northeast",63.3,69.8,70.6,54.7,1,2,5,0,0,0,0,0,0,0,0,0,0,0,0,0,0,7,4,2,"0","0.00%",0,21,1.75,"9.50%","19.10%",2,32,1,"33.30%",23,23,0,1,0,0,61.8,0.72,1,"37.50%",0,0,2,2,0,"3.10%","0.00%","33.30%","0.00%",7.7,10.7,"0.00%",11,9,"0.00%",2,3,0,"0.00%",4,1,0,2,0,"0.00%",9,9,1,3,0,"FCS",187,NA,NA,NA,187
"Rohan Davy","RHODE ISLD",47,56.95,"C","LB",2026,"CAA",66,57,55.9,74.1,0,2,1,0,0,1,2,3,0,1,0,0,0,0,0,1,2,3,5,1,"0","100%",50,28,7,"14.30%","14.30%",4,18,1,"33.30%",57,57,0,0,0,1,81.9,3.17,1,"44.40%",0,2,1,0,1,"5.60%","66.70%","0.00%","0.00%",19,4,"33.30%",0,4,"33.30%",2,1,0,"20.00%",2,2,1,0,0,"100%",6,6,0,0,1,"FCS",237,NA,NA,NA,237
"Markeith Hogan","MERRIMACK",19,56.51,"C","LB",2026,"IND (FCS)",76,80.9,57.7,63.5,0,0,2,0,0,0,1,1,0,0,0,0,0,2,0,1,0,2,1,2,"0","50.00%",25,7,0,"14.30%","42.90%",1,10,0,"0.00%",0,0,0,0,0,0,39.6,0,0,"20.00%",0,0,1,0,0,"0.00%","0.00%","0.00%","0.00%",0,5,"0.00%",11,2,"33.30%",0,2,2,"33.30%",2,0,1,0,0,"0.00%",3,3,0,0,0,"FCS",76,NA,NA,NA,76
"Jordan Okoye","SE LA",73,55.94,"C","LB",2026,"Southland",69,61.3,NA,73.1,0,5,4,0,0,0,0,0,0,0,0,0,0,0,0,0,0,5,4,NA,NA,NA,NA,45,9,"8.90%","4.40%",4,28,0,"0.00%",0,0,0,0,0,0,0,0,0,"39.30%",0,0,0,0,1,"0.00%","0.00%","0.00%","0.00%",0,0,"0.00%",10,10,"9.10%",5,1,0,"14.30%",2,4,1,3,0,"0.00%",11,11,1,3,0,"FCS",90,NA,NA,NA,90
"Raelon Sims","N ALABAMA",43,55.55,"C","LB",2026,"United Athletic",81.4,90.6,53,65.3,0,3,1,0,0,0,0,0,0,0,0,0,0,1,0,0,0,3,0,6,"0","0.00%",0,21,1.5,"0","23.80%",0,16,0,"0.00%",0,0,0,0,0,0,0,0,0,"18.80%",0,0,0,0,0,"0.00%","0.00%","0.00%","0.00%",0,0,"0.00%",16,6,"0.00%",3,1,1,"0.00%",2,3,0,0,0,"0.00%",6,6,0,1,0,"FCS",330,NA,NA,NA,330
"Micah McNair","INDIANA ST",19,55.39,"C","LB",2026,"Missouri Valley",70.3,67.6,67,60.9,0,0,2,1,0,1,0,2,0,0,0,0,0,1,0,0,2,2,2,3,"0","66.70%",50,13,9.5,"15.40%","30.80%",2,3,0,"0.00%",0,0,0,0,0,0,0,0,0,"33.30%",0,0,0,0,0,"0.00%","0.00%","0.00%","0.00%",0,0,"0.00%",16,3,"0.00%",0,1,1,"0.00%",2,0,0,1,0,"0.00%",3,3,0,0,0,"FCS",292,NA,NA,NA,292
"John Powers","N IOWA",70,55,"C","LB",2026,"Missouri Valley",73.9,75.8,56.5,68.2,0,1,3,0,0,0,0,0,0,0,0,0,0,1,0,0,0,6,0,4,"0","0.00%",0,31,4,"0","0",0,35,0,"0.00%",0,0,0,0,0,0,0,0,0,"14.30%",0,0,0,0,0,"0.00%","0.00%","0.00%","0.00%",0,0,"0.00%",33,10,"0.00%",1,3,1,"0.00%",7,1,0,0,0,"0.00%",10,10,0,2,0,"FCS",74,NA,NA,NA,74
"Corey Lucius","ALABAMA ST",40,54.45,"C","LB",2026,"SWAC",74.9,71.1,60,70.9,0,2,3,0,0,0,0,0,0,0,0,0,0,1,0,0,0,3,2,1,"0","0.00%",0,28,6.33,"7.10%","7.10%",2,11,0,"0.00%",0,0,0,0,0,0,0,0,0,"45.50%",0,0,0,0,1,"0.00%","0.00%","0.00%","0.00%",0,0,"0.00%",13,6,"0.00%",2,2,1,"0.00%",3,2,0,1,0,"0.00%",6,6,0,1,0,"FCS",121,NA,NA,NA,121
"Ryder Holt","IDAHO ST",25,54.06,"C","LB",2026,"Big Sky",75.8,65.6,58.2,76.4,0,2,1,0,0,0,0,0,0,1,0,0,0,0,1,0,0,1,0,2,"0","0.00%",0,9,7,"0","0",0,14,0,"0.00%",0,0,0,0,0,1,39.6,0,0,"50.00%",0,0,0,0,1,"0.00%","0.00%","0.00%","0.00%",0,11,"100%",46,4,"0.00%",2,0,0,"0.00%",1,1,0,1,0,"0.00%",4,4,1,1,0,"FCS",265,NA,NA,NA,265
"Jarvis Johnson","E TENN ST",55,54.01,"C","LB",2026,"Southern",71.3,69.5,66.9,62.3,0,1,4,1,0,0,1,2,0,0,0,0,0,0,0,1,0,4,2,8,"12.50%","25.00%",18.8,39,8.4,"5.10%","5.10%",2,8,0,"0.00%",0,0,0,0,0,0,0,0,0,"37.50%",0,0,0,0,0,"0.00%","0.00%","0.00%","0.00%",0,0,"0.00%",3,7,"0.00%",1,3,0,"0.00%",5,1,0,1,0,"0.00%",7,7,0,0,0,"FCS",162,NA,NA,NA,162
"Ryan Johnson","FL A&M",38,53.95,"C","LB",2026,"SWAC",56.9,65,55.6,49.5,0,1,3,0,0,0,0,0,0,0,0,0,0,2,0,0,0,6,5,3,"0","0.00%",0,26,5.67,"15.40%","7.70%",4,9,1,"100%",32,32,0,1,0,0,118.8,3.56,1,"33.30%",0,0,0,1,0,"11.10%","0.00%","100%","0.00%",32,1,"0.00%",44,8,"0.00%",1,2,2,"0.00%",6,0,0,1,0,"0.00%",8,8,1,1,0,"FCS",206,NA,NA,NA,206
"Caleb Jacobmeier","LNDNWD",40,53.7,"C","LB",2026,"Big South - OVC Football Association",63.1,65.9,60,66,0,1,2,0,0,1,0,1,0,0,0,0,0,1,0,0,1,5,3,1,"0","0.00%",0,17,3.25,"5.90%","5.90%",1,22,2,"50.00%",12,6,0,0,0,0,56.3,0.55,0,"31.80%",0,0,2,2,1,"0.00%","0.00%","0.00%","0.00%",3,1,"0.00%",30,7,"22.20%",2,2,1,"20.00%",4,0,1,0,0,"33.30%",9,9,1,1,1,"FCS",269,NA,NA,NA,269
"Zach Smith","WEBER ST",36,53.16,"C","LB",2026,"Big Sky",68.5,57.1,63.7,73.2,0,1,0,0,0,0,1,1,0,1,1,0,0,0,0,0,0,1,3,1,"100%","100%",50,26,7,"7.70%","0",2,9,1,"50.00%",16,16,1,1,1,1,77.1,1.78,1,"11.10%",0,0,0,1,2,"11.10%","0.00%","50.00%","50.00%",8,13,"50.00%",46,2,"0.00%",1,0,0,"0.00%",0,1,0,0,0,"0.00%",2,2,0,1,0,"FCS",376,NA,NA,NA,376
"Reginald Allen Jr.","TENN MARTN",41,52.94,"C","LB",2026,"Big South - OVC Football Association",75.9,67.3,47.8,80.8,1,3,4,0,0,0,1,1,0,0,0,0,0,1,0,1,0,8,2,4,"0","0.00%",0,13,6.5,"7.70%","15.40%",1,23,3,"100%",4,1.3,0,0,0,0,79.2,0.17,0,"60.90%",0,0,0,1,4,"0.00%","0.00%","0.00%","0.00%",1.3,-1,"0.00%",8,8,"20.00%",3,1,0,"16.70%",2,3,1,3,1,"25.00%",10,10,0,3,1,"FCS",93,NA,NA,NA,93
"Tyrek Brown","NC A&T",46,52.79,"C","LB",2026,"CAA",56.6,77.7,58.2,40.8,0,4,2,0,0,0,0,0,0,0,0,0,0,0,0,0,0,3,3,2,"0","0.00%",0,22,5.67,"0","9.10%",0,22,2,"100%",50,25,1,2,0,0,158.3,2.27,2,"18.20%",0,2,0,3,0,"9.10%","100%","100%","0.00%",25,11,"0.00%",7,7,"0.00%",4,2,0,"0.00%",3,2,0,0,0,"0.00%",7,7,2,0,0,"FCS",255,NA,NA,NA,255
"Wesley York Jr.","TXAMEA",55,52.53,"C","LB",2026,"Southland",65.2,75.2,54.8,58.1,0,3,2,0,0,0,0,0,0,0,0,0,0,0,0,0,0,4,5,5,"0","0.00%",0,20,5,"15.00%","25.00%",3,30,2,"66.70%",23,11.5,0,0,0,0,89.6,0.77,1,"26.70%",0,0,1,2,1,"3.30%","0.00%","0.00%","0.00%",7.7,5.3,"0.00%",13,9,"0.00%",3,1,0,"0.00%",4,2,0,1,0,"0.00%",9,9,1,2,0,"FCS",104,NA,NA,NA,104
"Khalil Daniels","ROB MORRIS",28,52.47,"C","LB",2026,"Northeast",77.4,71.7,65.1,72.8,0,2,1,0,0,2,1,3,0,0,0,0,0,1,0,1,1,1,0,13,"7.70%","23.10%",11.5,10,0,"0","20.00%",0,5,0,"0.00%",0,0,0,0,0,0,0,0,0,"40.00%",0,0,0,0,0,"0.00%","0.00%","0.00%","0.00%",0,0,"0.00%",23,4,"0.00%",2,0,0,"0.00%",0,2,0,1,1,"0.00%",4,4,0,2,0,"FCS",300,NA,NA,NA,300
"Jackson Stratton","BUTLER",53,52.42,"C","LB",2026,"Pioneer",74.7,72.1,55.1,73.7,0,0,2,0,0,0,1,1,0,1,0,0,0,0,1,0,1,2,0,6,"0","16.70%",8.3,25,9.33,"0","4.00%",0,22,1,"33.30%",8,8,0,0,0,1,42.4,0.36,0,"18.20%",0,0,1,0,1,"0.00%","0.00%","0.00%","0.00%",2.7,6.7,"33.30%",5,3,"0.00%",0,2,0,"0.00%",3,0,0,0,0,"0.00%",3,3,0,0,0,"FCS",83,NA,NA,NA,83
"Nikko Speer","IDAHO",48,52.32,"C","LB",2026,"Big Sky",69.1,68.5,59.1,66,0,1,5,0,0,0,0,0,0,0,0,0,0,1,0,0,0,6,3,1,"0","0.00%",0,33,4,"9.10%","15.20%",3,14,0,"0.00%",0,0,0,0,0,0,0,0,0,"7.10%",0,0,0,0,0,"0.00%","0.00%","0.00%","0.00%",0,0,"0.00%",43,10,"0.00%",1,5,1,"0.00%",8,1,0,0,0,"0.00%",10,10,0,1,0,"FCS",327,NA,NA,NA,327
"Ayden Guess","E TENN ST",15,52.31,"C","LB",2026,"Southern",84,77.7,71.7,NA,0,1,2,0,0,0,2,2,0,0,0,0,0,1,0,0,0,1,0,5,"40.00%","40.00%",20,10,0,"0","30.00%",0,NA,NA,NA,NA,NA,NA,NA,NA,NA,NA,NA,NA,NA,NA,NA,NA,NA,NA,NA,NA,NA,NA,NA,NA,NA,45,3,"0.00%",1,2,1,"0.00%",2,1,0,0,0,"0.00%",3,3,0,0,0,"FCS",335,NA,NA,NA,335
"Sam Oppenheimer","MAINE",55,52.29,"C","LB",2026,"CAA",53.2,57.5,57.9,52.6,0,3,3,0,0,0,0,0,0,1,0,0,0,0,1,0,0,9,9,2,"0","0.00%",0,27,6.25,"14.80%","11.10%",4,26,6,"100%",93,15.5,0,6,0,1,118.8,3.58,3,"15.40%",0,6,0,5,1,"11.50%","100%","100%","0.00%",15.5,4.2,"16.70%",10,13,"18.80%",3,3,0,"28.60%",4,1,2,0,0,"11.10%",16,16,2,6,1,"FCS",211,NA,NA,NA,211
"Jake Lopinto","ROB MORRIS",39,52.25,"C","LB",2026,"Northeast",72.4,75,NA,65.9,0,2,4,0,0,0,0,0,0,0,0,0,0,1,0,0,0,4,2,NA,NA,NA,NA,12,7,"8.30%","16.70%",1,27,2,"100%",20,10,0,1,0,0,108.3,0.74,0,"33.30%",0,0,0,1,1,"0.00%","0.00%","50.00%","0.00%",10,7.5,"0.00%",44,8,"0.00%",2,1,0,"0.00%",3,2,0,3,1,"0.00%",8,8,0,3,0,"FCS",299,NA,NA,NA,299
"Kalen Villanueva","CAMPBELL",37,52.19,"C","LB",2026,"CAA",72.9,79.9,71.9,60.9,0,2,0,0,0,1,2,3,0,1,0,0,0,0,0,0,2,2,2,4,"0","50.00%",25,8,0,"0","25.00%",0,25,2,"50.00%",55,27.5,1,2,0,1,135.4,2.2,1,"32.00%",0,0,0,2,2,"4.00%","0.00%","50.00%","0.00%",13.8,3.3,"25.00%",3,2,"0.00%",2,0,0,"0.00%",0,2,0,0,0,"0.00%",2,2,0,0,0,"FCS",13,NA,NA,NA,13
"Will Cornelson","WEBER ST",68,51.9,"C","LB",2026,"Big Sky",72.4,72,56.6,67.6,0,0,3,0,0,0,3,3,0,1,0,0,0,0,0,1,2,4,4,3,"0","33.30%",16.7,48,3.5,"6.30%","8.30%",3,16,1,"100%",17,17,0,1,0,1,118.8,1.06,1,"31.30%",0,0,0,1,1,"6.30%","0.00%","100%","0.00%",17,16,"100%",0,5,"0.00%",0,3,0,"0.00%",4,0,0,0,0,"0.00%",5,5,0,1,0,"FCS",85,NA,NA,NA,85
"Andrew Behm","S ILLINOIS",64,51.71,"C","LB",2026,"Missouri Valley",56.6,77.6,57.5,46.4,0,3,4,0,0,0,0,0,0,1,0,0,0,1,0,0,0,5,6,2,"0","0.00%",0,20,11.5,"5.00%","20.00%",1,42,7,"77.80%",71,10.1,0,3,0,1,99.5,1.69,3,"33.30%",0,0,0,5,2,"7.10%","0.00%","33.30%","0.00%",7.9,7.3,"11.10%",46,10,"9.10%",3,2,0,"0.00%",4,3,0,2,1,"25.00%",11,11,0,3,1,"FCS",16,NA,NA,NA,16
"Andrew Harris","DELWARE ST",27,51.65,"C","LB",2026,"MEAC",71,73.9,57.3,63.1,0,1,3,1,0,0,0,1,0,0,0,0,0,1,0,0,1,4,1,3,"0","33.30%",33.3,17,4.5,"0","11.80%",0,7,0,"0.00%",0,0,0,0,0,0,0,0,0,"42.90%",0,0,0,1,0,"0.00%","0.00%","0.00%","0.00%",0,0,"0.00%",10,5,"16.70%",1,1,1,"0.00%",2,1,0,2,0,"33.30%",6,6,0,1,1,"FCS",387,NA,NA,NA,387
"Brock Steel","MONTANA ST",32,51.56,"C","LB",2026,"Big Sky",71.9,70.4,NA,68.5,0,1,3,0,0,0,0,0,0,0,0,0,0,1,0,0,0,5,1,NA,NA,NA,NA,13,2.33,"7.70%","23.10%",1,19,1,"100%",6,6,0,0,0,0,91.7,0.32,0,"21.10%",0,0,0,0,0,"0.00%","0.00%","0.00%","0.00%",6,6,"0.00%",27,6,"14.30%",1,2,1,"25.00%",3,0,1,1,0,"0.00%",7,7,1,2,0,"FCS",70,NA,NA,NA,70
"Cam Jessee","E KENTUCKY",43,51.51,"C","LB",2026,"United Athletic",64.8,65.7,60,68.3,0,1,3,0,0,0,0,0,0,0,0,0,0,1,0,0,0,5,4,1,"0","0.00%",0,20,2,"10.00%","5.00%",2,22,3,"100%",22,7.3,0,1,0,0,97.2,1,0,"31.80%",0,0,0,2,1,"0.00%","0.00%","33.30%","0.00%",7.3,-1,"0.00%",39,8,"0.00%",1,2,1,"0.00%",2,0,0,1,0,"0.00%",8,8,1,5,0,"FCS",261,NA,NA,NA,261
"Joshua Collins","W CAROLINA",41,51.39,"C","LB",2026,"Southern",62.4,55.4,61.8,64.2,0,1,3,1,0,0,1,2,0,0,0,0,0,0,0,0,2,7,2,7,"0","28.60%",21.4,14,5.5,"7.10%","0",1,20,3,"100%",26,8.7,0,1,0,0,102.8,1.3,1,"10.00%",0,0,0,1,0,"5.00%","0.00%","33.30%","0.00%",8.7,0,"0.00%",3,9,"10.00%",2,1,0,"50.00%",1,0,1,2,0,"0.00%",10,10,2,5,0,"FCS",189,NA,NA,NA,189
"Jordan Banks","DELWARE ST",48,51.33,"C","LB",2026,"MEAC",68.4,70.5,56.7,62.7,0,0,6,0,0,0,0,0,0,0,0,0,1,1,0,0,0,8,3,3,"0","0.00%",0,29,6,"6.90%","13.80%",2,16,1,"50.00%",3,3,0,0,0,0,56.3,0.19,0,"37.50%",0,0,1,1,1,"0.00%","0.00%","0.00%","0.00%",1.5,2.5,"0.00%",6,8,"20.00%",0,5,1,"12.50%",7,0,1,1,0,"50.00%",10,10,0,1,1,"FCS",39,NA,NA,NA,39
"Cullen McShane","S DAK ST",38,51.04,"C","LB",2026,"Missouri Valley",58,61.4,71.6,48.6,0,2,3,1,0,1,0,2,1,0,0,0,0,0,0,0,1,6,4,5,"40.00%","40.00%",30,20,4.67,"10.00%","10.00%",2,13,1,"100%",14,14,0,1,0,0,118.8,1.08,0,"23.10%",0,1,0,2,0,"0.00%","100%","100%","0.00%",14,3,"0.00%",5,7,"0.00%",2,2,0,"0.00%",3,1,0,1,0,"0.00%",7,7,1,1,0,"FCS",56,NA,NA,NA,56
"David Loch","SAN DIEGO",25,51.01,"C","LB",2026,"Pioneer",64.4,78.9,NA,48.6,0,2,3,0,0,0,0,0,0,0,0,0,0,2,0,0,0,5,2,NA,NA,NA,NA,13,3.5,"7.70%","15.40%",1,12,0,"0.00%",0,0,0,0,0,0,0,0,0,"25.00%",0,0,0,1,0,"0.00%","0.00%","0.00%","0.00%",0,0,"0.00%",44,6,"0.00%",2,3,2,"0.00%",4,2,0,0,0,"0.00%",6,6,0,0,0,"FCS",160,NA,NA,NA,160
"Will Beesley","BUTLER",38,50.71,"C","LB",2026,"Pioneer",76,78.1,NA,68.3,0,1,2,0,0,0,0,0,0,0,0,0,0,0,0,0,0,4,1,NA,NA,NA,NA,18,5.33,"0","5.60%",0,20,4,"100%",48,12,0,3,0,0,116.7,2.4,1,"15.00%",0,0,0,1,1,"5.00%","0.00%","75.00%","0.00%",12,1.8,"0.00%",34,9,"0.00%",1,1,0,"0.00%",3,1,0,1,0,"0.00%",9,9,0,5,0,"FCS",66,NA,NA,NA,66
"Nick Afato","UC DAVIS",45,50.71,"C","LB",2026,"Big Sky",75.2,68.6,64.8,72.1,0,0,2,0,0,0,0,0,1,1,1,0,0,0,1,0,0,2,1,4,"25.00%","0.00%",0,16,3,"0","0",0,25,2,"66.70%",26,13,0,1,1,1,54.2,1.04,1,"52.00%",0,0,0,1,2,"4.00%","0.00%","33.30%","33.30%",8.7,1,"33.30%",44,2,"0.00%",0,1,0,"0.00%",1,0,0,1,0,"0.00%",2,2,0,1,0,"FCS",124,NA,NA,NA,124
"Tim Hays","SAN DIEGO",49,50.56,"C","LB",2026,"Pioneer",59.7,80.1,54.2,46.5,0,1,2,0,0,0,0,0,0,0,0,0,0,1,0,0,0,5,2,4,"0","0.00%",0,22,2.33,"0","9.10%",0,23,1,"50.00%",22,22,0,1,0,0,89.6,0.96,1,"21.70%",0,0,1,2,0,"4.30%","0.00%","50.00%","0.00%",11,25.5,"0.00%",42,6,"14.30%",1,2,1,"25.00%",3,0,1,0,0,"0.00%",7,7,1,2,0,"FCS",46,NA,NA,NA,46
"Derek Hite","ELON",29,50.55,"C","LB",2026,"CAA",71.3,76.4,58.7,63.7,0,1,3,0,0,0,1,1,0,0,0,0,0,1,0,0,1,1,1,2,"0","50.00%",25,10,3,"0","20.00%",0,17,0,"0.00%",0,0,0,0,0,0,39.6,0,0,"47.10%",0,0,1,1,1,"0.00%","0.00%","0.00%","0.00%",0,5,"0.00%",21,5,"0.00%",1,1,0,"0.00%",2,1,0,2,1,"0.00%",5,5,0,2,0,"FCS",333,NA,NA,NA,333
"Malachi Williams","STF AUSTIN",33,50.19,"C","LB",2026,"Southland",73.2,80.9,54.1,65.1,0,0,4,0,0,1,0,1,0,0,0,1,0,1,0,0,1,7,3,4,"0","25.00%",12.5,12,0.75,"16.70%","33.30%",2,17,0,"0.00%",0,0,0,0,0,0,0,0,0,"52.90%",0,0,0,0,0,"0.00%","0.00%","0.00%","0.00%",0,0,"0.00%",0,5,"28.60%",0,3,1,"20.00%",4,0,1,1,0,"50.00%",7,7,0,1,1,"FCS",290,NA,NA,NA,290
"Danny Inglis","YNGTOWN ST",19,49.61,"C","LB",2026,"Missouri Valley",70,71.5,55.7,64.5,0,0,3,0,0,0,0,0,0,0,0,0,0,2,0,0,0,4,1,3,"0","0.00%",0,8,1.33,"12.50%","25.00%",1,8,0,"0.00%",0,0,0,0,0,0,0,0,0,"50.00%",0,0,0,0,0,"0.00%","0.00%","0.00%","0.00%",0,0,"0.00%",13,4,"0.00%",0,2,2,"0.00%",3,0,0,1,0,"0.00%",4,4,0,1,0,"FCS",167,NA,NA,NA,167
"Ben Kumpon","TOWSON",54,49.57,"C","LB",2026,"CAA",62.4,60.9,64.5,59,0,1,3,0,0,0,1,1,0,0,0,0,0,1,0,0,0,9,7,1,"100%","100%",50,44,5.89,"13.60%","11.40%",6,9,0,"0.00%",0,0,0,0,0,0,0,0,0,"22.20%",0,0,0,1,1,"0.00%","0.00%","0.00%","0.00%",0,0,"0.00%",0,13,"7.10%",1,2,0,"9.10%",9,1,1,1,1,"0.00%",13,14,0,3,0,"FCS",277,NA,NA,NA,277
"Zion Rutledge","CHATTNOOGA",56,49.23,"C","LB",2026,"Southern",71.7,74.2,54.6,68.1,0,1,3,0,0,0,0,0,0,0,0,0,0,1,0,0,0,5,0,5,"0","0.00%",0,24,4,"0","0",0,27,0,"0.00%",0,0,0,0,0,0,0,0,0,"37.00%",0,0,0,0,0,"0.00%","0.00%","0.00%","0.00%",0,0,"0.00%",42,5,"0.00%",1,1,1,"0.00%",3,1,0,1,0,"0.00%",5,5,0,1,0,"FCS",139,NA,NA,NA,139
"Cole Hughes","LEHIGH",18,48.85,"C","LB",2026,"Patriot",75.8,56.4,56,85.6,0,0,2,0,0,0,1,1,0,1,0,0,0,1,0,1,0,1,2,5,"0","20.00%",10,8,-1,"25.00%","12.50%",2,5,0,"0.00%",0,0,0,0,0,1,39.6,0,0,"80.00%",0,0,0,0,2,"0.00%","0.00%","0.00%","0.00%",0,3,"100%",6,2,"0.00%",0,1,1,"0.00%",1,0,0,1,0,"0.00%",2,2,0,1,0,"FCS",183,NA,NA,NA,183
"Kamsi Arinze","MS VLY ST",36,48.56,"C","LB",2026,"SWAC",80.4,66.3,71.6,76.1,1,0,0,0,0,0,0,0,1,0,0,0,0,0,0,0,0,1,1,9,"11.10%","0.00%",0,15,7.33,"6.70%","0",1,12,0,"0.00%",0,0,0,0,0,0,0,0,0,"25.00%",0,0,0,0,1,"0.00%","0.00%","0.00%","0.00%",0,0,"0.00%",19,3,"0.00%",0,0,0,"0.00%",3,0,0,0,0,"0.00%",3,3,0,0,0,"FCS",319,NA,NA,NA,319
"J.R. Flood","DRAKE",57,48.54,"C","LB",2026,"Pioneer",70.1,75.4,52.5,67.4,0,1,3,0,0,0,0,0,0,0,0,0,0,1,0,0,0,4,0,10,"0","0.00%",0,25,3,"0","0",0,22,0,"0.00%",0,0,0,0,0,0,0,0,0,"4.50%",0,0,0,0,0,"0.00%","0.00%","0.00%","0.00%",0,0,"0.00%",7,6,"0.00%",1,3,1,"0.00%",4,1,0,0,0,"0.00%",6,6,0,1,0,"FCS",42,NA,NA,NA,42
"Camron Watkins","VA MILT IN",21,48.49,"C","LB",2026,"Southern",60.6,59.3,66,57.2,0,2,1,0,0,0,0,0,1,0,0,0,0,0,0,0,0,1,3,1,"100%","0.00%",0,11,7,"18.20%","0",2,9,1,"100%",33,33,0,1,0,0,118.8,3.67,1,"11.10%",0,0,0,1,0,"11.10%","0.00%","100%","0.00%",33,14,"0.00%",39,6,"0.00%",2,1,0,"0.00%",3,1,0,0,0,"0.00%",6,6,1,1,0,"FCS",223,NA,NA,NA,223
"Donovan Jones","TEXAS STHN",52,48.48,"C","LB",2026,"SWAC",67.9,58.4,64.8,70.4,0,1,2,0,0,1,0,1,0,0,0,0,0,2,0,0,0,4,3,5,"20.00%","20.00%",10,23,14,"8.70%","4.30%",2,24,3,"100%",6,2,0,1,0,0,79.2,0.25,0,"41.70%",0,0,0,1,2,"0.00%","0.00%","33.30%","0.00%",2,1,"0.00%",20,5,"16.70%",1,0,0,"33.30%",1,1,1,2,2,"0.00%",5,6,0,3,0,"FCS",325,NA,NA,NA,325
"Jaxton Helmstetler","PORTLAND",52,48.47,"C","LB",2026,"Big Sky",66.6,59.2,55.3,72.8,0,3,3,0,0,0,0,0,0,0,0,0,0,1,0,0,0,6,5,3,"0","0.00%",0,28,3.5,"17.90%","10.70%",5,21,0,"0.00%",0,0,0,0,0,0,39.6,0,0,"33.30%",0,0,1,0,1,"0.00%","0.00%","0.00%","0.00%",0,6,"0.00%",6,8,"20.00%",3,1,1,"28.60%",2,3,2,2,0,"0.00%",8,10,0,3,0,"FCS",52,NA,NA,NA,52
"Kade Moledor","WOFFORD",18,48.45,"C","LB",2026,"Southern",75.7,72.5,57.4,71.7,0,1,2,0,0,0,0,0,0,0,0,0,0,1,0,0,0,3,0,2,"0","0.00%",0,5,4,"0","20.00%",0,11,1,"100%",7,7,0,0,0,0,95.8,0.64,0,"18.20%",0,0,0,0,1,"0.00%","0.00%","0.00%","0.00%",7,-2,"0.00%",33,4,"0.00%",1,1,1,"0.00%",2,1,0,1,0,"0.00%",4,4,0,1,0,"FCS",148,NA,NA,NA,148
"Canaan Williams","AUSTINPEAY",49,48.4,"C","LB",2026,"United Athletic",71.9,72,59.8,67.2,0,4,0,0,0,0,0,0,0,0,0,0,0,0,0,0,0,1,0,1,"0","0.00%",0,26,0,"0","0",0,22,0,"0.00%",0,0,0,0,0,0,0,0,0,"13.60%",0,0,0,0,0,"0.00%","0.00%","0.00%","0.00%",0,0,"0.00%",29,4,"0.00%",4,0,0,"0.00%",0,2,0,0,0,"0.00%",4,4,2,0,0,"FCS",25,NA,NA,NA,25
"Mike Deitelbaum","SACR HEART",46,48.35,"C","LB",2026,"CAA",70.8,59.8,64,71.8,0,1,3,0,0,0,0,0,1,0,0,0,0,0,0,0,0,4,3,4,"0","0.00%",0,19,3,"10.50%","0",2,23,5,"100%",28,5.6,0,1,0,0,90,1.22,1,"30.40%",0,0,0,1,3,"4.30%","0.00%","20.00%","0.00%",5.6,2.2,"0.00%",35,6,"0.00%",1,1,0,"0.00%",1,0,0,2,0,"0.00%",6,6,1,4,0,"FCS",131,NA,NA,NA,131
"Trace Carter","SE LA",59,48.28,"C","LB",2026,"Southland",60.3,52.4,59.6,67.6,0,3,2,0,0,0,0,0,0,0,0,0,0,1,0,0,0,2,5,1,"0","0.00%",0,32,4.67,"15.60%","6.30%",5,26,1,"100%",8,8,0,0,0,0,100,0.31,0,"30.80%",0,1,0,0,0,"0.00%","100%","0.00%","0.00%",8,2,"0.00%",34,7,"0.00%",3,2,1,"0.00%",3,2,0,0,0,"0.00%",7,7,1,1,0,"FCS",354,NA,NA,NA,354
"Noble Young-Blackgoat","N ARIZONA",28,48.22,"C","LB",2026,"Big Sky",85.7,57.5,55.1,90.8,0,0,2,0,0,0,0,0,0,0,1,0,0,0,0,0,0,2,2,4,"0","0.00%",0,8,3,"25.00%","12.50%",2,16,1,"50.00%",10,10,0,1,1,0,25,0.63,0,"25.00%",0,0,1,0,1,"0.00%","0.00%","50.00%","50.00%",5,-4.5,"0.00%",16,3,"0.00%",0,2,0,"0.00%",2,0,0,0,0,"0.00%",3,3,0,1,0,"FCS",331,NA,NA,NA,331
"Braden McShane","N IOWA",62,48,"C","LB",2026,"Missouri Valley",72.8,72.6,58.2,69.1,0,1,4,0,0,0,0,0,0,0,0,0,0,1,0,0,0,6,0,2,"0","0.00%",0,30,3.25,"0","0",0,30,0,"0.00%",0,0,0,0,0,0,0,0,0,"13.30%",0,0,0,0,0,"0.00%","0.00%","0.00%","0.00%",0,0,"0.00%",36,8,"0.00%",1,2,0,"0.00%",4,1,0,2,1,"0.00%",8,8,0,3,0,"FCS",232,NA,NA,NA,232
"AJ Benton","CAMPBELL",64,47.79,"C","LB",2026,"CAA",64.5,67.9,71.3,58.8,1,1,4,1,0,0,0,1,0,0,0,0,0,0,0,0,0,7,4,9,"11.10%","11.10%",11.1,14,2,"0","0",0,41,6,"100%",63,10.5,0,2,0,0,110.4,1.54,1,"29.30%",0,0,0,4,2,"2.40%","0.00%","33.30%","0.00%",10.5,3,"0.00%",7,8,"27.30%",1,1,0,"0.00%",1,0,0,3,0,"30.00%",11,11,1,5,3,"FCS",254,NA,NA,NA,254
"Seth Chestnut","TOWSON",33,47.5,"C","LB",2026,"CAA",78.1,71.3,59.2,77.1,0,1,1,0,0,0,0,0,0,1,0,0,0,0,0,0,0,5,4,1,"0","0.00%",0,26,5.6,"15.40%","19.20%",4,6,0,"0.00%",0,0,0,0,0,1,39.6,0,0,"50.00%",0,0,0,0,1,"0.00%","0.00%","0.00%","0.00%",0,5,"100%",15,6,"25.00%",1,1,0,"25.00%",5,1,2,0,0,"0.00%",8,8,0,0,0,"FCS",276,NA,NA,NA,276
"Blake Houser","RICHMOND",65,47.46,"C","LB",2026,"Patriot",67.1,66.4,60,65.7,0,1,8,0,0,0,0,0,0,0,0,0,0,0,0,0,0,7,4,1,"0","0.00%",0,28,3.63,"10.70%","17.90%",3,36,1,"100%",13,13,0,1,0,0,118.8,0.36,0,"44.40%",0,0,0,1,1,"0.00%","0.00%","100%","0.00%",13,7,"0.00%",11,12,"7.70%",1,6,0,"10.00%",8,1,1,2,0,"0.00%",13,13,0,3,0,"FCS",173,NA,NA,NA,173
"Qua Birdsong","E TENN ST",17,47.44,"C","LB",2026,"Southern",74.4,74.3,NA,60.6,0,0,2,0,0,0,0,0,0,0,0,0,0,1,0,0,0,3,0,NA,NA,NA,NA,14,8,"0","14.30%",0,3,0,"0.00%",0,0,0,0,0,0,0,0,0,"66.70%",0,0,0,0,0,"0.00%","0.00%","0.00%","0.00%",0,0,"0.00%",14,4,"0.00%",0,2,1,"0.00%",4,0,0,0,0,"0.00%",4,4,0,0,0,"FCS",210,NA,NA,NA,210
"Brandon Franklin","SAMFORD",38,47.36,"C","LB",2026,"Southern",72.9,73.5,62.8,64.6,0,1,1,0,0,1,1,2,0,0,0,0,0,1,0,0,1,2,3,6,"16.70%","33.30%",16.7,17,2.33,"11.80%","23.50%",2,15,0,"0.00%",0,0,0,0,0,0,0,0,0,"40.00%",0,0,0,0,0,"0.00%","0.00%","0.00%","0.00%",0,0,"0.00%",35,4,"20.00%",1,1,1,"0.00%",3,1,0,0,0,"100%",5,5,0,0,1,"FCS",48,NA,NA,NA,48
"Herman Brister III","SOUTHERN U",48,47.36,"C","LB",2026,"SWAC",61.2,71.1,57.3,57.6,0,1,0,0,0,0,1,1,0,0,0,0,0,0,0,0,1,2,2,3,"0","33.30%",16.7,18,12,"0","5.60%",0,27,2,"100%",95,47.5,1,2,0,0,158.3,3.52,2,"29.60%",0,0,0,2,0,"7.40%","0.00%","100%","0.00%",47.5,9.5,"0.00%",3,3,"0.00%",1,0,0,"0.00%",1,1,0,0,0,"0.00%",3,3,0,1,0,"FCS",244,NA,NA,NA,244
"Frederick Borkey","NEWHVN",58,47.31,"C","LB",2026,"Northeast",55.4,51.6,67.5,58.8,0,1,2,0,0,0,0,0,1,0,0,0,1,1,0,0,0,4,8,3,"33.30%","0.00%",0,37,6.17,"18.90%","8.10%",7,18,0,"0.00%",0,0,0,0,0,0,0,0,0,"22.20%",0,0,0,0,0,"0.00%","0.00%","0.00%","0.00%",0,0,"0.00%",5,8,"11.10%",1,2,1,"14.30%",6,0,1,0,0,"0.00%",9,9,1,1,0,"FCS",322,NA,NA,NA,322
"Lucas Naquin","W GEORGIA",39,47.23,"C","LB",2026,"United Athletic",63.8,47,57.5,71.3,0,3,1,0,0,0,1,1,0,0,0,0,0,0,0,1,0,3,3,2,"0","0.00%",0,13,6,"15.40%","0",2,24,1,"100%",12,12,0,1,0,0,116.7,0.5,0,"41.70%",0,1,0,1,2,"0.00%","100%","100%","0.00%",12,7,"0.00%",39,6,"0.00%",3,0,0,"0.00%",1,1,0,1,0,"0.00%",6,6,2,2,0,"FCS",315,NA,NA,NA,315
"Stefan Ponder","TENN MARTN",28,47.21,"C","LB",2026,"Big South - OVC Football Association",73.8,76,59.2,64.1,0,1,3,0,0,1,1,2,0,0,0,0,0,0,0,2,0,3,0,3,"0","33.30%",16.7,14,2.33,"0","7.10%",0,11,1,"100%",2,2,0,0,0,0,79.2,0.18,0,"36.40%",0,0,0,0,0,"0.00%","0.00%","0.00%","0.00%",2,-1,"0.00%",32,4,"0.00%",1,3,0,"0.00%",3,1,0,0,0,"0.00%",4,4,0,0,0,"FCS",136,NA,NA,NA,136
"Cayden Adkins","N ALABAMA",45,47.21,"C","LB",2026,"United Athletic",75.5,68.1,90.9,54.7,0,0,2,1,0,1,0,2,0,0,0,1,0,0,0,0,1,2,1,13,"7.70%","15.40%",11.5,20,2,"0","5.00%",0,12,2,"100%",17,8.5,0,0,0,0,102.1,1.42,0,"16.70%",0,2,0,1,0,"0.00%","100%","0.00%","0.00%",8.5,-5.5,"0.00%",5,3,"0.00%",0,1,0,"0.00%",1,0,0,1,0,"0.00%",3,3,0,1,0,"FCS",308,NA,NA,NA,308
"Luke Miller","DUQUESNE",57,46.97,"C","LB",2026,"Northeast",54.2,50.7,NA,65.8,0,6,5,0,0,0,0,0,0,1,0,0,0,0,0,0,0,6,10,NA,NA,NA,NA,49,3.8,"16.30%","14.30%",8,8,0,"0.00%",0,0,0,0,0,1,39.6,0,0,"62.50%",0,0,1,1,1,"0.00%","0.00%","0.00%","0.00%",0,14,"50.00%",55,11,"8.30%",6,5,0,"8.30%",5,6,1,0,0,"0.00%",12,12,0,0,0,"FCS",144,NA,NA,NA,144
"Malachi Williams","PRVIEW A&M",44,46.8,"C","LB",2026,"SWAC",65.7,53.6,77.4,64.1,0,0,3,2,0,0,0,2,0,0,0,0,0,1,0,0,2,5,3,3,"0","66.70%",66.7,17,0,"5.90%","0",1,24,3,"75.00%",24,8,0,1,0,0,89.6,1,1,"50.00%",0,0,1,2,2,"4.20%","0.00%","25.00%","0.00%",6,7.8,"0.00%",2,4,"20.00%",0,0,0,"100%",0,0,1,3,1,"0.00%",5,5,0,2,0,"FCS",17,NA,NA,NA,17
"Jalen Harrell","DUQUESNE",31,46.76,"C","LB",2026,"Northeast",68.8,68.1,NA,62.7,0,2,1,0,0,0,0,0,0,0,0,0,0,1,0,0,0,4,2,NA,NA,NA,NA,24,6.25,"12.50%","8.30%",3,7,0,"0.00%",0,0,0,0,0,0,0,0,0,"71.40%",0,0,0,0,0,"0.00%","0.00%","0.00%","0.00%",0,0,"0.00%",13,6,"0.00%",2,1,1,"0.00%",4,2,0,0,0,"0.00%",6,6,0,0,0,"FCS",3,NA,NA,NA,3
"Jack Casey","GEORGETOWN",54,46.74,"C","LB",2026,"Patriot",58.4,64.3,66,48,0,2,4,0,0,0,2,2,0,0,0,0,0,1,0,1,0,6,8,4,"25.00%","25.00%",12.5,33,3.43,"18.20%","15.20%",6,17,0,"0.00%",0,0,0,0,0,0,0,0,0,"23.50%",0,0,0,2,0,"0.00%","0.00%","0.00%","0.00%",0,0,"0.00%",51,9,"0.00%",2,4,1,"0.00%",7,2,0,0,0,"0.00%",9,9,0,0,0,"FCS",291,NA,NA,NA,291
"Xavier Dillard","WM & MARY",49,46.72,"C","LB",2026,"Patriot",77.7,65.3,60,78.9,0,1,3,0,0,0,0,0,0,0,1,0,0,1,0,0,0,4,0,1,"0","0.00%",0,20,0,"0","0",0,28,3,"100%",12,4,0,0,1,0,43.8,0.43,0,"28.60%",0,0,0,0,3,"0.00%","0.00%","0.00%","33.30%",4,1.3,"0.00%",11,4,"0.00%",1,0,0,"0.00%",0,1,0,3,1,"0.00%",4,4,0,3,0,"FCS",279,NA,NA,NA,279
"Jyarius Carter","MERCER",43,46.62,"C","LB",2026,"Southern",55.9,71.1,73.2,43.5,0,1,2,0,0,1,1,2,0,0,0,0,0,2,0,1,1,7,5,4,"0","50.00%",25,17,3,"5.90%","5.90%",1,22,4,"100%",42,10.5,0,2,0,0,110.4,1.91,1,"31.80%",0,0,0,4,0,"4.50%","0.00%","50.00%","0.00%",10.5,-1.3,"0.00%",0,6,"14.30%",1,1,1,"0.00%",2,1,0,1,1,"25.00%",7,7,0,3,1,"FCS",314,NA,NA,NA,314
"Mahamadou Diarra","ALCORN ST",35,46.55,"C","LB",2026,"SWAC",69.1,68.1,63.4,62.7,0,0,2,0,0,1,0,1,0,0,0,1,0,1,0,0,1,5,4,4,"0","0.00%",0,24,2.2,"16.70%","16.70%",4,7,0,"0.00%",0,0,0,0,0,0,0,0,0,"28.60%",0,0,0,0,1,"0.00%","0.00%","0.00%","0.00%",0,0,"0.00%",33,5,"0.00%",0,2,1,"0.00%",5,0,0,0,0,"0.00%",5,5,0,0,0,"FCS",153,NA,NA,NA,153
"Elijah Washington","WOFFORD",45,45.77,"C","LB",2026,"Southern",63.8,56.6,56.8,67.2,0,2,3,0,0,0,0,0,0,0,0,0,0,2,0,0,0,4,3,2,"0","0.00%",0,15,0.67,"20.00%","20.00%",3,28,1,"100%",6,6,0,0,0,0,91.7,0.21,0,"35.70%",0,0,0,0,0,"0.00%","0.00%","0.00%","0.00%",6,-7,"0.00%",8,7,"0.00%",2,3,2,"0.00%",3,2,0,0,0,"0.00%",7,7,0,2,0,"FCS",190,NA,NA,NA,190
"Ryan McCall","MURRAY ST",32,45.75,"C","LB",2026,"Missouri Valley",65.9,44.2,68,76.8,0,2,1,0,0,0,0,0,1,1,0,0,0,1,0,0,0,3,4,1,"0","0.00%",0,15,0,"26.70%","6.70%",4,16,0,"0.00%",0,0,0,0,0,1,39.6,0,0,"50.00%",0,0,0,0,2,"0.00%","0.00%","0.00%","0.00%",0,19,"100%",7,6,"14.30%",2,1,1,"25.00%",1,2,1,0,0,"0.00%",7,7,0,3,0,"FCS",356,NA,NA,NA,356
"KJ McRae","SE MO ST",33,45.72,"C","LB",2026,"Big South - OVC Football Association",80.6,74.7,56.8,76.3,0,0,1,0,0,0,0,0,0,1,0,0,0,0,1,0,0,4,2,2,"0","0.00%",0,19,4,"10.50%","36.80%",2,12,0,"0.00%",0,0,0,0,0,1,39.6,0,0,"41.70%",0,0,0,0,1,"0.00%","0.00%","0.00%","0.00%",0,8,"100%",41,3,"25.00%",0,1,0,"33.30%",2,0,1,0,0,"0.00%",4,4,0,1,0,"FCS",200,NA,NA,NA,200
"Kyle Hall","SACR HEART",54,45.69,"C","LB",2026,"CAA",64.2,73,NA,57.3,0,3,0,0,0,0,0,0,0,0,0,0,0,0,0,0,0,5,2,NA,NA,NA,NA,20,6,"0","0",0,34,5,"100%",52,10.4,1,4,0,0,149.6,1.53,2,"26.50%",0,0,0,2,1,"5.90%","0.00%","80.00%","0.00%",10.4,4.8,"0.00%",6,5,"0.00%",3,0,0,"0.00%",1,2,0,0,0,"0.00%",5,5,1,1,0,"FCS",132,NA,NA,NA,132
"Ayden Bell","DAVIDSON",39,45.62,"C","LB",2026,"Pioneer",57.1,73.3,56.2,43.3,0,2,1,0,0,1,0,1,0,0,0,0,0,1,0,1,0,2,3,3,"0","0.00%",0,23,2,"4.30%","8.70%",1,13,2,"100%",33,16.5,0,2,0,0,118.8,2.54,1,"23.10%",0,0,0,2,0,"7.70%","0.00%","100%","0.00%",16.5,14.5,"0.00%",14,5,"0.00%",2,1,1,"0.00%",2,1,0,0,0,"0.00%",5,5,1,1,0,"FCS",286,NA,NA,NA,286
"Eli Ennis","STF AUSTIN",23,45.54,"C","LB",2026,"Southland",75.5,64.1,83.3,63.5,0,0,1,1,0,0,1,2,1,0,0,0,0,0,0,1,0,1,0,3,"66.70%","33.30%",16.7,7,0,"0","0",0,13,0,"0.00%",0,0,0,0,0,0,0,0,0,"61.50%",0,0,0,0,1,"0.00%","0.00%","0.00%","0.00%",0,0,"0.00%",4,1,"0.00%",0,0,0,"0.00%",0,0,0,1,0,"0.00%",1,1,0,0,0,"FCS",43,NA,NA,NA,43
"Jackson Irwin","IDAHO ST",69,45.49,"C","LB",2026,"Big Sky",67.1,71.3,59.2,63.6,1,1,1,0,0,0,0,0,0,0,0,0,0,0,0,0,0,3,1,14,"0","0.00%",0,25,4,"0","4.00%",0,30,1,"50.00%",23,23,0,1,0,0,91.7,0.77,1,"30.00%",0,1,1,1,2,"3.30%","50.00%","50.00%","0.00%",11.5,6,"0.00%",18,5,"0.00%",1,0,0,"0.00%",1,1,0,1,0,"0.00%",5,5,0,3,0,"FCS",266,NA,NA,NA,266
"Shane Hulmes","BUCKNELL",24,45.36,"C","LB",2026,"Patriot",75.7,70.6,56.2,73,0,0,3,0,0,0,0,0,0,0,0,0,0,1,0,0,0,4,1,3,"0","0.00%",0,13,3.5,"7.70%","15.40%",1,8,1,"50.00%",3,3,0,0,0,0,56.3,0.38,0,"37.50%",0,0,1,0,1,"0.00%","0.00%","0.00%","0.00%",1.5,3,"0.00%",46,3,"0.00%",0,1,0,"0.00%",1,0,0,2,1,"0.00%",3,3,0,2,0,"FCS",349,NA,NA,NA,349
"Roderick Kelly Jr.","SCAR STATE",22,45.26,"C","LB",2026,"MEAC",67.4,77,46.4,63.4,0,1,1,0,0,1,1,2,0,0,0,0,0,1,0,1,1,1,1,2,"0","50.00%",25,7,3,"0","28.60%",0,13,0,"0.00%",0,0,0,0,0,0,0,0,0,"30.80%",0,0,0,0,0,"0.00%","0.00%","0.00%","0.00%",0,0,"0.00%",34,3,"25.00%",1,1,1,"0.00%",2,1,0,0,0,"100%",4,4,0,0,1,"FCS",84,NA,NA,NA,84
"Tre Yanez","GARD-WEBB",47,45.24,"C","LB",2026,"Big South - OVC Football Association",58.2,59.5,76.5,50.7,0,1,4,1,0,0,0,1,1,0,0,0,0,1,0,1,0,7,5,2,"50.00%","0.00%",0,24,2.75,"12.50%","4.20%",3,21,3,"100%",19,6.3,0,2,0,0,93.1,0.9,0,"33.30%",0.5,0,0,2,1,"0.00%","0.00%","66.70%","0.00%",6.3,-4.7,"0.00%",1,7,"12.50%",1,3,1,"16.70%",4,1,1,1,0,"0.00%",8,8,0,1,0,"FCS",343,NA,NA,NA,343
"Jes Krcil","S DAK ST",39,44.8,"C","LB",2026,"Missouri Valley",56.5,57.4,54.8,58.8,0,2,1,0,0,0,0,0,0,0,0,0,0,1,0,0,0,2,3,3,"0","0.00%",0,18,5.75,"11.10%","5.60%",2,18,1,"100%",22,22,0,1,0,0,118.8,1.22,1,"38.90%",0,0,0,1,0,"5.60%","0.00%","100%","0.00%",22,21,"0.00%",18,7,"12.50%",2,1,1,"16.70%",4,1,1,0,0,"0.00%",8,8,1,1,0,"FCS",346,NA,NA,NA,346
"Klayton Ingram","MURRAY ST",42,44.77,"C","LB",2026,"Missouri Valley",54.4,49.3,57.6,66.5,0,3,1,0,0,0,0,0,0,0,0,0,0,0,0,0,0,1,3,3,"0","0.00%",0,18,4,"11.10%","5.60%",2,21,1,"50.00%",1,1,0,0,0,0,56.3,0.05,0,"38.10%",0,1,1,2,1,"0.00%","50.00%","0.00%","0.00%",0.5,9,"0.00%",1,4,"20.00%",3,1,0,"0.00%",1,0,0,0,0,"25.00%",5,5,3,0,1,"FCS",288,NA,NA,NA,288
"Etelridge McKinney","LAMAR",35,44.71,"C","LB",2026,"Southland",57.7,83.7,59.5,34.7,0,2,3,0,0,0,0,0,0,0,0,0,0,1,0,0,0,3,3,1,"0","0.00%",0,18,2.67,"0","16.70%",0,16,4,"100%",58,14.5,0,3,0,0,118.8,3.63,2,"25.00%",0,3,0,3,0,"12.50%","75.00%","75.00%","0.00%",14.5,6.8,"0.00%",17,6,"0.00%",2,3,1,"0.00%",3,2,0,0,0,"0.00%",6,6,0,1,0,"FCS",224,NA,NA,NA,224
"Anthony Corona","ILL STATE",44,44.63,"C","LB",2026,"Missouri Valley",66.8,76.8,54.7,61.2,0,1,1,0,0,0,0,0,0,0,0,0,0,0,0,0,0,4,1,6,"0","0.00%",0,14,4,"0","7.10%",0,24,2,"100%",23,11.5,0,1,0,0,114.6,0.96,1,"33.30%",0,0,0,1,0,"4.20%","0.00%","50.00%","0.00%",11.5,2,"0.00%",35,6,"0.00%",1,1,0,"0.00%",3,0,0,0,0,"0.00%",6,6,1,2,0,"FCS",128,NA,NA,NA,128
"Ayindae Pugh","ALCORN ST",17,44.58,"C","LB",2026,"SWAC",73.7,60.8,NA,77.9,0,0,1,0,0,0,0,0,0,1,0,0,0,0,0,0,0,3,2,NA,NA,NA,NA,13,8.5,"15.40%","0",2,4,0,"0.00%",0,0,0,0,0,1,39.6,0,0,"50.00%",0,0,0,0,1,"0.00%","0.00%","0.00%","0.00%",0,4,"100%",22,4,"0.00%",0,1,0,"0.00%",4,0,0,0,0,"0.00%",4,4,0,0,0,"FCS",378,NA,NA,NA,378
"Josh Dorsainvil","TEXAS STHN",23,44.39,"C","LB",2026,"SWAC",64.8,60.5,67,61,0,1,2,1,0,0,2,3,0,0,0,0,0,0,0,3,0,1,1,7,"0","14.30%",14.3,11,8,"9.10%","9.10%",1,5,0,"0.00%",0,0,0,0,0,0,0,0,0,"60.00%",0,0,0,0,0,"0.00%","0.00%","0.00%","0.00%",0,0,"0.00%",18,3,"25.00%",1,1,0,"33.30%",1,1,1,1,0,"0.00%",4,4,0,0,0,"FCS",159,NA,NA,NA,159
"Logan McCloud","WOFFORD",34,44.12,"C","LB",2026,"Southern",71.7,75.5,58.1,65.8,0,0,3,0,0,0,0,0,0,0,0,0,0,0,0,0,0,5,0,2,"0","0.00%",0,10,4.5,"0","10.00%",0,22,0,"0.00%",0,0,0,0,0,0,39.6,0,0,"22.70%",0,0,1,0,0,"0.00%","0.00%","0.00%","0.00%",0,-1,"0.00%",41,5,"0.00%",0,3,0,"0.00%",4,0,0,0,0,"0.00%",5,5,0,1,0,"FCS",281,NA,NA,NA,281
"Montravius Lloyd","BETH COOK",29,43.84,"C","LB",2026,"SWAC",50.6,68.7,66.7,30.8,0,2,1,0,0,0,1,1,0,0,0,0,0,1,0,0,0,0,3,2,"50.00%","50.00%",25,19,7,"5.30%","10.50%",1,8,3,"100%",34,11.3,0,2,0,0,113.9,4.25,2,"25.00%",0,2,0,2,0,"25.00%","66.70%","66.70%","0.00%",11.3,3,"0.00%",4,4,"0.00%",2,1,1,"0.00%",2,1,0,0,0,"0.00%",4,4,1,0,0,"FCS",112,NA,NA,NA,112
"Caden Henritzy","STHLSK",47,43.75,"C","LB",2026,"Northeast",75.7,67,55.3,78.6,0,0,1,0,0,0,0,0,0,1,0,0,0,0,0,0,0,2,2,6,"0","0.00%",0,16,8.33,"12.50%","18.80%",2,25,2,"66.70%",9,4.5,0,0,0,1,70.1,0.36,0,"32.00%",0,0,0,0,2,"0.00%","0.00%","0.00%","0.00%",3,5.7,"33.30%",11,4,"20.00%",0,0,0,"25.00%",3,0,1,1,0,"0.00%",5,5,0,1,0,"FCS",243,NA,NA,NA,243
"Carston Marshall","YNGTOWN ST",39,43.44,"C","LB",2026,"Missouri Valley",62.4,63.8,55.5,61.5,0,2,1,0,0,0,0,0,0,1,0,0,0,1,0,0,0,4,4,4,"0","0.00%",0,21,-1,"9.50%","4.80%",2,14,3,"75.00%",39,13,0,2,0,1,105.2,2.79,2,"0.00%",0,0,0,2,1,"14.30%","0.00%","50.00%","0.00%",9.8,3.3,"25.00%",5,5,"16.70%",2,1,1,"33.30%",1,1,1,0,0,"0.00%",6,6,1,2,0,"FCS",12,NA,NA,NA,12
"Ricky Encarnacion","NEWHVN",61,43.42,"C","LB",2026,"Northeast",63.6,72.4,63.7,48.5,0,1,2,0,0,0,1,1,0,0,0,0,0,0,0,0,1,4,5,5,"0","20.00%",10,38,6.17,"7.90%","10.50%",3,18,1,"50.00%",7,7,0,1,0,0,58.3,0.39,0,"33.30%",0,0,1,2,0,"0.00%","0.00%","50.00%","0.00%",3.5,4.5,"0.00%",13,10,"0.00%",1,2,0,"0.00%",6,1,0,0,0,"0.00%",10,10,0,3,0,"FCS",321,NA,NA,NA,321
"Marquis Lane-Owens","SCAR STATE",29,43.32,"C","LB",2026,"MEAC",65,80.8,53.6,53.9,0,0,2,0,0,0,1,1,0,0,0,0,0,1,0,0,1,2,1,7,"0","14.30%",7.1,11,3,"0","27.30%",0,11,1,"100%",15,15,0,1,0,0,118.8,1.36,1,"54.50%",0,0,0,1,0,"9.10%","0.00%","100%","0.00%",15,5,"0.00%",12,3,"0.00%",0,2,1,"0.00%",3,0,0,0,0,"0.00%",3,3,0,0,0,"FCS",307,NA,NA,NA,307
"Jalen Wright","CITADEL",71,43.28,"C","LB",2026,"Southern",65.1,63.6,65.5,61.9,1,1,3,0,0,0,0,0,1,0,0,0,0,0,0,0,0,2,4,10,"10.00%","0.00%",0,28,5,"10.70%","10.70%",3,33,0,"0.00%",0,0,0,0,0,0,39.6,0,0,"33.30%",0,1,0,1,1,"0.00%","100%","0.00%","0.00%",0,1,"0.00%",34,5,"0.00%",1,2,0,"0.00%",3,1,0,1,0,"0.00%",5,5,0,1,0,"FCS",102,NA,NA,NA,102
"Jake Miller","MERCYHURST",43,43.03,"C","LB",2026,"Northeast",54.8,68.1,58.1,40.4,0,1,4,0,0,0,0,0,0,0,0,0,0,2,0,0,0,6,4,2,"0","0.00%",0,28,3.2,"7.10%","7.10%",2,13,2,"100%",34,17,1,2,0,0,158.3,2.62,1,"30.80%",0,2,0,2,0,"7.70%","100%","100%","0.00%",17,-1,"0.00%",4,6,"14.30%",1,4,2,"14.30%",5,1,1,0,0,"0.00%",7,7,0,0,0,"FCS",8,NA,NA,NA,8
"Will Claude","MERRIMACK",47,42.9,"C","LB",2026,"IND (FCS)",52.8,83.9,56,43.4,0,1,1,0,0,0,0,0,0,0,0,0,0,0,0,0,0,1,3,4,"0","0.00%",0,15,2,"0","20.00%",0,28,1,"100%",75,75,1,1,0,0,158.3,2.68,1,"14.30%",0,0,0,3,0,"3.60%","0.00%","100%","0.00%",75,17,"0.00%",15,2,"0.00%",1,1,0,"0.00%",1,0,0,0,0,"0.00%",2,2,1,0,0,"FCS",216,NA,NA,NA,216
"Ryan Russo","MONMOUTH",56,42.73,"C","LB",2026,"CAA",67.5,69.3,67.5,60.4,0,0,2,0,0,1,0,1,0,0,0,0,0,1,0,0,1,4,2,1,"0","0.00%",0,29,5.67,"3.50%","3.50%",1,26,2,"100%",22,11,0,1,0,0,112.5,0.85,1,"38.50%",0,0,0,1,2,"3.90%","0.00%","50.00%","0.00%",11,4,"0.00%",1,4,"0.00%",0,1,0,"0.00%",3,0,0,1,1,"0.00%",4,4,0,1,0,"FCS",47,NA,NA,NA,47
"Matthieu Longa","TOWSON",24,42.68,"C","LB",2026,"CAA",73.9,73.5,59.2,60,0,3,2,0,0,0,0,0,0,0,0,0,0,0,0,0,0,1,1,1,"0","0.00%",0,22,4.33,"4.50%","18.20%",1,1,0,"0.00%",0,0,0,0,0,0,0,0,0,"100%",0,0,0,0,0,"0.00%","0.00%","0.00%","0.00%",0,0,"0.00%",18,6,"0.00%",3,2,0,"0.00%",3,3,0,0,0,"0.00%",6,6,0,0,0,"FCS",101,NA,NA,NA,101
"Ishaun Abdul-Ali","HOWARD",44,42.68,"C","LB",2026,"MEAC",77.7,69.1,74.6,NA,0,0,1,2,0,0,1,3,0,0,0,0,0,0,0,0,0,2,0,26,"11.50%","11.50%",9.6,18,0,"0","11.10%",0,NA,NA,NA,NA,NA,NA,NA,NA,NA,NA,NA,NA,NA,NA,NA,NA,NA,NA,NA,NA,NA,NA,NA,NA,NA,5,2,"0.00%",0,0,0,"0.00%",0,0,0,1,0,"0.00%",2,2,0,0,0,"FCS",127,NA,NA,NA,127
"Brendan Leal","WAGNER",42,42.62,"C","LB",2026,"Northeast",51.7,60.5,56.7,49.5,0,1,4,1,0,0,1,2,0,0,0,0,0,2,0,2,0,5,7,6,"0","16.70%",16.7,15,-0.33,"26.70%","20.00%",4,21,1,"100%",11,11,0,0,0,0,112.5,0.52,0,"57.10%",0,0,0,3,0,"0.00%","0.00%","0.00%","0.00%",11,4,"0.00%",4,5,"28.60%",1,3,2,"0.00%",3,1,0,1,0,"66.70%",7,7,0,0,2,"FCS",186,NA,NA,NA,186
"Christian Doyle","SOUTHERN U",46,42.55,"C","LB",2026,"SWAC",62.6,79.1,55.1,52.8,0,0,4,0,0,0,0,0,0,0,0,0,0,0,0,0,0,5,3,3,"0","0.00%",0,16,3.25,"0","12.50%",0,27,4,"66.70%",29,7.3,0,2,0,0,77.8,1.07,0,"37.00%",0,0,2,3,1,"0.00%","0.00%","33.30%","0.00%",4.8,5,"0.00%",9,6,"0.00%",0,3,0,"0.00%",4,0,0,1,0,"0.00%",6,6,0,2,0,"FCS",302,NA,NA,NA,302
"Sam Ofurie","RHODE ISLD",24,42.54,"C","LB",2026,"CAA",74.5,77.7,NA,62.2,0,1,2,0,0,0,1,1,0,0,0,0,0,0,0,1,0,1,2,NA,NA,NA,NA,15,2.33,"13.30%","26.70%",2,9,0,"0.00%",0,0,0,0,0,0,0,0,0,"55.60%",0,0,0,0,0,"0.00%","0.00%","0.00%","0.00%",0,0,"0.00%",33,4,"0.00%",1,2,0,"0.00%",3,1,0,0,0,"0.00%",4,4,0,0,0,"FCS",7,NA,NA,NA,7
"Jeb Koetting","COLGATE",18,42.51,"C","LB",2026,"Patriot",54.4,55.7,67.1,53,0,1,2,0,0,0,1,1,0,1,0,0,0,0,0,0,0,6,3,2,"50.00%","50.00%",25,10,4,"20.00%","20.00%",2,6,1,"100%",59,59,0,1,0,1,118.8,9.83,1,"16.70%",0,0,0,1,1,"16.70%","0.00%","100%","0.00%",59,20,"100%",43,5,"28.60%",2,2,0,"33.30%",3,1,2,0,0,"0.00%",7,7,0,0,0,"FCS",257,NA,NA,NA,257
"Tye Niekamp","ILL STATE",42,42.46,"C","LB",2026,"Missouri Valley",71,81.5,57.2,62.9,0,0,2,0,0,1,0,1,0,0,0,0,0,1,0,0,0,4,1,12,"8.30%","8.30%",4.2,14,3,"0","28.60%",0,16,2,"100%",4,2,0,1,0,0,79.2,0.25,0,"31.30%",0,0,0,1,1,"0.00%","0.00%","50.00%","0.00%",2,-0.5,"0.00%",46,3,"0.00%",0,1,0,"0.00%",1,0,0,1,1,"0.00%",3,3,0,2,0,"FCS",33,NA,NA,NA,33
"Andrew Ruffin","W GEORGIA",41,42.43,"C","LB",2026,"United Athletic",61.3,30.8,46.4,90.7,0,1,2,0,0,0,1,1,0,0,0,1,0,2,0,1,0,6,8,2,"0","0.00%",0,22,3,"31.80%","4.50%",7,17,1,"50.00%",-1,-1,0,0,0,0,56.3,-0.06,0,"23.50%",0,2,1,1,1,"0.00%","100%","0.00%","0.00%",-0.5,-1.5,"0.00%",14,5,"44.40%",1,1,1,"50.00%",3,0,3,1,1,"33.30%",9,9,1,1,1,"FCS",337,NA,NA,NA,337
"Tristan Lennon","CHARLES SO",38,42.25,"C","LB",2026,"Big South - OVC Football Association",69.5,62.5,59.6,71.2,0,1,3,0,0,0,0,0,0,2,0,0,0,0,0,0,0,6,4,3,"0","0.00%",0,16,3.67,"12.50%","12.50%",2,19,3,"60.00%",38,12.7,0,1,0,2,83.8,2,1,"26.30%",0,3,0,2,3,"5.30%","60.00%","20.00%","0.00%",7.6,7,"40.00%",25,6,"33.30%",1,2,0,"20.00%",3,1,1,1,0,"50.00%",9,9,0,2,2,"FCS",256,NA,NA,NA,256
"C.J. Miller","LAMAR",33,42,"C","LB",2026,"Southland",64.1,58.1,67.3,63.9,0,3,0,0,0,0,3,3,0,0,0,0,0,0,0,1,0,3,4,3,"33.30%","66.70%",33.3,19,11,"15.80%","5.30%",3,11,0,"0.00%",0,0,0,0,0,0,0,0,0,"45.50%",0,0,0,0,1,"0.00%","0.00%","0.00%","0.00%",0,0,"0.00%",35,4,"33.30%",3,0,0,"0.00%",1,3,0,0,0,"100%",6,6,0,0,2,"FCS",225,NA,NA,NA,225
"Trent Zappe","HOUCHR",72,41.95,"C","LB",2026,"Southland",59.2,54.9,NA,66.2,0,4,2,0,0,0,0,0,0,0,0,0,0,0,0,0,0,7,8,NA,NA,NA,NA,58,8.25,"13.80%","5.20%",8,14,1,"50.00%",6,6,0,0,0,0,56.3,0.43,0,"21.40%",0,1,1,0,0,"0.00%","50.00%","0.00%","0.00%",3,5.5,"0.00%",4,9,"18.20%",4,2,0,"20.00%",4,4,2,0,0,"0.00%",11,11,0,1,0,"FCS",50,NA,NA,NA,50
"DeShaun Malone","CHISTA",21,41.78,"C","LB",2026,"IND (FCS)",68.6,62.5,67.9,65.2,0,0,1,1,0,0,1,2,0,0,0,0,0,0,0,1,0,0,0,2,"50.00%","50.00%",25,10,0,"0","0",0,9,0,"0.00%",0,0,0,0,0,0,39.6,0,0,"44.40%",0,0,1,0,1,"0.00%","0.00%","0.00%","0.00%",0,1,"0.00%",20,2,"0.00%",0,0,0,"0.00%",0,0,0,1,0,"0.00%",2,2,0,1,0,"FCS",381,NA,NA,NA,381
"Jeremiah Pruitt","ALBANY",78,41.64,"C","LB",2026,"CAA",61,57.7,61.5,61.6,0,1,3,0,0,1,0,1,1,0,0,0,0,0,0,0,1,4,6,16,"6.30%","6.30%",3.1,25,3.67,"16.00%","8.00%",4,37,3,"100%",56,18.7,0,2,0,0,118.8,1.51,2,"32.40%",0,3,0,2,1,"5.40%","100%","66.70%","0.00%",18.7,14.7,"0.00%",1,6,"25.00%",1,2,0,"33.30%",3,1,2,1,0,"0.00%",8,8,0,2,0,"FCS",251,NA,NA,NA,251
"Danarius Hilliard","ARKAPB",51,41.62,"C","LB",2026,"SWAC",38.2,46.1,65.6,36.6,0,2,2,1,0,1,0,2,0,0,0,0,0,1,0,1,0,4,10,4,"25.00%","25.00%",12.5,23,6,"26.10%","8.70%",6,24,4,"100%",67,16.8,1,2,0,0,158.3,2.79,2,"33.30%",1,3,0,4,0,"8.30%","75.00%","50.00%","0.00%",16.8,9.5,"0.00%",0,6,"14.30%",2,2,1,"0.00%",3,1,0,0,0,"33.30%",7,7,1,0,1,"FCS",316,NA,NA,NA,316
"RJ Jones II","UTAHTC",48,41.51,"C","LB",2026,"Big Sky",64.3,61.5,58.3,66,0,2,3,0,0,0,0,0,0,0,0,0,0,0,0,0,0,6,4,2,"0","0.00%",0,31,10,"12.90%","9.70%",4,15,0,"0.00%",0,0,0,0,0,0,39.6,0,0,"33.30%",0,0,0,0,0,"0.00%","0.00%","0.00%","0.00%",0,4,"0.00%",8,8,"11.10%",2,3,0,"0.00%",5,2,0,0,0,"50.00%",9,9,0,1,1,"FCS",98,NA,NA,NA,98
"Tommy Diamond","BUTLER",57,41.37,"C","LB",2026,"Pioneer",47.2,59.7,56.7,41.5,0,5,1,0,0,0,0,0,0,0,0,0,0,0,0,0,0,6,5,2,"0","0.00%",0,30,3,"6.70%","3.30%",2,25,4,"100%",75,18.8,0,2,0,0,118.8,3,2,"16.00%",0,0,0,3,0,"8.00%","0.00%","50.00%","0.00%",18.8,9.3,"0.00%",41,10,"0.00%",5,1,0,"0.00%",2,3,0,0,0,"0.00%",10,10,2,3,0,"FCS",218,NA,NA,NA,218
"Logalima Lesa","SO UTAH",41,41.31,"C","LB",2026,"Big Sky",55.5,66.7,57,48.6,0,0,3,0,0,0,0,0,0,0,0,0,0,1,0,0,0,2,3,3,"0","0.00%",0,18,4.33,"5.60%","11.10%",1,20,1,"50.00%",35,35,0,1,0,0,95.8,1.75,1,"25.00%",0,0,1,2,0,"5.00%","0.00%","50.00%","0.00%",17.5,17,"0.00%",44,3,"0.00%",0,3,1,"0.00%",3,0,0,0,0,"0.00%",3,3,0,0,0,"FCS",303,NA,NA,NA,303
"Greg Turner III","TENN TECH",39,41.18,"C","LB",2026,"Southern",67.5,69.2,54.5,63.7,0,3,2,0,0,0,0,0,0,0,0,0,0,0,0,0,0,1,1,5,"0","0.00%",0,21,6.33,"4.80%","0",1,13,0,"0.00%",0,0,0,0,0,0,0,0,0,"46.20%",0,0,0,0,0,"0.00%","0.00%","0.00%","0.00%",0,0,"0.00%",2,6,"0.00%",3,2,0,"0.00%",3,3,0,0,0,"0.00%",6,6,0,0,0,"FCS",110,NA,NA,NA,110
"Harold Lawson","NWSTATE",32,41.14,"C","LB",2026,"Southland",54.7,59.3,58.2,53,0,1,2,0,0,0,1,1,0,0,0,0,0,1,0,0,0,3,4,1,"100%","100%",50,21,2.67,"9.50%","4.80%",2,10,1,"100%",37,37,0,1,0,0,118.8,3.7,1,"20.00%",0,1,0,1,0,"10.00%","100%","100%","0.00%",37,16,"0.00%",35,4,"33.30%",1,2,1,"20.00%",3,1,1,0,0,"100%",6,6,0,0,1,"FCS",111,NA,NA,NA,111
"Lincoln Tuioti-Mariner","SO UTAH",46,40.86,"C","LB",2026,"Big Sky",68.1,71.3,58.3,63.8,0,0,1,0,0,0,0,0,0,2,0,0,0,1,0,0,0,3,3,2,"0","0.00%",0,15,2.5,"0","6.70%",0,29,4,"80.00%",38,9.5,0,3,0,2,98.3,1.31,1,"20.70%",0,0,0,3,3,"3.50%","0.00%","60.00%","0.00%",7.6,8.4,"40.00%",4,2,"33.30%",0,1,1,"0.00%",2,0,0,0,0,"100%",3,3,0,0,1,"FCS",1,NA,NA,NA,1
"LJ Minner Jr.","SE MO ST",37,40.86,"C","LB",2026,"Big South - OVC Football Association",61.7,57.9,57.5,65.2,0,1,4,1,0,0,1,2,0,0,0,0,0,0,0,1,1,5,5,2,"0","50.00%",25,19,2,"21.10%","21.10%",4,16,1,"100%",6,6,0,0,0,0,91.7,0.38,0,"37.50%",0.5,1,0,0,0,"0.00%","100%","0.00%","0.00%",6,0,"0.00%",9,6,"14.30%",1,3,0,"20.00%",3,1,1,1,0,"0.00%",7,7,0,1,0,"FCS",342,NA,NA,NA,342
"Dawson Washington","LAMAR",38,40.62,"C","LB",2026,"Southland",63.3,72,47.7,60.7,0,3,1,0,0,0,1,1,0,0,0,0,0,0,0,0,1,2,3,2,"0","50.00%",25,18,2,"5.60%","16.70%",1,18,2,"100%",25,12.5,0,1,0,0,118.8,1.39,1,"22.20%",0,2,0,1,0,"5.60%","100%","50.00%","0.00%",12.5,5.5,"0.00%",18,4,"33.30%",3,1,0,"25.00%",1,2,1,0,0,"50.00%",6,6,1,0,1,"FCS",351,NA,NA,NA,351
"Zach Chambers","DUQUESNE",60,40.42,"C","LB",2026,"Northeast",56.3,55.4,NA,60.5,0,3,5,0,0,0,0,0,0,0,0,0,0,1,0,0,0,12,11,NA,NA,NA,NA,53,5.22,"20.80%","7.50%",11,7,1,"100%",0,0,0,0,0,0,79.2,0,0,"71.40%",0,0,0,1,1,"0.00%","0.00%","0.00%","0.00%",0,-5,"0.00%",11,13,"7.10%",3,4,0,"7.70%",9,3,1,1,1,"0.00%",14,14,0,1,0,"FCS",31,NA,NA,NA,31
"Jesse Garza","SO UTAH",15,40.42,"C","LB",2026,"Big Sky",75.2,75.4,60,61.5,0,1,1,0,0,0,0,0,0,0,0,0,0,1,0,0,0,1,0,1,"0","0.00%",0,10,0,"0","20.00%",0,4,0,"0.00%",0,0,0,0,0,0,0,0,0,"0.00%",0,0,0,0,0,"0.00%","0.00%","0.00%","0.00%",0,0,"0.00%",45,2,"0.00%",1,1,1,"0.00%",1,1,0,0,0,"0.00%",2,2,0,0,0,"FCS",135,NA,NA,NA,135
"Ron Burton","HOLY CROSS",24,40.38,"C","LB",2026,"Patriot",70.4,73.5,57.4,62.3,0,1,1,0,0,0,0,0,0,0,0,0,0,1,0,0,0,2,1,3,"0","0.00%",0,16,1,"6.30%","18.80%",1,5,0,"0.00%",0,0,0,0,0,0,0,0,0,"0.00%",0,0,0,0,0,"0.00%","0.00%","0.00%","0.00%",0,0,"0.00%",22,3,"0.00%",1,1,1,"0.00%",2,1,0,0,0,"0.00%",3,3,0,0,0,"FCS",220,NA,NA,NA,220
"Nick Hoying","BUCKNELL",48,40.29,"C","LB",2026,"Patriot",56.1,65.7,65.9,45.1,0,1,1,1,0,0,0,1,0,0,0,0,0,0,0,0,1,3,5,4,"0","25.00%",25,26,5.5,"7.70%","3.90%",2,18,3,"100%",38,12.7,0,2,0,0,118.8,2.11,1,"16.70%",0,0,0,3,0,"5.60%","0.00%","66.70%","0.00%",12.7,2.7,"0.00%",23,6,"0.00%",1,1,0,"0.00%",2,0,0,0,0,"0.00%",6,6,1,2,0,"FCS",80,NA,NA,NA,80
"Ryan McKinnis","W CAROLINA",44,40.06,"C","LB",2026,"Southern",65.1,65.9,53,65.6,0,0,2,0,0,0,0,0,0,0,0,0,0,0,0,0,0,2,1,7,"0","0.00%",0,19,5,"5.30%","0",1,18,1,"100%",25,25,0,0,0,0,118.8,1.39,1,"27.80%",0,0,0,0,0,"5.60%","0.00%","0.00%","0.00%",25,20,"0.00%",8,5,"0.00%",0,2,0,"0.00%",3,0,0,0,0,"0.00%",5,5,0,1,0,"FCS",108,NA,NA,NA,108
"Charles Chappelle","N ALABAMA",35,39.91,"D","LB",2026,"United Athletic",66.7,76.2,45.3,64.3,0,3,1,0,0,0,1,1,0,0,0,0,0,0,0,0,1,2,1,6,"0","16.70%",8.3,19,3,"0","5.30%",0,10,1,"100%",8,8,0,0,0,0,100,0.8,0,"10.00%",0,1,0,0,0,"0.00%","100%","0.00%","0.00%",8,9,"0.00%",35,5,"16.70%",3,1,0,"0.00%",1,3,0,0,0,"50.00%",6,6,0,1,1,"FCS",373,NA,NA,NA,373
"TJ Nelson","LAMAR",33,39.89,"D","LB",2026,"Southland",56.7,65.8,58.5,46.1,0,1,1,0,0,0,1,1,0,0,0,0,0,1,0,1,0,1,3,3,"0","0.00%",0,21,5.5,"9.50%","9.50%",2,9,1,"50.00%",17,17,0,1,0,0,79.2,1.89,1,"33.30%",0,2,0,1,0,"11.10%","100%","50.00%","0.00%",8.5,11.5,"0.00%",20,3,"0.00%",1,1,1,"0.00%",2,1,0,0,0,"0.00%",3,3,0,0,0,"FCS",165,NA,NA,NA,165
"Ryan Bassani","DAVIDSON",26,39.7,"D","LB",2026,"Pioneer",63.4,71.1,46,62,0,0,2,0,0,0,1,1,0,0,0,0,0,1,0,0,1,5,2,4,"0","25.00%",12.5,16,4.4,"6.30%","18.80%",1,6,0,"0.00%",0,0,0,0,0,0,0,0,0,"66.70%",0,0,0,0,0,"0.00%","0.00%","0.00%","0.00%",0,0,"0.00%",32,5,"16.70%",0,2,1,"0.00%",5,0,0,0,0,"100%",6,6,0,0,1,"FCS",285,NA,NA,NA,285
"Caleb Nuhi-Yandall","TXAMEA",22,39.63,"D","LB",2026,"Southland",61.4,70.1,NA,54.5,0,1,3,0,0,0,0,0,0,0,0,0,0,0,0,0,0,4,2,NA,NA,NA,NA,8,3,"12.50%","12.50%",1,14,1,"100%",14,14,0,1,0,0,118.8,1,0,"14.30%",0,0,0,1,0,"0.00%","0.00%","100%","0.00%",14,4,"0.00%",17,7,"0.00%",1,2,0,"0.00%",4,0,0,1,0,"0.00%",7,7,1,2,0,"FCS",323,NA,NA,NA,323
"Landon Barrett","MCNEESE",32,39.34,"D","LB",2026,"Southland",67.2,72.6,53.2,64.3,0,1,3,0,0,0,0,0,0,0,0,0,0,1,0,0,0,5,2,8,"0","0.00%",0,10,6,"10.00%","30.00%",1,14,2,"66.70%",2,1,0,0,0,0,70.1,0.14,0,"42.90%",0,0,1,1,1,"0.00%","0.00%","0.00%","0.00%",0.7,1.3,"0.00%",1,4,"33.30%",1,1,0,"33.30%",1,1,1,2,1,"33.30%",6,6,0,2,1,"FCS",191,NA,NA,NA,191
"Cahari Haynes","GARD-WEBB",46,39.31,"D","LB",2026,"Big South - OVC Football Association",56.7,68.9,59.5,47.9,0,2,3,0,0,0,0,0,0,0,0,0,0,0,0,0,0,6,4,1,"0","0.00%",0,23,3.5,"4.30%","8.70%",1,22,3,"75.00%",52,17.3,0,1,0,0,116.7,2.36,1,"36.40%",0,0,1,3,0,"4.50%","0.00%","25.00%","0.00%",13,3.8,"0.00%",24,7,"22.20%",2,3,0,"16.70%",4,1,1,0,0,"33.30%",9,9,1,1,1,"FCS",107,NA,NA,NA,107
"Charles Battaglia","CAMPBELL",58,39.16,"D","LB",2026,"CAA",54.7,69.2,54.5,50.9,0,2,1,0,0,0,0,0,0,0,0,0,0,0,0,0,0,3,4,5,"0","0.00%",0,13,5,"0","0",0,40,5,"100%",52,10.4,0,3,0,0,110,1.3,1,"30.00%",0,0,0,4,1,"2.50%","0.00%","60.00%","0.00%",10.4,5.8,"0.00%",33,5,"16.70%",2,0,0,"0.00%",1,0,0,1,0,"20.00%",6,6,2,2,1,"FCS",368,NA,NA,NA,368
"Beckham Dee","LAFAYETTE",57,38.97,"D","LB",2026,"Patriot",46.9,49.5,73.6,42.9,0,3,4,0,0,0,3,3,1,0,1,0,0,0,0,1,0,5,10,6,"33.30%","16.70%",8.3,24,3.2,"25.00%","8.30%",6,27,2,"66.70%",29,14.5,0,1,1,0,58.3,1.07,1,"22.20%",0,2,0,4,2,"3.70%","66.70%","33.30%","33.30%",9.7,11.3,"0.00%",11,8,"20.00%",3,4,0,"11.10%",5,3,1,0,0,"100%",10,10,0,0,1,"FCS",163,NA,NA,NA,163
"Grady Catanzano","HOUCHR",22,38.87,"D","LB",2026,"Southland",64.9,69.7,NA,55.2,0,2,0,0,0,0,0,0,0,0,0,0,0,0,0,0,0,1,1,NA,NA,NA,NA,15,12,"0","6.70%",0,7,1,"100%",11,11,0,1,0,0,112.5,1.57,0,"28.60%",0,1,0,1,0,"0.00%","100%","100%","0.00%",11,4,"0.00%",6,4,"0.00%",2,0,0,"0.00%",1,2,0,0,0,"0.00%",4,4,0,1,0,"FCS",214,NA,NA,NA,214
"Jaiden Haygood","TXRG",53,38.85,"D","LB",2026,"Southland",57.7,63.3,54.7,56.1,0,2,3,0,0,0,1,1,0,0,0,0,0,1,0,0,1,7,5,5,"0","20.00%",10,20,2.5,"10.00%","10.00%",2,28,4,"80.00%",32,8,0,3,0,0,93.3,1.14,1,"35.70%",0,0,1,3,1,"3.60%","0.00%","60.00%","0.00%",6.4,4.4,"0.00%",23,8,"11.10%",2,2,0,"20.00%",2,2,1,1,1,"0.00%",9,9,0,4,0,"FCS",326,NA,NA,NA,326
"Ronan Poynton","DRAKE",26,38.83,"D","LB",2026,"Pioneer",70.1,68.9,60,65.2,0,0,1,0,0,0,0,0,0,0,0,0,0,0,0,0,0,2,0,2,"0","0.00%",0,15,9,"0","0",0,9,0,"0.00%",0,0,0,0,0,0,0,0,0,"11.10%",0,0,0,0,0,"0.00%","0.00%","0.00%","0.00%",0,0,"0.00%",15,4,"0.00%",0,1,0,"0.00%",3,0,0,0,0,"0.00%",4,4,0,1,0,"FCS",117,NA,NA,NA,117
"BJ Blake","NORFOLK",20,38.79,"D","LB",2026,"MEAC",65.4,65.3,NA,61,0,1,1,0,0,0,0,0,0,0,0,0,0,1,0,0,0,1,1,NA,NA,NA,NA,18,3,"5.60%","11.10%",1,2,0,"0.00%",0,0,0,0,0,0,0,0,0,"50.00%",0,0,0,0,0,"0.00%","0.00%","0.00%","0.00%",0,0,"0.00%",0,4,"0.00%",1,1,1,"0.00%",3,1,0,0,0,"0.00%",4,4,0,0,0,"FCS",164,NA,NA,NA,164
"Cedric Thornton Jr.","PRVIEW A&M",27,38.68,"D","LB",2026,"SWAC",69.6,69.7,59.7,65.3,0,0,2,0,0,0,0,0,0,0,0,0,0,0,0,0,0,3,0,1,"0","0.00%",0,17,2.5,"0","5.90%",0,9,1,"50.00%",6,6,0,0,0,0,56.3,0.67,0,"66.70%",0,0,1,0,0,"0.00%","0.00%","0.00%","0.00%",3,3.5,"0.00%",32,3,"0.00%",0,2,0,"0.00%",2,0,0,0,0,"0.00%",3,3,0,1,0,"FCS",385,NA,NA,NA,385
"Tymere Burton","SE MO ST",15,38.57,"D","LB",2026,"Big South - OVC Football Association",73.9,77.1,57.5,61.6,0,0,1,0,0,0,0,0,0,0,0,0,0,1,0,0,0,1,0,2,"0","0.00%",0,9,0,"0","22.20%",0,4,0,"0.00%",0,0,0,0,0,0,0,0,0,"0.00%",0,0,0,0,0,"0.00%","0.00%","0.00%","0.00%",0,0,"0.00%",0,1,"0.00%",0,1,1,"0.00%",1,0,0,0,0,"0.00%",1,1,0,0,0,"FCS",114,NA,NA,NA,114
"Cruz Hepburn","IDAHO",55,38.44,"D","LB",2026,"Big Sky",67.4,73.4,63.2,56.4,0,2,2,0,0,0,0,0,1,0,0,0,0,0,0,0,0,3,4,9,"11.10%","0.00%",0,32,1.5,"9.40%","15.60%",3,14,1,"100%",15,15,0,1,0,0,118.8,1.07,1,"7.10%",0,1,0,1,0,"7.10%","100%","100%","0.00%",15,13,"0.00%",44,4,"33.30%",2,2,0,"33.30%",2,2,2,0,0,"0.00%",6,6,0,0,0,"FCS",193,NA,NA,NA,193
"AJ Roberts","STNY BROOK",34,38.2,"D","LB",2026,"CAA",63.7,66.6,59.5,60,0,1,3,0,0,0,0,0,0,0,0,0,0,1,0,0,0,3,2,1,"0","0.00%",0,20,6.75,"5.00%","5.00%",1,13,1,"100%",-1,-1,0,0,0,0,79.2,-0.08,0,"23.10%",0,0,0,1,0,"0.00%","0.00%","0.00%","0.00%",-1,-6,"0.00%",2,5,"16.70%",1,3,1,"0.00%",4,1,0,0,0,"100%",6,6,0,0,1,"FCS",4,NA,NA,NA,4
"Xavier Ahrens","MONTANA ST",15,38.15,"D","LB",2026,"Big Sky",74,63.5,58.8,74.1,0,1,1,0,0,0,0,0,0,0,0,0,0,0,0,0,0,1,0,1,"0","0.00%",0,9,0,"0","0",0,5,1,"100%",2,2,0,0,0,0,79.2,0.4,0,"40.00%",0,0,0,0,1,"0.00%","0.00%","0.00%","0.00%",2,2,"0.00%",43,2,"0.00%",1,0,0,"0.00%",0,0,0,1,0,"0.00%",2,2,1,1,0,"FCS",272,NA,NA,NA,272
"Anthony Ottinot","BRYANT",31,38.13,"D","LB",2026,"CAA",65.2,78,NA,45.3,0,2,1,0,0,0,0,0,0,0,0,0,0,0,0,0,0,2,1,NA,NA,NA,NA,22,8,"0","4.50%",0,9,2,"100%",19,9.5,0,1,0,0,106.3,2.11,0,"11.10%",0,2,0,1,0,"0.00%","100%","50.00%","0.00%",9.5,3.5,"0.00%",53,5,"0.00%",2,1,0,"0.00%",3,2,0,0,0,"0.00%",5,5,0,0,0,"FCS",252,NA,NA,NA,252
"Nolan Story","SAN DIEGO",16,38.1,"D","LB",2026,"Pioneer",59,66,59.6,53.3,0,2,1,0,0,0,0,0,0,0,0,0,0,0,0,0,0,3,3,2,"0","0.00%",0,9,2,"11.10%","22.20%",1,5,3,"100%",41,13.7,0,2,0,0,118.8,8.2,1,"20.00%",0,0,0,2,1,"20.00%","0.00%","66.70%","0.00%",13.7,3,"0.00%",5,4,"0.00%",2,1,0,"0.00%",1,1,0,0,0,"0.00%",4,4,1,1,0,"FCS",384,NA,NA,NA,384
"Kobe Davis","HAMPTON",32,38.02,"D","LB",2026,"CAA",61.4,60.3,56.7,62.3,0,1,1,0,0,1,0,1,0,0,0,0,0,1,0,1,0,4,2,3,"0","33.30%",16.7,10,8,"10.00%","0",1,19,2,"100%",8,4,0,1,0,0,83.3,0.42,0,"26.30%",0,0,0,1,1,"0.00%","0.00%","50.00%","0.00%",4,-2,"0.00%",13,4,"0.00%",1,0,0,"0.00%",1,1,0,1,1,"0.00%",4,4,0,2,0,"FCS",263,NA,NA,NA,263
"Elijah Rainer","WM & MARY",31,37.99,"D","LB",2026,"Patriot",60,69.9,59.7,53.8,0,0,1,0,0,0,0,0,0,0,0,1,1,0,0,0,0,5,3,1,"0","0.00%",0,13,9,"7.70%","15.40%",1,17,4,"100%",33,8.3,0,1,0,0,101,1.94,0,"23.50%",0,0,0,2,0,"0.00%","0.00%","25.00%","0.00%",8.3,6.5,"0.00%",6,6,"14.30%",0,0,0,"33.30%",2,0,1,1,0,"0.00%",7,7,0,4,0,"FCS",72,NA,NA,NA,72
"Omari Kinsler","FL A&M",40,37.95,"D","LB",2026,"SWAC",56.3,55.1,66.4,56.2,0,1,2,0,0,0,1,1,0,0,0,0,0,0,0,1,0,1,4,3,"0","33.30%",16.7,19,0,"15.80%","5.30%",3,18,1,"50.00%",15,15,0,0,0,0,75,0.83,1,"44.40%",0,0,1,1,0,"5.60%","0.00%","0.00%","0.00%",7.5,6,"0.00%",0,3,"0.00%",1,0,0,"0.00%",0,0,0,2,0,"0.00%",3,3,1,2,0,"FCS",391,NA,NA,NA,391
"JJ Jean-Louis","PRVIEW A&M",15,37.86,"D","LB",2026,"SWAC",63,65.2,71.5,54.3,0,0,2,1,0,0,0,1,0,0,0,0,0,0,0,1,0,2,1,1,"0","0.00%",0,7,4,"0","0",0,7,1,"100%",15,15,0,1,0,0,118.8,2.14,1,"28.60%",1,0,0,1,1,"14.30%","0.00%","100%","0.00%",15,10,"0.00%",35,3,"0.00%",0,1,0,"0.00%",1,0,0,1,0,"0.00%",3,3,0,1,0,"FCS",105,NA,NA,NA,105
"Jamie Speight","W GEORGIA",36,37.72,"D","LB",2026,"United Athletic",54.9,45,73.6,58.9,0,2,0,0,0,0,1,1,1,0,0,0,0,0,0,0,0,3,4,5,"40.00%","20.00%",10,18,8,"16.70%","5.60%",3,13,3,"75.00%",16,5.3,0,1,0,0,81.3,1.23,0,"38.50%",0,2,1,1,0,"0.00%","50.00%","25.00%","0.00%",4,2.5,"0.00%",8,4,"33.30%",2,0,0,"33.30%",1,1,1,0,0,"33.30%",6,6,1,1,1,"FCS",199,NA,NA,NA,199
"Acear Cornish","WAGNER",42,37.41,"D","LB",2026,"Northeast",60.4,61.4,63.7,57,0,3,4,1,0,0,0,1,0,0,0,0,0,0,0,0,1,8,4,6,"0","0.00%",0,16,2.25,"18.80%","18.80%",3,20,1,"100%",1,1,0,0,0,0,79.2,0.05,0,"55.00%",1,0,0,1,1,"0.00%","0.00%","0.00%","0.00%",1,1,"0.00%",3,8,"11.10%",3,3,0,"12.50%",4,3,1,1,0,"0.00%",9,9,0,0,0,"FCS",185,NA,NA,NA,185
"Jackson Barry","LIUSHAR",38,37.3,"D","LB",2026,"Northeast",64.5,68.4,64,54.8,1,1,1,0,0,0,0,0,0,0,0,0,0,0,0,0,0,3,4,3,"0","0.00%",0,26,2.67,"11.50%","15.40%",3,9,1,"50.00%",8,8,0,1,0,0,60.4,0.89,0,"0.00%",0,2,1,1,1,"0.00%","100%","50.00%","0.00%",4,-0.5,"0.00%",33,5,"0.00%",1,1,0,"0.00%",3,1,0,0,0,"0.00%",5,5,0,1,0,"FCS",65,NA,NA,NA,65
"Kaleb Brown","TENN TECH",38,37.12,"D","LB",2026,"Southern",67.6,67.9,59,65,0,2,1,0,0,0,0,0,0,0,0,0,0,0,0,0,0,2,1,1,"0","0.00%",0,21,4,"4.80%","4.80%",1,16,0,"0.00%",0,0,0,0,0,0,0,0,0,"62.50%",0,0,0,0,0,"0.00%","0.00%","0.00%","0.00%",0,0,"0.00%",3,4,"0.00%",2,1,0,"0.00%",1,2,0,0,0,"0.00%",4,4,0,1,0,"FCS",27,NA,NA,NA,27
"Jackson Marshall","E KENTUCKY",20,36.73,"D","LB",2026,"United Athletic",66.5,62.7,NA,65.6,0,2,1,0,0,0,0,0,0,0,0,0,0,0,0,0,0,2,1,NA,NA,NA,NA,8,4,"12.50%","0",1,12,1,"100%",14,14,0,1,0,0,118.8,1.17,0,"0.00%",0,0,0,0,0,"0.00%","0.00%","100%","0.00%",14,-5,"0.00%",37,3,"0.00%",2,1,0,"0.00%",1,1,0,0,0,"0.00%",3,3,1,0,0,"FCS",24,NA,NA,NA,24
"Emauri Sibley","MCNEESE",22,36.7,"D","LB",2026,"Southland",62.6,76.9,55.7,51.1,0,0,1,0,0,0,0,0,0,0,0,0,0,1,0,0,0,1,1,5,"0","0.00%",0,8,3.5,"0","25.00%",0,9,1,"100%",13,13,0,1,0,0,118.8,1.44,0,"22.20%",0,0,0,1,0,"0.00%","0.00%","100%","0.00%",13,11,"0.00%",6,2,"0.00%",0,1,1,"0.00%",2,0,0,0,0,"0.00%",2,2,0,0,0,"FCS",116,NA,NA,NA,116
"Anthony Ferrelli","STNY BROOK",64,36.66,"D","LB",2026,"CAA",57.7,53.7,NA,61.9,0,3,4,0,0,0,0,0,0,0,0,0,0,0,0,0,0,7,6,NA,NA,NA,NA,32,3.4,"15.60%","12.50%",5,32,1,"100%",11,11,0,0,0,0,112.5,0.34,0,"43.80%",0,0,0,1,0,"0.00%","0.00%","0.00%","0.00%",11,3,"0.00%",42,10,"23.10%",3,4,0,"22.20%",5,2,2,0,0,"33.30%",13,13,1,1,1,"FCS",54,NA,NA,NA,54
"Jefferson Bretanys Desca","AUSTINPEAY",25,36.66,"D","LB",2026,"United Athletic",66.7,69.1,69.8,57.3,0,1,1,0,0,1,1,2,0,0,0,0,0,1,0,0,2,4,3,4,"0","25.00%",12.5,8,-2,"25.00%","37.50%",2,13,1,"100%",10,10,0,1,0,0,108.3,0.77,0,"30.80%",0,1,0,1,1,"0.00%","100%","100%","0.00%",10,-4,"0.00%",14,3,"40.00%",1,1,1,"33.30%",1,1,1,0,0,"50.00%",5,5,0,1,1,"FCS",241,NA,NA,NA,241
"Elijah Binakonsky","MERCYHURST",23,36.6,"D","LB",2026,"Northeast",72.8,73.4,NA,63,0,1,1,0,0,0,0,0,0,0,0,0,0,0,0,0,0,4,1,NA,NA,NA,NA,16,3.75,"6.30%","12.50%",1,7,0,"0.00%",0,0,0,0,0,0,0,0,0,"14.30%",0,0,0,0,0,"0.00%","0.00%","0.00%","0.00%",0,0,"0.00%",30,5,"16.70%",1,1,0,"16.70%",4,1,1,0,0,"0.00%",6,6,0,0,0,"FCS",195,NA,NA,NA,195
"Gage Hinkley","RHODE ISLD",17,36.53,"D","LB",2026,"CAA",72.5,73.8,56.3,63,0,0,1,0,0,0,0,0,0,0,0,0,0,0,0,0,0,4,0,2,"0","0.00%",0,12,4.33,"0","8.30%",0,3,0,"0.00%",0,0,0,0,0,0,0,0,0,"33.30%",0,0,0,0,0,"0.00%","0.00%","0.00%","0.00%",0,0,"0.00%",55,4,"0.00%",0,1,0,"0.00%",3,0,0,0,0,"0.00%",4,4,0,1,0,"FCS",238,NA,NA,NA,238
"Tyler Morehead","PRVIEW A&M",18,36.39,"D","LB",2026,"SWAC",66.8,56.1,76.1,61.8,0,0,1,0,0,2,0,2,0,0,0,0,1,0,0,2,0,2,1,1,"0","0.00%",0,6,1,"16.70%","16.70%",1,11,0,"0.00%",0,0,0,0,0,0,0,0,0,"63.60%",0,0,0,0,2,"0.00%","0.00%","0.00%","0.00%",0,0,"0.00%",19,1,"0.00%",0,1,0,"0.00%",1,0,0,0,0,"0.00%",1,1,0,0,0,"FCS",9,NA,NA,NA,9
"Eddie Jackson III","TOWSON",15,36.35,"D","LB",2026,"CAA",72.4,63.4,NA,68.1,0,0,0,0,0,0,0,0,0,0,0,0,0,0,0,0,0,0,0,NA,NA,NA,NA,13,0,"0","0",0,2,0,"0.00%",0,0,0,0,0,1,39.6,0,0,"100%",0,0,0,0,1,"0.00%","0.00%","0.00%","0.00%",0,24,"100%",NA,NA,NA,NA,NA,NA,NA,NA,NA,NA,NA,NA,NA,NA,NA,NA,NA,NA,"FCS",64,NA,NA,NA,64
"Gary Seidenberger","STF AUSTIN",15,36.35,"D","LB",2026,"Southland",63,65.9,68.7,53.5,0,1,0,0,0,0,0,0,1,0,0,0,0,0,0,0,0,0,1,3,"33.30%","0.00%",0,5,0,"0","20.00%",0,7,1,"100%",19,19,0,1,0,0,118.8,2.71,1,"14.30%",0,0,0,1,0,"14.30%","0.00%","100%","0.00%",19,14,"0.00%",5,1,"0.00%",1,0,0,"0.00%",0,0,0,0,0,"0.00%",1,1,1,0,0,"FCS",353,NA,NA,NA,353
"Bryce Grebe","MONTANA ST",18,36.28,"D","LB",2026,"Big Sky",63.9,80.3,NA,43.5,0,1,2,0,0,0,0,0,0,0,0,0,0,0,0,0,0,3,1,NA,NA,NA,NA,12,2.5,"0","16.70%",0,6,1,"100%",27,27,0,1,0,0,118.8,4.5,1,"16.70%",0,0,0,1,0,"16.70%","0.00%","100%","0.00%",27,23,"0.00%",10,3,"0.00%",1,2,0,"0.00%",2,1,0,0,0,"0.00%",3,3,0,0,0,"FCS",122,NA,NA,NA,122
"Ryder Bordner","IDAHO",52,36.27,"D","LB",2026,"Big Sky",46.2,46.7,65,49.6,0,3,4,0,0,0,0,0,1,0,0,0,0,2,0,0,0,7,10,3,"33.30%","0.00%",0,35,1.2,"22.90%","11.40%",8,14,0,"0.00%",0,0,0,0,0,0,0,0,0,"7.10%",0,0,0,2,0,"0.00%","0.00%","0.00%","0.00%",0,0,"0.00%",42,8,"42.90%",3,4,2,"36.40%",5,2,4,0,0,"66.70%",14,14,1,0,2,"FCS",109,NA,NA,NA,109
"Jeff Leavell","MERCYHURST",45,36.17,"D","LB",2026,"Northeast",59.1,60.8,53.7,59.7,0,1,1,0,0,0,0,0,0,1,0,0,0,0,0,0,0,5,6,4,"0","0.00%",0,26,6,"15.40%","23.10%",4,15,2,"40.00%",22,11,0,1,0,1,53.8,1.47,0,"13.30%",0,3,2,2,1,"0.00%","60.00%","20.00%","0.00%",4.4,6.2,"20.00%",14,6,"33.30%",1,1,0,"37.50%",4,1,3,0,0,"0.00%",9,9,0,1,0,"FCS",196,NA,NA,NA,196
"Matthew Wilson","TENN STATE",29,36.09,"D","LB",2026,"Big South - OVC Football Association",53,49.9,57.9,58.7,0,2,0,0,0,0,2,2,0,0,0,0,0,0,0,0,2,1,3,3,"0","66.70%",33.3,11,5,"18.20%","0",2,15,2,"100%",21,10.5,1,1,0,0,150,1.4,0,"6.70%",0,2,0,1,0,"0.00%","100%","50.00%","0.00%",10.5,1.5,"0.00%",11,4,"0.00%",2,0,0,"0.00%",1,1,0,0,0,"0.00%",4,4,1,1,0,"FCS",171,NA,NA,NA,171
"Denzel Johnson","FL A&M",42,36.08,"D","LB",2026,"SWAC",68,44.2,59.5,90.3,0,0,1,0,0,0,0,0,0,0,0,1,1,0,0,0,0,2,9,1,"0","0.00%",0,31,4.5,"22.60%","3.20%",7,10,1,"100%",6,6,0,0,0,0,91.7,0.6,0,"60.00%",0,0,0,2,1,"0.00%","0.00%","0.00%","0.00%",6,1,"0.00%",12,3,"25.00%",0,1,0,"0.00%",2,0,0,0,0,"50.00%",4,4,0,1,1,"FCS",192,NA,NA,NA,192
"Mohammed Kelleh","ARKAPB",32,36.02,"D","LB",2026,"SWAC",65.3,65.3,55.7,64.1,0,2,1,0,0,0,0,0,0,0,0,0,0,0,0,0,0,3,2,3,"0","0.00%",0,17,6,"11.80%","5.90%",2,12,0,"0.00%",0,0,0,0,0,0,0,0,0,"16.70%",0,0,0,0,0,"0.00%","0.00%","0.00%","0.00%",0,0,"0.00%",51,5,"0.00%",2,1,0,"0.00%",3,2,0,0,0,"0.00%",5,5,0,0,0,"FCS",75,NA,NA,NA,75
"Ben Brandenburg","BUTLER",21,35.75,"D","LB",2026,"Pioneer",71.5,63.1,NA,71.5,0,0,1,0,0,0,0,0,0,0,0,0,0,0,0,0,0,4,0,NA,NA,NA,NA,11,0,"0","0",0,10,1,"33.30%",2,2,0,0,0,0,42.4,0.2,0,"40.00%",0,0,2,0,1,"0.00%","0.00%","0.00%","0.00%",0.7,4.3,"0.00%",35,1,"0.00%",0,0,0,"0.00%",0,0,0,1,0,"0.00%",1,1,0,1,0,"FCS",217,NA,NA,NA,217
"Adjatay Abegesah","STHLSK",34,35.74,"D","LB",2026,"Northeast",68.1,56.1,80.1,63.4,0,1,0,0,0,0,2,2,1,0,0,0,0,0,0,0,0,1,2,6,"50.00%","33.30%",16.7,13,0,"15.40%","15.40%",2,15,0,"0.00%",0,0,0,0,0,0,0,0,0,"40.00%",0,0,0,0,0,"0.00%","0.00%","0.00%","0.00%",0,0,"0.00%",5,1,"0.00%",1,0,0,"0.00%",0,1,0,0,0,"0.00%",1,1,0,0,0,"FCS",242,NA,NA,NA,242
"Kennon Loftin","NICHOLLS",35,35.74,"D","LB",2026,"Southland",51.3,64,55.9,46.6,0,0,2,0,0,0,0,0,0,0,0,0,0,1,0,0,0,6,5,3,"0","0.00%",0,14,6.4,"14.30%","14.30%",2,18,2,"100%",14,7,1,2,0,0,135.4,0.78,0,"0.00%",0,1,0,3,0,"0.00%","50.00%","100%","0.00%",7,6.5,"0.00%",1,8,"0.00%",0,2,1,"0.00%",5,0,0,0,0,"0.00%",8,8,0,3,0,"FCS",250,NA,NA,NA,250
"Jamal Jordan","GRAMBLING",32,35.65,"D","LB",2026,"SWAC",64.2,64,57.1,63.1,0,1,1,0,0,0,1,1,0,0,0,0,0,1,0,0,1,1,1,2,"0","0.00%",0,14,-1,"7.10%","7.10%",1,16,1,"50.00%",14,14,0,0,0,0,72.9,0.88,0,"31.30%",0,0,1,0,0,"0.00%","0.00%","0.00%","0.00%",7,-2.5,"0.00%",6,2,"33.30%",1,1,1,"33.30%",1,1,1,0,0,"0.00%",3,3,0,0,0,"FCS",205,NA,NA,NA,205
"Nehemiah Scott","SE MO ST",16,35.59,"D","LB",2026,"Big South - OVC Football Association",65.7,72.9,NA,58.2,0,1,1,0,0,0,0,0,0,0,0,0,0,0,0,0,0,1,1,NA,NA,NA,NA,9,0,"0","22.20%",0,7,2,"100%",25,12.5,0,1,0,0,118.8,3.57,1,"14.30%",0,2,0,1,0,"14.30%","100%","50.00%","0.00%",12.5,6.5,"0.00%",6,3,"0.00%",1,0,0,"0.00%",0,1,0,1,0,"0.00%",3,3,0,2,0,"FCS",344,NA,NA,NA,344
"Stephen Ntambwe","LIUSHAR",41,35.48,"D","LB",2026,"Northeast",56.4,57,NA,56.3,0,1,1,0,0,0,0,0,0,1,0,0,0,0,0,0,0,6,4,NA,NA,NA,NA,26,4.4,"7.70%","0",2,15,2,"66.70%",31,15.5,0,2,0,1,100.7,2.07,1,"13.30%",0,2,1,2,1,"6.70%","66.70%","66.70%","0.00%",10.3,11.3,"33.30%",42,7,"12.50%",1,1,0,"14.30%",5,1,1,0,0,"0.00%",8,8,0,1,0,"FCS",383,NA,NA,NA,383
"Nolan O'Hara","LNDNWD",16,35.43,"D","LB",2026,"Big South - OVC Football Association",57.5,70.5,NA,51.8,0,1,1,0,0,0,0,0,0,0,0,0,0,0,0,0,0,1,1,NA,NA,NA,NA,4,1,"0","25.00%",0,12,2,"100%",29,14.5,1,1,0,0,158.3,2.42,1,"25.00%",0,0,0,1,0,"8.30%","0.00%","50.00%","0.00%",14.5,15.5,"0.00%",24,2,"0.00%",1,1,0,"0.00%",1,0,0,0,0,"0.00%",2,2,1,0,0,"FCS",44,NA,NA,NA,44
"Cameron Demma","HOWARD",16,35.22,"D","LB",2026,"MEAC",70.8,62.8,59.6,71,0,2,0,0,0,0,0,0,0,0,0,0,0,0,0,0,0,1,1,1,"0","0.00%",0,7,4,"14.30%","0",1,8,0,"0.00%",0,0,0,0,0,0,0,0,0,"0.00%",0,0,0,0,1,"0.00%","0.00%","0.00%","0.00%",0,0,"0.00%",37,3,"0.00%",2,0,0,"0.00%",1,2,0,0,0,"0.00%",3,3,0,0,0,"FCS",304,NA,NA,NA,304
"Jadin Jones","SCAR STATE",35,35.17,"D","LB",2026,"MEAC",64.9,66.3,46.4,70.8,0,1,1,0,0,0,1,1,0,0,0,0,0,0,0,1,0,2,2,8,"0","0.00%",0,14,6,"7.10%","7.10%",1,13,1,"100%",7,7,0,0,0,0,95.8,0.54,0,"53.80%",0,0,0,1,1,"0.00%","0.00%","0.00%","0.00%",7,4,"0.00%",6,3,"25.00%",1,0,0,"0.00%",1,1,0,1,0,"50.00%",4,4,0,1,1,"FCS",392,NA,NA,NA,392
"Chris Johnson","MOREHEAD",25,35.14,"D","LB",2026,"Pioneer",70.6,65.3,NA,68,0,2,0,0,0,0,0,0,0,1,0,0,0,0,0,0,0,0,2,NA,NA,NA,NA,5,0,"0","0",0,20,0,"0.00%",0,0,0,0,0,2,39.6,0,0,"45.00%",0,0,0,2,2,"0.00%","0.00%","0.00%","0.00%",0,3,"100%",1,2,"50.00%",2,0,0,"0.00%",0,1,0,0,0,"66.70%",4,4,1,0,2,"FCS",245,NA,NA,NA,245
"Noah Carpenter","MAINE",53,35.08,"D","LB",2026,"CAA",62.2,52.8,59.3,69.6,0,2,4,0,0,0,0,0,0,0,0,0,0,1,0,0,0,12,6,1,"0","0.00%",0,26,3.4,"15.40%","3.90%",4,26,3,"100%",3,1,0,0,0,0,79.2,0.12,0,"23.10%",0,2,0,2,3,"0.00%","66.70%","0.00%","0.00%",1,0,"0.00%",7,10,"28.60%",2,1,0,"30.00%",5,2,3,3,1,"25.00%",14,14,0,3,1,"FCS",172,NA,NA,NA,172
"Diego Sanchez","NWSTATE",31,35.08,"D","LB",2026,"Southland",72.1,64.8,60,66.5,1,0,0,0,0,0,0,0,0,0,0,0,0,0,0,0,0,1,0,NA,NA,NA,NA,19,0,"0","0",0,12,2,"100%",39,19.5,0,1,0,0,118.8,3.25,1,"33.30%",0,1,0,0,1,"8.30%","50.00%","50.00%","0.00%",19.5,14,"0.00%",15,1,"0.00%",0,0,0,"0.00%",0,0,0,0,0,"0.00%",1,1,0,1,0,"FCS",355,NA,NA,NA,355
"Nolan Forsha","N ALABAMA",56,35.06,"D","LB",2026,"United Athletic",54.9,69.5,72.1,41.9,1,1,1,0,0,0,1,1,0,0,0,0,0,0,0,0,1,4,4,4,"0","25.00%",12.5,28,0,"0","0",0,24,3,"75.00%",45,15,0,2,0,0,111.5,1.88,2,"8.30%",0,2,1,4,1,"8.30%","50.00%","50.00%","0.00%",11.3,3.8,"0.00%",32,6,"14.30%",1,0,0,"0.00%",0,1,0,1,0,"16.70%",7,7,0,5,1,"FCS",207,NA,NA,NA,207
"Terien George","NC A&T",31,34.92,"D","LB",2026,"CAA",51.4,71.1,58,37.7,0,3,1,0,0,0,1,1,0,0,0,0,0,1,0,0,1,0,2,4,"0","25.00%",12.5,17,-1,"0","0",0,10,0,"0.00%",0,0,0,0,0,0,0,0,0,"20.00%",0,0,0,0,0,"0.00%","0.00%","0.00%","0.00%",0,0,"0.00%",0,4,"0.00%",3,1,1,"0.00%",1,2,0,0,0,"0.00%",4,4,1,0,0,"FCS",149,NA,NA,NA,149
"Harrison McKinley","PRVIEW A&M",23,34.78,"D","LB",2026,"SWAC",70.1,69.5,NA,63.6,0,0,0,0,0,0,0,0,0,0,0,0,0,0,0,0,0,1,0,NA,NA,NA,NA,18,7.5,"0","5.60%",0,5,0,"0.00%",0,0,0,0,0,0,0,0,0,"40.00%",0,0,0,0,0,"0.00%","0.00%","0.00%","0.00%",0,0,"0.00%",18,2,"0.00%",0,0,0,"0.00%",2,0,0,0,0,"0.00%",2,2,0,0,0,"FCS",363,NA,NA,NA,363
"Isaiah Jones","NEW HAMP",34,34.57,"D","LB",2026,"CAA",34.6,40,59.9,51.3,0,3,0,0,0,0,0,0,0,0,0,0,0,0,0,0,0,4,7,1,"0","0.00%",0,21,14.5,"28.60%","9.50%",6,12,1,"100%",27,27,1,1,0,0,158.3,2.25,1,"8.30%",0,0,0,1,0,"8.30%","0.00%","100%","0.00%",27,24,"0.00%",0,5,"28.60%",3,0,0,"40.00%",2,1,2,0,0,"0.00%",6,7,2,0,0,"FCS",230,NA,NA,NA,230
"Trenton Radloff","DRAKE",26,34.54,"D","LB",2026,"Pioneer",69,69,58.6,65.3,0,1,0,0,0,0,0,0,0,0,0,0,0,0,0,0,0,1,0,2,"0","0.00%",0,15,0,"0","0",0,9,0,"0.00%",0,0,0,0,0,0,0,0,0,"11.10%",0,0,0,0,0,"0.00%","0.00%","0.00%","0.00%",0,0,"0.00%",46,1,"0.00%",1,0,0,"0.00%",0,0,0,0,0,"0.00%",1,1,1,0,0,"FCS",202,NA,NA,NA,202
"Rontravious Perry","NORFOLK",47,34.38,"D","LB",2026,"MEAC",57.8,64,57.4,51.9,0,4,3,0,0,0,0,0,0,0,0,0,0,1,0,0,0,8,6,4,"0","0.00%",0,28,2,"14.30%","14.30%",4,15,1,"50.00%",1,1,0,0,0,0,56.3,0.07,0,"53.30%",0,1,0,2,0,"0.00%","50.00%","0.00%","0.00%",0.5,3,"0.00%",15,7,"30.00%",4,3,1,"12.50%",3,4,1,0,0,"100%",10,10,0,0,2,"FCS",208,NA,NA,NA,208
"Ryan Earl","FURMAN",41,34.37,"D","LB",2026,"Southern",63.9,69,60,56.7,0,3,1,0,0,0,0,0,0,0,0,0,1,0,0,0,0,2,3,1,"0","0.00%",0,22,3.67,"9.10%","9.10%",2,18,1,"100%",5,5,0,1,0,0,87.5,0.28,0,"16.70%",0,1,0,1,0,"0.00%","100%","100%","0.00%",5,4,"0.00%",19,6,"14.30%",3,1,0,"0.00%",3,3,0,0,0,"100%",7,7,0,0,1,"FCS",86,NA,NA,NA,86
"Hudson Voggesser","N COLORADO",56,34.25,"D","LB",2026,"Big Sky",61.5,71.3,57.1,52.2,0,1,2,0,0,0,0,0,0,1,0,0,0,0,0,0,0,4,4,2,"0","0.00%",0,31,4,"3.20%","6.50%",1,23,4,"80.00%",48,12,0,1,0,1,106.7,2.09,2,"26.10%",0,0,0,3,2,"8.70%","0.00%","20.00%","0.00%",9.6,8.8,"20.00%",45,4,"20.00%",1,1,0,"0.00%",1,1,0,1,0,"33.30%",5,5,0,2,1,"FCS",113,NA,NA,NA,113
"Elijah Thomas","LNDNWD",17,34.18,"D","LB",2026,"Big South - OVC Football Association",71.3,51.6,NA,78,0,1,2,0,0,0,0,0,0,0,0,0,0,0,0,0,0,4,1,NA,NA,NA,NA,6,7,"16.70%","0",1,11,1,"100%",2,2,0,0,0,0,79.2,0.18,0,"27.30%",0,0,0,0,2,"0.00%","0.00%","0.00%","0.00%",2,1,"0.00%",7,4,"20.00%",1,0,0,"33.30%",1,1,1,2,0,"0.00%",5,5,0,2,0,"FCS",5,NA,NA,NA,5
"Jordan Daniel","ALCORN ST",33,34.17,"D","LB",2026,"SWAC",67.2,68.5,54.6,65,0,0,1,0,0,0,1,1,0,0,0,0,0,0,0,0,1,3,1,8,"0","12.50%",6.3,19,3.5,"0","5.30%",0,6,0,"0.00%",0,0,0,0,0,0,0,0,0,"33.30%",0,0,0,0,0,"0.00%","0.00%","0.00%","0.00%",0,0,"0.00%",13,3,"0.00%",0,1,0,"0.00%",2,0,0,0,0,"0.00%",3,3,0,1,0,"FCS",377,NA,NA,NA,377
"Joseph Evans","BETH COOK",33,34.14,"D","LB",2026,"SWAC",37.4,64.3,54.7,29.3,0,2,2,0,0,0,1,1,0,0,0,0,0,0,0,0,1,3,5,6,"0","16.70%",8.3,15,12.5,"13.30%","20.00%",2,12,4,"100%",63,15.8,0,3,0,0,118.8,5.25,3,"16.70%",0,4,0,3,0,"25.00%","100%","75.00%","0.00%",15.8,1.3,"0.00%",2,5,"16.70%",2,1,0,"25.00%",2,1,1,1,0,"0.00%",6,6,1,1,0,"FCS",390,NA,NA,NA,390
"KB Anderson-Dale","NWSTATE",33,34.12,"D","LB",2026,"Southland",66.9,61.6,66.8,65.4,0,0,1,0,0,0,0,0,1,0,0,0,0,0,0,0,0,1,2,3,"33.30%","0.00%",0,17,2,"11.80%","17.60%",2,13,1,"100%",3,3,0,0,0,0,79.2,0.23,0,"15.40%",0,1,0,0,0,"0.00%","100%","0.00%","0.00%",3,-1,"0.00%",25,2,"0.00%",0,1,0,"0.00%",1,0,0,0,0,"0.00%",2,2,0,1,0,"FCS",274,NA,NA,NA,274
"Jaiden Coleman","CHARLES SO",17,34.11,"D","LB",2026,"Big South - OVC Football Association",68.6,69.4,68.1,59.6,0,0,3,0,0,0,0,0,0,0,0,0,0,0,0,0,0,1,1,3,"0","0.00%",0,5,1,"0","20.00%",0,9,0,"0.00%",0,0,0,0,0,0,0,0,0,"44.40%",0,0,0,0,2,"0.00%","0.00%","0.00%","0.00%",0,0,"0.00%",30,3,"0.00%",0,1,0,"0.00%",1,0,0,2,0,"0.00%",3,3,0,2,0,"FCS",347,NA,NA,NA,347
"Colin Gurley","VILLANOVA",56,33.98,"D","LB",2026,"Patriot",68.3,64.4,54.4,71.7,0,0,2,0,0,0,0,0,0,0,0,0,0,0,0,0,0,2,1,12,"0","0.00%",0,24,4,"4.20%","0",1,20,1,"100%",1,1,0,0,0,0,79.2,0.05,0,"30.00%",0,0,0,0,1,"0.00%","0.00%","0.00%","0.00%",1,-4,"0.00%",45,4,"0.00%",0,1,0,"0.00%",2,0,0,1,0,"0.00%",4,4,0,2,0,"FCS",374,NA,NA,NA,374
"Rafael Fasolino","LIUSHAR",66,33.97,"D","LB",2026,"Northeast",51.2,63,39.9,46.4,0,1,7,0,0,0,2,2,0,0,0,0,0,1,0,1,1,12,11,NA,NA,NA,NA,40,1.86,"15.00%","17.50%",6,26,3,"75.00%",35,11.7,0,2,0,0,101,1.35,1,"19.20%",0,4,1,5,0,"3.90%","100%","50.00%","0.00%",8.8,2.8,"0.00%",20,9,"40.00%",1,6,1,"20.00%",7,1,2,1,0,"80.00%",15,15,0,1,4,"FCS",22,NA,NA,NA,22
"Brandon Biagiarelli","BUCKNELL",51,33.91,"D","LB",2026,"Patriot",61.8,57,63.9,62.6,0,0,2,1,0,0,1,2,0,0,0,0,0,0,0,1,0,3,3,14,"7.10%","7.10%",3.6,30,3,"10.00%","6.70%",3,7,0,"0.00%",0,0,0,0,0,0,0,0,0,"42.90%",0,0,0,0,1,"0.00%","0.00%","0.00%","0.00%",0,0,"0.00%",10,2,"0.00%",0,1,0,"0.00%",1,0,0,1,0,"0.00%",2,2,0,0,0,"FCS",204,NA,NA,NA,204
"Joel Mireles","GEORGETOWN",42,33.89,"D","LB",2026,"Patriot",56,50.6,NA,66.4,0,2,2,0,0,0,0,0,0,0,0,0,0,0,0,0,0,4,7,NA,NA,NA,NA,32,4.33,"21.90%","15.60%",7,10,0,"0.00%",0,0,0,0,0,0,0,0,0,"20.00%",0,0,0,0,0,"0.00%","0.00%","0.00%","0.00%",0,0,"0.00%",21,6,"14.30%",2,2,0,"20.00%",3,1,1,0,0,"0.00%",7,7,1,1,0,"FCS",222,NA,NA,NA,222
"KJ Smedley","N COLORADO",41,33.65,"D","LB",2026,"Big Sky",56.9,72.2,56.6,48.8,0,0,2,0,0,0,0,0,0,0,0,0,0,1,0,0,0,1,2,3,"0","0.00%",0,18,7,"0","0",0,20,2,"100%",37,18.5,0,2,0,0,118.8,1.85,1,"30.00%",0,0,0,2,1,"5.00%","0.00%","100%","0.00%",18.5,6.5,"0.00%",8,3,"0.00%",0,0,0,"0.00%",1,0,0,2,1,"0.00%",3,3,0,2,0,"FCS",71,NA,NA,NA,71
"Cain Wallner","S DAKOTA",20,33.45,"D","LB",2026,"Missouri Valley",66.7,60.9,NA,65.3,0,1,0,0,0,0,0,0,0,0,0,0,0,0,0,0,0,0,0,NA,NA,NA,NA,3,0,"0","0",0,17,0,"0.00%",0,0,0,0,0,0,39.6,0,0,"41.20%",0,0,1,0,0,"0.00%","0.00%","0.00%","0.00%",0,0,"0.00%",11,1,"0.00%",1,0,0,"0.00%",0,0,0,0,0,"0.00%",1,1,1,0,0,"FCS",301,NA,NA,NA,301
"Moses Meus","RHODE ISLD",40,33.4,"D","LB",2026,"CAA",60.7,56.6,62.8,63.2,0,2,2,0,0,0,0,0,1,0,0,0,0,0,0,0,0,4,4,6,"16.70%","0.00%",0,25,3.33,"16.00%","12.00%",4,9,0,"0.00%",0,0,0,0,0,0,0,0,0,"22.20%",0,0,0,0,0,"0.00%","0.00%","0.00%","0.00%",0,0,"0.00%",7,5,"16.70%",2,2,0,"16.70%",3,2,1,0,0,"0.00%",6,6,0,0,0,"FCS",103,NA,NA,NA,103
"Davon Donaldson","IDAHO",21,33.29,"D","LB",2026,"Big Sky",53.6,67.7,NA,42.7,0,0,1,0,0,0,0,0,0,0,0,0,0,1,0,0,0,2,2,NA,NA,NA,NA,15,12.5,"6.70%","13.30%",1,6,1,"100%",9,9,1,1,0,0,143.8,1.5,0,"16.70%",0,0,0,1,0,"0.00%","0.00%","100%","0.00%",9,-2,"0.00%",0,2,"0.00%",0,1,1,"0.00%",2,0,0,0,0,"0.00%",2,2,0,0,0,"FCS",338,NA,NA,NA,338
"AJ Revella","FORDHAM",29,33.2,"D","LB",2026,"Patriot",62.1,65.2,67.2,54.1,0,0,1,0,0,0,1,1,0,0,0,0,0,0,0,0,0,4,2,3,"33.30%","33.30%",16.7,17,8.33,"5.90%","0",1,9,1,"100%",11,11,0,1,0,0,112.5,1.22,0,"11.10%",0,1,0,1,0,"0.00%","100%","100%","0.00%",11,-4,"0.00%",27,4,"20.00%",0,1,0,"0.00%",3,0,0,0,0,"50.00%",5,5,0,1,1,"FCS",388,NA,NA,NA,388
"Malik Stinnett","BETH COOK",29,33.17,"D","LB",2026,"SWAC",53.7,61.6,55.9,50.4,0,1,0,0,0,0,2,2,0,0,0,0,0,0,0,0,2,1,3,6,"0","33.30%",16.7,15,8,"13.30%","6.70%",2,8,0,"0.00%",0,0,0,0,0,0,39.6,0,0,"12.50%",0,1,1,0,0,"0.00%","100%","0.00%","0.00%",0,2,"0.00%",5,4,"0.00%",1,0,0,"0.00%",2,1,0,0,0,"0.00%",4,4,0,1,0,"FCS",155,NA,NA,NA,155
"Logan Busson","BUCKNELL",29,33.03,"D","LB",2026,"Patriot",66.4,65.8,59.7,63,0,1,2,0,0,0,0,0,0,0,0,0,0,0,0,0,0,3,1,1,"0","0.00%",0,18,3.5,"5.60%","0",1,10,0,"0.00%",0,0,0,0,0,0,0,0,0,"10.00%",0,0,0,0,0,"0.00%","0.00%","0.00%","0.00%",0,0,"0.00%",22,3,"0.00%",1,2,0,"0.00%",2,1,0,0,0,"0.00%",3,3,0,0,0,"FCS",283,NA,NA,NA,283
"Christopher Higgins","WM & MARY",54,33.02,"D","LB",2026,"Patriot",57.4,54.4,76.9,56,0,2,1,0,0,2,2,4,1,0,0,0,0,0,0,0,2,4,6,9,"22.20%","22.20%",11.1,13,0,"15.40%","7.70%",2,32,4,"100%",42,10.5,0,1,0,0,110.4,1.31,1,"43.80%",0,0,0,4,3,"3.10%","0.00%","25.00%","0.00%",10.5,-1.8,"0.00%",34,3,"40.00%",2,0,0,"0.00%",0,2,0,1,0,"66.70%",5,5,0,1,2,"FCS",280,NA,NA,NA,280
"Jonah Henry","PORTLAND",25,32.99,"D","LB",2026,"Big Sky",63.5,62.2,NA,61.7,0,0,2,0,0,0,0,0,0,0,0,0,0,1,0,0,0,2,1,NA,NA,NA,NA,21,0.5,"4.80%","4.80%",1,4,0,"0.00%",0,0,0,0,0,0,0,0,0,"0.00%",0,0,0,0,0,"0.00%","0.00%","0.00%","0.00%",0,0,"0.00%",33,2,"0.00%",0,2,1,"0.00%",2,0,0,0,0,"0.00%",2,2,0,0,0,"FCS",40,NA,NA,NA,40
"Lee Holmes","MCNEESE",19,32.99,"D","LB",2026,"Southland",68.8,72.7,55.7,62.7,0,1,1,0,0,0,0,0,0,0,0,0,0,0,0,0,0,2,0,4,"0","0.00%",0,7,2,"0","14.30%",0,8,0,"0.00%",0,0,0,0,0,0,0,0,0,"37.50%",0,0,0,0,0,"0.00%","0.00%","0.00%","0.00%",0,0,"0.00%",2,2,"0.00%",1,1,0,"0.00%",1,1,0,0,0,"0.00%",2,2,0,0,0,"FCS",348,NA,NA,NA,348
"Andrew Baumgart","LNDNWD",29,32.94,"D","LB",2026,"Big South - OVC Football Association",67.2,60.3,66.3,61.1,0,0,1,1,0,0,3,4,0,0,0,0,0,0,0,0,0,1,0,20,"20.00%","20.00%",12.5,7,0,"0","0",0,2,0,"0.00%",0,0,0,0,0,0,0,0,0,"0.00%",0,0,0,0,0,"0.00%","0.00%","0.00%","0.00%",0,0,"0.00%",23,1,"0.00%",0,0,0,"0.00%",0,0,0,1,0,"0.00%",1,1,0,0,0,"FCS",235,NA,NA,NA,235
"Donavan Frederick","NC A&T",43,32.83,"D","LB",2026,"CAA",50.8,74.3,58.8,36.9,0,1,1,0,0,0,0,0,0,0,0,0,0,0,0,0,0,4,4,1,"0","0.00%",0,20,6.67,"0","0",0,22,4,"100%",52,13,0,2,0,0,118.8,2.36,2,"13.60%",0,3,0,4,0,"9.10%","75.00%","50.00%","0.00%",13,8.5,"0.00%",9,6,"0.00%",1,0,0,"0.00%",3,1,0,1,0,"0.00%",6,6,0,2,0,"FCS",320,NA,NA,NA,320
"Rajahn Cooper","MERRIMACK",28,32.61,"D","LB",2026,"IND (FCS)",62.4,65.2,62.5,58.3,0,1,0,0,0,1,1,2,0,0,0,0,0,0,0,0,2,1,3,3,"0","33.30%",16.7,10,6,"10.00%","30.00%",1,15,1,"100%",14,14,0,1,0,0,118.8,0.93,0,"13.30%",0,1,0,1,1,"0.00%","100%","100%","0.00%",14,4,"0.00%",5,2,"33.30%",1,0,0,"0.00%",1,1,0,0,0,"100%",3,3,0,0,1,"FCS",68,NA,NA,NA,68
"Dekker Hagler","IDAHO ST",27,32.58,"D","LB",2026,"Big Sky",67,64.7,60,66.2,0,1,0,0,0,0,0,0,0,0,0,0,0,0,0,0,0,1,0,1,"0","0.00%",0,13,0,"0","0",0,13,1,"100%",9,9,0,0,0,0,104.2,0.69,0,"38.50%",0,1,0,0,0,"0.00%","100%","0.00%","0.00%",9,6,"0.00%",3,3,"0.00%",1,0,0,"0.00%",0,1,0,0,0,"0.00%",3,3,0,2,0,"FCS",146,NA,NA,NA,146
"Tory Morgan","GRAMBLING",28,32.42,"D","LB",2026,"SWAC",60.4,55.9,59.5,63.3,0,1,0,0,0,0,0,0,0,0,0,0,0,0,0,0,0,1,2,1,"0","0.00%",0,13,0,"7.70%","0",1,14,1,"100%",59,59,0,1,0,0,118.8,4.21,1,"14.30%",0,0,0,1,1,"7.10%","0.00%","100%","0.00%",59,17,"0.00%",7,3,"0.00%",1,0,0,"0.00%",0,1,0,0,0,"0.00%",3,3,0,2,0,"FCS",37,NA,NA,NA,37
"Douglas Franklin","MS VLY ST",33,32.38,"D","LB",2026,"SWAC",63,64.8,68.4,51.1,0,0,1,0,0,2,1,3,0,0,0,0,0,1,0,0,2,1,2,14,"7.10%","21.40%",10.7,13,0,"7.70%","7.70%",1,6,0,"0.00%",0,0,0,0,0,0,0,0,0,"33.30%",0,0,0,0,0,"0.00%","0.00%","0.00%","0.00%",0,0,"0.00%",8,1,"50.00%",0,1,1,"0.00%",1,0,0,0,0,"100%",2,2,0,0,1,"FCS",156,NA,NA,NA,156
"Jackson Sievers","UC DAVIS",16,32.29,"D","LB",2026,"Big Sky",64.4,56.5,64.9,63.1,0,2,0,0,0,0,0,0,1,0,0,0,0,0,0,0,0,2,1,1,"100%","0.00%",0,12,0,"8.30%","0",1,3,0,"0.00%",0,0,0,0,0,0,0,0,0,"0.00%",0,0,0,0,0,"0.00%","0.00%","0.00%","0.00%",0,0,"0.00%",15,2,"33.30%",2,0,0,"50.00%",0,1,1,0,0,"0.00%",3,3,1,0,0,"FCS",170,NA,NA,NA,170
"Seth Hampton","TOWSON",16,32.27,"D","LB",2026,"CAA",63.9,63.1,NA,61,0,2,0,0,0,0,0,0,0,0,0,0,0,0,0,0,0,5,2,NA,NA,NA,NA,13,5.5,"15.40%","0",2,3,0,"0.00%",0,0,0,0,0,0,0,0,0,"33.30%",0,0,0,0,0,"0.00%","0.00%","0.00%","0.00%",0,0,"0.00%",10,4,"0.00%",2,0,0,"0.00%",2,2,0,0,0,"0.00%",4,4,0,0,0,"FCS",69,NA,NA,NA,69
"Jackson Thorne","RICHMOND",65,32.21,"D","LB",2026,"Patriot",56.3,50.1,48.8,65.4,0,3,4,0,0,0,1,1,0,0,0,0,0,1,0,1,0,8,6,NA,NA,NA,NA,28,1.33,"17.90%","10.70%",5,37,0,"0.00%",0,0,0,0,0,0,0,0,0,"43.20%",0,0,0,1,0,"0.00%","0.00%","0.00%","0.00%",0,0,"0.00%",21,7,"36.40%",3,3,1,"33.30%",3,3,3,1,0,"50.00%",11,11,0,1,1,"FCS",289,NA,NA,NA,289
"Da'Veon Ross","WEBER ST",18,32.2,"D","LB",2026,"Big Sky",63.9,73.9,NA,63.7,0,0,1,0,0,1,0,1,0,0,0,0,0,0,0,0,1,2,1,NA,NA,NA,NA,12,1,"0","8.30%",0,6,0,"0.00%",0,0,0,0,0,0,0,0,0,"33.30%",0,0,0,1,0,"0.00%","0.00%","0.00%","0.00%",0,0,"0.00%",24,2,"33.30%",0,1,0,"50.00%",1,0,1,0,0,"0.00%",3,3,0,1,0,"FCS",175,NA,NA,NA,175
"Zach Lewis","LNDNWD",41,31.91,"D","LB",2026,"Big South - OVC Football Association",61.7,63.2,59.6,60.4,0,0,2,0,0,0,0,0,0,0,0,0,0,0,0,0,0,4,2,1,"0","0.00%",0,17,2.33,"5.90%","5.90%",1,23,1,"50.00%",8,8,0,0,0,0,60.4,0.35,0,"43.50%",0,0,1,1,0,"0.00%","0.00%","0.00%","0.00%",4,11,"0.00%",15,4,"20.00%",0,2,0,"25.00%",3,0,1,0,0,"0.00%",5,5,0,1,0,"FCS",77,NA,NA,NA,77
"Jyree Roberts","ROB MORRIS",28,31.89,"D","LB",2026,"Northeast",67.7,59.2,59.3,70.5,0,1,2,0,0,0,0,0,0,0,0,0,0,0,0,0,0,2,2,1,"0","0.00%",0,11,4,"18.20%","18.20%",2,16,1,"100%",20,20,0,1,0,0,118.8,1.25,1,"37.50%",0,0,0,0,1,"6.30%","0.00%","100%","0.00%",20,-7,"0.00%",8,3,"25.00%",1,1,0,"33.30%",1,1,1,1,0,"0.00%",4,4,0,1,0,"FCS",119,NA,NA,NA,119
"Amajah Lewis","ARKAPB",29,31.75,"D","LB",2026,"SWAC",57.3,58.7,NA,57.2,0,2,0,0,0,0,0,0,0,0,0,0,0,0,0,0,0,1,4,NA,NA,NA,NA,18,3,"16.70%","16.70%",3,11,2,"100%",14,7,0,0,0,0,95.8,1.27,0,"0.00%",0,1,0,1,0,"0.00%","50.00%","0.00%","0.00%",7,2,"0.00%",49,4,"0.00%",2,0,0,"0.00%",1,1,0,0,0,"0.00%",4,4,1,1,0,"FCS",386,NA,NA,NA,386
"Marco Patierno","W CAROLINA",25,31.65,"D","LB",2026,"Southern",67.9,71.5,55.4,63.3,0,1,1,0,0,0,0,0,0,0,0,0,0,0,0,0,0,3,1,3,"0","0.00%",0,11,2,"9.10%","18.20%",1,11,1,"100%",3,3,0,0,0,0,79.2,0.27,0,"45.50%",0,0,0,0,0,"0.00%","0.00%","0.00%","0.00%",3,0,"0.00%",11,2,"0.00%",1,1,0,"0.00%",1,1,0,0,0,"0.00%",2,2,0,0,0,"FCS",30,NA,NA,NA,30
"Blue Monroe","W CAROLINA",30,31.59,"D","LB",2026,"Southern",62.4,70.9,58.4,55.1,0,0,1,0,0,0,0,0,0,0,0,0,0,0,0,0,0,2,1,2,"0","0.00%",0,14,1,"0","7.10%",0,14,1,"100%",43,43,0,1,0,0,118.8,3.07,1,"14.30%",0,0,0,1,0,"7.10%","0.00%","100%","0.00%",43,13,"0.00%",0,1,"0.00%",0,1,0,"0.00%",1,0,0,0,0,"0.00%",1,1,0,0,0,"FCS",36,NA,NA,NA,36
"Moe Passi","UTAHTC",48,31.59,"D","LB",2026,"Big Sky",56.6,52.4,56.8,64.2,0,3,2,0,0,0,0,0,0,1,0,0,0,0,0,0,0,6,6,2,"0","0.00%",0,31,3.5,"16.10%","9.70%",5,15,2,"100%",17,8.5,0,1,0,1,102.1,1.13,0,"33.30%",0,0,0,1,1,"0.00%","0.00%","50.00%","0.00%",8.5,2,"50.00%",28,7,"12.50%",3,1,0,"16.70%",2,3,1,1,0,"0.00%",8,8,0,2,0,"FCS",278,NA,NA,NA,278
"Lucas Campizta","DELWARE ST",33,31.49,"D","LB",2026,"MEAC",64.4,63.8,59.5,63.1,0,1,2,0,0,0,0,0,0,0,0,0,0,0,0,0,0,3,2,1,"0","0.00%",0,20,3.33,"10.00%","5.00%",2,12,0,"0.00%",0,0,0,0,0,0,0,0,0,"58.30%",0,0,0,0,0,"0.00%","0.00%","0.00%","0.00%",0,0,"0.00%",44,4,"20.00%",1,2,0,"20.00%",3,1,1,0,0,"0.00%",5,5,0,0,0,"FCS",310,NA,NA,NA,310
"Roman Kupu","TXAMEA",16,31.37,"D","LB",2026,"Southland",54.3,68.9,59.9,43.2,0,3,0,0,0,0,0,0,0,0,0,0,0,0,0,0,0,2,3,1,"0","0.00%",0,12,6,"16.70%","16.70%",2,3,0,"0.00%",0,0,0,0,0,0,39.6,0,0,"33.30%",0,0,1,1,0,"0.00%","0.00%","0.00%","0.00%",0,12,"0.00%",5,4,"0.00%",3,0,0,"0.00%",1,3,0,0,0,"0.00%",4,4,0,0,0,"FCS",360,NA,NA,NA,360
"Braxton Sampson","INDIANA ST",38,31.33,"D","LB",2026,"Missouri Valley",60.5,73.6,55.9,49.3,0,1,3,0,0,0,0,0,0,0,0,0,0,0,0,0,0,6,5,5,"0","0.00%",0,18,3.5,"11.10%","16.70%",2,15,2,"100%",20,10,0,1,0,0,108.3,1.33,0,"13.30%",0,2,0,3,1,"0.00%","100%","50.00%","0.00%",10,0.5,"0.00%",42,7,"22.20%",1,3,0,"0.00%",4,1,0,0,0,"50.00%",9,9,0,2,2,"FCS",55,NA,NA,NA,55
"Kaleb Platz","MERCYHURST",16,31.16,"D","LB",2026,"Northeast",68.2,68.4,59.8,60.9,0,0,1,0,0,0,0,0,0,0,0,0,0,0,0,0,0,2,0,1,"0","0.00%",0,12,4.5,"0","0",0,3,0,"0.00%",0,0,0,0,0,0,0,0,0,"0.00%",0,0,0,0,0,"0.00%","0.00%","0.00%","0.00%",0,0,"0.00%",24,2,"0.00%",0,1,0,"0.00%",2,0,0,0,0,"0.00%",2,2,0,0,0,"FCS",294,NA,NA,NA,294
"Dallin Sweat","WEBER ST",16,31.07,"D","LB",2026,"Big Sky",63.4,62.2,NA,61.3,0,1,0,0,0,0,0,0,0,0,0,0,0,0,0,0,0,1,1,NA,NA,NA,NA,13,7,"7.70%","0",1,2,0,"0.00%",0,0,0,0,0,0,0,0,0,"100%",0,0,0,0,0,"0.00%","0.00%","0.00%","0.00%",0,0,"0.00%",49,2,"0.00%",1,0,0,"0.00%",1,1,0,0,0,"0.00%",2,2,0,0,0,"FCS",341,NA,NA,NA,341
"Robert Lamar","DAVIDSON",23,30.95,"D","LB",2026,"Pioneer",59,56.9,60,62.6,0,1,1,0,0,0,0,0,0,0,0,0,0,1,0,0,0,1,3,1,"0","0.00%",0,14,0,"21.40%","7.10%",3,8,0,"0.00%",0,0,0,0,0,0,0,0,0,"37.50%",0,0,0,0,0,"0.00%","0.00%","0.00%","0.00%",0,0,"0.00%",2,2,"0.00%",1,1,1,"0.00%",1,1,0,0,0,"0.00%",2,2,0,0,0,"FCS",95,NA,NA,NA,95
"Aaryn Askew","MERCER",17,30.92,"D","LB",2026,"Southern",66,62,65.7,60,0,0,1,1,0,0,0,1,0,0,0,0,0,0,0,0,0,1,0,8,"12.50%","12.50%",12.5,8,0,"0","0",0,1,0,"0.00%",0,0,0,0,0,0,0,0,0,"100%",0,0,0,0,0,"0.00%","0.00%","0.00%","0.00%",0,0,"0.00%",19,1,"0.00%",0,0,0,"0.00%",0,0,0,1,0,"0.00%",1,1,0,0,0,"FCS",362,NA,NA,NA,362
"Keegan Krupp","MOREHEAD",27,30.62,"D","LB",2026,"Pioneer",67.2,65.3,59.8,64.9,0,0,2,0,0,0,0,0,0,0,0,0,0,0,0,0,0,2,1,1,"0","0.00%",0,13,1,"7.70%","7.70%",1,13,0,"0.00%",0,0,0,0,0,0,0,0,0,"46.20%",0,0,0,0,0,"0.00%","0.00%","0.00%","0.00%",0,0,"0.00%",11,2,"0.00%",0,1,0,"0.00%",1,0,0,1,0,"0.00%",2,2,0,1,0,"FCS",365,NA,NA,NA,365
"Dylan Davis","MORGAN ST",39,30.44,"D","LB",2026,"MEAC",61.2,42,68.8,68.6,0,1,1,0,0,0,1,1,1,0,0,0,1,0,0,0,1,2,3,7,"14.30%","0.00%",0,15,0,"13.30%","0",2,17,0,"0.00%",0,0,0,0,0,0,0,0,0,"23.50%",0,0,0,1,1,"0.00%","0.00%","0.00%","0.00%",0,0,"0.00%",33,2,"33.30%",1,0,0,"0.00%",0,0,0,1,0,"33.30%",3,3,1,1,1,"FCS",329,NA,NA,NA,329
"Matthew Sopp","NEW HAMP",50,30.39,"D","LB",2026,"CAA",57.9,62.4,54.6,56.8,0,0,1,0,0,0,0,0,0,0,0,0,0,0,0,0,0,4,2,6,"0","0.00%",0,23,8.67,"4.30%","0",1,21,1,"100%",18,18,0,1,0,0,118.8,0.86,1,"23.80%",0,1,0,1,0,"4.80%","100%","100%","0.00%",18,16,"0.00%",50,3,"25.00%",0,1,0,"25.00%",3,0,1,0,0,"0.00%",4,4,0,0,0,"FCS",231,NA,NA,NA,231
"Jalen Gist","DAVIDSON",21,30.3,"D","LB",2026,"Pioneer",69.9,72.3,57.6,62.6,0,0,1,0,0,0,0,0,0,0,0,0,0,0,0,0,0,1,0,2,"0","0.00%",0,11,1,"0","9.10%",0,8,0,"0.00%",0,0,0,0,0,0,0,0,0,"12.50%",0,0,0,0,0,"0.00%","0.00%","0.00%","0.00%",0,0,"0.00%",21,1,"0.00%",0,1,0,"0.00%",1,0,0,0,0,"0.00%",1,1,0,0,0,"FCS",284,NA,NA,NA,284
"Will Johnson","TENN TECH",21,30.26,"D","LB",2026,"Southern",68.2,68.8,59.2,61.8,0,0,1,0,0,0,0,0,0,0,0,0,0,0,0,0,0,2,0,1,"0","0.00%",0,15,3,"0","0",0,5,0,"0.00%",0,0,0,0,0,0,0,0,0,"40.00%",0,0,0,0,0,"0.00%","0.00%","0.00%","0.00%",0,0,"0.00%",40,1,"0.00%",0,1,0,"0.00%",1,0,0,0,0,"0.00%",1,1,0,0,0,"FCS",10,NA,NA,NA,10
"Will Handley","LAFAYETTE",26,30.18,"D","LB",2026,"Patriot",58.1,64.8,59.8,55.4,0,0,0,0,0,0,0,0,0,0,0,0,0,0,0,0,0,1,1,1,"0","0.00%",0,14,0,"0","0",0,11,1,"100%",60,60,1,1,0,0,158.3,5.45,1,"27.30%",0,0,0,1,0,"9.10%","0.00%","100%","0.00%",60,4,"0.00%",19,1,"0.00%",0,0,0,"0.00%",0,0,0,0,0,"0.00%",1,1,0,1,0,"FCS",267,NA,NA,NA,267
"Jace Ward","PRVIEW A&M",42,30.16,"D","LB",2026,"SWAC",62.7,70.5,57.4,57.1,0,1,1,0,0,0,0,0,0,0,0,0,0,0,0,0,0,0,1,3,"0","0.00%",0,20,0,"0","0",0,19,0,"0.00%",0,0,0,0,0,0,0,0,0,"42.10%",0,0,0,1,0,"0.00%","0.00%","0.00%","0.00%",0,0,"0.00%",3,2,"33.30%",1,0,0,"0.00%",0,0,0,1,0,"33.30%",3,3,1,1,1,"FCS",91,NA,NA,NA,91
"Caelum Jones","LNDNWD",25,29.96,"D","LB",2026,"Big South - OVC Football Association",62.6,70.3,59.6,58.3,0,1,2,0,0,0,0,0,0,0,0,0,0,0,0,0,0,3,2,1,"0","0.00%",0,7,3,"0","14.30%",0,17,1,"100%",5,5,0,0,0,0,87.5,0.29,0,"41.20%",0,0,0,2,1,"0.00%","0.00%","0.00%","0.00%",5,2,"0.00%",11,5,"28.60%",1,1,0,"0.00%",1,1,0,1,0,"50.00%",7,7,0,2,2,"FCS",270,NA,NA,NA,270
"Carter Wyatt","ELON",19,29.86,"D","LB",2026,"CAA",60.9,71.6,NA,54.7,0,0,0,0,0,0,0,0,0,0,0,0,0,0,0,0,0,0,1,NA,NA,NA,NA,5,2,"0","20.00%",0,14,0,"0.00%",0,0,0,0,0,0,39.6,0,0,"35.70%",0,0,1,1,0,"0.00%","0.00%","0.00%","0.00%",0,11,"0.00%",56,1,"0.00%",0,0,0,"0.00%",1,0,0,0,0,"0.00%",1,1,0,0,0,"FCS",23,NA,NA,NA,23
"Jamarcus Smith","TENN MARTN",33,29.57,"D","LB",2026,"Big South - OVC Football Association",56.2,63.6,50.3,58.6,0,0,1,0,0,0,0,0,0,0,0,0,0,1,0,0,0,1,1,9,"0","0.00%",0,8,0,"0","0",0,16,0,"0.00%",0,0,0,0,0,0,39.6,0,0,"75.00%",0,0,0,1,0,"0.00%","0.00%","0.00%","0.00%",0,10,"0.00%",0,1,"0.00%",0,1,1,"0.00%",1,0,0,0,0,"0.00%",1,1,0,0,0,"FCS",129,NA,NA,NA,129
"Eugene Ware III","E TENN ST",28,29.38,"D","LB",2026,"Southern",61.4,60.3,NA,61.4,0,0,1,0,0,0,1,1,0,0,0,0,0,0,0,0,1,1,2,NA,NA,NA,NA,23,4.67,"8.70%","4.30%",2,5,0,"0.00%",0,0,0,0,0,0,0,0,0,"40.00%",0,0,0,0,0,"0.00%","0.00%","0.00%","0.00%",0,0,"0.00%",7,3,"0.00%",0,1,0,"0.00%",3,0,0,0,0,"0.00%",3,3,0,0,0,"FCS",350,NA,NA,NA,350
"Micah Green","MERRIMACK",58,29.35,"D","LB",2026,"IND (FCS)",52.3,57.2,48.5,58.4,0,1,2,0,0,1,1,2,1,0,0,0,0,0,0,0,2,3,6,14,"7.10%","7.10%",3.6,21,2,"19.10%","9.50%",4,23,1,"50.00%",18,18,0,1,0,0,81.3,0.78,1,"17.40%",0,1,1,1,0,"4.30%","50.00%","50.00%","0.00%",9,7,"0.00%",17,3,"40.00%",1,2,0,"25.00%",2,1,1,0,0,"100%",4,5,0,0,1,"FCS",18,NA,NA,NA,18
"Spencer Kishbaugh","MONMOUTH",43,29.32,"D","LB",2026,"CAA",63.9,61.4,48.6,66.9,0,0,1,0,0,1,1,2,0,0,0,0,0,0,0,2,0,4,2,NA,NA,NA,NA,16,2,"6.30%","6.30%",1,27,3,"100%",35,11.7,0,3,0,0,115.3,1.3,1,"40.70%",0,0,0,1,0,"3.70%","0.00%","100%","0.00%",11.7,0.7,"0.00%",27,3,"40.00%",0,1,0,"50.00%",1,0,1,0,0,"33.30%",5,5,0,2,1,"FCS",115,NA,NA,NA,115
"Dillon Crowell","ALCORN ST",58,29.28,"D","LB",2026,"SWAC",53.8,49.1,68.2,58.6,0,3,0,0,0,0,1,1,0,0,0,0,0,0,0,0,0,5,7,3,"0","0.00%",0,36,6.5,"16.70%","8.30%",6,19,1,"100%",9,9,0,0,0,0,104.2,0.47,0,"15.80%",0,0,0,1,1,"0.00%","0.00%","0.00%","0.00%",9,9,"0.00%",45,6,"14.30%",3,0,0,"16.70%",2,3,1,0,0,"0.00%",7,7,0,1,0,"FCS",152,NA,NA,NA,152
"Jacob Waller","LNDNWD",38,29.22,"D","LB",2026,"Big South - OVC Football Association",61,64.1,59.9,59.6,0,1,1,0,0,0,0,0,0,0,0,0,0,0,0,0,0,0,2,1,"0","0.00%",0,13,0,"0","0",0,24,2,"100%",38,19,0,2,0,0,118.8,1.58,1,"37.50%",0,0,0,2,1,"4.20%","0.00%","100%","0.00%",19,13.5,"0.00%",5,2,"0.00%",1,0,0,"0.00%",0,1,0,1,0,"0.00%",2,2,0,1,0,"FCS",236,NA,NA,NA,236
"Andrew Ruppe","PRESBYTERN",38,28.94,"D","LB",2026,"Pioneer",52.8,50.8,64.9,54.5,0,0,1,0,0,0,1,1,0,0,0,0,0,0,0,0,0,1,4,5,"20.00%","20.00%",10,17,0,"11.80%","0",2,16,1,"50.00%",42,42,0,1,0,0,95.8,2.63,1,"18.80%",0,0,1,2,1,"6.30%","0.00%","50.00%","0.00%",21,24,"0.00%",5,1,"0.00%",0,0,0,"0.00%",0,0,0,1,0,"0.00%",1,1,0,1,0,"FCS",298,NA,NA,NA,298
"Kai Shelton","N COLORADO",19,28.74,"D","LB",2026,"Big Sky",68.8,69.1,59.8,60,0,0,0,0,0,0,0,0,0,0,0,0,0,0,0,0,0,0,0,1,"0","0.00%",0,17,0,"0","0",0,1,0,"0.00%",0,0,0,0,0,0,0,0,0,"0.00%",0,0,0,0,0,"0.00%","0.00%","0.00%","0.00%",0,0,"0.00%",NA,NA,NA,NA,NA,NA,NA,NA,NA,NA,NA,NA,NA,NA,NA,NA,NA,NA,"FCS",332,NA,NA,NA,332
"Josh Lenart","LEHIGH",47,28.72,"D","LB",2026,"Patriot",52.4,68.2,58.6,43.6,0,1,1,0,0,0,0,0,0,0,0,0,0,1,0,0,0,4,5,2,"0","0.00%",0,21,5,"9.50%","14.30%",2,24,2,"100%",17,8.5,0,1,0,0,102.1,0.71,0,"37.50%",0,0,0,3,0,"0.00%","0.00%","50.00%","0.00%",8.5,0.5,"0.00%",35,5,"16.70%",1,1,1,"0.00%",4,1,0,0,0,"100%",6,6,0,0,1,"FCS",370,NA,NA,NA,370
"CJ Favors","MERCER",43,28.46,"D","LB",2026,"Southern",58.9,53.4,52.9,65.4,0,1,1,0,0,0,6,6,0,0,0,0,0,0,0,1,4,2,3,6,"16.70%","50.00%",25,17,2,"11.80%","11.80%",2,20,0,"0.00%",0,0,0,0,0,0,0,0,0,"35.00%",0,0,0,1,0,"0.00%","0.00%","0.00%","0.00%",0,0,"0.00%",3,2,"50.00%",1,1,0,"33.30%",1,1,1,0,0,"100%",4,4,0,0,1,"FCS",313,NA,NA,NA,313
"Chris Glover","PRESBYTERN",37,28.34,"D","LB",2026,"Pioneer",45.9,32.5,65.7,58,0,2,3,1,0,0,0,1,0,0,0,0,0,1,0,1,0,6,6,4,"0","0.00%",0,17,0,"29.40%","11.80%",5,16,0,"0.00%",0,0,0,0,0,0,0,0,0,"12.50%",0,0,0,1,1,"0.00%","0.00%","0.00%","0.00%",0,0,"0.00%",36,5,"28.60%",2,1,1,"33.30%",1,1,1,2,0,"25.00%",7,7,1,1,1,"FCS",389,NA,NA,NA,389
"Malik Lewis","W GEORGIA",38,27.98,"D","LB",2026,"United Athletic",57.8,48,55.5,66.3,0,1,2,0,0,0,2,2,0,0,0,0,0,0,0,0,1,4,3,4,"25.00%","50.00%",25,18,4,"11.10%","0",2,16,2,"100%",13,6.5,0,1,0,0,93.8,0.81,0,"12.50%",0,1,0,0,0,"0.00%","50.00%","50.00%","0.00%",6.5,-3.5,"0.00%",0,4,"20.00%",1,1,0,"25.00%",2,1,1,1,0,"0.00%",5,5,0,1,0,"FCS",45,NA,NA,NA,45
"Ma'Hkai Wilson","STHLSK",26,27.87,"D","LB",2026,"Northeast",67.5,75.6,67.6,55.8,0,1,0,0,0,0,1,1,0,0,0,0,0,0,0,0,1,1,1,3,"0","33.30%",16.7,8,0,"0","12.50%",0,15,1,"100%",14,14,0,1,0,0,118.8,0.93,0,"40.00%",0,0,0,1,0,"0.00%","0.00%","100%","0.00%",14,-7,"0.00%",22,1,"50.00%",1,0,0,"0.00%",0,1,0,0,0,"100%",2,2,0,0,1,"FCS",142,NA,NA,NA,142
"Darius Jones","MORGAN ST",41,27.85,"D","LB",2026,"MEAC",56.8,50.5,54.1,63.3,0,0,2,0,0,1,0,1,0,0,0,0,0,0,0,1,0,3,4,6,"0","0.00%",0,17,0,"17.60%","0",3,18,2,"100%",32,16,0,1,0,0,118.8,1.78,1,"22.20%",0,1,0,1,1,"5.60%","50.00%","50.00%","0.00%",16,11,"0.00%",1,3,"0.00%",0,0,0,"0.00%",0,0,0,2,0,"0.00%",3,3,0,3,0,"FCS",161,NA,NA,NA,161
"Ryan Krahe","MONTANA ST",19,27.78,"D","LB",2026,"Big Sky",66.6,63.4,NA,64,0,0,0,0,0,0,0,0,0,0,0,0,0,0,0,0,0,0,0,NA,NA,NA,NA,6,0,"0","0",0,13,2,"100%",18,9,0,1,0,0,104.2,1.38,0,"30.80%",0,0,0,0,0,"0.00%","0.00%","50.00%","0.00%",9,0.5,"0.00%",NA,NA,NA,NA,NA,NA,NA,NA,NA,NA,NA,NA,NA,NA,NA,NA,NA,NA,"FCS",51,NA,NA,NA,51
"Damon Narcisse","GEORGETOWN",29,27.75,"D","LB",2026,"Patriot",64,64.1,58.3,60,0,0,1,0,0,0,0,0,0,0,0,0,0,1,0,0,0,2,1,3,"0","0.00%",0,25,0,"4.00%","12.00%",1,1,0,"0.00%",0,0,0,0,0,0,0,0,0,"0.00%",0,0,0,0,0,"0.00%","0.00%","0.00%","0.00%",0,0,"0.00%",6,1,"50.00%",0,1,1,"50.00%",1,0,1,0,0,"0.00%",2,2,0,0,0,"FCS",180,NA,NA,NA,180
"Dillyn Blakey","ALABAMA ST",19,27.72,"D","LB",2026,"SWAC",65.4,64.4,NA,62.1,0,0,0,0,0,0,0,0,0,0,0,0,0,0,0,0,0,0,0,NA,NA,NA,NA,13,0,"0","0",0,6,0,"0.00%",0,0,0,0,0,0,0,0,0,"50.00%",0,0,0,0,0,"0.00%","0.00%","0.00%","0.00%",0,0,"0.00%",NA,NA,NA,NA,NA,NA,NA,NA,NA,NA,NA,NA,NA,NA,NA,NA,NA,NA,"FCS",309,NA,NA,NA,309
"Lane Sumerel","MOREHEAD",28,27.54,"D","LB",2026,"Pioneer",62.4,65.9,NA,59.8,0,1,1,0,0,0,0,0,0,0,0,0,0,0,0,0,0,1,1,NA,NA,NA,NA,6,0,"0","0",0,22,4,"100%",31,7.8,0,1,0,0,99,1.41,0,"50.00%",0,0,0,1,0,"0.00%","0.00%","25.00%","0.00%",7.8,1.8,"0.00%",8,2,"0.00%",1,0,0,"0.00%",0,1,0,1,0,"0.00%",2,2,0,1,0,"FCS",295,NA,NA,NA,295
"Joe Ollman","S DAK ST",17,27.26,"D","LB",2026,"Missouri Valley",64.7,65.9,56.3,62.3,0,0,0,0,0,0,0,0,0,0,0,0,0,0,0,0,0,0,0,2,"0","0.00%",0,9,0,"0","0",0,6,0,"0.00%",0,0,0,0,0,0,0,0,0,"16.70%",0,0,0,0,0,"0.00%","0.00%","0.00%","0.00%",0,0,"0.00%",NA,NA,NA,NA,NA,NA,NA,NA,NA,NA,NA,NA,NA,NA,NA,NA,NA,NA,"FCS",57,NA,NA,NA,57
"Will Miller","HOLY CROSS",45,27.24,"D","LB",2026,"Patriot",47.9,60.3,57.3,36.7,0,1,2,0,0,0,0,0,0,0,0,0,0,1,0,0,0,4,6,2,"0","0.00%",0,32,3,"12.50%","12.50%",4,11,1,"50.00%",24,24,0,1,0,0,93.8,2.18,1,"9.10%",0,0,1,2,0,"9.10%","0.00%","50.00%","0.00%",12,9,"0.00%",53,5,"28.60%",1,2,1,"28.60%",4,1,2,0,0,"0.00%",7,7,0,0,0,"FCS",221,NA,NA,NA,221
"Will Martin","DUQUESNE",28,27.05,"D","LB",2026,"Northeast",59.8,59.8,58.4,NA,0,0,0,0,0,0,0,0,0,0,0,0,0,0,0,0,0,2,2,3,"0","0.00%",0,25,6.5,"4.00%","0",1,NA,NA,NA,NA,NA,NA,NA,NA,NA,NA,NA,NA,NA,NA,NA,NA,NA,NA,NA,NA,NA,NA,NA,NA,NA,38,2,"0.00%",0,0,0,"0.00%",2,0,0,0,0,"0.00%",2,2,0,0,0,"FCS",367,NA,NA,NA,367
"Kaosisochukwu Ukiwe","MORGAN ST",15,27.04,"D","LB",2026,"MEAC",63.9,66.6,55.2,60,0,0,1,0,0,0,0,0,0,0,0,0,0,0,0,0,0,3,0,8,"0","0.00%",0,7,2,"0","14.30%",0,NA,NA,NA,NA,NA,NA,NA,NA,NA,NA,NA,NA,NA,NA,NA,NA,NA,NA,NA,NA,NA,NA,NA,NA,NA,98,2,"0.00%",0,1,0,"0.00%",1,0,0,0,0,"0.00%",2,2,0,1,0,"FCS",372,NA,NA,NA,372
"Charles Whelpley","S ILLINOIS",21,26.28,"D","LB",2026,"Missouri Valley",66.8,63.2,59.2,65.5,0,0,0,0,0,0,0,0,0,0,0,0,0,0,0,0,0,2,0,1,"0","0.00%",0,6,0,"0","0",0,14,0,"0.00%",0,0,0,0,0,0,0,0,0,"35.70%",0,0,0,0,0,"0.00%","0.00%","0.00%","0.00%",0,0,"0.00%",15,2,"33.30%",0,0,0,"0.00%",0,0,0,0,0,"0.00%",3,3,0,1,0,"FCS",213,NA,NA,NA,213
"Jacob Wilson","MERRIMACK",37,26.28,"D","LB",2026,"IND (FCS)",59.6,61.1,55.7,59.9,0,4,0,0,0,0,0,0,0,0,0,0,0,0,0,0,0,2,3,5,"0","0.00%",0,15,0,"13.30%","6.70%",2,17,1,"100%",5,5,0,0,0,0,87.5,0.29,0,"11.80%",0,0,0,1,0,"0.00%","0.00%","0.00%","0.00%",5,4,"0.00%",2,7,"22.20%",4,0,0,"20.00%",0,4,1,0,0,"25.00%",9,9,0,3,1,"FCS",271,NA,NA,NA,271
"Jack Ward","DRAKE",52,25.76,"D","LB",2026,"Pioneer",59.5,67.4,51.2,NA,0,0,1,0,0,0,0,0,0,0,0,0,0,0,0,0,0,0,0,28,"0","0.00%",0,24,2,"0","0",0,NA,NA,NA,NA,NA,NA,NA,NA,NA,NA,NA,NA,NA,NA,NA,NA,NA,NA,NA,NA,NA,NA,NA,NA,NA,24,1,"0.00%",0,1,0,"0.00%",1,0,0,0,0,"0.00%",1,1,0,0,0,"FCS",137,NA,NA,NA,137
"DJ Griffith","INDIANA ST",31,24.86,"D","LB",2026,"Missouri Valley",52.8,51.2,61.7,55.9,0,1,0,0,0,1,0,1,0,0,0,0,0,0,0,0,1,1,3,6,"0","16.70%",8.3,12,4,"16.70%","0",2,13,3,"100%",26,8.7,0,1,0,0,102.8,2,1,"15.40%",0,2,0,1,0,"7.70%","66.70%","33.30%","0.00%",8.7,-1,"0.00%",15,2,"0.00%",1,0,0,"0.00%",1,1,0,0,0,"0.00%",2,2,0,0,0,"FCS",34,NA,NA,NA,34
"Jack Munro","SAN DIEGO",46,24.6,"D","LB",2026,"Pioneer",51.7,47,59.1,59.4,0,1,3,0,0,0,0,0,0,0,0,0,0,0,0,0,0,3,5,1,"0","0.00%",0,20,3,"20.00%","10.00%",4,25,1,"100%",14,14,0,1,0,0,118.8,0.56,0,"20.00%",0,0,0,1,0,"0.00%","0.00%","100%","0.00%",14,14,"0.00%",7,4,"33.30%",1,3,0,"40.00%",3,0,2,0,0,"0.00%",6,6,1,0,0,"FCS",249,NA,NA,NA,249
"Rymen Mosley","TENN STATE",19,24.4,"D","LB",2026,"Big South - OVC Football Association",40.4,54.3,NA,42.3,0,0,0,0,0,0,0,0,0,0,0,0,0,0,0,0,0,1,3,NA,NA,NA,NA,9,0,"11.10%","0",1,10,3,"60.00%",69,23,1,2,0,0,143.8,6.9,1,"0.00%",0,3,2,2,1,"10.00%","60.00%","40.00%","0.00%",13.8,19.6,"0.00%",14,1,"0.00%",0,0,0,"0.00%",0,0,0,0,0,"0.00%",1,1,0,1,0,"FCS",382,NA,NA,NA,382
"Tyler Scott","BRYANT",38,24.07,"D","LB",2026,"CAA",49.2,44.1,NA,64.8,0,1,0,0,0,0,0,0,0,0,0,0,0,0,0,0,0,9,5,NA,NA,NA,NA,31,7,"16.10%","0",5,7,2,"100%",16,8,0,0,0,0,100,2.29,0,"14.30%",0,2,0,0,0,"0.00%","100%","0.00%","0.00%",8,-3.5,"0.00%",18,6,"25.00%",1,0,0,"28.60%",4,1,2,0,0,"0.00%",8,8,0,1,0,"FCS",253,NA,NA,NA,253
"Kayvon Henderson","TENN STATE",27,23.83,"D","LB",2026,"Big South - OVC Football Association",55.8,58.9,60,55.6,0,1,0,0,0,0,0,0,0,1,0,0,0,0,0,0,0,1,3,1,"0","0.00%",0,11,0,"9.10%","0",1,15,2,"100%",38,19,1,2,0,1,158.3,2.53,1,"0.00%",0,1,0,2,1,"6.70%","50.00%","100%","0.00%",19,8.5,"50.00%",36,2,"33.30%",1,0,0,"0.00%",0,1,0,0,0,"50.00%",3,3,0,1,1,"FCS",154,NA,NA,NA,154
"Solomon McDaniel","PORTLAND",16,23.77,"D","LB",2026,"Big Sky",63.2,61.6,NA,61.9,0,1,0,0,0,0,0,0,0,0,0,0,0,0,0,0,0,0,1,NA,NA,NA,NA,12,0,"8.30%","0",1,4,0,"0.00%",0,0,0,0,0,0,0,0,0,"0.00%",0,0,0,0,0,"0.00%","0.00%","0.00%","0.00%",0,0,"0.00%",36,1,"0.00%",1,0,0,"0.00%",0,1,0,0,0,"0.00%",1,1,0,0,0,"FCS",296,NA,NA,NA,296
"Timmy Fleischood Jr.","MERCYHURST",20,23.69,"D","LB",2026,"Northeast",51.6,65,60,42.8,0,1,0,0,0,0,0,0,0,0,0,0,0,0,0,0,0,0,1,1,"0","0.00%",0,14,0,"0","0",0,5,1,"100%",29,29,0,1,0,0,118.8,5.8,1,"0.00%",0,1,0,1,0,"20.00%","100%","100%","0.00%",29,18,"0.00%",1,1,"0.00%",1,0,0,"0.00%",0,1,0,0,0,"0.00%",1,1,0,0,0,"FCS",293,NA,NA,NA,293
"Michael Wells","YNGTOWN ST",48,23.52,"D","LB",2026,"Missouri Valley",52.9,64.6,59.6,41.2,1,0,1,0,0,0,2,2,0,0,0,0,0,0,0,0,2,2,3,12,"0","16.70%",8.3,25,4,"0","0",0,11,2,"100%",28,14,0,2,0,0,118.8,2.55,1,"9.10%",0,0,0,2,0,"9.10%","0.00%","100%","0.00%",14,-0.5,"0.00%",3,2,"0.00%",0,1,0,"0.00%",1,0,0,0,0,"0.00%",2,2,0,1,0,"FCS",58,NA,NA,NA,58
"Kaidon Whidby","ALCORN ST",29,23.49,"D","LB",2026,"SWAC",61.2,59.8,58.7,62.3,0,0,0,0,0,0,0,0,0,0,0,0,0,0,0,0,0,1,1,3,"0","0.00%",0,22,2,"4.50%","0",1,4,0,"0.00%",0,0,0,0,0,0,0,0,0,"25.00%",0,0,0,0,0,"0.00%","0.00%","0.00%","0.00%",0,0,"0.00%",3,1,"0.00%",0,0,0,"0.00%",1,0,0,0,0,"0.00%",1,1,0,0,0,"FCS",166,NA,NA,NA,166
"Cameren Dalrymple","NC A&T",21,23.39,"D","LB",2026,"CAA",51.1,57.3,NA,51.2,0,0,0,0,0,0,0,0,0,0,0,0,0,0,0,0,0,1,2,NA,NA,NA,NA,13,5.5,"7.70%","0",1,8,0,"0.00%",0,0,0,0,0,0,39.6,0,0,"25.00%",0,1,1,1,0,"0.00%","100%","0.00%","0.00%",0,-1,"0.00%",23,2,"0.00%",0,0,0,"0.00%",2,0,0,0,0,"0.00%",2,2,0,0,0,"FCS",11,NA,NA,NA,11
"Isaiah Grevious","VA MILT IN",39,23.37,"D","LB",2026,"Southern",47.4,57.9,60,42.4,0,1,1,0,0,0,0,0,0,0,0,0,0,1,0,0,0,6,7,1,"0","0.00%",0,20,-0.33,"20.00%","20.00%",4,18,2,"100%",31,15.5,0,1,0,0,118.8,1.72,1,"22.20%",0,0,0,3,0,"5.60%","0.00%","50.00%","0.00%",15.5,6.5,"0.00%",1,4,"42.90%",1,1,1,"40.00%",3,0,2,0,0,"50.00%",7,7,1,0,1,"FCS",89,NA,NA,NA,89
"Ronin Dangler","MERCER",23,23.32,"D","LB",2026,"Southern",56,60.4,58.7,54.2,0,0,2,0,0,0,0,0,0,0,0,0,0,0,0,0,0,3,2,2,"0","0.00%",0,12,4,"8.30%","8.30%",1,9,0,"0.00%",0,0,0,0,0,0,0,0,0,"55.60%",0,0,0,1,0,"0.00%","0.00%","0.00%","0.00%",0,0,"0.00%",48,4,"20.00%",0,2,0,"0.00%",3,0,0,0,0,"50.00%",4,5,0,1,1,"FCS",371,NA,NA,NA,371
"Drake Lusk","BRYANT",50,23.25,"D","LB",2026,"CAA",49.7,43.8,NA,64.1,0,2,1,0,0,0,0,0,0,0,0,0,0,0,0,0,0,5,6,NA,NA,NA,NA,38,3.6,"15.80%","5.30%",6,12,0,"0.00%",0,0,0,0,0,0,0,0,0,"0.00%",0,0,0,0,0,"0.00%","0.00%","0.00%","0.00%",0,0,"0.00%",41,7,"12.50%",2,1,0,"12.50%",5,2,1,0,0,"0.00%",8,8,0,0,0,"FCS",234,NA,NA,NA,234
"Kaden Smith","E KENTUCKY",46,23.02,"D","LB",2026,"United Athletic",29.6,56.6,60,28.1,0,2,2,0,0,0,0,0,0,0,0,0,0,0,0,0,0,5,9,1,"0","0.00%",0,18,4,"16.70%","5.60%",3,27,5,"83.30%",115,23,1,3,0,0,158.3,4.26,4,"25.90%",0,3,1,6,1,"14.80%","50.00%","50.00%","0.00%",19.2,14.7,"0.00%",1,6,"25.00%",2,1,0,"0.00%",2,2,0,1,0,"50.00%",8,8,0,2,2,"FCS",179,NA,NA,NA,179
"Gabriel Hardman","S DAKOTA",56,22.83,"D","LB",2026,"Missouri Valley",60.6,49.4,59.3,65.6,0,0,1,0,0,0,0,0,0,0,0,0,0,0,0,0,0,3,4,1,"0","0.00%",0,22,0,"9.10%","0",2,33,5,"83.30%",27,5.4,0,1,0,0,85.4,0.82,0,"24.20%",0,0,1,2,2,"0.00%","0.00%","16.70%","0.00%",4.5,1.2,"0.00%",3,2,"0.00%",0,0,0,"0.00%",0,0,0,1,0,"0.00%",2,2,0,2,0,"FCS",130,NA,NA,NA,130
"EJ Segrest","NICHOLLS",27,22.8,"D","LB",2026,"Southland",45,57.1,NA,43.9,0,0,1,0,0,0,0,0,0,0,0,0,0,1,0,0,0,1,4,NA,NA,NA,NA,13,0,"15.40%","7.70%",2,14,2,"100%",36,18,0,2,0,0,118.8,2.57,1,"7.10%",0,2,0,2,0,"7.10%","100%","100%","0.00%",18,1.5,"0.00%",44,2,"0.00%",0,1,1,"0.00%",1,0,0,0,0,"0.00%",2,2,0,1,0,"FCS",357,NA,NA,NA,357
"KJ Sims","ARKAPB",22,22.75,"D","LB",2026,"SWAC",58.3,60.1,57.3,58.4,0,0,1,0,0,0,0,0,0,0,0,0,0,0,0,0,0,1,2,4,"0","0.00%",0,10,0,"10.00%","10.00%",1,8,1,"100%",15,15,0,1,0,0,118.8,1.88,1,"12.50%",0,1,0,1,0,"12.50%","100%","100%","0.00%",15,1,"0.00%",43,1,"0.00%",0,0,0,"0.00%",0,0,0,0,0,"0.00%",1,1,0,1,0,"FCS",317,NA,NA,NA,317
"Jeremie McGurn","LIUSHAR",50,22.63,"D","LB",2026,"Northeast",50.7,56.8,64.3,46.7,0,0,3,0,0,0,1,1,0,0,0,0,0,0,0,0,0,6,7,4,"25.00%","25.00%",12.5,28,2.67,"17.90%","3.60%",5,18,1,"100%",20,20,0,1,0,0,118.8,1.11,1,"22.20%",0,1,0,1,0,"5.60%","100%","100%","0.00%",20,7,"0.00%",1,3,"25.00%",0,3,0,"0.00%",3,0,0,0,0,"100%",4,4,0,0,1,"FCS",306,NA,NA,NA,306
"Mafileo Tupou","E ILLINOIS",28,22.43,"D","LB",2026,"Big South - OVC Football Association",55.3,61.3,58.4,53.5,0,0,0,0,0,0,0,0,0,0,0,1,0,0,0,0,0,3,4,2,"0","0.00%",0,13,1,"7.70%","0",1,13,3,"100%",36,12,0,1,0,0,116.7,2.77,1,"30.80%",0,1,0,3,1,"7.70%","33.30%","33.30%","0.00%",12,5.7,"0.00%",19,2,"33.30%",0,0,0,"0.00%",1,0,0,0,0,"50.00%",3,3,0,1,1,"FCS",345,NA,NA,NA,345
"Ryan Geary","BRYANT",20,22.19,"D","LB",2026,"CAA",58,58.9,56.8,60,0,0,0,0,0,0,0,0,0,0,0,0,0,0,0,0,0,1,1,2,"0","0.00%",0,17,4,"5.90%","0",1,1,0,"0.00%",0,0,0,0,0,0,0,0,0,"0.00%",0,0,0,0,0,"0.00%","0.00%","0.00%","0.00%",0,0,"0.00%",59,1,"0.00%",0,0,0,"0.00%",1,0,0,0,0,"0.00%",1,1,0,0,0,"FCS",233,NA,NA,NA,233
"Epoki Fakaosi","TENN STATE",28,21.89,"D","LB",2026,"Big South - OVC Football Association",41,58.2,NA,39.1,0,2,1,0,0,0,0,0,0,0,0,0,0,0,0,0,0,4,5,NA,NA,NA,NA,11,1,"9.10%","9.10%",1,17,3,"100%",33,11,0,2,0,0,112.5,1.94,1,"11.80%",0,2,0,4,0,"5.90%","66.70%","66.70%","0.00%",11,6.3,"0.00%",33,4,"42.90%",2,1,0,"50.00%",1,0,1,0,0,"40.00%",7,7,2,1,2,"FCS",275,NA,NA,NA,275
"Hugh Wilkinson","PRESBYTERN",16,21.78,"D","LB",2026,"Pioneer",56.3,54.6,59.3,61.4,0,0,0,0,0,0,0,0,0,0,0,0,0,0,0,0,0,0,1,1,"0","0.00%",0,11,0,"9.10%","0",1,4,0,"0.00%",0,0,0,0,0,0,0,0,0,"50.00%",0,0,0,0,0,"0.00%","0.00%","0.00%","0.00%",0,0,"0.00%",NA,NA,NA,NA,NA,NA,NA,NA,NA,NA,NA,NA,NA,NA,NA,NA,NA,NA,"FCS",336,NA,NA,NA,336
"Henry Berling","VA MILT IN",25,21.68,"D","LB",2026,"Southern",56.8,58.2,NA,56.8,0,2,1,0,0,0,0,0,0,0,0,0,0,0,0,0,0,4,3,NA,NA,NA,NA,18,2,"11.10%","11.10%",2,7,1,"100%",10,10,0,0,0,0,108.3,1.43,0,"42.90%",0,0,0,1,0,"0.00%","0.00%","0.00%","0.00%",10,3,"0.00%",43,4,"33.30%",2,1,0,"20.00%",2,2,1,0,0,"100%",6,6,0,0,1,"FCS",140,NA,NA,NA,140
"Koby Dickens","TARLETON",19,21.63,"D","LB",2026,"United Athletic",54.8,72.5,58.9,37.6,0,1,0,0,0,0,0,0,0,0,0,0,1,0,0,0,0,1,2,1,"0","0.00%",0,14,0,"0","14.30%",0,4,2,"100%",26,13,0,2,0,0,118.8,6.5,1,"0.00%",0,0,0,2,0,"25.00%","0.00%","100%","0.00%",13,2.5,"0.00%",10,1,"0.00%",1,0,0,"0.00%",0,1,0,0,0,"0.00%",1,1,0,0,0,"FCS",227,NA,NA,NA,227
"Kevin Martin Jr.","NICHOLLS",31,21.6,"D","LB",2026,"Southland",42,49.3,55.8,55.6,0,0,0,0,0,0,0,0,0,0,0,0,1,0,0,0,0,2,5,3,"0","0.00%",0,18,6,"16.70%","5.60%",3,10,0,"0.00%",0,0,0,0,0,0,39.6,0,0,"0.00%",0,0,1,1,1,"0.00%","0.00%","0.00%","0.00%",0,27,"0.00%",20,2,"33.30%",0,0,0,"33.30%",2,0,1,0,0,"0.00%",3,3,0,0,0,"FCS",358,NA,NA,NA,358
"Arturo Mattocks","MORGAN ST",17,21.54,"D","LB",2026,"MEAC",61,54.9,57.6,65.6,0,0,0,0,0,0,0,0,0,0,0,0,0,0,0,0,0,0,1,3,"0","0.00%",0,5,0,"20.00%","0",1,9,0,"0.00%",0,0,0,0,0,0,0,0,0,"0.00%",0,0,0,0,0,"0.00%","0.00%","0.00%","0.00%",0,0,"0.00%",0,2,"0.00%",0,0,0,"0.00%",0,0,0,0,0,"0.00%",2,2,0,2,0,"FCS",67,NA,NA,NA,67
"Quinn Kennedy","VA MILT IN",28,21.44,"D","LB",2026,"Southern",48.2,43.9,NA,56.7,0,0,0,0,0,0,0,0,0,0,0,0,0,0,0,0,0,2,4,NA,NA,NA,NA,13,14,"23.10%","7.70%",3,15,1,"100%",7,7,0,0,0,0,95.8,0.47,0,"33.30%",0,0,0,1,0,"0.00%","0.00%","0.00%","0.00%",7,4,"0.00%",46,2,"0.00%",0,0,0,"0.00%",1,0,0,0,0,"0.00%",2,2,0,1,0,"FCS",375,NA,NA,NA,375
"Talan Dudley","LEHIGH",33,21.37,"D","LB",2026,"Patriot",44.8,43.4,NA,54,0,2,1,0,0,0,0,0,0,0,1,0,0,0,0,0,0,1,6,NA,NA,NA,NA,17,2,"23.50%","11.80%",4,16,2,"66.70%",27,13.5,0,2,1,0,55.6,1.69,1,"12.50%",0,0,1,2,1,"6.30%","0.00%","66.70%","33.30%",9,6.3,"0.00%",44,3,"25.00%",2,1,0,"25.00%",1,2,1,0,0,"0.00%",4,4,0,0,0,"FCS",182,NA,NA,NA,182
"Temond Marcus","HAMPTON",48,21.28,"D","LB",2026,"CAA",40.9,32.2,46.9,62.6,0,1,1,1,0,0,1,2,0,0,0,0,0,0,0,2,0,7,9,2,"0","50.00%",25,27,11,"25.90%","3.70%",7,19,4,"80.00%",61,15.3,0,2,0,0,117.5,3.21,2,"26.30%",0,0,0,1,1,"10.50%","0.00%","40.00%","0.00%",12.2,-1,"0.00%",4,3,"57.10%",1,0,0,"60.00%",1,1,3,1,0,"50.00%",7,7,0,0,1,"FCS",264,NA,NA,NA,264
"Blake Fann","NWSTATE",29,21.22,"D","LB",2026,"Southland",53.8,56,60,54.7,0,1,0,0,0,0,0,0,0,0,0,0,0,0,0,0,0,0,2,1,"0","0.00%",0,16,0,"6.30%","0",1,12,1,"100%",21,21,0,1,0,0,118.8,1.75,1,"8.30%",0,1,0,1,0,"8.30%","100%","100%","0.00%",21,10,"0.00%",13,1,"0.00%",1,0,0,"0.00%",0,1,0,0,0,"0.00%",1,1,0,0,0,"FCS",118,NA,NA,NA,118
"Jackson King","NWSTATE",27,20.96,"D","LB",2026,"Southland",57.6,54.5,NA,62.3,0,0,1,0,0,0,0,0,0,0,0,0,0,0,0,0,0,0,2,NA,NA,NA,NA,20,1,"10.00%","5.00%",2,7,0,"0.00%",0,0,0,0,0,0,0,0,0,"28.60%",0,0,0,0,0,"0.00%","0.00%","0.00%","0.00%",0,0,"0.00%",23,1,"0.00%",0,1,0,"0.00%",1,0,0,0,0,"0.00%",1,1,0,0,0,"FCS",226,NA,NA,NA,226
"Ja'Wuan Nickson","E ILLINOIS",46,20.9,"D","LB",2026,"Big South - OVC Football Association",45,55.3,59.5,42.9,0,1,1,0,0,0,0,0,0,0,0,0,0,1,0,0,0,3,7,1,"0","0.00%",0,24,-2,"16.70%","12.50%",4,21,4,"100%",56,14,0,3,0,0,118.8,2.67,3,"14.30%",0,4,0,3,0,"14.30%","100%","75.00%","0.00%",14,5.5,"0.00%",5,2,"33.30%",1,1,1,"0.00%",1,1,0,0,0,"100%",3,3,0,0,1,"FCS",259,NA,NA,NA,259
"Aaron Kizzee","TEXAS STHN",34,20.7,"D","LB",2026,"SWAC",41.1,65.2,59.1,31.4,0,0,2,0,0,0,0,0,0,0,0,0,0,0,0,0,0,3,5,2,"0","0.00%",0,17,6,"5.90%","5.90%",1,15,4,"100%",107,26.8,2,2,0,0,158.3,7.13,4,"33.30%",0,0,0,4,0,"26.70%","0.00%","50.00%","0.00%",26.8,7,"0.00%",5,3,"50.00%",0,2,0,"25.00%",3,0,1,0,0,"100%",6,6,0,0,2,"FCS",246,NA,NA,NA,246
"Jacob Williams","TEXAS STHN",19,20.62,"D","LB",2026,"SWAC",52.9,42,60,65.9,0,0,0,0,0,0,0,0,0,0,0,0,0,0,0,0,0,3,2,2,"0","0.00%",0,8,15,"25.00%","0",2,9,1,"100%",5,5,0,0,0,0,87.5,0.56,0,"22.20%",0,0,0,0,0,"0.00%","0.00%","0.00%","0.00%",5,-3,"0.00%",11,2,"50.00%",0,0,0,"66.70%",1,0,2,0,0,"0.00%",4,4,0,1,0,"FCS",20,NA,NA,NA,20
"Danny Sears","NWSTATE",28,20.25,"D","LB",2026,"Southland",42.4,31.5,58.7,64.5,0,1,1,0,0,0,0,0,0,0,0,0,0,0,0,0,0,4,5,2,"0","0.00%",0,16,7.75,"31.30%","12.50%",5,10,0,"0.00%",0,0,0,0,0,0,0,0,0,"30.00%",0,0,0,0,0,"0.00%","0.00%","0.00%","0.00%",0,0,"0.00%",9,5,"28.60%",1,1,0,"33.30%",4,0,2,0,0,"0.00%",6,7,1,0,0,"FCS",38,NA,NA,NA,38
"Caleb Ellison","FURMAN",52,19.98,"F","LB",2026,"Southern",55.9,58.2,59.4,55.8,0,0,2,0,0,0,0,0,0,0,0,0,0,0,0,0,0,5,6,1,"0","0.00%",0,29,5,"13.80%","3.50%",4,22,1,"100%",6,6,0,1,0,0,91.7,0.27,0,"18.20%",0,0,0,2,0,"0.00%","0.00%","100%","0.00%",6,3,"0.00%",17,4,"33.30%",0,2,0,"0.00%",3,0,0,0,0,"66.70%",6,6,0,1,2,"FCS",262,NA,NA,NA,262
"Graydon Rollins","YNGTOWN ST",39,19.53,"F","LB",2026,"Missouri Valley",48,48.4,NA,53.6,0,1,1,0,0,0,0,0,0,0,0,0,0,0,0,0,0,5,5,NA,NA,NA,NA,22,5.5,"18.20%","0",4,17,2,"100%",14,7,1,1,0,0,135.4,0.82,0,"0.00%",0,0,0,1,0,"0.00%","0.00%","50.00%","0.00%",7,-1.5,"0.00%",35,6,"14.30%",1,1,0,"16.70%",4,1,1,0,0,"0.00%",7,7,0,1,0,"FCS",177,NA,NA,NA,177
"Alex Rose","INDIANA ST",38,19.46,"F","LB",2026,"Missouri Valley",52.3,58.3,61.1,56.9,0,1,1,0,0,0,1,1,0,0,0,0,0,0,0,0,0,4,5,7,"14.30%","14.30%",7.1,18,2,"16.70%","16.70%",3,13,0,"0.00%",0,0,0,0,0,0,0,0,0,"23.10%",0,0,0,2,0,"0.00%","0.00%","0.00%","0.00%",0,0,"0.00%",36,3,"50.00%",1,1,0,"50.00%",1,1,2,0,0,"50.00%",6,6,0,1,1,"FCS",73,NA,NA,NA,73
"Blake Surratt","MOREHEAD",20,19.27,"F","LB",2026,"Pioneer",57.6,50.1,NA,63.8,0,1,0,0,0,0,0,0,0,0,0,0,0,0,0,0,0,1,2,NA,NA,NA,NA,9,0,"22.20%","11.10%",2,11,0,"0.00%",0,0,0,0,0,0,39.6,0,0,"45.50%",0,0,1,0,0,"0.00%","0.00%","0.00%","0.00%",0,4,"0.00%",30,1,"50.00%",1,0,0,"50.00%",0,1,1,0,0,"0.00%",2,2,0,0,0,"FCS",364,NA,NA,NA,364
"Charlie Sasso","MONMOUTH",32,18.91,"F","LB",2026,"CAA",47.9,50.9,72.1,44,0,0,3,1,0,0,0,1,0,0,0,0,0,0,0,1,0,6,5,NA,NA,NA,NA,21,5,"14.30%","4.80%",3,11,0,"0.00%",0,0,0,0,0,0,0,0,0,"18.20%",0,0,0,2,1,"0.00%","0.00%","0.00%","0.00%",0,0,"0.00%",5,5,"44.40%",0,2,0,"50.00%",3,0,3,1,0,"33.30%",9,9,0,1,1,"FCS",53,NA,NA,NA,53
"Luke Williams","TXAMEA",42,18.6,"F","LB",2026,"Southland",38.6,27.1,59.5,67,0,1,2,0,0,0,0,0,0,0,0,0,0,1,0,0,0,3,11,1,"0","0.00%",0,22,2.5,"50.00%","22.70%",11,19,1,"100%",10,10,0,1,0,0,108.3,0.53,0,"42.10%",0,0,0,0,0,"0.00%","0.00%","100%","0.00%",10,2,"0.00%",32,3,"50.00%",1,1,1,"60.00%",2,0,3,0,0,"0.00%",6,6,1,0,0,"FCS",61,NA,NA,NA,61
"Helaman Ofahengaue","UTAHTC",21,18.54,"F","LB",2026,"Big Sky",52.7,56.8,NA,53,0,0,0,0,0,0,0,0,0,0,0,0,0,0,0,0,0,3,3,NA,NA,NA,NA,14,7,"14.30%","0",2,7,0,"0.00%",0,0,0,0,0,0,0,0,0,"0.00%",0,0,0,1,0,"0.00%","0.00%","0.00%","0.00%",0,0,"0.00%",7,2,"33.30%",0,0,0,"33.30%",2,0,1,0,0,"0.00%",3,3,0,0,0,"FCS",100,NA,NA,NA,100
"Javen Edmiston","TENN STATE",19,18.12,"F","LB",2026,"Big South - OVC Football Association",43.8,52,NA,45.9,0,1,1,0,0,0,0,0,0,0,0,0,0,1,0,0,0,4,5,NA,NA,NA,NA,10,6,"30.00%","30.00%",3,9,1,"100%",7,7,0,0,0,0,95.8,0.78,0,"11.10%",0,1,0,2,0,"0.00%","100%","0.00%","0.00%",7,0,"0.00%",40,3,"50.00%",1,1,1,"40.00%",2,1,2,0,0,"100%",6,6,0,0,1,"FCS",97,NA,NA,NA,97
"Drew Wilson","LAFAYETTE",19,18.01,"F","LB",2026,"Patriot",43.3,47.5,NA,50.3,0,0,1,0,0,0,0,0,0,0,0,0,0,0,0,0,0,3,5,NA,NA,NA,NA,12,5,"25.00%","0",3,7,3,"100%",32,10.7,0,2,0,0,111.1,4.57,1,"42.90%",0,2,0,2,1,"14.30%","66.70%","66.70%","0.00%",10.7,7.3,"0.00%",4,3,"25.00%",0,0,0,"33.30%",2,0,1,1,0,"0.00%",4,4,0,1,0,"FCS",92,NA,NA,NA,92
"Rod Tasco","VA MILT IN",27,18,"F","LB",2026,"Southern",57.7,63.8,56.9,54,0,0,1,0,0,0,0,0,0,0,0,0,0,0,0,0,0,1,2,10,"0","0.00%",0,15,3,"6.70%","13.30%",1,2,0,"0.00%",0,0,0,0,0,0,0,0,0,"0.00%",0,0,0,0,0,"0.00%","0.00%","0.00%","0.00%",0,0,"0.00%",4,1,"50.00%",0,1,0,"0.00%",1,0,0,0,0,"100%",2,2,0,0,1,"FCS",334,NA,NA,NA,334
"Devon Anderson","W ILLINOIS",52,17.94,"F","LB",2026,"Big South - OVC Football Association",53.6,51.7,52.6,63.3,0,0,1,0,0,0,0,0,0,0,0,0,0,0,0,0,0,3,3,7,"0","0.00%",0,33,2.5,"9.10%","0",3,12,0,"0.00%",0,0,0,0,0,0,0,0,0,"50.00%",0,0,0,0,0,"0.00%","0.00%","0.00%","0.00%",0,0,"0.00%",1,2,"33.30%",0,1,0,"33.30%",2,0,1,0,0,"0.00%",3,3,0,0,0,"FCS",63,NA,NA,NA,63
"Stephen Henderson","YNGTOWN ST",24,17.94,"F","LB",2026,"Missouri Valley",46.6,60.9,55.4,45,0,0,1,0,0,0,0,0,0,0,0,0,0,0,0,0,0,3,2,4,"0","0.00%",0,12,3,"8.30%","0",1,8,1,"100%",28,28,0,1,0,0,118.8,3.5,1,"50.00%",0,0,0,1,0,"12.50%","0.00%","100%","0.00%",28,-3,"0.00%",23,1,"0.00%",0,1,0,"0.00%",1,0,0,0,0,"0.00%",1,1,0,0,0,"FCS",176,NA,NA,NA,176
"Noah Livingston","LIUSHAR",26,17.81,"F","LB",2026,"Northeast",50.3,42.3,72.8,55.2,0,1,0,0,0,0,2,2,0,0,0,0,0,0,0,1,0,2,4,3,"33.30%","33.30%",16.7,14,0,"21.40%","0",3,9,0,"0.00%",0,0,0,0,0,0,0,0,0,"33.30%",0,0,0,1,0,"0.00%","0.00%","0.00%","0.00%",0,0,"0.00%",0,2,"33.30%",1,0,0,"0.00%",0,1,0,0,0,"50.00%",3,3,0,1,1,"FCS",188,NA,NA,NA,188
"Ty Brewer","W GEORGIA",20,17.81,"F","LB",2026,"United Athletic",55.9,42.6,70.9,62.9,0,0,1,1,0,0,0,1,0,0,0,0,0,0,0,1,0,2,2,1,"0","0.00%",0,11,0,"18.20%","0",2,8,0,"0.00%",0,0,0,0,0,0,0,0,0,"62.50%",0,0,0,0,1,"0.00%","0.00%","0.00%","0.00%",0,0,"0.00%",21,1,"66.70%",0,0,0,"100%",0,0,2,1,0,"0.00%",3,3,0,0,0,"FCS",209,NA,NA,NA,209
"Malaki Te'o","N ARIZONA",24,17.44,"F","LB",2026,"Big Sky",51.6,36.2,76.6,57.1,0,0,1,0,0,1,0,1,1,0,0,0,0,0,0,0,1,3,5,2,"0","50.00%",25,8,1.5,"50.00%","12.50%",4,14,1,"100%",12,12,0,1,0,0,116.7,0.86,0,"14.30%",0,0,0,1,1,"0.00%","0.00%","100%","0.00%",12,-1,"0.00%",28,2,"33.30%",0,1,0,"0.00%",2,0,0,0,0,"100%",3,3,0,0,1,"FCS",99,NA,NA,NA,99
"Kyran McConnell","GRAMBLING",29,17.12,"F","LB",2026,"SWAC",47.7,48,55.5,55.9,0,0,2,0,0,0,2,2,0,0,0,0,0,0,0,1,1,2,4,5,"0","0.00%",0,13,2,"23.10%","15.40%",3,11,1,"100%",12,12,0,1,0,0,116.7,1.09,0,"18.20%",0,0,0,1,0,"0.00%","0.00%","100%","0.00%",12,12,"0.00%",21,2,"33.30%",0,1,0,"0.00%",1,0,0,1,0,"50.00%",3,3,0,1,1,"FCS",151,NA,NA,NA,151
"Raleigh Herbert","FURMAN",52,16.44,"F","LB",2026,"Southern",44.8,30.9,55.4,66.1,0,1,1,0,0,0,0,0,0,0,0,0,0,0,0,0,0,3,8,4,"0","0.00%",0,29,6,"27.60%","3.50%",8,19,0,"0.00%",0,0,0,0,0,0,0,0,0,"21.10%",0,0,0,0,0,"0.00%","0.00%","0.00%","0.00%",0,0,"0.00%",24,3,"40.00%",1,1,0,"50.00%",2,0,2,0,0,"0.00%",5,5,1,0,0,"FCS",87,NA,NA,NA,87
"Paul Widerman","LAFAYETTE",47,16.43,"F","LB",2026,"Patriot",47.1,58.4,55.8,44,0,0,3,0,0,0,0,0,0,0,0,0,0,0,0,0,0,4,6,3,"0","0.00%",0,25,2.5,"12.00%","4.00%",3,19,2,"66.70%",11,5.5,0,0,0,0,72.9,0.58,0,"21.10%",0,2,1,2,1,"0.00%","66.70%","0.00%","0.00%",3.7,1.3,"0.00%",9,3,"40.00%",0,2,0,"33.30%",2,0,1,1,0,"50.00%",5,5,0,1,1,"FCS",181,NA,NA,NA,181
"Antonio Dobbins","W ILLINOIS",39,16.05,"F","LB",2026,"Big South - OVC Football Association",58.2,51.6,54.5,65.7,0,0,0,0,0,0,0,0,0,0,0,0,0,0,0,0,0,3,3,4,"0","0.00%",0,18,1,"16.70%","5.60%",3,17,1,"100%",5,5,0,0,0,0,87.5,0.29,0,"17.60%",0,0,0,0,0,"0.00%","0.00%","0.00%","0.00%",5,-3,"0.00%",4,2,"33.30%",0,0,0,"50.00%",1,0,1,0,0,"0.00%",3,3,0,1,0,"FCS",361,NA,NA,NA,361
"I'Ziah Emery","NORFOLK",23,15.82,"F","LB",2026,"MEAC",51.1,45.9,59.5,63.2,0,1,1,0,0,0,0,0,0,0,0,0,0,1,0,0,0,2,2,1,"0","0.00%",0,16,0,"12.50%","0",2,6,0,"0.00%",0,0,0,0,0,0,0,0,0,"33.30%",0,0,0,0,0,"0.00%","0.00%","0.00%","0.00%",0,0,"0.00%",20,2,"50.00%",1,0,0,"66.70%",0,1,2,1,1,"0.00%",4,4,0,1,0,"FCS",311,NA,NA,NA,311
"Cody Pham","GEORGETOWN",53,15.27,"F","LB",2026,"Patriot",41,37,65.9,50.5,0,2,1,0,0,0,1,1,1,0,0,0,0,0,0,1,0,11,14,2,"0","0.00%",0,35,5.33,"34.30%","17.10%",12,16,1,"100%",16,16,0,1,0,0,118.8,1,1,"18.80%",0,0,0,1,1,"6.30%","0.00%","100%","0.00%",16,4,"0.00%",10,7,"46.20%",2,1,0,"54.50%",3,2,6,0,0,"0.00%",13,13,0,2,0,"FCS",133,NA,NA,NA,133
"Keith Charney","AUSTINPEAY",15,15.17,"F","LB",2026,"United Athletic",50.6,64.3,53.6,49.5,0,0,1,0,0,0,1,1,0,0,0,0,0,0,0,0,1,1,2,3,"0","33.30%",16.7,7,0,"0","0",0,5,1,"100%",4,4,0,0,0,0,83.3,0.8,0,"60.00%",0,1,0,1,0,"0.00%","100%","0.00%","0.00%",4,-5,"0.00%",23,1,"66.70%",0,0,0,"0.00%",0,0,0,1,0,"66.70%",2,3,0,1,2,"FCS",197,NA,NA,NA,197
"Tango McCauley Jr.","N ALABAMA",39,14.73,"F","LB",2026,"United Athletic",49,57.5,54.2,49,0,1,1,0,0,1,0,1,0,0,0,0,0,0,0,0,1,1,4,5,"0","20.00%",10,17,3,"11.80%","11.80%",2,17,1,"100%",2,2,1,1,0,0,118.8,0.12,0,"11.80%",0,1,0,2,0,"0.00%","100%","100%","0.00%",2,-1,"0.00%",1,2,"50.00%",1,1,0,"33.30%",1,1,1,0,0,"100%",4,4,0,0,1,"FCS",273,NA,NA,NA,273
"Jalyn Turner","PRESBYTERN",17,14.58,"F","LB",2026,"Pioneer",43.3,38.2,57.3,61.7,0,1,1,0,0,0,0,0,0,0,0,0,0,0,0,0,0,1,3,2,"0","0.00%",0,11,3,"27.30%","9.10%",3,4,0,"0.00%",0,0,0,0,0,0,0,0,0,"50.00%",0,0,0,0,0,"0.00%","0.00%","0.00%","0.00%",0,0,"0.00%",3,2,"0.00%",1,1,0,"0.00%",1,1,0,0,0,"0.00%",2,2,0,0,0,"FCS",138,NA,NA,NA,138
"Darius Moore","ABILENE CH",59,14.53,"F","LB",2026,"United Athletic",29.5,42.1,55.3,29.7,0,2,2,0,0,0,0,0,0,0,0,0,0,0,0,0,0,6,13,3,"0","0.00%",0,26,4,"23.10%","11.50%",6,30,9,"100%",126,14,0,6,0,0,118.8,4.2,3,"33.30%",0,8,0,7,0,"10.00%","88.90%","66.70%","0.00%",14,4.9,"0.00%",0,6,"33.30%",2,1,0,"25.00%",2,1,1,1,0,"40.00%",9,9,1,2,2,"FCS",62,NA,NA,NA,62
"Jusden Culpper","MS VLY ST",27,14.29,"F","LB",2026,"SWAC",51.4,45.8,59.8,58.5,0,1,0,0,0,0,0,0,0,0,0,0,0,0,0,0,0,7,3,1,"0","0.00%",0,11,8,"18.20%","0",2,15,1,"100%",8,8,0,0,0,0,100,0.53,0,"6.70%",0,0,0,1,0,"0.00%","0.00%","0.00%","0.00%",8,-1,"0.00%",9,3,"50.00%",1,0,0,"50.00%",1,1,2,0,0,"50.00%",6,6,0,1,1,"FCS",318,NA,NA,NA,318
"Sonny Vitale","TXAMEA",21,14.19,"F","LB",2026,"Southland",40.9,36.6,59.5,62.1,0,0,0,0,0,0,0,0,0,0,0,0,0,0,0,0,0,0,4,1,"0","0.00%",0,16,8,"25.00%","0",4,4,0,"0.00%",0,0,0,0,0,0,0,0,0,"0.00%",0,0,0,0,0,"0.00%","0.00%","0.00%","0.00%",0,0,"0.00%",36,1,"0.00%",0,0,0,"0.00%",1,0,0,0,0,"0.00%",1,1,0,0,0,"FCS",359,NA,NA,NA,359
"Eli Jones","AUSTINPEAY",44,14.04,"F","LB",2026,"United Athletic",48.5,52.8,59.9,48.1,0,1,4,0,0,0,0,0,0,0,0,0,0,0,0,0,0,7,6,1,"0","0.00%",0,30,2.75,"13.30%","3.30%",4,13,1,"100%",8,8,0,1,0,0,100,0.62,0,"7.70%",0,1,0,2,0,"0.00%","100%","100%","0.00%",8,5,"0.00%",34,5,"44.40%",1,4,0,"37.50%",4,1,3,0,0,"100%",9,9,0,0,1,"FCS",49,NA,NA,NA,49
"Jordyn Stewart","E ILLINOIS",20,13.25,"F","LB",2026,"Big South - OVC Football Association",30.8,53.5,NA,30.3,0,1,0,0,0,0,0,0,0,0,0,0,0,0,0,0,0,0,4,NA,NA,NA,NA,8,6,"12.50%","0",1,12,1,"50.00%",5,5,0,0,0,0,56.3,0.42,0,"16.70%",0,2,1,3,0,"0.00%","100%","0.00%","0.00%",2.5,13,"0.00%",34,2,"0.00%",1,0,0,"0.00%",1,1,0,0,0,"0.00%",2,2,0,0,0,"FCS",215,NA,NA,NA,215
"Chiagozie Oliver","LIUSHAR",21,13.25,"F","LB",2026,"Northeast",50.2,49.4,NA,54.4,0,1,1,0,0,0,0,0,0,0,0,0,0,0,0,0,0,0,3,NA,NA,NA,NA,14,4,"14.30%","0",2,7,1,"100%",8,8,0,1,0,0,100,1.14,0,"0.00%",0,1,0,1,0,"0.00%","100%","100%","0.00%",8,5,"0.00%",39,2,"50.00%",1,1,0,"33.30%",1,1,1,0,0,"100%",4,4,0,0,1,"FCS",328,NA,NA,NA,328
"Justice Cross","FL A&M",23,13,"F","LB",2026,"SWAC",37.1,28.6,NA,62.2,0,0,1,0,0,0,0,0,0,0,0,0,0,0,0,0,0,4,7,NA,NA,NA,NA,15,8,"40.00%","0",6,8,1,"50.00%",4,4,0,0,0,0,56.3,0.5,0,"25.00%",0,0,1,1,1,"0.00%","0.00%","0.00%","0.00%",2,7.5,"0.00%",5,2,"33.30%",0,0,0,"50.00%",1,0,1,1,0,"0.00%",3,3,0,1,0,"FCS",14,NA,NA,NA,14
"Daniel Ufua","HAMPTON",19,11.81,"F","LB",2026,"CAA",43,40.4,59.8,54.6,0,0,0,0,0,0,0,0,0,0,0,0,0,0,0,0,0,2,4,2,"0","0.00%",0,9,0,"33.30%","22.20%",3,8,1,"100%",68,68,0,0,0,0,118.8,8.5,1,"12.50%",0,0,0,1,0,"12.50%","0.00%","0.00%","0.00%",68,-4,"0.00%",12,1,"66.70%",0,0,0,"100%",0,0,1,0,0,"50.00%",3,3,0,1,1,"FCS",60,NA,NA,NA,60
"DeJuan Harris","CHISTA",43,11.28,"F","LB",2026,"IND (FCS)",40.5,39.4,52.9,53.8,0,2,0,0,0,0,0,0,0,0,0,0,0,0,0,0,0,2,6,7,"0","0.00%",0,22,5,"22.70%","0",5,14,1,"100%",15,15,0,1,0,0,118.8,1.07,1,"28.60%",0,0,0,1,0,"7.10%","0.00%","100%","0.00%",15,7,"0.00%",9,3,"25.00%",2,0,0,"25.00%",1,2,1,0,0,"0.00%",4,4,0,0,0,"FCS",380,NA,NA,NA,380
"Jayden Brown","MAINE",33,10.69,"F","LB",2026,"CAA",47.3,49.6,59.1,52.2,0,0,0,0,0,0,0,0,0,0,0,0,0,0,0,0,0,3,4,2,"0","0.00%",0,17,6,"11.80%","0",2,14,2,"100%",19,9.5,0,1,0,0,106.3,1.36,0,"14.30%",0,2,0,2,1,"0.00%","100%","50.00%","0.00%",9.5,0,"0.00%",18,1,"66.70%",0,0,0,"50.00%",1,0,1,0,0,"100%",3,3,0,0,1,"FCS",248,NA,NA,NA,248
"Derron Moore","ARKAPB",40,9.25,"F","LB",2026,"SWAC",31.4,28.6,59.9,48.4,0,0,1,0,0,0,0,0,0,0,0,0,0,0,0,0,0,5,10,1,"0","0.00%",0,23,8.33,"34.80%","4.30%",8,16,2,"100%",33,16.5,0,1,0,0,118.8,2.06,1,"37.50%",0,2,0,2,0,"6.30%","100%","50.00%","0.00%",16.5,8.5,"0.00%",14,3,"25.00%",0,1,0,"25.00%",3,0,1,0,0,"0.00%",4,4,0,0,0,"FCS",143,NA,NA,NA,143
"Brock Driver","E KENTUCKY",17,9.24,"F","LB",2026,"United Athletic",28.3,50.3,NA,29.4,0,0,0,0,0,0,0,0,0,0,0,0,0,0,0,0,0,0,3,NA,NA,NA,NA,10,0,"20.00%","0",2,7,1,"100%",30,30,1,1,0,0,158.3,4.29,1,"0.00%",0,0,0,1,0,"14.30%","0.00%","100%","0.00%",30,27,"0.00%",NA,NA,NA,NA,NA,NA,NA,NA,NA,NA,NA,NA,NA,NA,NA,NA,NA,NA,"FCS",260,NA,NA,NA,260
"Conlee Crossno","MURRAY ST",19,8.41,"F","LB",2026,"Missouri Valley",44.3,37.9,NA,54.7,0,1,0,0,0,0,0,0,0,0,0,0,0,0,0,0,0,1,3,NA,NA,NA,NA,7,0,"28.60%","0",2,12,1,"100%",20,20,0,1,0,0,118.8,1.67,1,"16.70%",0,1,0,1,0,"8.30%","100%","100%","0.00%",20,-2,"0.00%",5,1,"66.70%",1,0,0,"100%",0,0,1,0,0,"50.00%",2,3,1,0,1,"FCS",228,NA,NA,NA,228
"Camden Clinton","VA MILT IN",25,7.49,"F","LB",2026,"Southern",39.1,51.5,NA,40.7,0,1,0,0,0,0,0,0,0,0,0,0,0,0,0,0,0,1,4,NA,NA,NA,NA,12,0,"16.70%","8.30%",2,13,2,"100%",30,15,1,1,0,0,158.3,2.31,1,"15.40%",0,0,0,2,0,"7.70%","0.00%","50.00%","0.00%",15,8.5,"0.00%",21,1,"50.00%",1,0,0,"50.00%",0,1,1,0,0,"0.00%",2,2,0,0,0,"FCS",88,NA,NA,NA,88
"Luke Hansen","UTAHTC",21,7.29,"F","LB",2026,"Big Sky",36.6,54.7,NA,32.6,0,1,1,0,0,0,0,0,0,0,0,0,0,0,0,0,0,3,5,NA,NA,NA,NA,14,4,"21.40%","0",3,7,0,"0.00%",0,0,0,0,0,0,0,0,0,"0.00%",0,0,0,2,0,"0.00%","0.00%","0.00%","0.00%",0,0,"0.00%",18,3,"25.00%",1,1,0,"25.00%",2,1,1,0,0,"0.00%",4,4,0,0,0,"FCS",352,NA,NA,NA,352
"Leka Tu'akoi","UTAHTC",41,6.01,"F","LB",2026,"Big Sky",38.3,50.5,56.2,31.2,0,0,0,0,0,0,1,1,0,0,0,0,0,0,0,0,1,3,6,11,"0","0.00%",0,29,10.5,"13.80%","3.50%",4,1,0,"0.00%",0,0,0,0,0,0,0,0,0,"0.00%",0,0,0,0,0,"0.00%","0.00%","0.00%","0.00%",0,0,"0.00%",16,2,"33.30%",0,0,0,"0.00%",1,0,0,0,0,"50.00%",3,3,0,1,1,"FCS",240,NA,NA,NA,240
"Cole Smith","HAMPTON",54,4.5,"F","LB",2026,"CAA",29.8,33.7,56.5,36.3,0,1,1,0,0,0,0,0,0,0,0,0,0,0,0,0,0,4,10,4,"0","0.00%",0,24,7,"20.80%","0",5,26,3,"75.00%",17,5.7,0,1,0,0,82.3,0.65,0,"26.90%",0,0,1,5,0,"0.00%","0.00%","25.00%","0.00%",4.3,2,"0.00%",32,4,"42.90%",1,0,0,"50.00%",2,0,2,1,0,"33.30%",7,7,1,1,1,"FCS",369,NA,NA,NA,369
"Dominic Logiudice","NICHOLLS",25,4.47,"F","LB",2026,"Southland",43.8,39.3,NA,62.3,0,0,0,0,0,0,0,0,0,0,0,0,0,0,0,0,0,2,4,NA,NA,NA,NA,19,0,"21.10%","0",4,6,0,"0.00%",0,0,0,0,0,0,0,0,0,"0.00%",0,0,0,0,0,"0.00%","0.00%","0.00%","0.00%",0,0,"0.00%",0,0,"100%",0,0,0,"100%",0,0,1,0,0,"0.00%",1,1,0,0,0,"FCS",141,NA,NA,NA,141
"Sammy Taylor","TENN STATE",20,3.74,"F","LB",2026,"Big South - OVC Football Association",28.4,45.8,NA,29.5,0,0,0,0,0,0,0,0,0,0,0,0,0,0,0,0,0,2,7,NA,NA,NA,NA,8,0,"25.00%","0",2,12,5,"100%",79,15.8,0,4,0,0,118.8,6.58,3,"8.30%",0,5,0,5,0,"25.00%","100%","80.00%","0.00%",15.8,1.6,"0.00%",25,2,"33.30%",0,0,0,"0.00%",0,0,0,0,0,"33.30%",3,3,0,2,1,"FCS",78,NA,NA,NA,78
"Devyn Curtis","TENN STATE",19,3.39,"F","LB",2026,"Big South - OVC Football Association",36.9,46.3,NA,43.8,0,0,0,0,0,0,0,0,0,0,0,0,0,0,0,0,0,1,4,NA,NA,NA,NA,7,0,"28.60%","0",2,12,2,"100%",32,16,1,2,0,0,158.3,2.67,2,"0.00%",0,2,0,2,0,"16.70%","100%","100%","0.00%",16,1,"0.00%",6,0,"100%",0,0,0,"0.00%",0,0,0,0,0,"100%",1,1,0,0,1,"FCS",2,NA,NA,NA,2
"Hunter Brooks","DAVIDSON",23,2.99,"F","LB",2026,"Pioneer",35.1,38.2,59.4,49.2,0,1,0,0,0,0,0,0,0,0,0,0,0,0,0,0,0,1,6,1,"0","0.00%",0,18,8,"27.80%","0",5,4,0,"0.00%",0,0,0,0,0,0,0,0,0,"0.00%",0,0,0,1,0,"0.00%","0.00%","0.00%","0.00%",0,0,"0.00%",0,2,"60.00%",1,0,0,"50.00%",1,1,2,0,0,"100%",4,5,0,0,1,"FCS",94,NA,NA,NA,94
"Jayden Davis","ALCORN ST",57,1.51,"F","LB",2026,"SWAC",28.1,25.8,64.9,40.6,0,1,0,0,0,1,0,1,0,0,0,0,0,0,0,0,1,4,14,5,"0","20.00%",10,31,0,"35.50%","0",11,21,1,"50.00%",35,35,0,1,0,0,95.8,1.67,1,"14.30%",0,0,1,2,0,"4.80%","0.00%","50.00%","0.00%",17.5,12,"0.00%",8,2,"50.00%",1,0,0,"50.00%",0,1,1,0,0,"50.00%",4,4,0,1,1,"FCS",239,NA,NA,NA,239
"Jaydyn Johnson","TOWSON",32,1.11,"F","LB",2026,"CAA",33.8,47,58.1,29.6,0,1,0,0,0,0,0,0,0,0,0,0,0,0,0,0,0,5,6,2,"0","0.00%",0,27,6,"14.80%","3.70%",4,3,0,"0.00%",0,0,0,0,0,0,0,0,0,"0.00%",0,0,0,1,0,"0.00%","0.00%","0.00%","0.00%",0,0,"0.00%",8,5,"28.60%",1,0,0,"16.70%",4,1,1,0,0,"100%",7,7,0,0,1,"FCS",15,NA,NA,NA,15
"Bryson Torrie","N ARIZONA",32,0,"F","LB",2026,"Big Sky",29.4,45.3,54.7,31.1,0,1,1,0,0,0,0,0,0,0,0,0,0,0,0,0,0,2,8,3,"0","0.00%",0,14,4,"35.70%","7.10%",5,15,2,"100%",34,17,0,2,0,0,118.8,2.27,1,"6.70%",0,0,0,3,0,"6.70%","0.00%","100%","0.00%",17,6,"0.00%",22,2,"33.30%",1,1,0,"0.00%",1,1,0,0,0,"100%",3,3,0,0,1,"FCS",339,NA,NA,NA,339
