"Name","Team","Defensive.Snaps","Composite_Score","Player_Grade","Position","Season","Conference","Defensive.Grades","Run.Defense.Grade","Pass.Rush.Grade","Coverage.Grade","Batted.Passes","Assistant","Stops","Sacks","NFL.Sacks","Hits","Hurries","Total.Pressures.Generated","Beaten.Defender","Pass.Break.Up","Interception","Forced.Fumble","Fumble.Recovery","Tackle.for.Loss.or.No.Gain","Dropped.Int","Pursuit.Pressure","Unblocked.Pass.Rush","First.Contact","Negative.Plays","Pass.Rush.Plays","Pass.Rush.Win.Percentage","Pass.Rush.Pressure.Percentage","Pass.Rush.Productivity","Run.Defense.Plays","Average.Depth.of.Tackle","Negative.Rush.Defense.Percentage","Positive.Rush.Defense.Percentage","Number.of.Negative.Plays","Coverage.Snaps","Receptions.Allowed","Completion.Percentage.Allowed","Pass.Yards.Allowed","Yards.per.Reception.Allowed","Touchdowns.Allowed","First.Downs.Allowed","Interceptions","Forced.Incompletions","Passer.Rating.Allowed","Receiving.Yards.Allowed.per.Snap","Plays.of.15..Yards.Allowed","Successful.Plays.Percentage","Sacks.per.Throwaway","Open.Targets","Drops...Off.Targets.Receptions.Forced","Total.Negative.Plays","Total.Positive.Plays","X15..Yards.Allowed.Percentage","Percentage.of.Open.Targets","Percentage.of.First.Down.or.Touchdown.Allowed","Interceptions.per.Target.Coverage.Percentage","Receiving.Yards.per.Coverage.Target","Average.Depth.of.Target.per.Coverage","Forced.Incompletion.Percentage","Jersey.Number","Total.Tackles","Missed.Tackle.Percentage","Assist.Tackles","Run.Stop","Run.Tackle.for.Losss.or.No.Gain","Missed.Tackle.Percentage.on.Run.Plays","Tackles.on.Run.Plays","Assist.Tackles.on.Run.Plays","Missed.Tackles.on.Run.Plays","Pass.Stop","Pass.Tackle.for.Loss.or.No.Gain","Pass.Missed.Tackles.Percentage","Total.Tackle.Snaps","Total.Tackles..Sacks...Assists...Sacks...Missed.","Assist.on.Pass.Plays","Tackles.on.Pass.Plays","Missed.Tackles.on.Pass.Plays","Conference_Level","Row_ID","Lined.up.in.Press.Coverage","row_id"
"Jordan Dollard","SCAR STATE",47,100,"A","ED",2026,"MEAC",91.3,88.1,76.8,72.8,1,1,4,2,0,2,3,7,1,0,0,1,0,3,0,0,1,6,1,29,"24.10%","24.10%",15.5,17,-2,"0","47.10%",0,1,0,"0.00%",0,0,0,0,0,0,0,0,0,"0.00%",0,0,0,0,0,"0.00%","0.00%","0.00%","0.00%",0,0,"0.00%",9,6,"14.30%",1,3,3,"0.00%",3,1,0,1,0,"33.30%",7,7,0,0,1,"FCS",122,NA,122
"Ibrahim Sanogo","S ILLINOIS",46,86.74,"A","ED",2026,"Missouri Valley",84.9,73.5,80.3,NA,0,0,6,3,0,1,4,8,2,0,0,0,0,1,0,1,3,7,2,29,"20.70%","27.60%",19,17,0,"5.90%","23.50%",1,NA,NA,NA,NA,NA,NA,NA,NA,NA,NA,NA,NA,NA,NA,NA,NA,NA,NA,NA,NA,NA,NA,NA,NA,NA,9,6,"14.30%",0,3,1,"0.00%",3,0,0,3,0,"25.00%",7,7,0,0,1,"FCS",151,NA,151
"Julian Amankwah","STHLSK",24,80.1,"A","ED",2026,"Northeast",81.6,82.4,76.7,60,0,0,3,0,0,1,0,1,3,0,0,0,0,2,0,0,0,3,1,17,"23.50%","5.90%",2.9,6,-0.33,"0","50.00%",0,1,0,"0.00%",0,0,0,0,0,0,0,0,0,"0.00%",0,0,0,0,0,"0.00%","0.00%","0.00%","0.00%",0,0,"0.00%",25,3,"0.00%",0,3,2,"0.00%",3,0,0,0,0,"0.00%",3,3,0,0,0,"FCS",202,NA,202
"Erik Hehl","E ILLINOIS",47,75.67,"B","ED",2026,"Big South - OVC Football Association",69.4,61.2,74.3,NA,0,1,4,0,0,1,0,1,3,0,0,0,0,2,0,0,0,5,4,22,"18.20%","4.50%",2.3,25,1,"16.00%","16.00%",4,NA,NA,NA,NA,NA,NA,NA,NA,NA,NA,NA,NA,NA,NA,NA,NA,NA,NA,NA,NA,NA,NA,NA,NA,NA,45,5,"0.00%",1,4,2,"0.00%",4,1,0,0,0,"0.00%",5,5,0,0,0,"FCS",172,NA,172
"Quintin Goins","NORFOLK",29,73.39,"B","ED",2026,"MEAC",85.9,78.6,77.7,NA,0,0,3,1,0,0,0,1,3,0,0,0,0,1,0,0,1,3,0,11,"27.30%","9.10%",9.1,18,0,"0","22.20%",0,NA,NA,NA,NA,NA,NA,NA,NA,NA,NA,NA,NA,NA,NA,NA,NA,NA,NA,NA,NA,NA,NA,NA,NA,NA,98,3,"0.00%",0,2,1,"0.00%",2,0,0,1,0,"0.00%",3,3,0,0,0,"FCS",165,NA,165
"Lance Byndon","STNY BROOK",54,73.25,"B","ED",2026,"CAA",76.1,68.9,74.2,60.7,0,0,4,2,0,0,1,3,2,0,0,0,0,2,0,1,0,5,1,26,"15.40%","11.50%",9.6,26,-1.33,"3.90%","15.40%",1,2,0,"0.00%",0,0,0,0,0,0,0,0,0,"50.00%",0,0,0,0,0,"0.00%","0.00%","0.00%","0.00%",0,0,"0.00%",0,5,"16.70%",0,3,2,"25.00%",3,0,1,1,0,"0.00%",6,6,0,0,0,"FCS",87,NA,87
"Lance Joseph","SOUTHERN U",49,72.48,"B","ED",2026,"SWAC",78.3,68.7,76.3,NA,0,0,1,0,0,1,2,3,5,0,0,0,0,0,0,1,0,2,0,32,"21.90%","9.40%",4.7,17,4.5,"0","5.90%",0,NA,NA,NA,NA,NA,NA,NA,NA,NA,NA,NA,NA,NA,NA,NA,NA,NA,NA,NA,NA,NA,NA,NA,NA,NA,59,2,"0.00%",0,1,0,"0.00%",2,0,0,0,0,"0.00%",2,2,0,0,0,"FCS",108,NA,108
"Avery Howard","N ALABAMA",47,69.32,"B","ED",2026,"United Athletic",63.1,63,70.3,46.2,0,2,5,2,0,0,2,4,1,0,0,0,0,2,0,1,0,6,3,23,"17.40%","17.40%",13,20,0.33,"10.00%","15.00%",2,4,1,"100%",21,21,0,1,0,0,118.8,5.25,1,"50.00%",0,1,0,1,0,"25.00%","100%","100%","0.00%",21,-1,"0.00%",15,8,"20.00%",2,3,2,"28.60%",3,2,2,2,0,"0.00%",10,10,0,1,0,"FCS",58,NA,58
"Gio Divers","CHISTA",41,63.3,"B","ED",2026,"IND (FCS)",67,61.8,65.3,61.6,0,0,3,0,0,0,2,2,3,0,0,1,0,1,0,1,1,4,4,22,"13.60%","9.10%",4.5,19,1.67,"15.80%","15.80%",3,NA,NA,NA,NA,NA,NA,NA,NA,NA,NA,NA,NA,NA,NA,NA,NA,NA,NA,NA,NA,NA,NA,NA,NA,NA,15,4,"0.00%",0,3,1,"0.00%",3,0,0,0,0,"0.00%",4,4,0,1,0,"FCS",111,NA,111
"Carl Nesmith","DELWARE ST",46,63.01,"B","ED",2026,"MEAC",72.6,71.2,66.2,60,0,0,5,2,0,1,1,4,0,0,0,0,0,2,0,2,0,6,2,17,"11.80%","23.50%",17.6,28,0,"7.10%","17.90%",2,1,0,"0.00%",0,0,0,0,0,0,0,0,0,"0.00%",0,0,0,0,0,"0.00%","0.00%","0.00%","0.00%",0,0,"0.00%",4,5,"16.70%",0,3,2,"25.00%",3,0,1,2,0,"0.00%",6,6,0,0,0,"FCS",11,NA,11
"Nathaniel McDonald","WM & MARY",63,62.3,"B","ED",2026,"Patriot",68.4,55.3,71,60.7,1,0,3,2,0,5,2,9,1,0,0,1,0,0,0,1,2,5,2,45,"15.60%","20.00%",12.2,18,0,"5.60%","0",1,NA,NA,NA,NA,NA,NA,NA,NA,NA,NA,NA,NA,NA,NA,NA,NA,NA,NA,NA,NA,NA,NA,NA,NA,NA,99,5,"28.60%",0,0,0,"100%",0,0,1,3,0,"16.70%",7,7,0,3,1,"FCS",140,NA,140
"Quinten Beamon","ALABAMA ST",21,61.68,"B","ED",2026,"SWAC",80,76.6,68.9,NA,0,2,2,1,0,0,0,1,0,0,0,0,0,2,0,1,0,2,0,7,"0","14.30%",14.3,14,-0.5,"0","14.30%",0,NA,NA,NA,NA,NA,NA,NA,NA,NA,NA,NA,NA,NA,NA,NA,NA,NA,NA,NA,NA,NA,NA,NA,NA,NA,59,5,"0.00%",2,2,2,"0.00%",2,2,0,0,0,"0.00%",5,5,0,0,0,"FCS",324,NA,324
"AJ Mebane","GARD-WEBB",33,61.61,"B","ED",2026,"Big South - OVC Football Association",83.2,66.4,78.9,65.8,0,0,3,1,0,0,2,3,2,0,0,1,0,1,0,0,0,2,0,17,"29.40%","17.60%",11.8,16,1,"0","6.30%",0,NA,NA,NA,NA,NA,NA,NA,NA,NA,NA,NA,NA,NA,NA,NA,NA,NA,NA,NA,NA,NA,NA,NA,NA,NA,6,3,"0.00%",0,1,0,"0.00%",1,0,0,2,1,"0.00%",3,3,0,1,0,"FCS",93,NA,93
"Tre Rankin","STHLSK",31,61.49,"B","ED",2026,"Northeast",79.3,56.3,89.1,60.8,0,0,0,0,0,1,4,5,2,0,0,0,0,0,0,0,0,0,1,17,"41.20%","29.40%",14.7,11,0,"9.10%","0",1,3,0,"0.00%",0,0,0,0,0,0,0,0,0,"66.70%",0,0,0,0,0,"0.00%","0.00%","0.00%","0.00%",0,0,"0.00%",NA,NA,NA,NA,NA,NA,NA,NA,NA,NA,NA,NA,NA,NA,NA,NA,NA,NA,"FCS",203,NA,203
"Trey Weems","GARD-WEBB",39,61.46,"B","ED",2026,"Big South - OVC Football Association",70.3,69.4,64.3,NA,0,1,2,0,0,1,0,1,2,0,0,0,0,2,0,0,0,2,1,17,"17.60%","5.90%",2.9,22,1.33,"4.50%","18.20%",1,NA,NA,NA,NA,NA,NA,NA,NA,NA,NA,NA,NA,NA,NA,NA,NA,NA,NA,NA,NA,NA,NA,NA,NA,NA,0,4,"0.00%",1,2,2,"0.00%",3,1,0,0,0,"0.00%",4,4,0,0,0,"FCS",263,NA,263
"Elijah Barnes","W GEORGIA",47,59.93,"C","ED",2026,"United Athletic",73.3,62.5,79.7,64.1,0,1,2,0,0,0,2,2,3,0,0,0,0,0,0,1,0,7,3,19,"21.10%","10.50%",5.3,25,4.75,"12.00%","16.00%",3,3,0,"0.00%",0,0,0,0,0,0,0,0,0,"0.00%",0,0,0,0,0,"0.00%","0.00%","0.00%","0.00%",0,0,"0.00%",6,6,"25.00%",1,2,0,"28.60%",4,1,2,0,0,"0.00%",8,8,0,1,0,"FCS",323,NA,323
"Tyce Donnelly","WOFFORD",30,59.55,"C","ED",2026,"Southern",74.3,55.9,78.7,60,0,0,0,0,0,0,3,3,4,0,0,0,0,0,0,0,0,0,1,21,"33.30%","14.30%",7.1,8,0,"12.50%","0",1,1,0,"0.00%",0,0,0,0,0,0,0,0,0,"0.00%",0,0,0,0,0,"0.00%","0.00%","0.00%","0.00%",0,0,"0.00%",NA,NA,NA,NA,NA,NA,NA,NA,NA,NA,NA,NA,NA,NA,NA,NA,NA,NA,"FCS",253,NA,253
"Cooper Ackerman","HOLY CROSS",34,59.41,"C","ED",2026,"Patriot",82.1,77.3,73.9,NA,0,1,4,0,0,0,1,1,3,0,0,0,0,0,0,0,0,4,1,14,"28.60%","7.10%",3.6,20,1.75,"5.00%","30.00%",1,NA,NA,NA,NA,NA,NA,NA,NA,NA,NA,NA,NA,NA,NA,NA,NA,NA,NA,NA,NA,NA,NA,NA,NA,NA,55,5,"0.00%",1,4,0,"0.00%",4,1,0,0,0,"0.00%",5,5,0,0,0,"FCS",152,NA,152
"Donta Jenkins Jr.","MORGAN ST",16,58.68,"C","ED",2026,"MEAC",95,78.7,92.6,NA,0,0,3,1,0,0,0,1,0,0,0,1,0,0,0,0,0,3,0,10,"10.00%","10.00%",10,6,1.5,"0","50.00%",0,NA,NA,NA,NA,NA,NA,NA,NA,NA,NA,NA,NA,NA,NA,NA,NA,NA,NA,NA,NA,NA,NA,NA,NA,NA,93,3,"0.00%",0,2,0,"0.00%",2,0,0,1,0,"0.00%",3,3,0,0,0,"FCS",299,NA,299
"Khalid Bueno","STNY BROOK",65,58.46,"C","ED",2026,"CAA",73.6,73.8,66.8,73,0,3,7,1,0,0,3,4,1,0,0,0,0,1,0,0,0,8,3,32,"15.60%","12.50%",7.8,31,1.2,"6.50%","19.40%",2,2,0,"0.00%",0,0,0,0,0,0,0,0,0,"0.00%",0,0,0,0,0,"0.00%","0.00%","0.00%","0.00%",0,0,"0.00%",11,10,"16.70%",3,5,1,"12.50%",5,2,1,2,0,"25.00%",12,12,1,1,1,"FCS",245,NA,245
"RJ Staten","MCNEESE",28,57.89,"C","ED",2026,"Southland",79,62.5,81.7,62.6,0,0,1,1,0,0,1,2,2,0,0,1,0,0,0,0,0,2,0,15,"26.70%","13.30%",10,10,0,"0","0",0,3,0,"0.00%",0,0,0,0,0,0,39.6,0,0,"0.00%",0,0,1,0,0,"0.00%","0.00%","0.00%","0.00%",0,13,"0.00%",23,2,"0.00%",0,0,0,"0.00%",0,0,0,1,0,"0.00%",2,2,0,1,0,"FCS",297,NA,297
"Reggie Darkah","STNY BROOK",22,56.81,"C","ED",2026,"CAA",70.4,57.1,76.7,NA,0,0,2,2,0,1,0,3,1,0,0,0,0,0,0,2,1,2,1,9,"11.10%","33.30%",27.8,13,0,"7.70%","0",1,NA,NA,NA,NA,NA,NA,NA,NA,NA,NA,NA,NA,NA,NA,NA,NA,NA,NA,NA,NA,NA,NA,NA,NA,NA,14,2,"0.00%",0,0,0,"0.00%",0,0,0,2,0,"0.00%",2,2,0,0,0,"FCS",52,NA,52
"Nathan Laperi","S DAKOTA",55,56.74,"C","ED",2026,"Missouri Valley",70.1,67.1,61.4,72.3,0,2,3,0,0,0,2,2,2,0,0,0,0,2,0,1,0,5,1,29,"10.30%","3.50%",1.7,21,3.67,"4.80%","9.50%",1,5,0,"0.00%",0,0,0,0,0,0,0,0,0,"40.00%",0,0,0,0,1,"0.00%","0.00%","0.00%","0.00%",0,0,"0.00%",46,6,"0.00%",2,2,1,"0.00%",3,2,0,1,1,"0.00%",6,6,0,1,0,"FCS",169,NA,169
"Korede Sogbesan","HAMPTON",44,56.57,"C","ED",2026,"CAA",68.9,69.1,62.9,NA,0,1,1,0,0,0,2,2,3,0,0,0,0,1,0,2,0,1,1,24,"12.50%","4.20%",2.1,20,-1,"5.00%","10.00%",1,NA,NA,NA,NA,NA,NA,NA,NA,NA,NA,NA,NA,NA,NA,NA,NA,NA,NA,NA,NA,NA,NA,NA,NA,NA,10,2,"0.00%",1,1,1,"0.00%",1,1,0,0,0,"0.00%",2,2,0,0,0,"FCS",48,NA,48
"Withchiel Filamar","TXRG",35,56.44,"C","ED",2026,"Southland",72,58.5,79.9,NA,0,1,0,0,0,1,2,3,2,0,0,0,0,0,0,0,2,0,1,18,"16.70%","16.70%",8.3,17,5,"5.90%","5.90%",1,NA,NA,NA,NA,NA,NA,NA,NA,NA,NA,NA,NA,NA,NA,NA,NA,NA,NA,NA,NA,NA,NA,NA,NA,NA,91,2,"0.00%",1,0,0,"0.00%",1,1,0,0,0,"0.00%",2,2,0,0,0,"FCS",292,NA,292
"Dinellson Exume","GRAMBLING",20,55.81,"C","ED",2026,"SWAC",73,63.8,86.8,NA,0,0,1,0,0,0,1,1,1,0,0,0,0,1,0,0,0,1,2,10,"20.00%","10.00%",5,10,-1,"10.00%","10.00%",1,NA,NA,NA,NA,NA,NA,NA,NA,NA,NA,NA,NA,NA,NA,NA,NA,NA,NA,NA,NA,NA,NA,NA,NA,NA,11,1,"0.00%",0,1,1,"0.00%",1,0,0,0,0,"0.00%",1,1,0,0,0,"FCS",125,NA,125
"Alijah Williams","WOFFORD",44,55.76,"C","ED",2026,"Southern",57.1,59.9,65.4,66.2,0,1,2,0,0,2,1,3,1,0,1,0,0,2,0,0,0,2,4,29,"13.80%","10.30%",5.2,13,-3,"15.40%","15.40%",2,2,1,"100%",8,8,0,1,0,0,100,4,0,"0.00%",0,0,0,1,0,"0.00%","0.00%","100%","0.00%",8,-2,"0.00%",9,3,"0.00%",1,2,2,"0.00%",2,0,0,0,0,"0.00%",3,3,1,0,0,"FCS",85,NA,85
"Dwayne Green Jr.","MERRIMACK",44,55,"C","ED",2026,"IND (FCS)",65.6,69.7,57.5,61.2,0,0,3,0,0,0,1,1,2,0,0,0,0,2,0,0,0,3,1,25,"12.00%","4.00%",2,17,2.6,"5.90%","11.80%",1,2,0,"0.00%",0,0,0,0,0,0,0,0,0,"100%",0,0,0,0,0,"0.00%","0.00%","0.00%","0.00%",0,0,"0.00%",8,6,"0.00%",0,3,2,"0.00%",5,0,0,0,0,"0.00%",6,6,0,1,0,"FCS",234,NA,234
"Maurice Bonneau Jr.","CITADEL",45,54.16,"C","ED",2026,"Southern",74.7,75.9,65.3,63.4,0,1,2,0,0,0,3,3,2,0,0,0,0,1,0,0,0,6,0,26,"19.20%","11.50%",5.8,16,-2,"0","18.80%",0,3,1,"100%",1,1,0,0,0,0,79.2,0.33,0,"33.30%",0,1,0,0,0,"0.00%","100%","0.00%","0.00%",1,-2,"0.00%",5,3,"0.00%",1,2,1,"0.00%",2,0,0,0,0,"0.00%",3,3,1,0,0,"FCS",32,NA,32
"Doug Quarles III","ELON",26,52.63,"C","ED",2026,"CAA",75.6,64.2,75,NA,0,0,1,0,0,0,2,2,2,0,0,0,0,1,0,0,1,1,1,20,"15.00%","10.00%",5,6,-2,"16.70%","33.30%",1,NA,NA,NA,NA,NA,NA,NA,NA,NA,NA,NA,NA,NA,NA,NA,NA,NA,NA,NA,NA,NA,NA,NA,NA,NA,7,1,"50.00%",0,1,1,"50.00%",1,0,1,0,0,"0.00%",2,2,0,0,0,"FCS",276,NA,276
"Andrew Huff","LAMAR",35,52.27,"C","ED",2026,"Southland",69.9,45.5,90.7,65.3,0,0,0,0,0,1,1,2,1,0,0,0,0,0,0,0,0,2,2,13,"23.10%","15.40%",7.7,18,7,"11.10%","0",2,4,0,"0.00%",0,0,0,0,0,0,0,0,0,"25.00%",0,0,0,0,0,"0.00%","0.00%","0.00%","0.00%",0,0,"0.00%",7,3,"0.00%",0,0,0,"0.00%",1,0,0,0,0,"0.00%",3,3,0,2,0,"FCS",89,NA,89
"Brandon Roberts","W GEORGIA",20,51.85,"C","ED",2026,"United Athletic",80.3,76.1,71.6,61.1,1,1,2,0,0,0,0,0,1,0,0,0,0,1,0,0,0,4,0,10,"10.00%","0.00%",0,9,-1.5,"0","22.20%",0,1,0,"0.00%",0,0,0,0,0,0,0,0,0,"0.00%",0,0,0,0,0,"0.00%","0.00%","0.00%","0.00%",0,0,"0.00%",42,4,"0.00%",1,2,1,"0.00%",2,1,0,0,0,"0.00%",4,4,0,1,0,"FCS",336,NA,336
"Mac Bradley","MERCER",22,51.69,"C","ED",2026,"Southern",74.1,66,76.9,63.7,0,1,0,1,0,0,0,1,1,0,0,0,0,0,0,1,0,1,1,3,"33.30%","33.30%",33.3,10,0,"10.00%","30.00%",1,9,0,"0.00%",0,0,0,0,0,0,0,0,0,"44.40%",0,0,0,0,0,"0.00%","0.00%","0.00%","0.00%",0,0,"0.00%",34,2,"33.30%",1,0,0,"50.00%",0,1,1,0,0,"0.00%",3,3,0,0,0,"FCS",231,NA,231
"Chigozie Oge-Evans","GEORGETOWN",54,51.59,"C","ED",2026,"Patriot",70.1,64.5,72.3,60.6,0,0,4,0,0,0,2,2,2,0,0,1,0,0,0,1,0,6,4,16,"18.80%","12.50%",6.3,38,3.6,"10.50%","15.80%",4,NA,NA,NA,NA,NA,NA,NA,NA,NA,NA,NA,NA,NA,NA,NA,NA,NA,NA,NA,NA,NA,NA,NA,NA,NA,11,7,"22.20%",0,2,0,"28.60%",5,0,2,2,0,"0.00%",9,9,0,2,0,"FCS",72,NA,72
"Javario Tinch","WOFFORD",62,51.55,"C","ED",2026,"Southern",71.3,72.3,65.9,68.9,0,1,2,0,0,0,1,1,0,0,0,0,0,1,0,0,1,4,1,4,"0","25.00%",12.5,20,7,"0","5.00%",0,38,4,"80.00%",23,5.8,0,1,0,0,85.8,0.61,0,"26.30%",0,0,0,1,1,"0.00%","0.00%","20.00%","0.00%",4.6,3.8,"0.00%",12,8,"0.00%",1,1,1,"0.00%",2,0,0,1,0,"0.00%",8,8,1,3,0,"FCS",114,NA,114
"Jayden Walker","MURRAY ST",44,51.25,"C","ED",2026,"Missouri Valley",64,68,63.7,60,0,2,1,0,0,0,1,1,2,0,0,0,0,1,0,0,0,3,2,25,"12.00%","4.00%",2,19,10.5,"10.50%","21.10%",2,NA,NA,NA,NA,NA,NA,NA,NA,NA,NA,NA,NA,NA,NA,NA,NA,NA,NA,NA,NA,NA,NA,NA,NA,NA,15,5,"16.70%",2,1,1,"20.00%",2,2,1,0,0,"0.00%",6,6,0,1,0,"FCS",259,NA,259
"Jordan Edgecomb","COLGATE",24,50.78,"C","ED",2026,"Patriot",73.9,70.2,69.2,61.5,0,1,2,1,0,0,0,1,1,0,0,0,0,1,0,0,0,2,0,7,"28.60%","14.30%",14.3,14,-4,"0","14.30%",0,3,0,"0.00%",0,0,0,0,0,0,0,0,0,"0.00%",0,0,0,0,0,"0.00%","0.00%","0.00%","0.00%",0,0,"0.00%",24,3,"0.00%",1,1,1,"0.00%",1,1,0,1,0,"0.00%",3,3,0,0,0,"FCS",222,NA,222
"Ethan McDowell","MERCER",18,50.77,"C","ED",2026,"Southern",60.7,56.1,79.5,54.7,0,1,0,0,0,0,1,1,2,0,0,0,0,0,0,0,0,1,2,7,"42.90%","14.30%",7.1,10,8,"10.00%","10.00%",1,1,1,"100%",10,10,0,1,0,0,108.3,10,0,"0.00%",0,0,0,1,0,"0.00%","0.00%","100%","0.00%",10,3,"0.00%",14,3,"0.00%",1,0,0,"0.00%",1,1,0,0,0,"0.00%",3,3,0,1,0,"FCS",67,NA,67
"Justin Garza","CAMPBELL",32,50.68,"C","ED",2026,"CAA",70.8,67.6,65,66.5,0,0,3,1,0,0,5,6,0,0,0,0,0,1,0,1,2,3,1,18,"16.70%","33.30%",19.4,7,-1,"0","14.30%",0,7,1,"100%",7,7,0,0,0,0,95.8,1,0,"28.60%",0,0,0,0,0,"0.00%","0.00%","0.00%","0.00%",7,4,"0.00%",40,4,"20.00%",0,1,1,"0.00%",1,0,0,2,0,"25.00%",5,5,0,2,1,"FCS",219,NA,219
"Carlo Crocetti","HOLY CROSS",30,50.3,"C","ED",2026,"Patriot",72.8,76.8,58.4,NA,0,1,3,0,0,0,0,0,1,0,0,0,0,2,0,0,0,3,0,15,"6.70%","0.00%",0,15,2,"0","26.70%",0,NA,NA,NA,NA,NA,NA,NA,NA,NA,NA,NA,NA,NA,NA,NA,NA,NA,NA,NA,NA,NA,NA,NA,NA,NA,6,5,"0.00%",1,3,2,"0.00%",4,1,0,0,0,"0.00%",5,5,0,0,0,"FCS",103,NA,103
"Lukus McDaniels","S ILLINOIS",28,50.11,"C","ED",2026,"Missouri Valley",66.5,78.6,54,NA,0,0,3,0,0,3,2,5,0,0,0,0,0,1,0,2,3,3,0,22,"0","22.70%",11.4,6,0.67,"0","50.00%",0,NA,NA,NA,NA,NA,NA,NA,NA,NA,NA,NA,NA,NA,NA,NA,NA,NA,NA,NA,NA,NA,NA,NA,NA,NA,3,3,"0.00%",0,3,1,"0.00%",3,0,0,0,0,"0.00%",3,3,0,0,0,"FCS",145,NA,145
"Dane Picariello","RHODE ISLD",48,49.93,"C","ED",2026,"CAA",63.9,58.1,67.6,62.6,0,1,1,0,0,2,2,4,0,0,0,0,0,1,0,0,2,1,2,13,"15.40%","30.80%",15.4,31,5,"6.50%","3.20%",2,4,0,"0.00%",0,0,0,0,0,0,0,0,0,"0.00%",0,0,0,0,0,"0.00%","0.00%","0.00%","0.00%",0,0,"0.00%",16,3,"0.00%",1,1,1,"0.00%",2,1,0,0,0,"0.00%",3,3,0,0,0,"FCS",28,NA,28
"Luke Westfall","CAL POLY",33,49.85,"C","ED",2026,"Big Sky",77.1,80.7,59.4,NA,0,0,3,0,0,0,2,2,0,0,0,0,0,2,0,0,1,4,0,15,"6.70%","13.30%",6.7,18,2.25,"0","27.80%",0,NA,NA,NA,NA,NA,NA,NA,NA,NA,NA,NA,NA,NA,NA,NA,NA,NA,NA,NA,NA,NA,NA,NA,NA,NA,58,4,"0.00%",0,3,2,"0.00%",4,0,0,0,0,"0.00%",4,4,0,0,0,"FCS",218,NA,218
"Keiyhaun Wilks","ARKAPB",46,49.69,"C","ED",2026,"SWAC",65.6,72.3,53.2,NA,0,0,3,0,0,0,1,1,0,0,0,0,0,3,0,0,1,5,1,22,"0","4.50%",2.3,24,1.8,"4.20%","16.70%",1,NA,NA,NA,NA,NA,NA,NA,NA,NA,NA,NA,NA,NA,NA,NA,NA,NA,NA,NA,NA,NA,NA,NA,NA,NA,98,5,"0.00%",0,3,3,"0.00%",5,0,0,0,0,"0.00%",5,5,0,0,0,"FCS",344,NA,344
"Lorenzo Riddick","FORDHAM",47,49.67,"C","ED",2026,"Patriot",68.8,62.7,69.6,64.4,0,1,3,0,0,0,2,2,1,0,0,0,0,1,0,1,0,3,1,18,"11.10%","11.10%",5.6,22,1.5,"4.50%","9.10%",1,7,0,"0.00%",0,0,0,0,0,0,39.6,0,0,"42.90%",0,0,1,0,0,"0.00%","0.00%","0.00%","0.00%",0,1,"0.00%",46,4,"20.00%",1,2,1,"25.00%",2,1,1,1,0,"0.00%",5,5,0,1,0,"FCS",295,NA,295
"Justin Buckner","W ILLINOIS",65,49.4,"C","ED",2026,"Big South - OVC Football Association",63.5,59.2,72,56.2,0,1,2,1,0,1,1,3,1,0,0,0,0,0,0,2,0,9,3,18,"11.10%","11.10%",8.3,34,8.25,"5.90%","2.90%",2,13,0,"0.00%",0,0,0,0,0,0,39.6,0,0,"23.10%",0,0,1,1,0,"0.00%","0.00%","0.00%","0.00%",0,5,"0.00%",11,6,"14.30%",1,1,0,"16.70%",4,1,1,1,0,"0.00%",7,7,0,0,0,"FCS",285,NA,285
"Daniel Sellers","RICHMOND",47,48.9,"C","ED",2026,"Patriot",73.1,67.1,70.6,NA,0,1,2,2,0,0,2,4,1,0,0,0,0,0,0,1,1,2,0,29,"10.30%","13.80%",10.3,18,4,"0","5.60%",0,NA,NA,NA,NA,NA,NA,NA,NA,NA,NA,NA,NA,NA,NA,NA,NA,NA,NA,NA,NA,NA,NA,NA,NA,NA,47,5,"0.00%",1,0,0,"0.00%",1,1,0,2,0,"0.00%",5,5,0,0,0,"FCS",139,NA,139
"Gabe Copeland","SE LA",35,48.88,"C","ED",2026,"Southland",72.2,72.2,61.5,NA,0,2,4,0,0,0,1,1,0,0,0,0,0,2,0,0,0,6,2,10,"10.00%","10.00%",5,25,0.5,"8.00%","16.00%",2,NA,NA,NA,NA,NA,NA,NA,NA,NA,NA,NA,NA,NA,NA,NA,NA,NA,NA,NA,NA,NA,NA,NA,NA,NA,44,6,"14.30%",2,4,2,"14.30%",4,2,1,0,0,"0.00%",7,7,0,0,0,"FCS",304,NA,304
"Jaden Few","UC DAVIS",48,48.85,"C","ED",2026,"Big Sky",77.9,79.4,65.7,60.8,0,2,4,0,0,1,1,2,0,0,0,0,0,1,0,0,0,4,0,22,"9.10%","9.10%",4.5,24,1.75,"0","25.00%",0,2,0,"0.00%",0,0,0,0,0,0,0,0,0,"50.00%",0,0,0,0,0,"0.00%","0.00%","0.00%","0.00%",0,0,"0.00%",7,6,"0.00%",2,4,1,"0.00%",4,2,0,0,0,"0.00%",6,6,0,0,0,"FCS",250,NA,250
"Caden Brown","FL A&M",17,48.39,"C","ED",2026,"SWAC",72,50.6,85.7,NA,0,0,0,0,0,1,3,4,0,0,0,0,0,0,0,0,0,2,3,10,"40.00%","40.00%",20,7,11,"42.90%","14.30%",3,NA,NA,NA,NA,NA,NA,NA,NA,NA,NA,NA,NA,NA,NA,NA,NA,NA,NA,NA,NA,NA,NA,NA,NA,NA,20,2,"0.00%",0,0,0,"0.00%",2,0,0,0,0,"0.00%",2,2,0,0,0,"FCS",123,NA,123
"Trent Taylor","MERRIMACK",18,48.23,"C","ED",2026,"IND (FCS)",87.1,63.3,86.1,60,0,1,1,1,0,0,2,3,0,0,0,0,0,0,0,0,0,1,0,14,"21.40%","21.40%",14.3,3,0,"0","0",0,1,0,"0.00%",0,0,0,0,0,0,0,0,0,"0.00%",0,0,0,0,0,"0.00%","0.00%","0.00%","0.00%",0,0,"0.00%",33,2,"0.00%",1,0,0,"0.00%",0,1,0,1,0,"0.00%",2,2,0,0,0,"FCS",235,NA,235
"Brandon McDonald","CHARLES SO",41,47.78,"C","ED",2026,"Big South - OVC Football Association",67,49.1,69.6,71.3,0,0,1,0,0,1,1,2,0,0,0,1,0,1,0,0,1,3,3,5,"20.00%","20.00%",10,17,4,"17.60%","5.90%",3,19,2,"100%",13,6.5,0,0,0,0,93.8,0.68,0,"31.60%",0,2,0,0,2,"0.00%","100%","0.00%","0.00%",6.5,1.5,"0.00%",33,4,"0.00%",0,1,1,"0.00%",2,0,0,0,0,"0.00%",4,4,0,2,0,"FCS",221,NA,221
"Aidan Williams","LEHIGH",28,47.63,"C","ED",2026,"Patriot",79.6,81.3,67,62.1,0,0,1,0,0,0,2,2,0,0,0,1,0,1,0,0,0,1,1,8,"25.00%","25.00%",12.5,14,4,"7.10%","21.40%",1,6,0,"0.00%",0,0,0,0,0,0,0,0,0,"33.30%",0,0,0,0,0,"0.00%","0.00%","0.00%","0.00%",0,0,"0.00%",15,2,"0.00%",0,1,1,"0.00%",2,0,0,0,0,"0.00%",2,2,0,0,0,"FCS",257,NA,257
"Dominic Butts","N COLORADO",31,47.35,"C","ED",2026,"Big Sky",70.2,69.8,62.9,NA,0,1,2,0,0,0,2,2,0,0,0,0,0,2,0,0,0,2,1,13,"15.40%","15.40%",7.7,18,-1,"5.60%","11.10%",1,NA,NA,NA,NA,NA,NA,NA,NA,NA,NA,NA,NA,NA,NA,NA,NA,NA,NA,NA,NA,NA,NA,NA,NA,NA,53,3,"0.00%",1,2,2,"0.00%",2,1,0,0,0,"0.00%",3,3,0,0,0,"FCS",99,NA,99
"Janier Armstead","SACR HEART",54,47.2,"C","ED",2026,"CAA",80.6,76.7,69.2,71.9,0,1,4,1,0,1,3,5,0,0,0,0,0,0,0,1,0,3,0,30,"13.30%","16.70%",10,22,3,"0","13.60%",0,2,0,"0.00%",0,0,0,0,0,0,0,0,0,"50.00%",0,0,0,0,0,"0.00%","0.00%","0.00%","0.00%",0,0,"0.00%",54,6,"0.00%",1,2,0,"0.00%",3,1,0,2,0,"0.00%",6,6,0,1,0,"FCS",102,NA,102
"Kobe McInnis","MERCER",35,47.15,"C","ED",2026,"Southern",71.2,62.6,73.5,NA,0,0,2,0,0,0,3,3,1,0,0,0,0,1,0,0,0,3,1,19,"21.10%","15.80%",7.9,16,0,"6.30%","12.50%",1,NA,NA,NA,NA,NA,NA,NA,NA,NA,NA,NA,NA,NA,NA,NA,NA,NA,NA,NA,NA,NA,NA,NA,NA,NA,15,2,"33.30%",0,2,1,"33.30%",2,0,1,0,0,"0.00%",3,3,0,0,0,"FCS",233,NA,233
"Jordyn Dickerson","SOUTHERN U",65,46.96,"C","ED",2026,"SWAC",72.6,75.6,64.5,63.3,0,1,3,1,0,1,1,3,0,0,0,0,0,1,0,1,0,5,1,34,"5.90%","8.80%",5.9,22,1.67,"4.50%","22.70%",1,9,1,"100%",10,10,0,1,0,0,108.3,1.11,0,"44.40%",0,0,0,0,0,"0.00%","0.00%","100%","0.00%",10,-1,"0.00%",5,6,"14.30%",1,2,1,"20.00%",3,1,1,1,0,"0.00%",7,7,0,1,0,"FCS",291,NA,291
"Khalil Hunter","ROB MORRIS",28,46.42,"C","ED",2026,"Northeast",75.1,62.5,78,61.3,0,1,0,1,0,1,0,2,1,0,0,0,0,0,0,0,0,0,1,14,"21.40%","14.30%",10.7,11,0,"9.10%","9.10%",1,3,0,"0.00%",0,0,0,0,0,0,0,0,0,"33.30%",0,0,0,0,0,"0.00%","0.00%","0.00%","0.00%",0,0,"0.00%",13,2,"0.00%",1,0,0,"0.00%",0,1,0,0,0,"0.00%",2,2,0,0,0,"FCS",27,NA,27
"Ckelby Givens","SOUTHERN U",55,46.42,"C","ED",2026,"SWAC",62.7,70.1,56.3,NA,0,1,3,2,0,0,2,4,1,0,0,0,0,1,0,3,1,3,1,37,"2.70%","10.80%",8.1,18,-3,"0","11.10%",0,NA,NA,NA,NA,NA,NA,NA,NA,NA,NA,NA,NA,NA,NA,NA,NA,NA,NA,NA,NA,NA,NA,NA,NA,NA,1,4,"20.00%",1,1,1,"0.00%",1,1,0,2,0,"33.30%",5,5,0,0,1,"FCS",56,NA,56
"BreShun Hall","HAMPTON",30,46.34,"C","ED",2026,"CAA",67.1,73.4,52.9,60,0,1,2,0,0,1,2,3,0,0,0,0,0,2,0,1,2,2,1,14,"0","21.40%",10.7,15,0.33,"0","13.30%",0,1,0,"0.00%",0,0,0,0,0,0,0,0,0,"0.00%",0,0,0,0,0,"0.00%","0.00%","0.00%","0.00%",0,0,"0.00%",14,4,"20.00%",1,2,2,"0.00%",3,1,0,0,0,"100%",5,5,0,0,1,"FCS",227,NA,227
"Clayton Dobler","WM & MARY",17,45.65,"C","ED",2026,"Patriot",56.6,50.7,65.7,NA,0,0,3,0,0,1,0,1,1,0,0,0,0,2,0,0,0,5,2,10,"20.00%","10.00%",5,7,-1.33,"28.60%","28.60%",2,NA,NA,NA,NA,NA,NA,NA,NA,NA,NA,NA,NA,NA,NA,NA,NA,NA,NA,NA,NA,NA,NA,NA,NA,NA,55,3,"40.00%",0,3,2,"40.00%",3,0,2,0,0,"0.00%",5,5,0,0,0,"FCS",66,NA,66
"Myles Richardson","ALABAMA ST",22,45.31,"C","ED",2026,"SWAC",74.2,69.3,69.7,NA,0,0,1,0,0,0,1,1,1,0,0,0,0,1,0,0,0,1,0,7,"28.60%","14.30%",7.1,15,0,"0","6.70%",0,NA,NA,NA,NA,NA,NA,NA,NA,NA,NA,NA,NA,NA,NA,NA,NA,NA,NA,NA,NA,NA,NA,NA,NA,NA,48,1,"0.00%",0,1,1,"0.00%",1,0,0,0,0,"0.00%",1,1,0,0,0,"FCS",41,NA,41
"Boone Morris","ABILENE CH",17,45.19,"C","ED",2026,"United Athletic",78.3,81.4,NA,62.5,0,0,3,0,0,0,0,0,0,0,0,0,0,2,0,0,0,3,0,NA,NA,NA,NA,10,3.25,"0","30.00%",0,6,1,"100%",5,5,0,0,0,0,87.5,0.83,0,"33.30%",0,1,0,0,0,"0.00%","100%","0.00%","0.00%",5,5,"0.00%",23,4,"0.00%",0,3,2,"0.00%",4,0,0,0,0,"0.00%",4,4,0,0,0,"FCS",129,NA,129
"Emmanuel Harris","STF AUSTIN",25,44.71,"C","ED",2026,"Southland",74.9,56.4,70.4,77.4,0,2,0,0,0,0,1,1,2,1,0,0,0,0,0,0,0,0,1,13,"23.10%","7.70%",3.9,10,6,"10.00%","10.00%",1,2,0,"0.00%",0,0,0,0,0,1,0,0,0,"100%",0,0,0,0,1,"0.00%","0.00%","0.00%","0.00%",0,0,"0.00%",40,3,"0.00%",2,0,0,"0.00%",1,1,0,0,0,"0.00%",3,3,1,0,0,"FCS",335,NA,335
"Tyler Sapit","S DAKOTA",21,44.62,"C","ED",2026,"Missouri Valley",72.2,55,75.1,NA,0,0,1,2,0,0,4,6,0,0,0,0,0,0,0,1,1,1,1,18,"22.20%","33.30%",22.2,3,0,"33.30%","0",1,NA,NA,NA,NA,NA,NA,NA,NA,NA,NA,NA,NA,NA,NA,NA,NA,NA,NA,NA,NA,NA,NA,NA,NA,NA,15,2,"0.00%",0,0,0,"0.00%",0,0,0,1,0,"0.00%",2,2,0,0,0,"FCS",315,NA,315
"Donte Hookfin","GRAMBLING",35,44.54,"C","ED",2026,"SWAC",71.9,76.1,60.9,NA,0,1,1,1,0,0,3,4,1,0,0,0,0,0,0,0,3,3,0,21,"4.80%","19.10%",11.9,14,6,"0","21.40%",0,NA,NA,NA,NA,NA,NA,NA,NA,NA,NA,NA,NA,NA,NA,NA,NA,NA,NA,NA,NA,NA,NA,NA,NA,NA,48,4,"0.00%",1,0,0,"0.00%",2,1,0,1,0,"0.00%",4,4,0,0,0,"FCS",61,NA,61
"Aidan Archibald","E ILLINOIS",55,44.46,"C","ED",2026,"Big South - OVC Football Association",60.3,51.2,68.8,NA,0,0,0,0,0,0,1,1,4,0,0,0,0,0,0,0,0,2,5,27,"18.50%","3.70%",1.9,28,6,"17.90%","7.10%",5,NA,NA,NA,NA,NA,NA,NA,NA,NA,NA,NA,NA,NA,NA,NA,NA,NA,NA,NA,NA,NA,NA,NA,NA,NA,41,1,"50.00%",0,0,0,"50.00%",1,0,1,0,0,"0.00%",2,2,0,0,0,"FCS",175,NA,175
"Kamore Harris","N ALABAMA",30,44.06,"C","ED",2026,"United Athletic",76.4,86.1,56.6,63.2,0,1,2,0,0,1,0,1,0,0,0,1,0,1,0,1,0,5,0,14,"0","7.10%",3.6,12,1,"0","33.30%",0,4,0,"0.00%",0,0,0,0,0,0,0,0,0,"0.00%",0,0,0,0,0,"0.00%","0.00%","0.00%","0.00%",0,0,"0.00%",7,4,"0.00%",1,2,1,"0.00%",2,1,0,0,0,"0.00%",4,4,0,1,0,"FCS",194,NA,194
"Eric Brantley Jr.","MERCER",40,44.05,"C","ED",2026,"Southern",72.8,67.9,70,60.9,0,0,2,0,0,3,0,3,1,0,0,0,0,0,0,0,0,1,0,24,"16.70%","12.50%",6.3,14,2.5,"0","7.10%",0,2,0,"0.00%",0,0,0,0,0,0,0,0,0,"0.00%",0,0,0,0,0,"0.00%","0.00%","0.00%","0.00%",0,0,"0.00%",10,2,"0.00%",0,2,0,"0.00%",2,0,0,0,0,"0.00%",2,2,0,0,0,"FCS",161,NA,161
"Gabe Stephens","HOWARD",38,44.02,"C","ED",2026,"MEAC",58.5,69.5,65.6,60,0,0,1,0,0,0,2,2,1,0,0,0,1,1,0,0,1,1,2,25,"8.00%","8.00%",4,12,-1,"0","16.70%",0,1,1,"100%",12,12,0,1,0,0,116.7,12,0,"0.00%",0,0,0,1,0,"0.00%","0.00%","100%","0.00%",12,12,"0.00%",7,1,"0.00%",0,1,1,"0.00%",1,0,0,0,0,"0.00%",1,1,0,0,0,"FCS",5,NA,5
"Dillon Pardue","ELON",33,43.9,"C","ED",2026,"CAA",73.7,61.7,75.2,60,0,0,1,0,0,1,2,3,2,0,0,0,0,0,0,0,1,3,3,22,"18.20%","13.60%",6.8,10,3,"20.00%","30.00%",2,1,0,"0.00%",0,0,0,0,0,0,0,0,0,"100%",0,0,0,0,0,"0.00%","0.00%","0.00%","0.00%",0,0,"0.00%",42,1,"66.70%",0,1,0,"50.00%",1,0,1,0,0,"100%",3,3,0,0,1,"FCS",20,NA,20
"Camden Byrd","RICHMOND",53,43.72,"C","ED",2026,"Patriot",66.6,61.8,65.6,60,1,0,2,1,0,1,2,4,1,0,0,0,0,0,0,0,3,2,1,31,"6.50%","12.90%",8.1,22,0,"4.50%","4.50%",1,NA,NA,NA,NA,NA,NA,NA,NA,NA,NA,NA,NA,NA,NA,NA,NA,NA,NA,NA,NA,NA,NA,NA,NA,NA,6,2,"0.00%",0,0,0,"0.00%",0,0,0,2,0,"0.00%",2,2,0,1,0,"FCS",21,NA,21
"John Gayer","ROB MORRIS",38,43.68,"C","ED",2026,"Northeast",69.5,58.3,73.3,NA,0,0,2,1,0,1,0,2,2,0,0,0,0,0,0,0,0,3,2,24,"16.70%","8.30%",6.3,14,1,"14.30%","14.30%",2,NA,NA,NA,NA,NA,NA,NA,NA,NA,NA,NA,NA,NA,NA,NA,NA,NA,NA,NA,NA,NA,NA,NA,NA,NA,15,2,"33.30%",0,1,0,"50.00%",1,0,1,1,0,"0.00%",3,3,0,0,0,"FCS",213,NA,213
"Callahan Blair","LAFAYETTE",43,43.51,"C","ED",2026,"Patriot",64.5,63,62.8,60,0,3,1,0,0,1,4,5,0,0,0,0,0,1,0,0,2,2,5,22,"13.60%","22.70%",11.4,20,-1,"20.00%","20.00%",4,1,0,"0.00%",0,0,0,0,0,0,0,0,0,"100%",0,0,0,0,0,"0.00%","0.00%","0.00%","0.00%",0,0,"0.00%",6,4,"20.00%",3,1,1,"0.00%",1,3,0,0,0,"100%",5,5,0,0,1,"FCS",132,NA,132
"Joe Edwards","W ILLINOIS",26,43.45,"C","ED",2026,"Big South - OVC Football Association",67.3,76.2,65,62,0,0,1,0,0,0,2,2,0,0,0,0,0,1,0,0,1,1,1,5,"20.00%","40.00%",20,13,-1,"0","23.10%",0,8,0,"0.00%",0,0,0,0,0,0,0,0,0,"25.00%",0,0,0,0,0,"0.00%","0.00%","0.00%","0.00%",0,0,"0.00%",40,1,"0.00%",0,1,1,"0.00%",1,0,0,0,0,"0.00%",1,1,0,0,0,"FCS",283,NA,283
"Kaleb Brown","TARLETON",51,43.35,"C","ED",2026,"United Athletic",65.8,67.3,59,61.8,0,4,1,0,0,0,1,1,2,0,0,0,0,0,0,1,0,3,2,23,"8.70%","4.30%",2.2,25,3,"8.00%","12.00%",2,3,0,"0.00%",0,0,0,0,0,0,0,0,0,"33.30%",0,0,0,0,0,"0.00%","0.00%","0.00%","0.00%",0,0,"0.00%",17,7,"0.00%",4,1,0,"0.00%",2,4,0,0,0,"0.00%",7,7,0,1,0,"FCS",305,NA,305
"Hunter Watson","MONMOUTH",51,43.08,"C","ED",2026,"CAA",76.6,82.2,55.4,64.8,0,4,5,0,0,0,1,1,0,0,0,0,0,1,0,0,0,7,0,27,"3.70%","3.70%",1.9,23,0.8,"0","30.40%",0,1,0,"0.00%",0,0,0,0,0,0,0,0,0,"100%",0,0,0,0,0,"0.00%","0.00%","0.00%","0.00%",0,0,"0.00%",4,9,"0.00%",4,5,1,"0.00%",5,3,0,0,0,"0.00%",9,9,1,0,0,"FCS",179,NA,179
"Myles Amey","SO UTAH",69,42.15,"C","ED",2026,"Big Sky",70.8,64.5,70,NA,0,1,2,1,0,0,1,2,0,0,0,1,0,1,0,0,0,4,1,43,"4.70%","4.70%",3.5,26,1,"3.90%","3.90%",1,NA,NA,NA,NA,NA,NA,NA,NA,NA,NA,NA,NA,NA,NA,NA,NA,NA,NA,NA,NA,NA,NA,NA,NA,NA,11,4,"20.00%",1,1,1,"0.00%",2,1,0,1,0,"50.00%",5,5,0,0,1,"FCS",42,NA,42
"Malcolm Jefferies","DELWARE ST",38,41.93,"C","ED",2026,"MEAC",60,60.7,69.6,60,0,1,1,0,0,0,1,1,2,0,0,0,0,1,0,0,0,2,3,13,"23.10%","7.70%",3.9,25,-5,"8.00%","8.00%",2,NA,NA,NA,NA,NA,NA,NA,NA,NA,NA,NA,NA,NA,NA,NA,NA,NA,NA,NA,NA,NA,NA,NA,NA,NA,11,2,"50.00%",1,1,1,"33.30%",1,1,1,0,0,"100%",4,4,0,0,1,"FCS",31,NA,31
"Donovan Moyer","MORGAN ST",40,41.91,"C","ED",2026,"MEAC",72.9,61.4,68.5,66.5,0,0,1,0,0,1,1,2,2,0,0,0,0,0,0,0,0,1,0,23,"17.40%","8.70%",4.3,16,0,"0","0",0,1,0,"0.00%",0,0,0,0,0,0,0,0,0,"100%",0,0,0,0,1,"0.00%","0.00%","0.00%","0.00%",0,0,"0.00%",9,1,"0.00%",0,0,0,"0.00%",0,0,0,1,0,"0.00%",1,1,0,1,0,"FCS",300,NA,300
"Jamesly Jean Louis","W ILLINOIS",24,41.89,"C","ED",2026,"Big South - OVC Football Association",67.3,66.9,61.9,NA,0,0,2,1,0,1,0,2,0,0,0,0,0,1,0,2,0,1,1,12,"0","16.70%",12.5,12,0,"8.30%","16.70%",1,NA,NA,NA,NA,NA,NA,NA,NA,NA,NA,NA,NA,NA,NA,NA,NA,NA,NA,NA,NA,NA,NA,NA,NA,NA,90,2,"0.00%",0,1,1,"0.00%",1,0,0,1,0,"0.00%",2,2,0,0,0,"FCS",284,NA,284
"Khalid Moore","SE LA",51,41.56,"C","ED",2026,"Southland",73.1,75.8,60.9,60.6,1,0,4,0,0,0,0,0,1,0,0,0,0,1,0,0,0,5,1,21,"4.80%","0.00%",0,28,2.2,"3.60%","28.60%",1,2,0,"0.00%",0,0,0,0,0,0,0,0,0,"0.00%",0,0,0,0,0,"0.00%","0.00%","0.00%","0.00%",0,0,"0.00%",45,5,"16.70%",0,4,1,"16.70%",5,0,1,0,0,"0.00%",5,6,0,0,0,"FCS",40,NA,40
"Malaki Dobbins","FURMAN",21,40.88,"C","ED",2026,"Southern",68.1,65.7,64.7,60,0,0,3,1,0,0,0,1,0,0,0,0,0,2,0,1,0,4,1,8,"0","0.00%",0,12,1,"8.30%","16.70%",1,1,0,"0.00%",0,0,0,0,0,0,0,0,0,"100%",0,0,0,0,1,"0.00%","0.00%","0.00%","0.00%",0,0,"0.00%",8,5,"0.00%",0,2,1,"0.00%",3,0,0,1,1,"0.00%",4,5,0,1,0,"FCS",147,NA,147
"Marquis Williams","MERCER",24,40.87,"C","ED",2026,"Southern",78.3,70.7,66.4,60,0,2,0,0,0,0,0,0,2,0,0,0,1,0,0,0,0,1,0,14,"14.30%","0.00%",0,10,0,"0","20.00%",0,NA,NA,NA,NA,NA,NA,NA,NA,NA,NA,NA,NA,NA,NA,NA,NA,NA,NA,NA,NA,NA,NA,NA,NA,NA,16,2,"0.00%",2,0,0,"0.00%",0,2,0,0,0,"0.00%",2,2,0,0,0,"FCS",277,NA,277
"Nico Pate","DUQUESNE",35,40.6,"C","ED",2026,"Northeast",76.2,68.7,NA,75.1,0,4,2,0,0,0,0,0,0,1,0,0,0,1,0,0,0,5,4,NA,NA,NA,NA,32,3.83,"12.50%","9.40%",4,3,0,"0.00%",0,0,0,0,0,1,39.6,0,0,"66.70%",0,0,0,0,1,"0.00%","0.00%","0.00%","0.00%",0,9,"100%",27,10,"9.10%",4,2,1,"9.10%",6,4,1,0,0,"0.00%",11,11,0,0,0,"FCS",15,NA,15
"Trehsyn Fesili","IDAHO ST",51,40.4,"C","ED",2026,"Big Sky",56.6,67.8,61.2,60.5,0,2,3,2,0,0,1,3,1,0,0,0,0,0,0,1,0,2,3,32,"9.40%","9.40%",7.8,17,3,"0","5.90%",0,2,0,"0.00%",0,0,0,0,0,0,39.6,0,0,"0.00%",0,0,1,0,0,"0.00%","0.00%","0.00%","0.00%",0,18,"0.00%",14,5,"0.00%",2,1,0,"0.00%",1,2,0,2,0,"0.00%",5,5,0,0,0,"FCS",307,NA,307
"Derick Simon Jr.","ARKAPB",42,40.3,"C","ED",2026,"SWAC",68.1,62.9,60.9,70.1,0,1,1,1,0,0,1,2,1,0,0,0,0,0,0,2,0,7,2,19,"5.30%","10.50%",7.9,21,5.33,"9.50%","9.50%",2,2,1,"100%",9,9,0,0,0,0,104.2,4.5,0,"0.00%",0,0,0,0,1,"0.00%","0.00%","0.00%","0.00%",9,-1,"0.00%",90,8,"11.10%",1,0,0,"20.00%",3,1,1,1,0,"0.00%",9,9,0,3,0,"FCS",199,NA,199
"Dominic Solano","MONTANA ST",25,40.21,"C","ED",2026,"Big Sky",76.7,69.5,74.1,NA,1,0,0,0,0,2,0,2,0,0,0,0,0,0,0,0,0,0,0,9,"22.20%","22.20%",11.1,16,0,"0","12.50%",0,NA,NA,NA,NA,NA,NA,NA,NA,NA,NA,NA,NA,NA,NA,NA,NA,NA,NA,NA,NA,NA,NA,NA,NA,NA,NA,NA,NA,NA,NA,NA,NA,NA,NA,NA,NA,NA,NA,NA,NA,NA,NA,NA,"FCS",60,NA,60
"Jayden Childers","INDIANA ST",40,40.17,"C","ED",2026,"Missouri Valley",62.2,54.7,65.3,62.3,0,0,0,0,0,0,1,1,3,0,0,0,0,0,0,1,0,1,1,19,"15.80%","5.30%",2.6,16,0,"6.30%","6.30%",1,5,0,"0.00%",0,0,0,0,0,0,0,0,0,"20.00%",0,0,0,0,0,"0.00%","0.00%","0.00%","0.00%",0,0,"0.00%",NA,NA,NA,NA,NA,NA,NA,NA,NA,NA,NA,NA,NA,NA,NA,NA,NA,NA,"FCS",37,NA,37
"Malik Denkins","AUSTINPEAY",35,40.1,"C","ED",2026,"United Athletic",63.4,63.8,58.9,60,0,1,2,0,0,0,1,1,0,0,0,0,0,2,0,0,0,2,1,18,"5.60%","5.60%",2.8,17,1.67,"5.90%","5.90%",1,NA,NA,NA,NA,NA,NA,NA,NA,NA,NA,NA,NA,NA,NA,NA,NA,NA,NA,NA,NA,NA,NA,NA,NA,NA,81,5,"16.70%",1,2,2,"20.00%",3,1,1,0,0,"0.00%",6,6,0,1,0,"FCS",1,NA,1
"Dorian Gates","PRVIEW A&M",21,39.63,"D","ED",2026,"SWAC",71.9,44.7,86.3,NA,0,0,1,1,0,0,0,1,0,0,0,1,0,0,0,0,0,2,3,13,"7.70%","7.70%",7.7,8,0,"37.50%","0",3,NA,NA,NA,NA,NA,NA,NA,NA,NA,NA,NA,NA,NA,NA,NA,NA,NA,NA,NA,NA,NA,NA,NA,NA,NA,48,1,"0.00%",0,0,0,"0.00%",0,0,0,1,0,"0.00%",1,1,0,0,0,"FCS",26,NA,26
"Okemdi Eze","BUTLER",37,39.36,"D","ED",2026,"Pioneer",62.6,63.1,57.8,61.1,0,0,2,0,0,0,1,1,0,0,0,0,0,2,0,0,0,2,2,17,"5.90%","5.90%",2.9,19,2.25,"10.50%","10.50%",2,1,0,"0.00%",0,0,0,0,0,0,0,0,0,"0.00%",0,0,0,0,0,"0.00%","0.00%","0.00%","0.00%",0,0,"0.00%",11,5,"0.00%",0,2,2,"0.00%",4,0,0,0,0,"0.00%",5,5,0,1,0,"FCS",289,NA,289
"Macray Madruga","UC DAVIS",31,38.57,"D","ED",2026,"Big Sky",73.3,69.2,69.4,60,0,0,1,0,0,0,1,1,0,0,0,0,0,1,0,0,0,1,0,12,"8.30%","8.30%",4.2,18,3,"0","5.60%",0,1,0,"0.00%",0,0,0,0,0,0,0,0,0,"100%",0,0,0,0,0,"0.00%","0.00%","0.00%","0.00%",0,0,"0.00%",2,2,"0.00%",0,1,1,"0.00%",2,0,0,0,0,"0.00%",2,2,0,0,0,"FCS",34,NA,34
"Peter Eyabi","INDIANA ST",32,38.36,"D","ED",2026,"Missouri Valley",67.8,66,64.2,NA,1,2,1,0,0,0,2,2,1,0,0,0,0,0,0,0,1,1,1,22,"9.10%","9.10%",4.5,10,4,"10.00%","20.00%",1,NA,NA,NA,NA,NA,NA,NA,NA,NA,NA,NA,NA,NA,NA,NA,NA,NA,NA,NA,NA,NA,NA,NA,NA,NA,18,3,"0.00%",2,1,0,"0.00%",1,2,0,0,0,"0.00%",3,3,0,0,0,"FCS",17,NA,17
"Jake Parrella","S ILLINOIS",41,38.06,"D","ED",2026,"Missouri Valley",70.1,68.8,59.2,61.3,0,1,1,0,0,1,0,1,1,0,0,0,0,1,0,0,0,0,1,26,"7.70%","3.90%",1.9,15,-1,"6.70%","13.30%",1,NA,NA,NA,NA,NA,NA,NA,NA,NA,NA,NA,NA,NA,NA,NA,NA,NA,NA,NA,NA,NA,NA,NA,NA,NA,20,2,"0.00%",1,1,1,"0.00%",1,0,0,0,0,"0.00%",2,2,1,0,0,"FCS",9,NA,9
"Brandon Martin","ROB MORRIS",29,37.77,"D","ED",2026,"Northeast",68,66.1,64.3,NA,0,0,0,0,0,2,3,5,1,0,0,0,0,0,0,2,1,0,1,20,"15.00%","25.00%",12.5,9,0,"0","0",0,NA,NA,NA,NA,NA,NA,NA,NA,NA,NA,NA,NA,NA,NA,NA,NA,NA,NA,NA,NA,NA,NA,NA,NA,NA,94,0,"100%",0,0,0,"0.00%",0,0,0,0,0,"100%",1,1,0,0,1,"FCS",158,NA,158
"Junior Kaufusi","IDAHO ST",36,37.72,"D","ED",2026,"Big Sky",68.4,69.3,62.6,NA,0,0,1,0,0,1,2,3,0,0,0,0,0,1,0,0,0,3,0,26,"11.50%","11.50%",5.8,10,3.67,"0","10.00%",0,NA,NA,NA,NA,NA,NA,NA,NA,NA,NA,NA,NA,NA,NA,NA,NA,NA,NA,NA,NA,NA,NA,NA,NA,NA,38,3,"0.00%",0,1,1,"0.00%",3,0,0,0,0,"0.00%",3,3,0,0,0,"FCS",348,NA,348
"Isaiah Wray","S DAKOTA",52,37.53,"D","ED",2026,"Missouri Valley",60.7,60.1,60.1,62.3,0,3,1,2,0,0,0,2,1,0,0,0,0,0,0,1,0,3,4,31,"6.50%","6.50%",6.5,21,4,"9.50%","9.50%",2,NA,NA,NA,NA,NA,NA,NA,NA,NA,NA,NA,NA,NA,NA,NA,NA,NA,NA,NA,NA,NA,NA,NA,NA,NA,57,7,"0.00%",3,1,0,"0.00%",2,2,0,0,0,"0.00%",7,7,1,0,0,"FCS",316,NA,316
"Nate Abbott","IDAHO ST",20,37.41,"D","ED",2026,"Big Sky",69.2,60.5,66.9,NA,0,0,1,1,0,0,0,1,2,0,0,0,0,0,0,0,0,1,0,17,"17.60%","5.90%",5.9,3,0,"0","0",0,NA,NA,NA,NA,NA,NA,NA,NA,NA,NA,NA,NA,NA,NA,NA,NA,NA,NA,NA,NA,NA,NA,NA,NA,NA,12,1,"0.00%",0,0,0,"0.00%",0,0,0,1,0,"0.00%",1,1,0,0,0,"FCS",308,NA,308
"Garfield Lawrence","TEXAS STHN",29,37.05,"D","ED",2026,"SWAC",68.4,68.5,61.3,60,0,1,1,0,0,0,0,0,1,0,0,0,0,1,0,0,0,2,0,17,"5.90%","0.00%",0,12,0.5,"0","8.30%",0,NA,NA,NA,NA,NA,NA,NA,NA,NA,NA,NA,NA,NA,NA,NA,NA,NA,NA,NA,NA,NA,NA,NA,NA,NA,6,3,"0.00%",1,1,1,"0.00%",2,0,0,0,0,"0.00%",3,3,1,0,0,"FCS",6,NA,6
"Julian Rampino","STHLSK",30,36.91,"D","ED",2026,"Northeast",75.2,74.6,60,66.5,1,0,3,0,0,0,1,1,0,0,0,0,0,1,0,0,0,3,0,21,"4.80%","4.80%",2.4,8,0,"0","37.50%",0,1,0,"0.00%",0,0,0,0,0,0,0,0,0,"100%",0,0,0,0,1,"0.00%","0.00%","0.00%","0.00%",0,0,"0.00%",50,3,"0.00%",0,2,1,"0.00%",2,0,0,1,0,"0.00%",3,3,0,1,0,"FCS",244,NA,244
"Jon Horton","GRAMBLING",35,36.47,"D","ED",2026,"SWAC",63,74.6,57.4,60,0,1,1,0,0,1,1,2,0,0,0,0,0,1,0,0,1,0,1,20,"5.00%","10.00%",5,14,3.5,"0","21.40%",0,1,1,"100%",5,5,0,0,0,0,87.5,5,0,"100%",0,0,0,0,0,"0.00%","0.00%","0.00%","0.00%",5,5,"0.00%",9,3,"0.00%",1,1,1,"0.00%",2,1,0,0,0,"0.00%",3,3,0,0,0,"FCS",2,NA,2
"Andrew Jordan","SAMFORD",34,36.47,"D","ED",2026,"Southern",70.2,70.2,62.9,60.2,0,1,0,0,0,2,0,2,0,0,0,0,0,0,0,2,0,1,0,8,"0","25.00%",12.5,23,5,"0","8.70%",0,3,0,"0.00%",0,0,0,0,0,0,0,0,0,"33.30%",0,0,0,0,0,"0.00%","0.00%","0.00%","0.00%",0,0,"0.00%",46,2,"0.00%",1,0,0,"0.00%",1,1,0,0,0,"0.00%",2,2,0,0,0,"FCS",30,NA,30
"Nick Felago","SAN DIEGO",52,36.39,"D","ED",2026,"Pioneer",64.8,56.4,59.3,72.7,0,2,3,0,0,0,1,1,0,0,0,0,0,1,0,0,0,5,2,14,"7.10%","7.10%",3.6,24,5.33,"8.30%","4.20%",2,14,0,"0.00%",0,0,0,0,0,0,0,0,0,"14.30%",0,0,0,0,1,"0.00%","0.00%","0.00%","0.00%",0,0,"0.00%",33,8,"11.10%",2,1,1,"16.70%",3,2,1,2,0,"0.00%",9,9,0,3,0,"FCS",121,NA,121
"Kaleb Pleis","CAL POLY",27,36.36,"D","ED",2026,"Big Sky",67.7,66.8,63.6,60.2,0,0,1,1,0,0,2,3,1,0,0,0,0,0,0,1,1,2,0,16,"6.30%","6.30%",3.1,9,5,"0","11.10%",0,2,0,"0.00%",0,0,0,0,0,0,0,0,0,"50.00%",0,0,0,0,1,"0.00%","0.00%","0.00%","0.00%",0,0,"0.00%",87,2,"0.00%",0,0,0,"0.00%",1,0,0,1,0,"0.00%",2,2,0,0,0,"FCS",217,NA,217
"Richard Garrett","TENN STATE",26,36.33,"D","ED",2026,"Big South - OVC Football Association",63,54.3,67.8,NA,0,0,0,0,0,2,0,2,1,0,0,0,0,0,0,0,2,0,1,17,"5.90%","11.80%",5.9,9,0,"11.10%","11.10%",1,NA,NA,NA,NA,NA,NA,NA,NA,NA,NA,NA,NA,NA,NA,NA,NA,NA,NA,NA,NA,NA,NA,NA,NA,NA,NA,NA,NA,NA,NA,NA,NA,NA,NA,NA,NA,NA,NA,NA,NA,NA,NA,NA,"FCS",25,NA,25
"Joshua Stoneking","FURMAN",48,36.17,"D","ED",2026,"Southern",72.9,77.3,59.2,NA,0,0,2,0,0,0,1,1,0,0,0,1,0,1,0,0,0,5,0,21,"4.80%","4.80%",2.4,27,1.5,"0","18.50%",0,NA,NA,NA,NA,NA,NA,NA,NA,NA,NA,NA,NA,NA,NA,NA,NA,NA,NA,NA,NA,NA,NA,NA,NA,NA,95,2,"0.00%",0,2,1,"0.00%",2,0,0,0,0,"0.00%",2,2,0,0,0,"FCS",80,NA,80
"Charles Woodard","E TENN ST",34,36.08,"D","ED",2026,"Southern",67.6,66.4,62.9,NA,0,4,1,0,0,0,2,2,0,0,0,0,0,0,0,0,1,1,2,9,"11.10%","22.20%",11.1,25,4,"8.00%","12.00%",2,NA,NA,NA,NA,NA,NA,NA,NA,NA,NA,NA,NA,NA,NA,NA,NA,NA,NA,NA,NA,NA,NA,NA,NA,NA,0,6,"0.00%",4,1,0,"0.00%",2,4,0,0,0,"0.00%",6,6,0,0,0,"FCS",322,NA,322
"Toby Brown Jr.","BRYANT",38,36.04,"D","ED",2026,"CAA",60.9,58.8,64.1,NA,0,0,2,0,0,0,0,0,1,0,0,0,0,1,0,0,0,1,4,8,"12.50%","0.00%",0,30,2.67,"13.30%","6.70%",4,NA,NA,NA,NA,NA,NA,NA,NA,NA,NA,NA,NA,NA,NA,NA,NA,NA,NA,NA,NA,NA,NA,NA,NA,NA,56,3,"0.00%",0,2,1,"0.00%",3,0,0,0,0,"0.00%",3,3,0,0,0,"FCS",109,NA,109
"Dalton Epps","W GEORGIA",47,35.34,"D","ED",2026,"United Athletic",55.8,60.3,58.7,54,0,1,1,0,0,0,2,2,1,0,0,0,0,1,0,1,0,3,4,23,"8.70%","8.70%",4.3,23,2.5,"8.70%","13.00%",2,1,1,"100%",12,12,0,1,0,0,116.7,12,0,"0.00%",0,0,0,1,0,"0.00%","0.00%","100%","0.00%",12,-2,"0.00%",15,4,"33.30%",1,1,1,"25.00%",2,1,1,0,0,"50.00%",6,6,0,1,1,"FCS",33,NA,33
"Matthew Goldman","TXAMEA",15,35.17,"D","ED",2026,"Southland",73.1,66.1,68.6,60,0,1,0,1,0,1,0,2,0,0,0,0,0,0,0,0,0,0,0,10,"20.00%","20.00%",15,4,0,"0","25.00%",0,1,0,"0.00%",0,0,0,0,0,0,0,0,0,"0.00%",0,0,0,0,0,"0.00%","0.00%","0.00%","0.00%",0,0,"0.00%",33,2,"0.00%",1,0,0,"0.00%",0,1,0,0,0,"0.00%",2,2,0,0,0,"FCS",91,NA,91
"Jahide Lesaine Jr.","MONMOUTH",51,34.77,"D","ED",2026,"CAA",70.9,73.3,56.7,61,0,2,1,1,0,0,3,4,0,0,0,0,0,0,0,4,0,2,0,26,"0","15.40%",9.6,25,0,"0","12.00%",0,NA,NA,NA,NA,NA,NA,NA,NA,NA,NA,NA,NA,NA,NA,NA,NA,NA,NA,NA,NA,NA,NA,NA,NA,NA,99,3,"0.00%",2,0,0,"0.00%",0,1,0,1,0,"0.00%",3,3,1,0,0,"FCS",124,NA,124
"Kolben Miller","N IOWA",64,34.53,"D","ED",2026,"Missouri Valley",70.2,68.5,54.7,70.7,0,1,3,0,0,0,0,0,0,0,0,0,0,2,0,0,0,6,0,10,"0","0.00%",0,28,0,"0","0",0,26,0,"0.00%",0,0,0,0,0,0,0,0,0,"11.50%",0,0,0,0,0,"0.00%","0.00%","0.00%","0.00%",0,0,"0.00%",10,6,"0.00%",1,1,1,"0.00%",1,1,0,1,1,"0.00%",6,6,0,4,0,"FCS",144,NA,144
"Faisal Mass","HOWARD",38,34.43,"D","ED",2026,"MEAC",68.1,71.1,59,NA,0,1,2,1,0,0,0,1,0,0,0,0,0,1,0,0,0,1,1,20,"5.00%","5.00%",5,18,1.5,"5.60%","16.70%",1,NA,NA,NA,NA,NA,NA,NA,NA,NA,NA,NA,NA,NA,NA,NA,NA,NA,NA,NA,NA,NA,NA,NA,NA,NA,10,4,"0.00%",1,1,1,"0.00%",2,1,0,1,0,"0.00%",4,4,0,0,0,"FCS",53,NA,53
"Jaden Williams","SAN DIEGO",35,34.28,"D","ED",2026,"Pioneer",59.4,56.2,62.1,61.7,0,0,2,0,0,0,1,1,1,0,0,0,0,1,0,1,0,3,4,10,"10.00%","0.00%",0,20,8.33,"20.00%","20.00%",4,5,1,"100%",5,5,0,0,0,0,87.5,1,0,"0.00%",0,0,0,0,0,"0.00%","0.00%","0.00%","0.00%",5,5,"0.00%",53,3,"40.00%",0,2,1,"40.00%",3,0,2,0,0,"0.00%",5,5,0,0,0,"FCS",209,NA,209
"Aiden Holewski","MERCER",18,34.28,"D","ED",2026,"Southern",63,70.5,64.1,NA,0,0,2,1,0,1,0,2,0,0,0,0,0,0,0,0,1,3,1,10,"10.00%","20.00%",15,8,1.5,"0","12.50%",0,NA,NA,NA,NA,NA,NA,NA,NA,NA,NA,NA,NA,NA,NA,NA,NA,NA,NA,NA,NA,NA,NA,NA,NA,NA,90,3,"0.00%",0,1,0,"0.00%",2,0,0,1,0,"0.00%",3,3,0,0,0,"FCS",232,NA,232
"Irv Briggs","NEWHVN",35,33.97,"D","ED",2026,"Northeast",57.4,65.6,54.8,60,0,0,4,0,0,0,0,0,0,0,0,0,0,2,0,0,0,5,2,12,"0","0.00%",0,23,-0.67,"8.70%","13.00%",2,NA,NA,NA,NA,NA,NA,NA,NA,NA,NA,NA,NA,NA,NA,NA,NA,NA,NA,NA,NA,NA,NA,NA,NA,NA,41,4,"20.00%",0,3,2,"25.00%",3,0,1,1,0,"0.00%",5,5,0,1,0,"FCS",282,NA,282
"Jayven Anderson","HOUCHR",59,33.79,"D","ED",2026,"Southland",60.2,66,NA,48.3,0,0,3,0,0,0,0,0,0,0,0,0,0,1,0,0,0,6,5,NA,NA,NA,NA,51,8.67,"5.90%","5.90%",3,8,1,"100%",5,5,0,1,0,0,87.5,0.63,0,"25.00%",0,1,0,2,0,"0.00%","100%","100%","0.00%",5,3,"0.00%",7,10,"9.10%",0,3,1,"0.00%",9,0,0,0,0,"50.00%",11,11,0,1,1,"FCS",82,NA,82
"River Abenroth","SAN DIEGO",39,33.65,"D","ED",2026,"Pioneer",68.1,63,68.2,NA,0,0,0,0,0,1,1,2,1,0,0,0,0,0,0,0,0,0,1,21,"14.30%","9.50%",4.8,18,0,"5.60%","0",1,NA,NA,NA,NA,NA,NA,NA,NA,NA,NA,NA,NA,NA,NA,NA,NA,NA,NA,NA,NA,NA,NA,NA,NA,NA,NA,NA,NA,NA,NA,NA,NA,NA,NA,NA,NA,NA,NA,NA,NA,NA,NA,NA,"FCS",206,NA,206
"Koda Canady","LAMAR",25,33.54,"D","ED",2026,"Southland",67.4,74.3,63.1,50.5,0,0,2,0,0,0,2,2,0,0,0,0,0,0,0,0,1,4,1,10,"10.00%","20.00%",10,13,4.33,"0","23.10%",0,2,1,"100%",11,11,0,1,0,0,112.5,5.5,0,"0.00%",0,1,0,1,0,"0.00%","100%","100%","0.00%",11,6,"0.00%",15,4,"0.00%",0,2,0,"0.00%",3,0,0,0,0,"0.00%",4,4,0,1,0,"FCS",116,NA,116
"Bronson Childs","IDAHO ST",62,33.49,"D","ED",2026,"Big Sky",57.1,62.6,52.1,NA,0,2,1,0,0,2,1,3,0,0,0,0,0,1,0,2,1,4,3,40,"0","7.50%",3.8,22,2.5,"9.10%","9.10%",2,NA,NA,NA,NA,NA,NA,NA,NA,NA,NA,NA,NA,NA,NA,NA,NA,NA,NA,NA,NA,NA,NA,NA,NA,NA,96,4,"20.00%",2,1,1,"0.00%",2,2,0,0,0,"100%",5,5,0,0,1,"FCS",120,NA,120
"Jamar Hodges","RICHMOND",43,33.43,"D","ED",2026,"Patriot",59.5,56.9,60.8,NA,0,1,0,0,0,0,3,3,2,0,0,0,0,0,0,2,0,3,2,26,"11.50%","11.50%",5.8,17,0,"11.80%","17.60%",2,NA,NA,NA,NA,NA,NA,NA,NA,NA,NA,NA,NA,NA,NA,NA,NA,NA,NA,NA,NA,NA,NA,NA,NA,NA,32,1,"50.00%",1,0,0,"50.00%",0,1,1,0,0,"0.00%",2,2,0,0,0,"FCS",65,NA,65
"Jerrium Berry Jr.","MERRIMACK",28,33.33,"D","ED",2026,"IND (FCS)",75,64.2,68.3,71,0,0,1,0,0,0,0,0,1,0,0,0,0,0,0,0,0,1,1,5,"0","0.00%",0,9,4,"11.10%","11.10%",1,14,0,"0.00%",0,0,0,0,0,0,39.6,0,0,"21.40%",0,0,1,0,2,"0.00%","0.00%","0.00%","0.00%",0,1,"0.00%",13,1,"0.00%",0,1,0,"0.00%",1,0,0,0,0,"0.00%",1,1,0,0,0,"FCS",298,NA,298
"Hudson Tucker","TENN TECH",34,33.02,"D","ED",2026,"Southern",66.1,67.6,58.7,60,0,1,2,0,0,1,0,1,1,0,0,0,0,0,0,1,0,6,0,16,"6.30%","6.30%",3.1,18,4.33,"0","0",0,NA,NA,NA,NA,NA,NA,NA,NA,NA,NA,NA,NA,NA,NA,NA,NA,NA,NA,NA,NA,NA,NA,NA,NA,NA,8,4,"0.00%",1,1,0,"0.00%",3,1,0,0,0,"0.00%",4,4,0,0,0,"FCS",10,NA,10
"Zac Crews","MONTANA ST",21,32.85,"D","ED",2026,"Big Sky",79.4,82.4,56,60,0,1,2,0,0,0,0,0,0,0,0,0,0,1,0,0,0,4,0,5,"0","0.00%",0,15,1.33,"0","26.70%",0,1,0,"0.00%",0,0,0,0,0,0,0,0,0,"100%",0,0,0,0,0,"0.00%","0.00%","0.00%","0.00%",0,0,"0.00%",36,4,"0.00%",1,2,1,"0.00%",3,1,0,0,0,"0.00%",4,4,0,0,0,"FCS",59,NA,59
"Amarion Fuller","ALABAMA ST",18,32.52,"D","ED",2026,"SWAC",65.3,64.6,58.5,60,0,1,1,0,0,0,0,0,0,0,0,0,1,1,0,0,0,0,1,3,"0","0.00%",0,15,15,"6.70%","13.30%",1,NA,NA,NA,NA,NA,NA,NA,NA,NA,NA,NA,NA,NA,NA,NA,NA,NA,NA,NA,NA,NA,NA,NA,NA,NA,90,2,"0.00%",1,1,1,"0.00%",1,0,0,0,0,"0.00%",2,2,1,0,0,"FCS",215,NA,215
"Dexter Niekamp","ILL STATE",43,32.02,"D","ED",2026,"Missouri Valley",63.9,59.8,55.1,73.5,0,0,3,0,0,0,0,0,1,0,1,0,0,1,0,0,0,4,2,22,"4.50%","0.00%",0,14,0.5,"7.10%","14.30%",1,7,3,"75.00%",11,3.7,0,0,1,0,37.5,1.57,0,"28.60%",0,0,1,1,2,"0.00%","0.00%","0.00%","25.00%",2.8,2.3,"0.00%",44,3,"25.00%",0,2,1,"33.30%",2,0,1,1,0,"0.00%",4,4,0,1,0,"FCS",142,NA,142
"Joel Queisser","MS VLY ST",37,32,"D","ED",2026,"SWAC",58.3,66,57.3,NA,0,2,1,0,0,0,0,0,1,0,0,0,0,1,0,0,0,3,2,17,"5.90%","0.00%",0,20,-2.5,"5.00%","10.00%",1,NA,NA,NA,NA,NA,NA,NA,NA,NA,NA,NA,NA,NA,NA,NA,NA,NA,NA,NA,NA,NA,NA,NA,NA,NA,30,4,"20.00%",2,1,1,"20.00%",2,2,1,0,0,"0.00%",5,5,0,0,0,"FCS",342,NA,342
"Jamarion Augustus","IDAHO",28,31.73,"D","ED",2026,"Big Sky",56.1,48.9,68,NA,0,0,1,0,0,0,0,0,2,0,0,0,0,0,0,0,0,1,2,11,"18.20%","0.00%",0,17,4,"11.80%","0",2,NA,NA,NA,NA,NA,NA,NA,NA,NA,NA,NA,NA,NA,NA,NA,NA,NA,NA,NA,NA,NA,NA,NA,NA,NA,10,1,"0.00%",0,1,0,"0.00%",1,0,0,0,0,"0.00%",1,1,0,0,0,"FCS",45,NA,45
"Will Alovao","UTAHTC",43,31.71,"D","ED",2026,"Big Sky",62.8,59.8,63,60.8,1,0,2,1,0,0,3,4,0,0,0,0,0,0,0,2,1,3,4,17,"0","17.60%",11.8,24,2,"12.50%","12.50%",3,2,0,"0.00%",0,0,0,0,0,0,0,0,0,"50.00%",0,0,0,0,0,"0.00%","0.00%","0.00%","0.00%",0,0,"0.00%",11,3,"25.00%",0,1,0,"0.00%",2,0,0,1,0,"50.00%",4,4,0,0,1,"FCS",55,NA,55
"Kenny Seymour","NEWHVN",45,31.66,"D","ED",2026,"Northeast",60.6,56.6,63.9,60,0,0,2,1,0,0,1,2,1,0,0,0,0,0,0,0,1,4,5,18,"11.10%","11.10%",8.3,27,3,"18.50%","14.80%",5,NA,NA,NA,NA,NA,NA,NA,NA,NA,NA,NA,NA,NA,NA,NA,NA,NA,NA,NA,NA,NA,NA,NA,NA,NA,40,3,"25.00%",0,1,0,"50.00%",1,0,1,1,0,"0.00%",4,4,0,1,0,"FCS",8,NA,8
"Adrian Bowers","CHISTA",57,31.32,"D","ED",2026,"IND (FCS)",58,65.4,57.9,49.8,0,2,1,0,0,0,0,0,1,0,0,0,0,0,0,0,0,7,6,10,"10.00%","0.00%",0,34,6.67,"11.80%","11.80%",4,13,2,"100%",25,12.5,0,2,0,0,118.8,1.92,0,"23.10%",0,0,0,2,0,"0.00%","0.00%","100%","0.00%",12.5,-0.5,"0.00%",17,9,"18.20%",2,1,0,"16.70%",3,2,1,0,0,"20.00%",10,11,0,4,1,"FCS",338,NA,338
"Josiah Aidoo","SACR HEART",16,31.28,"D","ED",2026,"CAA",69.1,71.5,59.4,NA,0,0,1,0,0,0,1,1,0,0,0,0,0,1,0,0,0,1,0,12,"8.30%","8.30%",4.2,4,3.5,"0","25.00%",0,NA,NA,NA,NA,NA,NA,NA,NA,NA,NA,NA,NA,NA,NA,NA,NA,NA,NA,NA,NA,NA,NA,NA,NA,NA,45,2,"0.00%",0,1,1,"0.00%",2,0,0,0,0,"0.00%",2,2,0,0,0,"FCS",243,NA,243
"Reis Kirschenman","S DAK ST",37,31.22,"D","ED",2026,"Missouri Valley",62.7,61.9,61,NA,0,0,1,0,0,0,1,1,2,0,0,0,0,0,0,0,0,1,1,21,"14.30%","4.80%",2.4,16,2,"6.30%","6.30%",1,NA,NA,NA,NA,NA,NA,NA,NA,NA,NA,NA,NA,NA,NA,NA,NA,NA,NA,NA,NA,NA,NA,NA,NA,NA,8,1,"0.00%",0,1,0,"0.00%",1,0,0,0,0,"0.00%",1,1,0,0,0,"FCS",100,NA,100
"Jake Thorner","WOFFORD",20,31,"D","ED",2026,"Southern",61,55.7,64.7,60,0,0,1,0,0,0,0,0,2,0,0,0,0,0,0,0,0,1,1,11,"18.20%","0.00%",0,8,3,"12.50%","12.50%",1,1,0,"0.00%",0,0,0,0,0,0,0,0,0,"0.00%",0,0,0,0,0,"0.00%","0.00%","0.00%","0.00%",0,0,"0.00%",42,1,"0.00%",0,1,0,"0.00%",1,0,0,0,0,"0.00%",1,1,0,0,0,"FCS",254,NA,254
"Levi Hoss","PRESBYTERN",19,30.98,"D","ED",2026,"Pioneer",58.1,52,68.2,NA,0,1,0,0,0,0,2,2,1,0,0,0,0,0,0,0,1,1,2,8,"25.00%","25.00%",12.5,11,0,"18.20%","9.10%",2,NA,NA,NA,NA,NA,NA,NA,NA,NA,NA,NA,NA,NA,NA,NA,NA,NA,NA,NA,NA,NA,NA,NA,NA,NA,40,1,"50.00%",1,0,0,"50.00%",0,1,1,0,0,"0.00%",2,2,0,0,0,"FCS",345,NA,345
"Jake Vigen","MONTANA ST",28,30.88,"D","ED",2026,"Big Sky",62.5,62.6,59.2,60,0,1,1,1,0,0,0,1,0,0,0,0,0,1,0,0,0,1,0,18,"5.60%","5.60%",5.6,10,0,"0","0",0,NA,NA,NA,NA,NA,NA,NA,NA,NA,NA,NA,NA,NA,NA,NA,NA,NA,NA,NA,NA,NA,NA,NA,NA,NA,44,3,"0.00%",1,1,1,"0.00%",1,0,0,0,0,"0.00%",3,3,1,0,0,"FCS",47,NA,47
"Trevor Short","FURMAN",22,30.73,"D","ED",2026,"Southern",67.8,62.3,68,60,0,0,0,0,0,0,1,1,1,0,0,0,0,0,0,0,0,0,0,10,"20.00%","10.00%",5,11,0,"0","0",0,1,0,"0.00%",0,0,0,0,0,0,0,0,0,"0.00%",0,0,0,0,0,"0.00%","0.00%","0.00%","0.00%",0,0,"0.00%",NA,NA,NA,NA,NA,NA,NA,NA,NA,NA,NA,NA,NA,NA,NA,NA,NA,NA,"FCS",148,NA,148
"Jordan Thompson","TEXAS STHN",27,30.56,"D","ED",2026,"SWAC",64.5,64,61.5,60,0,0,1,0,0,1,0,1,1,0,0,0,0,0,0,1,0,1,0,14,"7.10%","7.10%",3.6,12,4,"0","0",0,1,0,"0.00%",0,0,0,0,0,0,0,0,0,"100%",0,0,0,0,0,"0.00%","0.00%","0.00%","0.00%",0,0,"0.00%",15,1,"0.00%",0,1,0,"0.00%",1,0,0,0,0,"0.00%",1,1,0,0,0,"FCS",303,NA,303
"Dashawn Fields","DUQUESNE",36,30.5,"D","ED",2026,"Northeast",61.8,61.7,58.7,NA,0,1,4,0,0,0,0,0,0,0,0,0,0,1,0,0,0,3,6,6,"0","0.00%",0,30,2,"20.00%","16.70%",6,NA,NA,NA,NA,NA,NA,NA,NA,NA,NA,NA,NA,NA,NA,NA,NA,NA,NA,NA,NA,NA,NA,NA,NA,NA,6,5,"0.00%",1,4,1,"0.00%",4,1,0,0,0,"0.00%",5,5,0,0,0,"FCS",180,NA,180
"Carter Sitzman","S DAK ST",35,30.47,"D","ED",2026,"Missouri Valley",66.6,70.1,58.7,NA,0,1,0,0,0,0,4,4,1,0,0,0,0,0,0,1,1,0,1,18,"16.70%","22.20%",11.1,17,0,"0","11.80%",0,NA,NA,NA,NA,NA,NA,NA,NA,NA,NA,NA,NA,NA,NA,NA,NA,NA,NA,NA,NA,NA,NA,NA,NA,NA,0,1,"50.00%",1,0,0,"0.00%",0,1,0,0,0,"100%",2,2,0,0,1,"FCS",314,NA,314
"Toddrick Brewton","RHODE ISLD",27,30.1,"D","ED",2026,"CAA",65.7,73.9,60.4,48.6,0,3,0,0,0,0,0,0,1,0,0,0,0,0,0,0,0,2,1,8,"12.50%","0.00%",0,17,7,"0","17.60%",0,2,0,"0.00%",0,0,0,0,0,0,0,0,0,"0.00%",0,0,0,1,0,"0.00%","0.00%","0.00%","0.00%",0,0,"0.00%",15,4,"20.00%",3,0,0,"0.00%",1,3,0,0,0,"100%",5,5,0,0,1,"FCS",95,NA,95
"Jamari Young","ALBANY",53,30.08,"D","ED",2026,"CAA",61.6,60,58.1,63.8,0,3,2,0,0,0,1,1,1,0,0,0,0,0,0,1,0,1,2,21,"4.80%","4.80%",2.4,18,3,"11.10%","11.10%",2,14,0,"0.00%",0,0,0,0,0,0,39.6,0,0,"57.10%",0,1,1,0,0,"0.00%","100%","0.00%","0.00%",0,3,"0.00%",0,5,"16.70%",3,2,0,"20.00%",2,2,1,0,0,"0.00%",6,6,1,0,0,"FCS",35,NA,35
"Logan Fredericksen","MONTANA ST",19,30.04,"D","ED",2026,"Big Sky",72.1,71.7,63,60.6,0,1,1,1,0,0,0,1,0,0,0,0,0,0,0,0,0,3,0,12,"8.30%","8.30%",8.3,6,2,"0","33.30%",0,1,0,"0.00%",0,0,0,0,0,0,0,0,0,"100%",0,0,0,0,0,"0.00%","0.00%","0.00%","0.00%",0,0,"0.00%",46,4,"0.00%",1,0,0,"0.00%",1,1,0,1,0,"0.00%",4,4,0,1,0,"FCS",46,NA,46
"Dawson Ripperda","S DAK ST",26,29.9,"D","ED",2026,"Missouri Valley",66.1,69.4,58.2,NA,0,0,1,0,0,0,3,3,0,0,0,0,0,1,0,0,1,1,1,14,"14.30%","21.40%",10.7,12,0,"0","8.30%",0,NA,NA,NA,NA,NA,NA,NA,NA,NA,NA,NA,NA,NA,NA,NA,NA,NA,NA,NA,NA,NA,NA,NA,NA,NA,99,1,"50.00%",0,1,1,"0.00%",1,0,0,0,0,"100%",2,2,0,0,1,"FCS",16,NA,16
"Eli Lipscomb","FURMAN",42,29.89,"D","ED",2026,"Southern",55.5,54.8,54.7,62.4,0,1,1,1,0,0,1,2,1,0,0,0,1,0,0,1,0,3,6,11,"9.10%","9.10%",9.1,25,13,"16.00%","12.00%",4,6,0,"0.00%",0,0,0,0,0,0,0,0,0,"16.70%",0,0,0,2,0,"0.00%","0.00%","0.00%","0.00%",0,0,"0.00%",9,4,"20.00%",1,0,0,"0.00%",2,1,0,1,0,"50.00%",5,5,0,0,1,"FCS",320,NA,320
"Teddy McDuffie Jr.","MERCYHURST",41,29.87,"D","ED",2026,"Northeast",67.1,63.4,66.2,61.9,0,0,4,0,0,0,3,3,0,0,0,0,0,0,0,0,0,5,2,16,"18.80%","18.80%",9.4,22,3.5,"9.10%","18.20%",2,3,0,"0.00%",0,0,0,0,0,0,0,0,0,"0.00%",0,0,0,0,0,"0.00%","0.00%","0.00%","0.00%",0,0,"0.00%",0,4,"20.00%",0,4,0,"20.00%",4,0,1,0,0,"0.00%",5,5,0,0,0,"FCS",265,NA,265
"Knowledge Davis","TEXAS STHN",21,29.8,"D","ED",2026,"SWAC",59.5,56.8,62.1,NA,0,0,0,1,0,0,3,4,0,0,0,0,0,0,0,1,2,0,2,10,"10.00%","40.00%",25,11,0,"9.10%","0",1,NA,NA,NA,NA,NA,NA,NA,NA,NA,NA,NA,NA,NA,NA,NA,NA,NA,NA,NA,NA,NA,NA,NA,NA,NA,59,1,"50.00%",0,0,0,"0.00%",0,0,0,0,0,"50.00%",2,2,0,0,1,"FCS",224,NA,224
"Avery Ducsik","PORTLAND",39,29.8,"D","ED",2026,"Big Sky",72.1,77.1,54.3,60,0,1,2,0,0,0,0,0,0,0,0,0,1,1,0,0,0,2,0,13,"0","0.00%",0,25,-1,"0","16.00%",0,1,0,"0.00%",0,0,0,0,0,0,0,0,0,"100%",0,0,0,0,0,"0.00%","0.00%","0.00%","0.00%",0,0,"0.00%",94,3,"0.00%",1,2,1,"0.00%",2,1,0,0,0,"0.00%",3,3,0,0,0,"FCS",306,NA,306
"Olanrewaju Adeyemi","WAGNER",37,29.58,"D","ED",2026,"Northeast",65.4,62.1,64.7,NA,0,0,1,0,0,0,3,3,1,0,0,0,0,0,0,1,0,2,1,23,"13.00%","13.00%",6.5,14,1,"7.10%","7.10%",1,NA,NA,NA,NA,NA,NA,NA,NA,NA,NA,NA,NA,NA,NA,NA,NA,NA,NA,NA,NA,NA,NA,NA,NA,NA,6,1,"50.00%",0,1,0,"50.00%",1,0,1,0,0,"0.00%",2,2,0,0,0,"FCS",51,NA,51
"Kaleb Harris","INDIANA ST",32,29.56,"D","ED",2026,"Missouri Valley",71.8,81.4,53.9,60.9,0,1,2,0,0,0,0,0,0,0,0,0,0,1,0,0,0,3,0,15,"0","0.00%",0,14,0,"0","35.70%",0,3,0,"0.00%",0,0,0,0,0,0,0,0,0,"33.30%",0,0,0,0,0,"0.00%","0.00%","0.00%","0.00%",0,0,"0.00%",35,3,"0.00%",1,2,1,"0.00%",2,1,0,0,0,"0.00%",3,3,0,0,0,"FCS",143,NA,143
"Andrew Sharga","LEHIGH",24,29.48,"D","ED",2026,"Patriot",65.2,60.5,65.8,NA,0,1,0,1,0,0,1,2,0,0,0,0,0,0,0,1,0,0,1,13,"7.70%","15.40%",11.5,11,0,"9.10%","9.10%",1,NA,NA,NA,NA,NA,NA,NA,NA,NA,NA,NA,NA,NA,NA,NA,NA,NA,NA,NA,NA,NA,NA,NA,NA,NA,40,2,"0.00%",1,0,0,"0.00%",0,1,0,0,0,"0.00%",2,2,0,0,0,"FCS",43,NA,43
"Ryan Bell","CHATTNOOGA",40,29.24,"D","ED",2026,"Southern",70.8,66.7,69.3,NA,0,1,0,0,0,1,0,1,0,0,0,0,0,0,0,0,0,3,0,16,"6.30%","6.30%",3.1,24,0,"0","0",0,NA,NA,NA,NA,NA,NA,NA,NA,NA,NA,NA,NA,NA,NA,NA,NA,NA,NA,NA,NA,NA,NA,NA,NA,NA,95,1,"0.00%",1,0,0,"0.00%",0,1,0,0,0,"0.00%",1,1,0,0,0,"FCS",196,NA,196
"Kye Pressley","MAINE",46,28.96,"D","ED",2026,"CAA",76.8,65.5,59.9,90.4,0,0,3,1,0,0,1,2,0,0,0,1,0,0,0,0,1,3,2,21,"4.80%","9.50%",7.1,21,4.5,"4.80%","9.50%",1,4,0,"0.00%",0,0,0,0,0,0,0,0,0,"25.00%",0,0,0,1,0,"0.00%","0.00%","0.00%","0.00%",0,0,"0.00%",11,3,"25.00%",0,2,0,"0.00%",2,0,0,1,0,"50.00%",4,4,0,0,1,"FCS",64,NA,64
"Blake Weslin","N COLORADO",40,28.89,"D","ED",2026,"Big Sky",50.1,63.8,53,52,0,0,1,0,0,0,2,2,0,0,0,0,0,1,0,0,2,2,3,17,"0","11.80%",5.9,23,3,"8.70%","4.30%",2,NA,NA,NA,NA,NA,NA,NA,NA,NA,NA,NA,NA,NA,NA,NA,NA,NA,NA,NA,NA,NA,NA,NA,NA,NA,11,3,"0.00%",0,1,1,"0.00%",2,0,0,0,0,"0.00%",3,3,0,1,0,"FCS",177,NA,177
"Sean Dubose","MCNEESE",24,28.82,"D","ED",2026,"Southland",61.9,54.5,66.2,NA,0,0,1,0,0,0,2,2,1,0,0,0,0,0,0,0,0,1,2,16,"18.80%","12.50%",6.3,8,1,"25.00%","12.50%",2,NA,NA,NA,NA,NA,NA,NA,NA,NA,NA,NA,NA,NA,NA,NA,NA,NA,NA,NA,NA,NA,NA,NA,NA,NA,14,1,"0.00%",0,1,0,"0.00%",1,0,0,0,0,"0.00%",1,1,0,0,0,"FCS",54,NA,54
"Andrew Jackson","CITADEL",56,28.72,"D","ED",2026,"Southern",63.8,62.4,58.2,66.2,0,0,2,0,0,2,1,3,0,0,0,0,0,0,0,1,0,2,1,27,"7.40%","7.40%",3.7,20,2,"5.00%","10.00%",1,9,1,"100%",5,5,0,0,0,0,87.5,0.56,0,"55.60%",0,1,0,0,0,"0.00%","100%","0.00%","0.00%",5,2,"0.00%",46,4,"0.00%",0,1,0,"0.00%",1,0,0,1,0,"0.00%",4,4,0,3,0,"FCS",186,NA,186
"Darien Riley","LAFAYETTE",41,28.46,"D","ED",2026,"Patriot",51.4,58,60.5,60,0,1,1,0,0,1,1,2,0,0,0,0,0,1,0,0,0,2,4,22,"9.10%","9.10%",4.5,19,0,"15.80%","21.10%",3,NA,NA,NA,NA,NA,NA,NA,NA,NA,NA,NA,NA,NA,NA,NA,NA,NA,NA,NA,NA,NA,NA,NA,NA,NA,99,2,"33.30%",1,1,1,"33.30%",1,1,1,0,0,"0.00%",3,3,0,0,0,"FCS",74,NA,74
"Rushaune Vilane","HOLY CROSS",40,28.33,"D","ED",2026,"Patriot",64.4,65.4,59,NA,1,0,3,0,0,0,0,0,0,0,0,0,0,1,0,0,0,4,2,18,"0","0.00%",0,22,1.67,"9.10%","13.60%",2,NA,NA,NA,NA,NA,NA,NA,NA,NA,NA,NA,NA,NA,NA,NA,NA,NA,NA,NA,NA,NA,NA,NA,NA,NA,42,3,"25.00%",0,3,1,"25.00%",3,0,1,0,0,"0.00%",4,4,0,0,0,"FCS",168,NA,168
"Caleb Turner-Allen","W CAROLINA",51,28.24,"D","ED",2026,"Southern",70.9,71.5,59.8,70.1,0,0,2,1,0,0,2,3,0,0,1,0,0,0,0,1,0,2,0,23,"8.70%","8.70%",6.5,23,4,"0","4.30%",0,5,0,"0.00%",0,0,0,0,0,0,0,0,0,"40.00%",0,0,0,0,0,"0.00%","0.00%","0.00%","0.00%",0,0,"0.00%",13,3,"0.00%",0,1,0,"0.00%",2,0,0,1,0,"0.00%",3,3,0,0,0,"FCS",183,NA,183
"Dominic Jones","ALBANY",31,28.14,"D","ED",2026,"CAA",60,49.2,64.8,63.3,0,0,0,0,0,0,0,0,2,0,0,0,0,0,0,0,0,0,1,11,"18.20%","0.00%",0,10,0,"10.00%","0",1,10,0,"0.00%",0,0,0,0,0,0,0,0,0,"20.00%",0,0,0,0,0,"0.00%","0.00%","0.00%","0.00%",0,0,"0.00%",NA,NA,NA,NA,NA,NA,NA,NA,NA,NA,NA,NA,NA,NA,NA,NA,NA,NA,"FCS",331,NA,331
"JC Wilson","MOREHEAD",37,28.09,"D","ED",2026,"Pioneer",69.8,64.4,65.6,64.4,0,1,1,0,0,0,2,2,0,0,0,0,0,0,0,0,0,3,0,23,"8.70%","8.70%",4.3,14,0,"0","7.10%",0,NA,NA,NA,NA,NA,NA,NA,NA,NA,NA,NA,NA,NA,NA,NA,NA,NA,NA,NA,NA,NA,NA,NA,NA,NA,7,3,"0.00%",1,0,0,"0.00%",0,0,0,1,0,"0.00%",3,3,1,2,0,"FCS",330,NA,330
"Bernard Blakey","DUQUESNE",36,28.03,"D","ED",2026,"Northeast",66,64.3,64,NA,0,0,2,0,0,0,0,0,1,0,0,0,0,0,0,0,0,3,3,6,"16.70%","0.00%",0,30,3,"10.00%","13.30%",3,NA,NA,NA,NA,NA,NA,NA,NA,NA,NA,NA,NA,NA,NA,NA,NA,NA,NA,NA,NA,NA,NA,NA,NA,NA,88,2,"0.00%",0,2,0,"0.00%",2,0,0,0,0,"0.00%",2,2,0,0,0,"FCS",262,NA,262
"Javieane Stevens","MS VLY ST",31,27.95,"D","ED",2026,"SWAC",64,59.2,65.6,NA,0,0,1,0,0,0,0,0,1,0,0,0,0,1,0,0,0,0,1,15,"6.70%","0.00%",0,16,0,"6.30%","0",1,NA,NA,NA,NA,NA,NA,NA,NA,NA,NA,NA,NA,NA,NA,NA,NA,NA,NA,NA,NA,NA,NA,NA,NA,NA,4,1,"0.00%",0,0,0,"0.00%",0,0,0,1,1,"0.00%",1,1,0,1,0,"FCS",112,NA,112
"Khalib Robinson","CHISTA",31,27.45,"D","ED",2026,"IND (FCS)",59.4,61.5,55.3,NA,0,2,2,0,0,0,0,0,0,0,0,0,0,1,0,0,0,3,3,12,"0","0.00%",0,19,1.67,"15.80%","15.80%",3,NA,NA,NA,NA,NA,NA,NA,NA,NA,NA,NA,NA,NA,NA,NA,NA,NA,NA,NA,NA,NA,NA,NA,NA,NA,91,5,"0.00%",2,2,1,"0.00%",3,2,0,0,0,"0.00%",5,5,0,0,0,"FCS",119,NA,119
"Mounir Keshen","MONMOUTH",26,27.25,"D","ED",2026,"CAA",62.7,50.5,72.6,60,0,0,0,0,0,1,3,4,0,0,0,0,0,0,0,0,0,2,1,13,"30.80%","30.80%",15.4,12,0,"8.30%","0",1,1,0,"0.00%",0,0,0,0,0,0,0,0,0,"0.00%",0,0,0,0,0,"0.00%","0.00%","0.00%","0.00%",0,0,"0.00%",52,0,"100%",0,0,0,"100%",0,0,1,0,0,"0.00%",1,1,0,0,0,"FCS",236,NA,236
"Julius Ray","UC DAVIS",18,27.15,"D","ED",2026,"Big Sky",68.5,71.4,57,NA,0,0,2,0,0,0,0,0,0,0,0,0,0,1,0,0,0,2,0,10,"0","0.00%",0,8,0.5,"0","25.00%",0,NA,NA,NA,NA,NA,NA,NA,NA,NA,NA,NA,NA,NA,NA,NA,NA,NA,NA,NA,NA,NA,NA,NA,NA,NA,56,2,"0.00%",0,2,1,"0.00%",2,0,0,0,0,"0.00%",2,2,0,0,0,"FCS",251,NA,251
"Jaxon Lee","ALABAMA ST",24,27.1,"D","ED",2026,"SWAC",62.2,64.2,55.4,NA,0,2,2,0,0,0,0,0,0,0,0,0,0,1,0,0,0,1,2,7,"0","0.00%",0,17,-1,"11.80%","11.80%",2,NA,NA,NA,NA,NA,NA,NA,NA,NA,NA,NA,NA,NA,NA,NA,NA,NA,NA,NA,NA,NA,NA,NA,NA,NA,24,4,"0.00%",2,2,1,"0.00%",2,2,0,0,0,"0.00%",4,4,0,0,0,"FCS",170,NA,170
"Anthony Rosier","FL A&M",16,26.96,"D","ED",2026,"SWAC",56.2,49.4,66.1,NA,0,0,0,0,0,0,1,1,1,0,0,0,0,0,0,0,1,0,2,9,"11.10%","11.10%",5.6,7,0,"28.60%","0",2,NA,NA,NA,NA,NA,NA,NA,NA,NA,NA,NA,NA,NA,NA,NA,NA,NA,NA,NA,NA,NA,NA,NA,NA,NA,NA,NA,NA,NA,NA,NA,NA,NA,NA,NA,NA,NA,NA,NA,NA,NA,NA,NA,"FCS",166,NA,166
"KJ Gillespie","E TENN ST",29,26.93,"D","ED",2026,"Southern",60.9,55.7,68,NA,0,1,0,0,0,0,1,1,1,0,0,0,0,0,0,0,0,1,2,9,"22.20%","11.10%",5.6,20,0,"10.00%","5.00%",2,NA,NA,NA,NA,NA,NA,NA,NA,NA,NA,NA,NA,NA,NA,NA,NA,NA,NA,NA,NA,NA,NA,NA,NA,NA,17,1,"50.00%",1,0,0,"50.00%",0,1,1,0,0,"0.00%",2,2,0,0,0,"FCS",319,NA,319
"JR Lyons","MOREHEAD",21,26.56,"D","ED",2026,"Pioneer",65.4,65.8,60.4,NA,0,1,1,0,0,0,0,0,1,0,0,0,0,0,0,0,0,2,1,13,"7.70%","0.00%",0,8,3,"12.50%","25.00%",1,NA,NA,NA,NA,NA,NA,NA,NA,NA,NA,NA,NA,NA,NA,NA,NA,NA,NA,NA,NA,NA,NA,NA,NA,NA,94,3,"0.00%",1,1,0,"0.00%",2,1,0,0,0,"0.00%",3,3,0,0,0,"FCS",268,NA,268
"Antonio Camon","FL A&M",18,26.45,"D","ED",2026,"SWAC",50.2,48.4,61,NA,0,0,1,0,0,0,1,1,0,0,0,0,0,1,0,0,0,2,4,7,"14.30%","14.30%",7.1,11,3.5,"36.40%","9.10%",4,NA,NA,NA,NA,NA,NA,NA,NA,NA,NA,NA,NA,NA,NA,NA,NA,NA,NA,NA,NA,NA,NA,NA,NA,NA,8,2,"0.00%",0,1,1,"0.00%",2,0,0,0,0,"0.00%",2,2,0,0,0,"FCS",94,NA,94
"Sandy Lewis","MCNEESE",28,26.11,"D","ED",2026,"Southland",62.8,58.9,62.9,60,0,1,1,0,0,1,1,2,0,0,0,0,0,0,0,0,0,0,1,16,"12.50%","12.50%",6.3,12,6,"8.30%","0",1,NA,NA,NA,NA,NA,NA,NA,NA,NA,NA,NA,NA,NA,NA,NA,NA,NA,NA,NA,NA,NA,NA,NA,NA,NA,33,2,"0.00%",1,1,0,"0.00%",1,0,0,0,0,"0.00%",2,2,1,0,0,"FCS",149,NA,149
"Shaun Aletor","SAN DIEGO",26,25.91,"D","ED",2026,"Pioneer",55.9,53,60.5,NA,0,0,1,0,0,0,2,2,0,0,0,0,0,1,0,0,0,1,3,17,"11.80%","11.80%",5.9,9,-2,"33.30%","11.10%",3,NA,NA,NA,NA,NA,NA,NA,NA,NA,NA,NA,NA,NA,NA,NA,NA,NA,NA,NA,NA,NA,NA,NA,NA,NA,93,1,"0.00%",0,1,1,"0.00%",1,0,0,0,0,"0.00%",1,1,0,0,0,"FCS",159,NA,159
"Mason Smith","NEW HAMP",51,25.83,"D","ED",2026,"CAA",59.3,62.7,53.6,60.7,0,2,1,0,0,0,0,0,0,0,0,0,0,1,0,0,0,1,2,24,"0","0.00%",0,24,3.67,"8.30%","4.20%",2,3,0,"0.00%",0,0,0,0,0,0,0,0,0,"66.70%",0,0,0,0,0,"0.00%","0.00%","0.00%","0.00%",0,0,"0.00%",15,5,"0.00%",2,1,1,"0.00%",3,2,0,0,0,"0.00%",5,5,0,0,0,"FCS",260,NA,260
"Blaine Downing","MONTANA ST",31,25.65,"D","ED",2026,"Big Sky",67.3,70.7,57.3,60,0,1,3,0,0,1,0,1,0,0,0,0,0,0,0,0,0,3,0,17,"5.90%","5.90%",2.9,14,2.5,"0","14.30%",0,NA,NA,NA,NA,NA,NA,NA,NA,NA,NA,NA,NA,NA,NA,NA,NA,NA,NA,NA,NA,NA,NA,NA,NA,NA,48,4,"0.00%",1,2,0,"0.00%",2,1,0,1,0,"0.00%",4,4,0,1,0,"FCS",237,NA,237
"Ta'kai Chisolm","MAINE",28,25.62,"D","ED",2026,"CAA",67.8,67.2,61.9,60.6,0,1,0,0,0,0,0,0,1,0,0,0,0,0,0,0,0,0,0,12,"8.30%","0.00%",0,14,0,"0","7.10%",0,2,0,"0.00%",0,0,0,0,0,0,0,0,0,"0.00%",0,0,0,0,0,"0.00%","0.00%","0.00%","0.00%",0,0,"0.00%",0,1,"0.00%",1,0,0,"0.00%",0,1,0,0,0,"0.00%",1,1,0,0,0,"FCS",63,NA,63
"Chris Koffi","TOWSON",44,25.54,"D","ED",2026,"CAA",74.9,77.1,56.8,60.8,0,3,1,0,0,0,0,0,0,0,0,0,0,0,0,0,0,1,0,9,"0","0.00%",0,34,5,"0","14.70%",0,1,0,"0.00%",0,0,0,0,0,0,0,0,0,"0.00%",0,0,0,0,0,"0.00%","0.00%","0.00%","0.00%",0,0,"0.00%",9,6,"0.00%",3,1,0,"0.00%",3,2,0,0,0,"0.00%",6,6,1,0,0,"FCS",249,NA,249
"John Scott III","SAMFORD",40,25.5,"D","ED",2026,"Southern",55.1,62.7,57.2,56.9,0,0,1,0,0,0,0,0,1,0,0,0,0,1,0,0,0,3,3,21,"4.80%","0.00%",0,17,-2,"11.80%","11.80%",2,2,0,"0.00%",0,0,0,0,0,0,0,0,0,"50.00%",0,0,0,1,0,"0.00%","0.00%","0.00%","0.00%",0,0,"0.00%",41,1,"50.00%",0,1,1,"0.00%",1,0,0,0,0,"100%",2,2,0,0,1,"FCS",71,NA,71
"Lewon Lurry Jr.","BETH COOK",60,25.35,"D","ED",2026,"SWAC",54.8,56.9,52.6,60,0,1,2,0,0,1,0,1,0,0,0,0,0,1,0,0,1,2,6,25,"0","0.00%",0,34,0.5,"14.70%","8.80%",5,1,0,"0.00%",0,0,0,0,0,0,0,0,0,"100%",0,0,0,0,0,"0.00%","0.00%","0.00%","0.00%",0,0,"0.00%",10,3,"0.00%",1,2,1,"0.00%",2,1,0,0,0,"0.00%",3,3,0,0,0,"FCS",280,NA,280
"Jalonn Booth","CAL POLY",25,25.34,"D","ED",2026,"Big Sky",66.5,62.2,64.8,60,0,0,1,1,0,0,1,2,0,0,0,0,0,0,0,0,0,2,0,16,"12.50%","12.50%",9.4,8,0,"0","0",0,1,0,"0.00%",0,0,0,0,0,0,0,0,0,"100%",0,0,0,0,0,"0.00%","0.00%","0.00%","0.00%",0,0,"0.00%",32,1,"0.00%",0,0,0,"0.00%",0,0,0,1,0,"0.00%",1,1,0,0,0,"FCS",326,NA,326
"Terrell James","FL A&M",36,25.11,"D","ED",2026,"SWAC",66.2,71.2,53.9,NA,0,0,2,0,0,0,0,0,0,0,0,0,0,1,0,0,0,4,0,13,"0","0.00%",0,23,0.67,"0","8.70%",0,NA,NA,NA,NA,NA,NA,NA,NA,NA,NA,NA,NA,NA,NA,NA,NA,NA,NA,NA,NA,NA,NA,NA,NA,NA,91,3,"0.00%",0,2,1,"0.00%",3,0,0,0,0,"0.00%",3,3,0,0,0,"FCS",76,NA,76
"Jordan Martin-Durham","W CAROLINA",25,24.8,"D","ED",2026,"Southern",64.5,70.4,54.5,61,0,0,2,0,0,0,0,0,0,0,0,0,0,1,0,0,0,2,0,14,"0","0.00%",0,8,1,"0","25.00%",0,3,0,"0.00%",0,0,0,0,0,0,0,0,0,"33.30%",0,0,0,0,0,"0.00%","0.00%","0.00%","0.00%",0,0,"0.00%",34,2,"0.00%",0,2,1,"0.00%",2,0,0,0,0,"0.00%",2,2,0,0,0,"FCS",252,NA,252
"Micah Wing","NEW HAMP",42,24.75,"D","ED",2026,"CAA",50,33.8,69.6,61.1,0,0,1,1,0,1,0,2,1,0,0,0,0,0,0,0,0,3,5,19,"15.80%","10.50%",7.9,20,0,"25.00%","5.00%",5,3,0,"0.00%",0,0,0,0,0,0,0,0,0,"0.00%",0,0,0,0,0,"0.00%","0.00%","0.00%","0.00%",0,0,"0.00%",1,1,"50.00%",0,0,0,"100%",0,0,1,1,0,"0.00%",2,2,0,0,0,"FCS",36,NA,36
"Isaac Engle","E ILLINOIS",16,24.63,"D","ED",2026,"Big South - OVC Football Association",42.7,56.4,55.5,42.8,0,0,2,0,0,0,1,1,0,0,0,0,0,1,0,0,1,2,3,5,"0","20.00%",10,8,0,"25.00%","25.00%",2,3,1,"100%",1,1,1,1,0,0,118.8,0.33,0,"33.30%",0,1,0,1,0,"0.00%","100%","100%","0.00%",1,1,"0.00%",42,2,"33.30%",0,2,1,"33.30%",2,0,1,0,0,"0.00%",3,3,0,0,0,"FCS",275,NA,275
"Luke Teskey","IDAHO",16,24.54,"D","ED",2026,"Big Sky",64.3,64.7,58,NA,0,1,0,0,0,1,0,1,0,0,0,0,0,0,0,1,0,0,1,4,"0","25.00%",12.5,12,0,"8.30%","16.70%",1,NA,NA,NA,NA,NA,NA,NA,NA,NA,NA,NA,NA,NA,NA,NA,NA,NA,NA,NA,NA,NA,NA,NA,NA,NA,99,1,"0.00%",1,0,0,"0.00%",0,1,0,0,0,"0.00%",1,1,0,0,0,"FCS",49,NA,49
"Joshua Modupe","CHARLES SO",25,24.29,"D","ED",2026,"Big South - OVC Football Association",69.5,60,58.2,72.1,0,1,2,0,0,0,0,0,0,0,0,0,0,1,0,0,0,2,2,2,"0","0.00%",0,12,0,"8.30%","0",1,11,2,"100%",8,4,0,0,0,0,83.3,0.73,0,"36.40%",0,2,0,1,2,"0.00%","100%","0.00%","0.00%",4,-0.5,"0.00%",18,4,"0.00%",1,0,0,"0.00%",0,0,0,2,1,"0.00%",4,4,1,3,0,"FCS",318,NA,318
"Tyrese Whitaker","TENN TECH",34,24.03,"D","ED",2026,"Southern",61.1,65.9,53.8,NA,0,0,2,0,0,0,0,0,0,0,0,0,0,1,0,0,0,2,0,16,"0","0.00%",0,18,4,"0","0",0,NA,NA,NA,NA,NA,NA,NA,NA,NA,NA,NA,NA,NA,NA,NA,NA,NA,NA,NA,NA,NA,NA,NA,NA,NA,19,3,"0.00%",0,2,1,"0.00%",3,0,0,0,0,"0.00%",3,3,0,0,0,"FCS",84,NA,84
"Paul-Marie Dogui","COLGATE",30,23.97,"D","ED",2026,"Patriot",62.7,69.9,62,62.3,0,1,0,0,0,0,2,2,0,0,0,0,0,0,0,0,0,0,1,13,"15.40%","15.40%",7.7,13,0,"0","15.40%",0,4,0,"0.00%",0,0,0,0,0,0,0,0,0,"25.00%",0,0,0,0,0,"0.00%","0.00%","0.00%","0.00%",0,0,"0.00%",34,1,"0.00%",1,0,0,"0.00%",0,1,0,0,0,"0.00%",1,1,0,0,0,"FCS",204,NA,204
"Phillip Baynes Jr.","LIUSHAR",24,23.9,"D","ED",2026,"Northeast",54.1,60.7,63.1,NA,0,1,0,0,0,0,0,0,1,0,0,0,0,0,0,0,0,1,4,6,"16.70%","0.00%",0,18,0,"22.20%","16.70%",4,NA,NA,NA,NA,NA,NA,NA,NA,NA,NA,NA,NA,NA,NA,NA,NA,NA,NA,NA,NA,NA,NA,NA,NA,NA,17,1,"0.00%",1,0,0,"0.00%",0,1,0,0,0,"0.00%",1,1,0,0,0,"FCS",97,NA,97
"Mylan Bowen","CHARLES SO",44,23.66,"D","ED",2026,"Big South - OVC Football Association",49.8,54.6,62.2,41.9,0,2,0,0,0,2,0,2,0,0,0,0,0,0,0,0,1,2,3,24,"4.20%","8.30%",4.2,15,0,"6.70%","0",1,5,2,"100%",9,4.5,0,1,0,0,85.4,1.8,1,"40.00%",0,0,0,2,0,"20.00%","0.00%","50.00%","0.00%",4.5,5.5,"0.00%",10,2,"33.30%",2,0,0,"0.00%",0,2,0,0,0,"100%",3,3,0,0,1,"FCS",136,NA,136
"Dom Rausch","N ARIZONA",18,23.53,"D","ED",2026,"Big Sky",65.2,68.6,55.3,60,0,0,1,0,0,0,0,0,0,0,0,0,0,1,0,0,0,2,1,7,"0","0.00%",0,10,0,"10.00%","30.00%",1,1,0,"0.00%",0,0,0,0,0,0,0,0,0,"0.00%",0,0,0,0,0,"0.00%","0.00%","0.00%","0.00%",0,0,"0.00%",14,1,"0.00%",0,1,1,"0.00%",1,0,0,0,0,"0.00%",1,1,0,0,0,"FCS",302,NA,302
"Brogan De'Asis","PORTLAND",36,23.45,"D","ED",2026,"Big Sky",57.5,58.6,54.9,60.2,0,1,2,0,0,0,0,0,0,0,0,0,0,1,0,0,0,0,2,17,"0","0.00%",0,18,2,"11.10%","5.60%",2,1,0,"0.00%",0,0,0,0,0,0,0,0,0,"0.00%",0,0,0,0,0,"0.00%","0.00%","0.00%","0.00%",0,0,"0.00%",34,3,"0.00%",1,2,1,"0.00%",2,0,0,0,0,"0.00%",3,3,1,0,0,"FCS",198,NA,198
"Mike Hastie","MORGAN ST",25,23.26,"D","ED",2026,"MEAC",73.9,76.4,58.7,64.1,0,1,0,0,0,0,0,0,0,0,0,0,0,0,0,0,0,1,0,2,"0","0.00%",0,14,11,"0","14.30%",0,9,0,"0.00%",0,0,0,0,0,0,0,0,0,"22.20%",0,0,0,0,0,"0.00%","0.00%","0.00%","0.00%",0,0,"0.00%",11,2,"0.00%",1,0,0,"0.00%",1,1,0,0,0,"0.00%",2,2,0,0,0,"FCS",208,NA,208
"Crew Heier","S DAKOTA",27,23.24,"D","ED",2026,"Missouri Valley",65.6,60.3,65.2,60,0,1,0,0,0,0,1,1,0,0,0,0,0,0,0,0,0,2,1,19,"5.30%","5.30%",2.6,8,0,"12.50%","12.50%",1,NA,NA,NA,NA,NA,NA,NA,NA,NA,NA,NA,NA,NA,NA,NA,NA,NA,NA,NA,NA,NA,NA,NA,NA,NA,37,2,"0.00%",1,0,0,"0.00%",0,1,0,0,0,"0.00%",2,2,0,1,0,"FCS",272,NA,272
"Travon Dye","NC A&T",36,23,"D","ED",2026,"CAA",63.9,61.2,63.6,NA,0,1,0,0,0,0,1,1,0,0,0,0,0,0,0,0,0,2,1,21,"4.80%","4.80%",2.4,15,7,"6.70%","0",1,NA,NA,NA,NA,NA,NA,NA,NA,NA,NA,NA,NA,NA,NA,NA,NA,NA,NA,NA,NA,NA,NA,NA,NA,NA,15,2,"0.00%",1,0,0,"0.00%",1,1,0,0,0,"0.00%",2,2,0,0,0,"FCS",239,NA,239
"Isaiah Washburn","BETH COOK",59,22.71,"D","ED",2026,"SWAC",48.4,42.2,61.3,57.3,0,2,0,0,0,0,2,2,2,0,0,0,0,0,0,0,1,6,7,19,"15.80%","10.50%",5.3,34,0,"14.70%","8.80%",5,6,0,"0.00%",0,0,0,0,0,0,0,0,0,"16.70%",0,0,0,0,0,"0.00%","0.00%","0.00%","0.00%",0,0,"0.00%",0,3,"62.50%",2,0,0,"60.00%",0,2,3,0,0,"66.70%",8,8,0,1,2,"FCS",24,NA,24
"Caleb Redd","E KENTUCKY",27,22.13,"D","ED",2026,"United Athletic",64.4,65.9,59.5,NA,0,0,0,0,0,0,0,0,1,0,0,0,0,0,0,0,0,0,0,17,"5.90%","0.00%",0,10,0,"0","10.00%",0,NA,NA,NA,NA,NA,NA,NA,NA,NA,NA,NA,NA,NA,NA,NA,NA,NA,NA,NA,NA,NA,NA,NA,NA,NA,NA,NA,NA,NA,NA,NA,NA,NA,NA,NA,NA,NA,NA,NA,NA,NA,NA,NA,"FCS",167,NA,167
"Jaden Meeks","W CAROLINA",20,22.04,"D","ED",2026,"Southern",68,69,60.4,60,0,1,0,0,0,0,1,1,0,0,0,0,0,0,0,0,0,0,0,10,"10.00%","10.00%",5,9,0,"0","11.10%",0,1,0,"0.00%",0,0,0,0,0,0,39.6,0,0,"0.00%",0,0,1,0,0,"0.00%","0.00%","0.00%","0.00%",0,5,"0.00%",30,1,"0.00%",1,0,0,"0.00%",0,1,0,0,0,"0.00%",1,1,0,0,0,"FCS",182,NA,182
"Lance Carson","TARLETON",49,22.03,"D","ED",2026,"United Athletic",67.7,72.5,55.9,60,0,0,1,0,0,0,2,2,0,0,0,0,0,0,0,1,0,2,0,22,"4.50%","9.10%",4.5,27,1,"0","11.10%",0,NA,NA,NA,NA,NA,NA,NA,NA,NA,NA,NA,NA,NA,NA,NA,NA,NA,NA,NA,NA,NA,NA,NA,NA,NA,9,2,"0.00%",0,1,0,"0.00%",1,0,0,0,0,"0.00%",2,2,0,1,0,"FCS",286,NA,286
"Michael Johnson","CHISTA",36,21.94,"D","ED",2026,"IND (FCS)",67.9,70.3,53.4,64.6,0,3,1,0,0,0,1,1,0,0,0,0,0,0,0,1,0,3,1,6,"0","0.00%",0,18,4,"5.60%","5.60%",1,12,1,"100%",7,7,0,0,0,0,95.8,0.58,0,"25.00%",0,0,0,0,0,"0.00%","0.00%","0.00%","0.00%",7,2,"0.00%",11,8,"11.10%",3,1,0,"12.50%",5,2,1,0,0,"0.00%",9,9,1,0,0,"FCS",341,NA,341
"Nhycer Kelly","ELON",31,21.84,"D","ED",2026,"CAA",59.3,66.8,61.4,NA,0,0,1,0,0,0,1,1,1,0,0,0,0,0,0,0,0,0,2,21,"9.50%","4.80%",2.4,10,2,"10.00%","10.00%",1,NA,NA,NA,NA,NA,NA,NA,NA,NA,NA,NA,NA,NA,NA,NA,NA,NA,NA,NA,NA,NA,NA,NA,NA,NA,4,1,"50.00%",0,1,0,"0.00%",1,0,0,0,0,"100%",2,2,0,0,1,"FCS",88,NA,88
"Isaiah Johnson","TARLETON",20,21.82,"D","ED",2026,"United Athletic",62.8,67.7,54.6,NA,0,0,1,0,0,0,0,0,0,0,0,0,0,1,0,0,0,1,0,11,"0","0.00%",0,9,-2,"0","11.10%",0,NA,NA,NA,NA,NA,NA,NA,NA,NA,NA,NA,NA,NA,NA,NA,NA,NA,NA,NA,NA,NA,NA,NA,NA,NA,15,1,"0.00%",0,1,1,"0.00%",1,0,0,0,0,"0.00%",1,1,0,0,0,"FCS",155,NA,155
"Porter Small","WEBER ST",43,21.82,"D","ED",2026,"Big Sky",59.1,67.1,53.9,60,0,0,1,0,0,0,0,0,0,0,0,0,0,1,0,0,0,2,1,12,"0","0.00%",0,30,0,"0","3.30%",0,1,0,"0.00%",0,0,0,0,0,0,0,0,0,"100%",0,0,0,0,0,"0.00%","0.00%","0.00%","0.00%",0,0,"0.00%",54,2,"0.00%",0,1,1,"0.00%",2,0,0,0,0,"0.00%",2,2,0,0,0,"FCS",207,NA,207
"Grant Garretson","UC DAVIS",24,21.63,"D","ED",2026,"Big Sky",54.4,65,62.3,46.9,0,0,1,0,0,0,1,1,0,0,0,0,0,0,0,0,0,2,2,12,"8.30%","8.30%",4.2,10,3,"10.00%","20.00%",1,2,1,"100%",22,22,1,1,0,0,158.3,11,1,"0.00%",0,0,0,1,0,"50.00%","0.00%","100%","0.00%",22,20,"0.00%",5,2,"0.00%",0,1,0,"0.00%",2,0,0,0,0,"0.00%",2,2,0,0,0,"FCS",135,NA,135
"J.T. Houston","CAL POLY",41,21.56,"D","ED",2026,"Big Sky",54.9,59.1,60.2,52.6,0,0,1,0,0,0,0,0,1,0,0,0,0,0,0,0,0,2,3,16,"6.30%","0.00%",0,24,3,"8.30%","12.50%",2,1,0,"0.00%",0,0,0,0,0,0,0,0,0,"100%",0,0,0,0,0,"0.00%","0.00%","0.00%","0.00%",0,0,"0.00%",11,1,"0.00%",0,1,0,"0.00%",1,0,0,0,0,"0.00%",1,1,0,0,0,"FCS",174,NA,174
"Daniel Adefolarin","LAFAYETTE",40,21.3,"D","ED",2026,"Patriot",64.5,61,57.1,72.2,0,1,1,0,0,0,1,1,0,0,0,0,0,1,0,0,0,2,1,20,"5.00%","5.00%",2.5,18,5,"5.60%","0",1,2,0,"0.00%",0,0,0,0,0,0,0,0,0,"0.00%",0,0,0,0,0,"0.00%","0.00%","0.00%","0.00%",0,0,"0.00%",8,3,"0.00%",1,0,0,"0.00%",1,1,0,1,1,"0.00%",3,3,0,1,0,"FCS",230,NA,230
"Percy Jackson III","TXRG",33,21.18,"D","ED",2026,"Southland",64.3,78.3,54.3,50.7,0,2,0,0,0,0,0,0,0,0,0,0,0,0,0,0,0,2,1,18,"0","0.00%",0,14,8.33,"0","28.60%",0,1,0,"0.00%",0,0,0,0,0,0,0,0,0,"0.00%",0,0,0,0,0,"0.00%","0.00%","0.00%","0.00%",0,0,"0.00%",93,5,"0.00%",2,0,0,"0.00%",3,1,0,0,0,"0.00%",5,5,1,0,0,"FCS",294,NA,294
"Orlando Daniels","CHATTNOOGA",48,21.16,"D","ED",2026,"Southern",65.3,66.7,54.8,64.2,0,1,4,0,0,0,0,0,0,0,0,0,0,0,0,0,0,1,0,20,"0","0.00%",0,23,3,"0","0",0,5,0,"0.00%",0,0,0,0,0,0,0,0,0,"40.00%",0,0,0,0,0,"0.00%","0.00%","0.00%","0.00%",0,0,"0.00%",10,5,"0.00%",1,1,0,"0.00%",1,1,0,2,0,"0.00%",5,5,0,3,0,"FCS",214,NA,214
"Ameer Johnson","TENN TECH",21,21.14,"D","ED",2026,"Southern",61.9,58.7,63.1,60.5,0,0,1,0,0,0,1,1,0,0,0,0,0,0,0,0,0,2,1,6,"16.70%","16.70%",8.3,14,0,"7.10%","0",1,1,0,"0.00%",0,0,0,0,0,0,0,0,0,"100%",0,0,0,0,0,"0.00%","0.00%","0.00%","0.00%",0,0,"0.00%",NA,NA,NA,NA,NA,NA,NA,NA,NA,NA,NA,NA,NA,NA,NA,NA,NA,NA,"FCS",137,NA,137
"Bristol Biegenzahn","ELON",32,21.14,"D","ED",2026,"CAA",65.8,65.3,62.1,NA,0,0,1,1,0,0,0,1,0,0,0,0,0,0,0,0,0,2,0,25,"4.00%","4.00%",4,7,0,"0","14.30%",0,NA,NA,NA,NA,NA,NA,NA,NA,NA,NA,NA,NA,NA,NA,NA,NA,NA,NA,NA,NA,NA,NA,NA,NA,NA,43,1,"0.00%",0,0,0,"0.00%",0,0,0,1,0,"0.00%",1,1,0,0,0,"FCS",332,NA,332
"Trystan Anderson","W CAROLINA",57,21.05,"D","ED",2026,"Southern",59.5,71.2,55.6,51.1,0,1,2,0,0,0,1,1,0,0,0,0,0,0,0,0,0,1,1,32,"3.10%","3.10%",1.6,24,2.5,"0","8.30%",0,1,1,"100%",19,19,0,1,0,0,118.8,19,1,"0.00%",0,0,0,1,0,"100%","0.00%","100%","0.00%",19,5,"0.00%",18,4,"0.00%",1,1,0,"0.00%",2,1,0,1,0,"0.00%",4,4,0,1,0,"FCS",29,NA,29
"Cedric Henderson","MURRAY ST",20,21.05,"D","ED",2026,"Missouri Valley",56.7,50.8,63.6,62,0,0,0,0,0,0,0,0,1,0,0,0,0,0,0,0,0,0,1,5,"20.00%","0.00%",0,10,3,"10.00%","0",1,5,0,"0.00%",0,0,0,0,0,0,0,0,0,"20.00%",0,0,0,0,0,"0.00%","0.00%","0.00%","0.00%",0,0,"0.00%",42,1,"0.00%",0,0,0,"0.00%",1,0,0,0,0,"0.00%",1,1,0,0,0,"FCS",325,NA,325
"Javen Augustus","IDAHO",32,21.03,"D","ED",2026,"Big Sky",51.8,47.2,59.7,60.1,0,0,1,0,0,2,0,2,0,0,0,0,0,0,0,1,1,3,3,13,"0","15.40%",7.7,19,0,"15.80%","5.30%",3,NA,NA,NA,NA,NA,NA,NA,NA,NA,NA,NA,NA,NA,NA,NA,NA,NA,NA,NA,NA,NA,NA,NA,NA,NA,16,2,"33.30%",0,0,0,"100%",0,0,1,1,0,"0.00%",3,3,0,2,0,"FCS",44,NA,44
"Jeramy Stith","DAVIDSON",36,20.97,"D","ED",2026,"Pioneer",43.4,31.8,73.1,60.8,0,0,0,0,0,1,0,1,0,0,0,0,0,0,0,0,0,2,7,9,"11.10%","11.10%",5.6,24,0,"29.20%","0",7,3,0,"0.00%",0,0,0,0,0,0,0,0,0,"0.00%",0,0,0,0,0,"0.00%","0.00%","0.00%","0.00%",0,0,"0.00%",NA,NA,NA,NA,NA,NA,NA,NA,NA,NA,NA,NA,NA,NA,NA,NA,NA,NA,"FCS",256,NA,256
"Sani Tuala","IDAHO ST",23,20.69,"D","ED",2026,"Big Sky",61.8,60.1,58.9,63.1,0,0,0,0,0,0,0,0,1,0,0,0,0,0,0,0,0,2,0,17,"5.90%","0.00%",0,3,0,"0","0",0,3,1,"100%",5,5,0,0,0,0,87.5,1.67,0,"33.30%",0,1,0,0,0,"0.00%","100%","0.00%","0.00%",5,4,"0.00%",0,1,"0.00%",0,0,0,"0.00%",0,0,0,0,0,"0.00%",1,1,0,1,0,"FCS",162,NA,162
"Steve Zayachkowsky","CHARLES SO",51,20.56,"D","ED",2026,"Big South - OVC Football Association",63.5,68,53.3,62.7,0,1,2,0,0,0,0,0,0,0,0,0,0,1,0,0,0,2,2,9,"0","0.00%",0,14,8,"7.10%","7.10%",1,28,1,"100%",19,19,0,1,0,0,118.8,0.68,1,"39.30%",0,0,0,1,1,"3.60%","0.00%","100%","0.00%",19,14,"0.00%",5,4,"20.00%",1,1,0,"50.00%",1,0,1,1,1,"0.00%",5,5,1,2,0,"FCS",113,NA,113
"Jay Culbreth","W GEORGIA",32,20.38,"D","ED",2026,"United Athletic",64.1,62.7,60.9,60,0,0,1,0,0,0,1,1,0,0,0,0,0,0,0,0,1,1,1,18,"0","5.60%",2.8,14,0,"7.10%","7.10%",1,NA,NA,NA,NA,NA,NA,NA,NA,NA,NA,NA,NA,NA,NA,NA,NA,NA,NA,NA,NA,NA,NA,NA,NA,NA,92,1,"0.00%",0,0,0,"0.00%",0,0,0,1,0,"0.00%",1,1,0,1,0,"FCS",107,NA,107
"Rashaud Pernell","NEW HAMP",22,20.34,"D","ED",2026,"CAA",55.3,56,56.7,NA,0,0,1,0,0,0,0,0,0,0,0,0,0,1,0,0,0,2,3,7,"0","0.00%",0,15,-1,"20.00%","13.30%",3,NA,NA,NA,NA,NA,NA,NA,NA,NA,NA,NA,NA,NA,NA,NA,NA,NA,NA,NA,NA,NA,NA,NA,NA,NA,14,1,"0.00%",0,1,1,"0.00%",1,0,0,0,0,"0.00%",1,1,0,0,0,"FCS",38,NA,38
"Josh Bowling","MOREHEAD",17,20.34,"D","ED",2026,"Pioneer",65.2,65,59.5,60,0,0,0,0,0,1,0,1,0,0,0,0,0,0,0,0,0,1,0,12,"8.30%","8.30%",4.2,5,0,"0","20.00%",0,NA,NA,NA,NA,NA,NA,NA,NA,NA,NA,NA,NA,NA,NA,NA,NA,NA,NA,NA,NA,NA,NA,NA,NA,NA,34,1,"0.00%",0,0,0,"0.00%",0,0,0,0,0,"0.00%",1,1,0,1,0,"FCS",105,NA,105
"David Amaliri","LNDNWD",38,20.24,"D","ED",2026,"Big South - OVC Football Association",60.1,56.6,60.5,62.3,0,0,0,0,0,0,0,0,1,0,0,0,0,0,0,0,0,0,1,17,"5.90%","0.00%",0,16,0,"6.30%","0",1,5,0,"0.00%",0,0,0,0,0,0,0,0,0,"60.00%",0,0,0,0,0,"0.00%","0.00%","0.00%","0.00%",0,0,"0.00%",NA,NA,NA,NA,NA,NA,NA,NA,NA,NA,NA,NA,NA,NA,NA,NA,NA,NA,"FCS",195,NA,195
"Matthew Moore","PRVIEW A&M",36,19.86,"F","ED",2026,"SWAC",68.3,71.3,56.1,65,0,0,1,0,0,0,0,0,0,0,0,0,0,0,0,0,0,2,1,4,"0","0.00%",0,15,6,"0","6.70%",0,17,3,"100%",15,5,0,0,0,0,87.5,0.88,0,"47.10%",0,0,0,1,1,"0.00%","0.00%","0.00%","0.00%",5,-1,"0.00%",10,4,"20.00%",0,0,0,"0.00%",1,0,0,1,0,"25.00%",4,5,0,3,1,"FCS",83,NA,83
"Jordan Pigram","N ARIZONA",20,19.75,"F","ED",2026,"Big Sky",64.1,63.3,61.2,NA,0,1,0,0,0,0,1,1,0,0,0,0,0,0,0,0,0,0,0,12,"8.30%","8.30%",4.2,8,0,"0","0",0,NA,NA,NA,NA,NA,NA,NA,NA,NA,NA,NA,NA,NA,NA,NA,NA,NA,NA,NA,NA,NA,NA,NA,NA,NA,90,1,"0.00%",1,0,0,"0.00%",0,1,0,0,0,"0.00%",1,1,0,0,0,"FCS",309,NA,309
"Kennarius Chandler","TENN MARTN",21,19.69,"F","ED",2026,"Big South - OVC Football Association",67.7,72.6,55.2,61.6,0,0,1,0,0,0,1,1,0,0,0,0,0,0,0,1,0,3,0,4,"0","0.00%",0,8,6.5,"0","25.00%",0,9,0,"0.00%",0,0,0,0,0,0,0,0,0,"77.80%",0,0,0,0,0,"0.00%","0.00%","0.00%","0.00%",0,0,"0.00%",46,2,"0.00%",0,1,0,"0.00%",2,0,0,0,0,"0.00%",2,2,0,0,0,"FCS",311,NA,311
"Jailyn Gibbs","ABILENE CH",47,19.54,"F","ED",2026,"United Athletic",62.9,60,52.9,71.8,0,0,2,0,0,0,0,0,0,0,0,0,0,1,0,0,0,4,2,19,"0","0.00%",0,20,-3,"10.00%","10.00%",2,8,2,"100%",7,3.5,0,0,0,0,81.3,0.88,0,"25.00%",0,1,1,0,1,"0.00%","50.00%","0.00%","0.00%",3.5,-1.5,"0.00%",18,2,"33.30%",0,1,1,"50.00%",1,0,1,1,0,"0.00%",3,3,0,1,0,"FCS",189,NA,189
"Brandon Collins","TENN STATE",18,19.35,"F","ED",2026,"Big South - OVC Football Association",55.1,56,57,NA,0,0,0,0,0,0,2,2,0,0,0,0,0,0,0,0,1,0,1,9,"11.10%","22.20%",11.1,9,7,"11.10%","11.10%",1,NA,NA,NA,NA,NA,NA,NA,NA,NA,NA,NA,NA,NA,NA,NA,NA,NA,NA,NA,NA,NA,NA,NA,NA,NA,5,1,"0.00%",0,0,0,"0.00%",1,0,0,0,0,"0.00%",1,1,0,0,0,"FCS",246,NA,246
"Iyioluwa Adekoya","MCNEESE",34,19.14,"F","ED",2026,"Southland",56.5,61.7,61.6,60,0,0,0,0,0,0,2,2,0,0,0,0,0,0,0,0,0,0,1,19,"10.50%","10.50%",5.3,15,0,"0","0",0,NA,NA,NA,NA,NA,NA,NA,NA,NA,NA,NA,NA,NA,NA,NA,NA,NA,NA,NA,NA,NA,NA,NA,NA,NA,NA,NA,NA,NA,NA,NA,NA,NA,NA,NA,NA,NA,NA,NA,NA,NA,NA,NA,"FCS",115,NA,115
"Christopher Gill","STHLSK",27,19.09,"F","ED",2026,"Northeast",60.8,52.7,68.2,NA,0,0,0,0,0,0,1,1,0,0,0,0,0,0,0,0,0,2,2,16,"6.30%","6.30%",3.1,11,6,"18.20%","9.10%",2,NA,NA,NA,NA,NA,NA,NA,NA,NA,NA,NA,NA,NA,NA,NA,NA,NA,NA,NA,NA,NA,NA,NA,NA,NA,94,1,"50.00%",0,0,0,"50.00%",1,0,1,0,0,"0.00%",2,2,0,0,0,"FCS",110,NA,110
"Jordan Franklin","SCAR STATE",33,18.82,"F","ED",2026,"MEAC",57,54.5,65.7,56.6,0,0,2,1,0,0,0,1,0,0,0,0,0,0,0,1,0,3,2,3,"0","0.00%",0,9,2,"11.10%","0",1,21,1,"100%",7,7,0,0,0,0,95.8,0.33,0,"47.60%",0.5,0,0,1,1,"0.00%","0.00%","0.00%","0.00%",7,-4,"0.00%",10,2,"50.00%",0,1,0,"50.00%",1,0,1,1,0,"50.00%",4,4,0,0,1,"FCS",118,NA,118
"Chevy Robinson","WEBER ST",51,18.53,"F","ED",2026,"Big Sky",54.9,61.8,54,60,0,0,1,0,0,0,0,0,0,0,0,0,0,1,0,0,0,4,3,18,"0","0.00%",0,33,1.5,"6.10%","6.10%",2,NA,NA,NA,NA,NA,NA,NA,NA,NA,NA,NA,NA,NA,NA,NA,NA,NA,NA,NA,NA,NA,NA,NA,NA,NA,9,2,"33.30%",0,1,1,"33.30%",2,0,1,0,0,"0.00%",3,3,0,0,0,"FCS",261,NA,261
"Logan Graham","MERRIMACK",44,18.52,"F","ED",2026,"IND (FCS)",58.8,62.6,55.1,60.3,0,1,0,0,0,0,0,0,1,0,0,0,0,0,0,0,0,0,2,26,"3.90%","0.00%",0,16,0,"12.50%","25.00%",2,2,0,"0.00%",0,0,0,0,0,0,0,0,0,"50.00%",0,0,0,0,0,"0.00%","0.00%","0.00%","0.00%",0,0,"0.00%",46,1,"0.00%",1,0,0,"0.00%",0,1,0,0,0,"0.00%",1,1,0,0,0,"FCS",178,NA,178
"Terrelle Elmore","SE MO ST",26,18.45,"F","ED",2026,"Big South - OVC Football Association",65.3,73.3,56.9,52.9,0,0,2,0,0,0,0,0,0,0,0,0,0,0,0,0,0,1,1,4,"0","0.00%",0,16,1.5,"0","12.50%",0,6,1,"100%",10,10,1,1,0,0,147.9,1.67,0,"33.30%",0,1,0,1,0,"0.00%","100%","100%","0.00%",10,3,"0.00%",21,2,"0.00%",0,2,0,"0.00%",2,0,0,0,0,"0.00%",2,2,0,0,0,"FCS",130,NA,130
"Chris Bacon","MAINE",38,18.35,"F","ED",2026,"CAA",48.5,44.1,59.1,NA,0,0,2,1,0,0,0,1,0,0,0,0,0,1,0,0,0,3,4,19,"5.30%","5.30%",5.3,19,-3,"21.10%","10.50%",4,NA,NA,NA,NA,NA,NA,NA,NA,NA,NA,NA,NA,NA,NA,NA,NA,NA,NA,NA,NA,NA,NA,NA,NA,NA,9,2,"50.00%",0,1,1,"66.70%",1,0,2,1,0,"0.00%",4,4,0,0,0,"FCS",62,NA,62
"Mason Krahn","IDAHO",36,18.24,"F","ED",2026,"Big Sky",57.8,60.4,54.6,NA,0,1,0,0,0,0,2,2,0,0,0,0,0,0,0,0,2,1,2,17,"0","11.80%",5.9,19,0,"10.50%","10.50%",2,NA,NA,NA,NA,NA,NA,NA,NA,NA,NA,NA,NA,NA,NA,NA,NA,NA,NA,NA,NA,NA,NA,NA,NA,NA,41,1,"0.00%",1,0,0,"0.00%",0,1,0,0,0,"0.00%",1,1,0,0,0,"FCS",228,NA,228
"Mark Pullman","CHISTA",50,18.02,"F","ED",2026,"IND (FCS)",51.4,56.4,57.4,45.8,0,2,0,0,0,1,0,1,0,0,0,0,0,0,0,0,0,1,5,18,"5.60%","5.60%",2.8,28,0,"14.30%","7.10%",4,4,1,"100%",46,46,0,1,0,0,118.8,11.5,1,"25.00%",0,0,0,1,0,"25.00%","0.00%","100%","0.00%",46,1,"0.00%",44,2,"0.00%",2,0,0,"0.00%",0,0,0,0,0,"0.00%",2,2,2,0,0,"FCS",339,NA,339
"Max Elkman","SE LA",37,17.99,"F","ED",2026,"Southland",54.6,50.9,60.8,60.5,1,1,0,0,0,0,0,0,0,0,0,0,0,0,0,0,0,3,4,12,"0","0.00%",0,24,8,"16.70%","8.30%",4,1,0,"0.00%",0,0,0,0,0,0,0,0,0,"0.00%",0,0,0,0,1,"0.00%","0.00%","0.00%","0.00%",0,0,"0.00%",32,3,"25.00%",1,0,0,"33.30%",1,1,1,0,0,"0.00%",4,4,0,1,0,"FCS",39,NA,39
"Scott Walker","BRYANT",27,17.94,"F","ED",2026,"CAA",60.4,56.5,66.1,NA,0,0,0,0,0,1,0,1,0,0,0,0,0,0,0,0,0,1,1,7,"14.30%","14.30%",7.1,20,0,"5.00%","5.00%",1,NA,NA,NA,NA,NA,NA,NA,NA,NA,NA,NA,NA,NA,NA,NA,NA,NA,NA,NA,NA,NA,NA,NA,NA,NA,22,0,"100%",0,0,0,"100%",0,0,1,0,0,"0.00%",1,1,0,0,0,"FCS",288,NA,288
"Ezra Ekuban","N COLORADO",23,17.81,"F","ED",2026,"Big Sky",58.4,56.9,60.3,NA,0,0,1,0,0,0,1,1,0,0,0,0,0,0,0,0,0,1,1,10,"10.00%","10.00%",5,13,4,"7.70%","0",1,NA,NA,NA,NA,NA,NA,NA,NA,NA,NA,NA,NA,NA,NA,NA,NA,NA,NA,NA,NA,NA,NA,NA,NA,NA,3,1,"0.00%",0,1,0,"0.00%",1,0,0,0,0,"0.00%",1,1,0,0,0,"FCS",18,NA,18
"Oliver Macy","PORTLAND",32,17.64,"F","ED",2026,"Big Sky",56.1,64.8,54.5,NA,0,1,0,0,0,0,0,0,0,0,0,0,0,0,0,0,0,0,2,10,"0","0.00%",0,22,18,"4.50%","4.50%",1,NA,NA,NA,NA,NA,NA,NA,NA,NA,NA,NA,NA,NA,NA,NA,NA,NA,NA,NA,NA,NA,NA,NA,NA,NA,93,2,"0.00%",1,0,0,"0.00%",1,1,0,0,0,"0.00%",2,2,0,0,0,"FCS",270,NA,270
"Evan Aubrey","SE LA",38,17.54,"F","ED",2026,"Southland",55.6,55.4,57.3,NA,0,0,2,0,0,0,0,0,1,0,0,0,0,0,0,0,0,3,5,18,"5.60%","0.00%",0,20,3.5,"25.00%","20.00%",5,NA,NA,NA,NA,NA,NA,NA,NA,NA,NA,NA,NA,NA,NA,NA,NA,NA,NA,NA,NA,NA,NA,NA,NA,NA,40,2,"33.30%",0,2,0,"33.30%",2,0,1,0,0,"0.00%",3,3,0,0,0,"FCS",191,NA,191
"James Harris","SE LA",23,17.44,"F","ED",2026,"Southland",62.9,62.9,58.7,NA,0,0,2,0,0,0,0,0,0,0,0,0,0,0,0,0,0,2,2,6,"0","0.00%",0,17,4.33,"11.80%","11.80%",2,NA,NA,NA,NA,NA,NA,NA,NA,NA,NA,NA,NA,NA,NA,NA,NA,NA,NA,NA,NA,NA,NA,NA,NA,NA,48,3,"0.00%",0,2,0,"0.00%",3,0,0,0,0,"0.00%",3,3,0,0,0,"FCS",192,NA,192
"Jackson Biser","MURRAY ST",31,17.24,"F","ED",2026,"Missouri Valley",49.1,42.2,66.1,55.8,0,1,0,0,0,0,0,0,1,0,0,0,0,0,0,0,0,2,5,7,"14.30%","0.00%",0,12,2,"33.30%","16.70%",4,12,1,"100%",13,13,0,0,0,0,118.8,1.08,0,"41.70%",0,1,0,1,0,"0.00%","100%","0.00%","0.00%",13,3,"0.00%",59,2,"50.00%",1,0,0,"33.30%",1,1,1,0,0,"100%",4,4,0,0,1,"FCS",128,NA,128
"Kekama Cosma","PORTLAND",29,17.13,"F","ED",2026,"Big Sky",61.7,64.6,55.1,60,0,0,1,0,0,0,0,0,0,0,0,0,0,1,0,0,0,1,0,14,"0","0.00%",0,15,7,"0","0",0,NA,NA,NA,NA,NA,NA,NA,NA,NA,NA,NA,NA,NA,NA,NA,NA,NA,NA,NA,NA,NA,NA,NA,NA,NA,44,2,"0.00%",0,0,0,"0.00%",1,0,0,1,1,"0.00%",2,2,0,1,0,"FCS",328,NA,328
"Kade Millard","CAL POLY",39,17.05,"F","ED",2026,"Big Sky",64.7,70.9,54.4,NA,0,1,2,0,0,0,0,0,0,0,0,0,0,0,0,0,0,2,1,23,"0","0.00%",0,16,1,"6.30%","18.80%",1,NA,NA,NA,NA,NA,NA,NA,NA,NA,NA,NA,NA,NA,NA,NA,NA,NA,NA,NA,NA,NA,NA,NA,NA,NA,14,3,"0.00%",1,2,0,"0.00%",2,1,0,0,0,"0.00%",3,3,0,0,0,"FCS",134,NA,134
"Eli Hiscock","WAGNER",19,16.74,"F","ED",2026,"Northeast",68.9,63.4,57.3,70.7,0,0,1,0,0,0,0,0,0,0,0,0,1,0,0,0,0,1,0,8,"0","0.00%",0,8,4,"0","0",0,3,0,"0.00%",0,0,0,0,0,0,0,0,0,"33.30%",0,0,0,0,0,"0.00%","0.00%","0.00%","0.00%",0,0,"0.00%",12,1,"0.00%",0,1,0,"0.00%",1,0,0,0,0,"0.00%",1,1,0,0,0,"FCS",126,NA,126
"Tanner Schuck","FURMAN",19,16.51,"F","ED",2026,"Southern",67.9,70.8,56,60.6,0,0,2,0,0,0,0,0,0,0,0,0,0,0,0,0,0,0,0,8,"0","0.00%",0,9,2,"0","11.10%",0,2,0,"0.00%",0,0,0,0,0,0,0,0,0,"0.00%",0,0,0,0,0,"0.00%","0.00%","0.00%","0.00%",0,0,"0.00%",41,2,"0.00%",0,2,0,"0.00%",2,0,0,0,0,"0.00%",2,2,0,0,0,"FCS",79,NA,79
"Ben Bienvenu","NWSTATE",23,16.21,"F","ED",2026,"Southland",50,57.6,57.3,60.8,0,2,1,0,0,0,0,0,0,0,0,0,0,0,0,0,0,0,3,4,"0","0.00%",0,17,4,"17.60%","0",3,2,0,"0.00%",0,0,0,0,0,0,0,0,0,"50.00%",0,0,0,0,0,"0.00%","0.00%","0.00%","0.00%",0,0,"0.00%",45,3,"0.00%",2,1,0,"0.00%",1,2,0,0,0,"0.00%",3,3,0,0,0,"FCS",242,NA,242
"Franz Reisz","N IOWA",35,16.19,"F","ED",2026,"Missouri Valley",62.2,67.7,54.1,NA,0,2,0,0,0,0,0,0,0,0,0,0,0,0,0,0,0,1,0,20,"0","0.00%",0,15,3,"0","0",0,NA,NA,NA,NA,NA,NA,NA,NA,NA,NA,NA,NA,NA,NA,NA,NA,NA,NA,NA,NA,NA,NA,NA,NA,NA,40,3,"0.00%",2,0,0,"0.00%",1,2,0,0,0,"0.00%",3,3,0,0,0,"FCS",188,NA,188
"Mikel Hines","NWSTATE",20,16.08,"F","ED",2026,"Southland",70.5,67.9,56.5,61.9,0,0,1,0,0,0,0,0,0,0,0,0,0,0,0,0,0,2,0,7,"0","0.00%",0,13,1,"0","7.70%",0,NA,NA,NA,NA,NA,NA,NA,NA,NA,NA,NA,NA,NA,NA,NA,NA,NA,NA,NA,NA,NA,NA,NA,NA,NA,95,2,"0.00%",0,0,0,"0.00%",1,0,0,1,0,"0.00%",2,2,0,1,0,"FCS",210,NA,210
"Joshua Saddler","CITADEL",16,16.06,"F","ED",2026,"Southern",75.2,66.1,55.4,65.9,0,0,1,0,0,0,0,0,0,1,0,0,0,0,0,0,0,0,0,8,"0","0.00%",0,6,1,"0","16.70%",0,2,0,"0.00%",0,0,0,0,0,1,39.6,0,0,"0.00%",0,1,0,0,1,"0.00%","100%","0.00%","0.00%",0,6,"100%",26,1,"0.00%",0,1,0,"0.00%",1,0,0,0,0,"0.00%",1,1,0,0,0,"FCS",96,NA,96
"Adrian Ramirez","DUQUESNE",30,15.8,"F","ED",2026,"Northeast",67.5,68.5,57.1,NA,0,1,0,0,0,0,0,0,0,0,0,0,0,0,0,0,0,0,0,5,"0","0.00%",0,25,0,"0","4.00%",0,NA,NA,NA,NA,NA,NA,NA,NA,NA,NA,NA,NA,NA,NA,NA,NA,NA,NA,NA,NA,NA,NA,NA,NA,NA,3,1,"0.00%",1,0,0,"0.00%",0,1,0,0,0,"0.00%",1,1,0,0,0,"FCS",157,NA,157
"Dantu Gardner Jr.","BUTLER",37,15.8,"F","ED",2026,"Pioneer",61.1,66,53.9,NA,0,0,0,0,0,0,1,1,0,0,0,0,0,0,0,1,0,2,1,18,"0","5.60%",2.8,19,5,"5.30%","10.50%",1,NA,NA,NA,NA,NA,NA,NA,NA,NA,NA,NA,NA,NA,NA,NA,NA,NA,NA,NA,NA,NA,NA,NA,NA,NA,9,1,"0.00%",0,0,0,"0.00%",1,0,0,0,0,"0.00%",1,1,0,0,0,"FCS",164,NA,164
"Rodney Mills","LIUSHAR",47,15.65,"F","ED",2026,"Northeast",51.6,45,58.2,60,0,2,1,0,0,0,1,1,0,0,0,0,0,0,0,0,0,0,7,20,"5.00%","5.00%",2.5,27,4,"25.90%","3.70%",7,NA,NA,NA,NA,NA,NA,NA,NA,NA,NA,NA,NA,NA,NA,NA,NA,NA,NA,NA,NA,NA,NA,NA,NA,NA,40,3,"0.00%",2,1,0,"0.00%",1,2,0,0,0,"0.00%",3,3,0,0,0,"FCS",187,NA,187
"Jayden Norris","BUTLER",22,15.62,"F","ED",2026,"Pioneer",60.3,65.1,54,NA,0,0,1,0,0,0,0,0,0,0,0,0,0,0,0,0,0,1,0,12,"0","0.00%",0,10,13.5,"0","0",0,NA,NA,NA,NA,NA,NA,NA,NA,NA,NA,NA,NA,NA,NA,NA,NA,NA,NA,NA,NA,NA,NA,NA,NA,NA,8,2,"0.00%",0,1,0,"0.00%",2,0,0,0,0,"0.00%",2,2,0,0,0,"FCS",75,NA,75
"Jaylin Johnson","SACR HEART",56,15.62,"F","ED",2026,"CAA",63.2,66.7,57.6,NA,0,0,0,0,0,0,1,1,0,0,0,0,0,0,0,0,0,0,0,36,"2.80%","2.80%",1.4,20,0,"0","0",0,NA,NA,NA,NA,NA,NA,NA,NA,NA,NA,NA,NA,NA,NA,NA,NA,NA,NA,NA,NA,NA,NA,NA,NA,NA,NA,NA,NA,NA,NA,NA,NA,NA,NA,NA,NA,NA,NA,NA,NA,NA,NA,NA,"FCS",101,NA,101
"Kelton Crisp","AUSTINPEAY",48,15.61,"F","ED",2026,"United Athletic",47.5,52.5,53.3,48.2,0,2,0,0,0,0,0,0,0,0,0,0,0,0,0,0,0,2,5,22,"0","0.00%",0,23,7,"17.40%","0",4,3,1,"100%",20,20,0,1,0,0,118.8,6.67,1,"33.30%",0,1,0,1,0,"33.30%","100%","100%","0.00%",20,6,"0.00%",0,6,"0.00%",2,0,0,"0.00%",2,1,0,0,0,"0.00%",6,6,1,2,0,"FCS",271,NA,271
"Jakel Houston-Irving","ALCORN ST",20,15.6,"F","ED",2026,"SWAC",60.1,60.4,55.8,62.2,0,1,0,0,0,0,0,0,0,0,0,0,0,0,0,0,0,1,1,6,"0","0.00%",0,11,10,"9.10%","0",1,3,0,"0.00%",0,0,0,0,0,0,0,0,0,"33.30%",0,0,0,0,0,"0.00%","0.00%","0.00%","0.00%",0,0,"0.00%",31,2,"0.00%",1,0,0,"0.00%",1,1,0,0,0,"0.00%",2,2,0,0,0,"FCS",216,NA,216
"Ryan Hussey","GEORGETOWN",54,15.43,"F","ED",2026,"Patriot",57.9,67,57.5,45.8,0,1,1,0,0,0,1,1,0,0,0,0,0,0,0,0,0,0,3,19,"5.30%","5.30%",2.6,34,0,"5.90%","17.60%",2,1,0,"0.00%",0,0,0,0,0,0,0,0,0,"0.00%",0,0,0,0,0,"0.00%","0.00%","0.00%","0.00%",0,0,"0.00%",18,2,"33.30%",1,1,0,"33.30%",1,1,1,0,0,"0.00%",3,3,0,0,0,"FCS",146,NA,146
"Lucien Griffin","MERCYHURST",30,15.36,"F","ED",2026,"Northeast",61.3,63.4,55.5,NA,0,2,1,0,0,0,0,0,0,0,0,0,0,0,0,0,0,2,2,10,"0","0.00%",0,20,4,"10.00%","20.00%",2,NA,NA,NA,NA,NA,NA,NA,NA,NA,NA,NA,NA,NA,NA,NA,NA,NA,NA,NA,NA,NA,NA,NA,NA,NA,9,3,"25.00%",2,1,0,"25.00%",1,2,1,0,0,"0.00%",4,4,0,0,0,"FCS",266,NA,266
"Royce Maloles","MCNEESE",25,15.32,"F","ED",2026,"Southland",57.7,56.6,58.8,60,0,0,2,1,0,0,0,1,0,0,0,0,0,0,0,0,0,2,1,17,"5.90%","5.90%",5.9,7,1,"14.30%","14.30%",1,1,0,"0.00%",0,0,0,0,0,0,0,0,0,"0.00%",0,0,0,0,0,"0.00%","0.00%","0.00%","0.00%",0,0,"0.00%",8,2,"33.30%",0,1,0,"50.00%",1,0,1,1,0,"0.00%",3,3,0,0,0,"FCS",117,NA,117
"Terence Carpenter II","TENN STATE",23,15.15,"F","ED",2026,"Big South - OVC Football Association",59.9,63.5,55.7,NA,0,0,0,0,0,0,0,0,0,0,0,0,0,0,0,0,0,1,0,15,"0","0.00%",0,8,13,"0","0",0,NA,NA,NA,NA,NA,NA,NA,NA,NA,NA,NA,NA,NA,NA,NA,NA,NA,NA,NA,NA,NA,NA,NA,NA,NA,31,1,"0.00%",0,0,0,"0.00%",1,0,0,0,0,"0.00%",1,1,0,0,0,"FCS",104,NA,104
"Hope Tita","HOUCHR",34,15.07,"F","ED",2026,"Southland",49,48.6,57.7,60,0,2,3,0,0,0,0,0,0,0,0,0,0,0,0,0,0,4,4,6,"0","0.00%",0,27,3.33,"14.80%","3.70%",4,1,0,"0.00%",0,0,0,0,0,0,0,0,0,"0.00%",0,0,0,0,0,"0.00%","0.00%","0.00%","0.00%",0,0,"0.00%",36,5,"16.70%",2,3,0,"16.70%",3,2,1,0,0,"0.00%",6,6,0,0,0,"FCS",321,NA,321
"Aiden Hall","SO UTAH",72,14.83,"F","ED",2026,"Big Sky",59,65.8,53.6,60,0,1,0,1,0,0,0,1,0,0,0,0,0,0,0,0,0,0,0,43,"2.30%","2.30%",2.3,28,0,"0","3.60%",0,1,0,"0.00%",0,0,0,0,0,0,0,0,0,"100%",0,0,0,0,0,"0.00%","0.00%","0.00%","0.00%",0,0,"0.00%",96,2,"0.00%",1,0,0,"0.00%",0,1,0,0,0,"0.00%",2,2,0,0,0,"FCS",329,NA,329
"Duncan Parham","TXAMEA",49,14.81,"F","ED",2026,"Southland",57,52.7,59,64.8,0,2,1,0,0,0,1,1,0,0,0,0,0,0,0,0,0,6,4,18,"5.60%","5.60%",2.8,28,3,"14.30%","17.90%",4,3,1,"100%",6,6,0,0,0,0,91.7,2,0,"66.70%",0,0,0,0,0,"0.00%","0.00%","0.00%","0.00%",6,-2,"0.00%",6,4,"42.90%",2,1,0,"60.00%",1,1,3,0,0,"0.00%",7,7,1,1,0,"FCS",4,NA,4
"Henry Eber","GEORGETOWN",25,14.72,"F","ED",2026,"Patriot",63.4,67.1,54.1,NA,0,1,0,0,0,0,0,0,0,0,0,0,0,0,0,0,0,1,1,10,"0","0.00%",0,15,5,"6.70%","13.30%",1,NA,NA,NA,NA,NA,NA,NA,NA,NA,NA,NA,NA,NA,NA,NA,NA,NA,NA,NA,NA,NA,NA,NA,NA,NA,97,2,"0.00%",1,0,0,"0.00%",1,1,0,0,0,"0.00%",2,2,0,0,0,"FCS",264,NA,264
"Charles Atkins","CHARLES SO",19,14.69,"F","ED",2026,"Big South - OVC Football Association",61.6,62.4,55.4,63.4,0,0,1,0,0,0,0,0,0,0,0,0,0,0,0,0,0,1,0,11,"0","0.00%",0,5,5,"0","0",0,3,0,"0.00%",0,0,0,0,0,0,0,0,0,"66.70%",0,0,0,0,0,"0.00%","0.00%","0.00%","0.00%",0,0,"0.00%",95,2,"0.00%",0,1,0,"0.00%",1,0,0,0,0,"0.00%",2,2,0,1,0,"FCS",220,NA,220
"Josiah Raven","SE MO ST",41,14.46,"F","ED",2026,"Big South - OVC Football Association",61.1,61.2,55,63,0,1,0,0,0,0,0,0,0,0,0,0,0,0,0,0,0,1,1,8,"0","0.00%",0,24,6.5,"4.20%","8.30%",1,9,0,"0.00%",0,0,0,0,0,0,0,0,0,"22.20%",0,0,0,0,0,"0.00%","0.00%","0.00%","0.00%",0,0,"0.00%",8,3,"0.00%",1,0,0,"0.00%",2,1,0,0,0,"0.00%",3,3,0,0,0,"FCS",312,NA,312
"Ethan Clabo","NC A&T",18,14.46,"F","ED",2026,"CAA",64.2,67,56.2,NA,0,1,0,0,0,0,0,0,0,0,0,0,0,0,0,0,0,0,0,8,"0","0.00%",0,10,0,"0","10.00%",0,NA,NA,NA,NA,NA,NA,NA,NA,NA,NA,NA,NA,NA,NA,NA,NA,NA,NA,NA,NA,NA,NA,NA,NA,NA,40,1,"0.00%",1,0,0,"0.00%",0,1,0,0,0,"0.00%",1,1,0,0,0,"FCS",327,NA,327
"Chauncey Warren","MS VLY ST",25,14.26,"F","ED",2026,"SWAC",56.9,52.7,60,63.6,0,0,1,0,0,0,0,0,0,0,0,0,0,0,0,0,0,2,3,1,"0","0.00%",0,16,4.5,"18.80%","6.30%",3,8,0,"0.00%",0,0,0,0,0,0,0,0,0,"0.00%",0,0,0,0,0,"0.00%","0.00%","0.00%","0.00%",0,0,"0.00%",6,2,"0.00%",0,1,0,"0.00%",2,0,0,0,0,"0.00%",2,2,0,0,0,"FCS",279,NA,279
"Payton Foley","BUTLER",22,14.24,"F","ED",2026,"Pioneer",64.6,67.1,54.8,63.8,0,0,0,0,0,0,0,0,0,0,0,0,0,0,0,0,0,2,0,10,"0","0.00%",0,10,3,"0","10.00%",0,2,0,"0.00%",0,0,0,0,0,0,0,0,0,"50.00%",0,0,0,0,0,"0.00%","0.00%","0.00%","0.00%",0,0,"0.00%",38,2,"0.00%",0,0,0,"0.00%",1,0,0,0,0,"0.00%",2,2,0,1,0,"FCS",290,NA,290
"Keisean Johnson-Wilson","MONMOUTH",15,14.19,"F","ED",2026,"CAA",64.3,65.2,57.6,NA,0,0,0,0,0,0,0,0,0,0,0,0,0,0,0,0,0,1,0,5,"0","0.00%",0,10,0,"0","0",0,NA,NA,NA,NA,NA,NA,NA,NA,NA,NA,NA,NA,NA,NA,NA,NA,NA,NA,NA,NA,NA,NA,NA,NA,NA,NA,NA,NA,NA,NA,NA,NA,NA,NA,NA,NA,NA,NA,NA,NA,NA,NA,NA,"FCS",313,NA,313
"Javontay Martin","NORFOLK",24,14.16,"F","ED",2026,"MEAC",64,66.8,55.9,NA,0,1,0,0,0,0,0,0,0,0,0,0,0,0,0,0,0,0,0,9,"0","0.00%",0,15,0,"0","6.70%",0,NA,NA,NA,NA,NA,NA,NA,NA,NA,NA,NA,NA,NA,NA,NA,NA,NA,NA,NA,NA,NA,NA,NA,NA,NA,9,1,"0.00%",1,0,0,"0.00%",0,1,0,0,0,"0.00%",1,1,0,0,0,"FCS",50,NA,50
"Patrick Carter","MERCYHURST",27,14.02,"F","ED",2026,"Northeast",61.7,62.8,56.9,60,0,1,0,0,0,0,0,0,0,0,0,0,0,0,0,0,0,2,1,6,"0","0.00%",0,20,0,"5.00%","5.00%",1,1,0,"0.00%",0,0,0,0,0,0,0,0,0,"0.00%",0,0,0,0,0,"0.00%","0.00%","0.00%","0.00%",0,0,"0.00%",11,1,"0.00%",1,0,0,"0.00%",0,1,0,0,0,"0.00%",1,1,0,0,0,"FCS",150,NA,150
"Axel Ramazani","N IOWA",15,13.98,"F","ED",2026,"Missouri Valley",62.9,65.3,56,NA,0,0,1,0,0,0,0,0,0,0,0,0,0,0,0,0,0,1,0,6,"0","0.00%",0,9,3,"0","0",0,NA,NA,NA,NA,NA,NA,NA,NA,NA,NA,NA,NA,NA,NA,NA,NA,NA,NA,NA,NA,NA,NA,NA,NA,NA,44,1,"0.00%",0,1,0,"0.00%",1,0,0,0,0,"0.00%",1,1,0,0,0,"FCS",212,NA,212
"Alec Haynes","NICHOLLS",41,13.94,"F","ED",2026,"Southland",49.7,54.5,54,49.9,0,0,0,0,0,1,0,1,0,0,0,0,0,0,0,0,1,0,3,14,"0","7.10%",3.6,22,0,"9.10%","0",2,5,1,"100%",5,5,0,1,0,0,87.5,1,0,"0.00%",0,1,0,1,0,"0.00%","100%","100%","0.00%",5,3,"0.00%",NA,NA,NA,NA,NA,NA,NA,NA,NA,NA,NA,NA,NA,NA,NA,NA,NA,NA,"FCS",269,NA,269
"Tyler Hammel","NEWHVN",36,13.93,"F","ED",2026,"Northeast",60.1,70.5,56.2,NA,0,0,0,0,0,0,0,0,0,0,0,0,0,0,0,0,0,0,1,15,"0","0.00%",0,21,0,"4.80%","9.50%",1,NA,NA,NA,NA,NA,NA,NA,NA,NA,NA,NA,NA,NA,NA,NA,NA,NA,NA,NA,NA,NA,NA,NA,NA,NA,NA,NA,NA,NA,NA,NA,NA,NA,NA,NA,NA,NA,NA,NA,NA,NA,NA,NA,"FCS",281,NA,281
"Langston Cook","PRESBYTERN",44,13.84,"F","ED",2026,"Pioneer",61,62.3,54.9,62.8,0,0,2,0,0,0,0,0,0,0,0,0,0,0,0,0,0,4,1,16,"0","0.00%",0,24,3,"4.20%","8.30%",1,4,0,"0.00%",0,0,0,0,0,0,0,0,0,"25.00%",0,0,0,0,0,"0.00%","0.00%","0.00%","0.00%",0,0,"0.00%",9,2,"0.00%",0,2,0,"0.00%",2,0,0,0,0,"0.00%",2,2,0,0,0,"FCS",346,NA,346
"Chance Pickard","NC A&T",20,13.63,"F","ED",2026,"CAA",48.5,48.7,57,NA,0,0,0,0,0,0,1,1,0,0,0,0,0,0,0,0,1,1,2,9,"0","11.10%",5.6,11,5,"18.20%","0",2,NA,NA,NA,NA,NA,NA,NA,NA,NA,NA,NA,NA,NA,NA,NA,NA,NA,NA,NA,NA,NA,NA,NA,NA,NA,58,1,"0.00%",0,0,0,"0.00%",1,0,0,0,0,"0.00%",1,1,0,0,0,"FCS",181,NA,181
"Mitchell Garner","RHODE ISLD",39,13.57,"F","ED",2026,"CAA",48.5,50.6,56.2,50.8,0,1,1,0,0,0,0,0,0,0,0,0,0,0,0,0,0,2,5,5,"0","0.00%",0,26,8.5,"15.40%","11.50%",4,8,1,"100%",21,21,0,1,0,0,118.8,2.63,1,"25.00%",0,1,0,1,0,"12.50%","100%","100%","0.00%",21,5,"0.00%",11,4,"20.00%",1,1,0,"25.00%",2,1,1,0,0,"0.00%",5,5,0,1,0,"FCS",90,NA,90
"Tyler Davis","FORDHAM",30,13.49,"F","ED",2026,"Patriot",63.9,68.2,54.4,NA,0,1,0,0,0,0,0,0,0,0,0,0,0,0,0,0,0,1,0,13,"0","0.00%",0,17,0,"0","5.90%",0,NA,NA,NA,NA,NA,NA,NA,NA,NA,NA,NA,NA,NA,NA,NA,NA,NA,NA,NA,NA,NA,NA,NA,NA,NA,45,1,"0.00%",1,0,0,"0.00%",0,1,0,0,0,"0.00%",1,1,0,0,0,"FCS",225,NA,225
"LaFenis Mays Jr.","N ALABAMA",19,13.38,"F","ED",2026,"United Athletic",63.9,66.2,55,62.3,0,0,1,0,0,0,0,0,0,0,0,0,0,0,0,0,0,0,0,5,"0","0.00%",0,9,3,"0","11.10%",0,5,0,"0.00%",0,0,0,0,0,0,0,0,0,"40.00%",0,0,0,0,0,"0.00%","0.00%","0.00%","0.00%",0,0,"0.00%",25,1,"0.00%",0,1,0,"0.00%",1,0,0,0,0,"0.00%",1,1,0,0,0,"FCS",334,NA,334
"Donovan Dyson","MONMOUTH",19,13.18,"F","ED",2026,"CAA",56.7,67,55.2,50.7,0,0,0,0,0,0,0,0,0,0,0,0,0,0,0,0,0,1,1,7,"0","0.00%",0,9,3,"0","11.10%",0,3,1,"100%",6,6,1,1,0,0,131.3,2,0,"33.30%",0,0,0,1,0,"0.00%","0.00%","100%","0.00%",6,9,"0.00%",44,1,"0.00%",0,0,0,"0.00%",1,0,0,0,0,"0.00%",1,1,0,0,0,"FCS",86,NA,86
"Javen Dixon","NC A&T",17,13.16,"F","ED",2026,"CAA",55.8,65.8,57.2,NA,0,0,0,0,0,0,0,0,0,0,0,0,0,0,0,0,0,0,1,5,"0","0.00%",0,12,0,"8.30%","0",1,NA,NA,NA,NA,NA,NA,NA,NA,NA,NA,NA,NA,NA,NA,NA,NA,NA,NA,NA,NA,NA,NA,NA,NA,NA,NA,NA,NA,NA,NA,NA,NA,NA,NA,NA,NA,NA,NA,NA,NA,NA,NA,NA,"FCS",301,NA,301
"Blake Palladino","N COLORADO",15,13.15,"F","ED",2026,"Big Sky",61.2,62.3,57.7,NA,0,0,0,0,0,0,0,0,0,0,0,0,0,0,0,0,0,0,0,4,"0","0.00%",0,11,0,"0","0",0,NA,NA,NA,NA,NA,NA,NA,NA,NA,NA,NA,NA,NA,NA,NA,NA,NA,NA,NA,NA,NA,NA,NA,NA,NA,NA,NA,NA,NA,NA,NA,NA,NA,NA,NA,NA,NA,NA,NA,NA,NA,NA,NA,"FCS",176,NA,176
"Deondri Clark","MS VLY ST",15,13.14,"F","ED",2026,"SWAC",63.5,65.5,56.4,NA,0,0,0,0,0,0,0,0,0,0,0,0,0,0,0,0,0,0,0,6,"0","0.00%",0,9,0,"0","0",0,NA,NA,NA,NA,NA,NA,NA,NA,NA,NA,NA,NA,NA,NA,NA,NA,NA,NA,NA,NA,NA,NA,NA,NA,NA,NA,NA,NA,NA,NA,NA,NA,NA,NA,NA,NA,NA,NA,NA,NA,NA,NA,NA,"FCS",12,NA,12
"Connor Carrigan","TXRG",30,13.11,"F","ED",2026,"Southland",61.7,64.8,53.9,62.3,0,1,0,0,0,0,0,0,0,0,0,0,0,0,0,0,0,0,1,12,"0","0.00%",0,14,3,"7.10%","14.30%",1,4,0,"0.00%",0,0,0,0,0,0,0,0,0,"50.00%",0,0,0,0,0,"0.00%","0.00%","0.00%","0.00%",0,0,"0.00%",41,2,"0.00%",1,0,0,"0.00%",1,1,0,0,0,"0.00%",2,2,0,0,0,"FCS",293,NA,293
"Bryce Stringer","PRESBYTERN",34,13,"F","ED",2026,"Pioneer",60.2,58.3,59.5,61.5,0,0,1,0,0,0,1,1,0,0,0,0,0,0,0,0,0,3,1,15,"6.70%","6.70%",3.3,17,0,"5.90%","5.90%",1,2,0,"0.00%",0,0,0,0,0,0,0,0,0,"0.00%",0,0,0,0,0,"0.00%","0.00%","0.00%","0.00%",0,0,"0.00%",16,1,"50.00%",0,0,0,"100%",0,0,1,1,0,"0.00%",2,2,0,1,0,"FCS",197,NA,197
"Kingston Watson","CHISTA",23,12.99,"F","ED",2026,"IND (FCS)",54.5,55.4,54.1,61.7,0,1,0,0,0,1,0,1,0,0,0,0,0,0,0,0,0,0,2,14,"7.10%","7.10%",3.6,8,0,"25.00%","12.50%",2,1,1,"100%",5,5,0,0,0,0,87.5,5,0,"100%",0,0,0,0,0,"0.00%","0.00%","0.00%","0.00%",5,2,"0.00%",45,1,"0.00%",1,0,0,"0.00%",0,0,0,0,0,"0.00%",1,1,1,0,0,"FCS",340,NA,340
"Raleigh Collins III","YNGTOWN ST",35,12.91,"F","ED",2026,"Missouri Valley",52,52,57.3,54.6,0,0,0,0,0,0,0,0,0,0,0,0,0,0,0,0,0,3,3,4,"0","0.00%",0,20,11.5,"10.00%","0",2,11,1,"100%",33,33,0,1,0,0,118.8,3,1,"9.10%",0,0,0,1,0,"9.10%","0.00%","100%","0.00%",33,23,"0.00%",7,3,"25.00%",0,0,0,"33.30%",2,0,1,0,0,"0.00%",4,4,0,1,0,"FCS",14,NA,14
"Eddie Conover","NC A&T",42,12.88,"F","ED",2026,"CAA",50.7,60.7,51.9,60,0,2,1,0,0,0,0,0,0,0,0,0,0,0,0,0,0,2,2,23,"0","0.00%",0,19,3,"5.30%","10.50%",1,NA,NA,NA,NA,NA,NA,NA,NA,NA,NA,NA,NA,NA,NA,NA,NA,NA,NA,NA,NA,NA,NA,NA,NA,NA,13,3,"0.00%",2,1,0,"0.00%",1,2,0,0,0,"0.00%",3,3,0,0,0,"FCS",238,NA,238
"Malaki Pegues","TENN TECH",21,12.71,"F","ED",2026,"Southern",57.4,58.3,55.1,60,0,2,0,0,0,0,0,0,0,0,0,0,0,0,0,0,0,0,1,8,"0","0.00%",0,13,0,"7.70%","0",1,NA,NA,NA,NA,NA,NA,NA,NA,NA,NA,NA,NA,NA,NA,NA,NA,NA,NA,NA,NA,NA,NA,NA,NA,NA,23,2,"0.00%",2,0,0,"0.00%",0,1,0,0,0,"0.00%",2,2,1,0,0,"FCS",78,NA,78
"Lovell Vereen II","INDIANA ST",27,12.7,"F","ED",2026,"Missouri Valley",44,42.4,55.2,52.5,0,1,0,0,0,0,1,1,0,0,0,0,0,0,0,0,1,4,4,6,"0","16.70%",8.3,10,9,"30.00%","0",3,11,1,"100%",19,19,0,1,0,0,118.8,1.73,1,"0.00%",0,0,0,1,0,"9.10%","0.00%","100%","0.00%",19,16,"0.00%",0,3,"40.00%",1,0,0,"66.70%",1,0,2,0,0,"0.00%",5,5,1,1,0,"FCS",317,NA,317
"Ethan Aghakhan","NEW HAMP",32,12.66,"F","ED",2026,"CAA",61.2,65.5,54.3,NA,0,1,0,0,0,0,0,0,0,0,0,0,0,0,0,0,0,2,0,15,"0","0.00%",0,17,0,"0","0",0,NA,NA,NA,NA,NA,NA,NA,NA,NA,NA,NA,NA,NA,NA,NA,NA,NA,NA,NA,NA,NA,NA,NA,NA,NA,92,1,"0.00%",1,0,0,"0.00%",0,1,0,0,0,"0.00%",1,1,0,0,0,"FCS",163,NA,163
"Charlie Leota","INDIANA ST",15,12.57,"F","ED",2026,"Missouri Valley",59.8,60.4,57.9,NA,0,0,0,0,0,0,0,0,0,0,0,0,0,0,0,0,0,0,2,6,"0","0.00%",0,9,2,"22.20%","22.20%",2,NA,NA,NA,NA,NA,NA,NA,NA,NA,NA,NA,NA,NA,NA,NA,NA,NA,NA,NA,NA,NA,NA,NA,NA,NA,55,1,"0.00%",0,0,0,"0.00%",1,0,0,0,0,"0.00%",1,1,0,0,0,"FCS",92,NA,92
"Devin Murphy","N ARIZONA",33,12.37,"F","ED",2026,"Big Sky",57.4,59.2,53.8,61.5,0,1,0,0,0,0,2,2,0,0,0,0,0,0,0,0,1,1,2,15,"6.70%","13.30%",6.7,17,0,"5.90%","0",1,1,0,"0.00%",0,0,0,0,0,0,0,0,0,"0.00%",0,0,0,0,0,"0.00%","0.00%","0.00%","0.00%",0,0,"0.00%",35,1,"50.00%",1,0,0,"0.00%",0,0,0,0,0,"50.00%",2,2,1,0,1,"FCS",240,NA,240
"Larry Jones III","STF AUSTIN",16,12.34,"F","ED",2026,"Southland",60.7,61.7,56.9,60.9,0,0,0,0,0,0,0,0,0,0,0,0,0,0,0,0,0,0,0,9,"0","0.00%",0,4,0,"0","0",0,3,0,"0.00%",0,0,0,0,0,0,0,0,0,"66.70%",0,0,0,0,0,"0.00%","0.00%","0.00%","0.00%",0,0,"0.00%",NA,NA,NA,NA,NA,NA,NA,NA,NA,NA,NA,NA,NA,NA,NA,NA,NA,NA,"FCS",13,NA,13
"Jaylen Pettus","N IOWA",49,12.33,"F","ED",2026,"Missouri Valley",59.2,66,52.3,60,0,1,0,0,0,0,0,0,0,0,0,0,0,0,0,0,0,1,0,30,"0","0.00%",0,19,0,"0","0",0,NA,NA,NA,NA,NA,NA,NA,NA,NA,NA,NA,NA,NA,NA,NA,NA,NA,NA,NA,NA,NA,NA,NA,NA,NA,5,2,"0.00%",1,0,0,"0.00%",0,1,0,0,0,"0.00%",2,2,0,1,0,"FCS",127,NA,127
"Jaheim Lowe","TXAMEA",16,12.28,"F","ED",2026,"Southland",47.3,46.5,59.1,60,0,1,1,0,0,0,0,0,0,0,0,0,0,0,0,0,0,0,3,1,"0","0.00%",0,14,3,"21.40%","0",3,1,0,"0.00%",0,0,0,0,0,0,0,0,0,"0.00%",0,0,0,0,0,"0.00%","0.00%","0.00%","0.00%",0,0,"0.00%",10,2,"0.00%",1,1,0,"0.00%",1,1,0,0,0,"0.00%",2,2,0,0,0,"FCS",3,NA,3
"CJ Wade","N IOWA",48,12.15,"F","ED",2026,"Missouri Valley",60.8,67,53.2,NA,0,0,1,0,0,0,0,0,0,0,0,0,0,0,0,0,0,3,0,27,"0","0.00%",0,21,1.5,"0","0",0,NA,NA,NA,NA,NA,NA,NA,NA,NA,NA,NA,NA,NA,NA,NA,NA,NA,NA,NA,NA,NA,NA,NA,NA,NA,41,2,"0.00%",0,1,0,"0.00%",2,0,0,0,0,"0.00%",2,2,0,0,0,"FCS",154,NA,154
"Nasir Spruill","E KENTUCKY",35,12.08,"F","ED",2026,"United Athletic",47.3,61.1,54.6,39.4,0,0,0,0,0,0,0,0,0,0,0,0,0,0,0,0,0,1,2,16,"0","0.00%",0,18,0,"0","0",0,1,1,"100%",6,6,0,1,0,0,91.7,6,0,"0.00%",0,0,0,1,0,"0.00%","0.00%","100%","0.00%",6,3,"0.00%",5,2,"0.00%",0,0,0,"0.00%",0,0,0,0,0,"0.00%",2,2,0,2,0,"FCS",200,NA,200
"Tylan Cole","ARKAPB",48,12.07,"F","ED",2026,"SWAC",47.8,56.8,53.7,41.1,0,0,0,0,0,0,0,0,0,0,0,0,0,0,0,0,0,2,4,16,"0","0.00%",0,27,6,"7.40%","0",2,5,2,"100%",17,8.5,0,2,0,0,102.1,3.4,0,"0.00%",0,1,0,2,0,"0.00%","50.00%","100%","0.00%",8.5,7,"0.00%",11,2,"0.00%",0,0,0,"0.00%",1,0,0,0,0,"0.00%",2,2,0,1,0,"FCS",278,NA,278
"Damiano Mastroianni","MOREHEAD",21,11.94,"F","ED",2026,"Pioneer",57.2,62.2,54.4,NA,0,0,1,0,0,0,0,0,0,0,0,0,0,0,0,0,0,2,0,16,"0","0.00%",0,5,4,"0","0",0,NA,NA,NA,NA,NA,NA,NA,NA,NA,NA,NA,NA,NA,NA,NA,NA,NA,NA,NA,NA,NA,NA,NA,NA,NA,42,1,"0.00%",0,1,0,"0.00%",1,0,0,0,0,"0.00%",1,1,0,0,0,"FCS",267,NA,267
"Isaiah Morrison","FL A&M",23,11.91,"F","ED",2026,"SWAC",58.4,59.9,55.8,NA,0,1,0,0,0,0,0,0,0,0,0,0,0,0,0,0,0,0,1,6,"0","0.00%",0,17,0,"5.90%","0",1,NA,NA,NA,NA,NA,NA,NA,NA,NA,NA,NA,NA,NA,NA,NA,NA,NA,NA,NA,NA,NA,NA,NA,NA,NA,4,1,"0.00%",1,0,0,"0.00%",0,1,0,0,0,"0.00%",1,1,0,0,0,"FCS",57,NA,57
"Joshua Lloyd","AUSTINPEAY",26,11.84,"F","ED",2026,"United Athletic",62,65.1,55,60.3,0,0,0,0,0,0,0,0,0,0,0,0,0,0,0,0,0,0,0,11,"0","0.00%",0,13,0,"0","0",0,2,0,"0.00%",0,0,0,0,0,0,0,0,0,"50.00%",0,0,0,0,0,"0.00%","0.00%","0.00%","0.00%",0,0,"0.00%",NA,NA,NA,NA,NA,NA,NA,NA,NA,NA,NA,NA,NA,NA,NA,NA,NA,NA,"FCS",131,NA,131
"Adrian Rufo","MERRIMACK",24,11.61,"F","ED",2026,"IND (FCS)",46,60.6,52.1,60,0,0,0,0,0,0,1,1,0,0,0,0,0,0,0,1,0,0,1,18,"0","5.60%",2.8,5,0,"0","0",0,1,0,"0.00%",0,0,0,0,0,0,0,0,0,"0.00%",0,0,0,1,0,"0.00%","0.00%","0.00%","0.00%",0,0,"0.00%",NA,NA,NA,NA,NA,NA,NA,NA,NA,NA,NA,NA,NA,NA,NA,NA,NA,NA,"FCS",141,NA,141
"Jaylon Price","TENN STATE",15,11.59,"F","ED",2026,"Big South - OVC Football Association",56.7,58.2,56.7,NA,0,0,0,0,0,0,0,0,0,0,0,0,0,0,0,0,0,1,1,7,"0","0.00%",0,8,4,"12.50%","0",1,NA,NA,NA,NA,NA,NA,NA,NA,NA,NA,NA,NA,NA,NA,NA,NA,NA,NA,NA,NA,NA,NA,NA,NA,NA,18,1,"0.00%",0,0,0,"0.00%",1,0,0,0,0,"0.00%",1,1,0,0,0,"FCS",247,NA,247
"Cody Moss","W ILLINOIS",17,11.54,"F","ED",2026,"Big South - OVC Football Association",57.6,58.6,57.2,NA,0,0,0,0,0,0,0,0,0,0,0,0,0,0,0,0,0,0,1,7,"0","0.00%",0,10,0,"10.00%","0",1,NA,NA,NA,NA,NA,NA,NA,NA,NA,NA,NA,NA,NA,NA,NA,NA,NA,NA,NA,NA,NA,NA,NA,NA,NA,NA,NA,NA,NA,NA,NA,NA,NA,NA,NA,NA,NA,NA,NA,NA,NA,NA,NA,"FCS",347,NA,347
"Jackson Bandy","LAMAR",16,11.24,"F","ED",2026,"Southland",53.5,51.8,59.7,61.2,0,0,1,0,0,0,0,0,0,0,0,0,0,0,0,0,0,2,2,2,"0","0.00%",0,12,5,"16.70%","8.30%",2,2,0,"0.00%",0,0,0,0,0,0,0,0,0,"50.00%",0,0,0,0,0,"0.00%","0.00%","0.00%","0.00%",0,0,"0.00%",10,2,"33.30%",0,1,0,"33.30%",2,0,1,0,0,"0.00%",3,3,0,0,0,"FCS",184,NA,184
"Jayden Scott","GRAMBLING",22,11.2,"F","ED",2026,"SWAC",59.2,62.3,55.2,NA,0,0,0,0,0,0,0,0,0,0,0,0,0,0,0,0,0,1,1,10,"0","0.00%",0,12,0,"8.30%","8.30%",1,NA,NA,NA,NA,NA,NA,NA,NA,NA,NA,NA,NA,NA,NA,NA,NA,NA,NA,NA,NA,NA,NA,NA,NA,NA,NA,NA,NA,NA,NA,NA,NA,NA,NA,NA,NA,NA,NA,NA,NA,NA,NA,NA,"FCS",160,NA,160
"Julius Laine","ABILENE CH",27,11.19,"F","ED",2026,"United Athletic",42.5,49.2,55.8,45.8,0,1,1,0,0,0,0,0,0,0,0,0,0,0,0,0,0,2,4,5,"0","0.00%",0,15,4.5,"20.00%","13.30%",3,7,1,"100%",11,11,0,1,0,0,112.5,1.57,0,"57.10%",0,1,0,1,0,"0.00%","100%","100%","0.00%",11,4,"0.00%",25,4,"20.00%",1,1,0,"25.00%",2,1,1,0,0,"0.00%",5,5,0,1,0,"FCS",337,NA,337
"Salehe Koonooka-Williams","TXAMEA",21,11.15,"F","ED",2026,"Southland",56.6,57.2,55.7,60.8,0,1,0,0,0,0,0,0,0,0,0,0,0,0,0,0,0,1,1,9,"0","0.00%",0,10,0,"10.00%","0",1,2,0,"0.00%",0,0,0,0,0,0,0,0,0,"0.00%",0,0,0,0,0,"0.00%","0.00%","0.00%","0.00%",0,0,"0.00%",44,1,"0.00%",1,0,0,"0.00%",0,1,0,0,0,"0.00%",1,1,0,0,0,"FCS",98,NA,98
"Ruben Tshilombo","GARD-WEBB",22,11.06,"F","ED",2026,"Big South - OVC Football Association",58.7,63.3,53.3,NA,0,0,1,0,0,0,0,0,0,0,0,0,0,0,0,0,0,1,0,10,"0","0.00%",0,12,3,"0","0",0,NA,NA,NA,NA,NA,NA,NA,NA,NA,NA,NA,NA,NA,NA,NA,NA,NA,NA,NA,NA,NA,NA,NA,NA,NA,18,1,"0.00%",0,1,0,"0.00%",1,0,0,0,0,"0.00%",1,1,0,0,0,"FCS",310,NA,310
"Shawn Phillips","MORGAN ST",18,11.04,"F","ED",2026,"MEAC",57,59,56.3,NA,0,0,0,0,0,0,0,0,0,0,0,0,0,0,0,0,0,1,1,11,"0","0.00%",0,7,0,"14.30%","14.30%",1,NA,NA,NA,NA,NA,NA,NA,NA,NA,NA,NA,NA,NA,NA,NA,NA,NA,NA,NA,NA,NA,NA,NA,NA,NA,NA,NA,NA,NA,NA,NA,NA,NA,NA,NA,NA,NA,NA,NA,NA,NA,NA,NA,"FCS",22,NA,22
"Malachi Calhoun","HAMPTON",43,10.54,"F","ED",2026,"CAA",57.8,60.7,54.1,60,0,0,1,0,0,0,0,0,0,0,0,0,0,0,0,0,0,2,2,21,"0","0.00%",0,21,5.25,"9.50%","9.50%",2,1,0,"0.00%",0,0,0,0,0,0,0,0,0,"0.00%",0,0,0,0,0,"0.00%","0.00%","0.00%","0.00%",0,0,"0.00%",31,4,"20.00%",0,1,0,"20.00%",4,0,1,0,0,"0.00%",5,5,0,0,0,"FCS",226,NA,226
"Martavius Durden Jr.","LIUSHAR",32,10.52,"F","ED",2026,"Northeast",55.4,39.5,55.5,76.9,0,1,1,0,0,0,0,0,0,1,0,0,0,0,0,0,0,2,5,4,"0","0.00%",0,20,5,"25.00%","10.00%",5,8,1,"100%",19,19,0,1,0,1,118.8,2.38,1,"12.50%",0,1,0,0,1,"12.50%","100%","100%","0.00%",19,-3,"100%",7,3,"25.00%",1,1,0,"33.30%",1,1,1,0,0,"0.00%",3,4,0,1,0,"FCS",185,NA,185
"Mason Love","HOWARD",36,10.06,"F","ED",2026,"MEAC",55.5,54.4,55.3,62.4,0,1,0,0,0,0,0,0,0,0,0,0,0,0,0,0,0,1,1,13,"0","0.00%",0,17,0,"5.90%","0",1,6,0,"0.00%",0,0,0,0,0,0,0,0,0,"0.00%",0,0,0,0,0,"0.00%","0.00%","0.00%","0.00%",0,0,"0.00%",13,1,"0.00%",1,0,0,"0.00%",0,1,0,0,0,"0.00%",1,1,0,0,0,"FCS",333,NA,333
"Deshawn Carter","TENN STATE",25,10.05,"F","ED",2026,"Big South - OVC Football Association",53.9,55.5,55.3,NA,0,1,0,0,0,0,0,0,0,0,0,0,0,0,0,0,0,0,2,13,"0","0.00%",0,12,0,"16.70%","8.30%",2,NA,NA,NA,NA,NA,NA,NA,NA,NA,NA,NA,NA,NA,NA,NA,NA,NA,NA,NA,NA,NA,NA,NA,NA,NA,12,1,"0.00%",1,0,0,"0.00%",0,1,0,0,0,"0.00%",1,1,0,0,0,"FCS",68,NA,68
"Antoine Okelo-Johnson","NICHOLLS",16,10,"F","ED",2026,"Southland",57.6,56.8,58.3,61,0,0,0,0,0,0,0,0,0,0,0,0,0,0,0,0,0,2,1,4,"0","0.00%",0,9,5,"11.10%","11.10%",1,3,0,"0.00%",0,0,0,0,0,0,0,0,0,"33.30%",0,0,0,0,0,"0.00%","0.00%","0.00%","0.00%",0,0,"0.00%",11,1,"50.00%",0,0,0,"50.00%",1,0,1,0,0,"0.00%",2,2,0,0,0,"FCS",133,NA,133
"Jestin Gilmore","CHATTNOOGA",20,9.64,"F","ED",2026,"Southern",57.3,60.3,54.2,61.3,0,0,0,0,0,0,0,0,0,0,0,0,0,0,0,0,0,0,0,14,"0","0.00%",0,3,0,"0","0",0,3,0,"0.00%",0,0,0,0,0,0,0,0,0,"0.00%",0,0,0,0,0,"0.00%","0.00%","0.00%","0.00%",0,0,"0.00%",NA,NA,NA,NA,NA,NA,NA,NA,NA,NA,NA,NA,NA,NA,NA,NA,NA,NA,"FCS",23,NA,23
"Kavion Benton","N ALABAMA",34,9.64,"F","ED",2026,"United Athletic",51.9,55.7,52.4,NA,0,1,0,0,0,0,1,1,0,0,0,0,0,0,0,1,0,1,1,23,"0","4.30%",2.2,11,2,"9.10%","0",1,NA,NA,NA,NA,NA,NA,NA,NA,NA,NA,NA,NA,NA,NA,NA,NA,NA,NA,NA,NA,NA,NA,NA,NA,NA,9,2,"33.30%",1,0,0,"33.30%",1,1,1,0,0,"0.00%",3,3,0,0,0,"FCS",193,NA,193
"Anthony Schettino","BRYANT",27,8.64,"F","ED",2026,"CAA",37.6,41.5,57.8,58.8,0,1,0,0,0,0,0,0,0,0,0,0,0,0,0,0,0,1,5,7,"0","0.00%",0,20,0,"20.00%","0",4,NA,NA,NA,NA,NA,NA,NA,NA,NA,NA,NA,NA,NA,NA,NA,NA,NA,NA,NA,NA,NA,NA,NA,NA,NA,19,2,"0.00%",1,0,0,"0.00%",0,1,0,0,0,"0.00%",2,2,0,1,0,"FCS",190,NA,190
"Maddox Valoaga","N ARIZONA",37,8.63,"F","ED",2026,"Big Sky",46,44.4,53.6,NA,0,0,1,0,0,0,1,1,0,0,0,0,0,0,0,0,1,0,4,23,"0","4.30%",2.2,14,3,"28.60%","0",4,NA,NA,NA,NA,NA,NA,NA,NA,NA,NA,NA,NA,NA,NA,NA,NA,NA,NA,NA,NA,NA,NA,NA,NA,NA,46,1,"0.00%",0,1,0,"0.00%",1,0,0,0,0,"0.00%",1,1,0,0,0,"FCS",241,NA,241
"Jamaricus Thomas","ILL STATE",17,8.07,"F","ED",2026,"Missouri Valley",42.4,34,61.1,60,0,0,0,0,0,0,0,0,1,0,0,0,0,0,0,0,0,1,2,10,"10.00%","0.00%",0,6,0,"33.30%","0",2,1,0,"0.00%",0,0,0,0,0,0,0,0,0,"0.00%",0,0,0,0,0,"0.00%","0.00%","0.00%","0.00%",0,0,"0.00%",26,0,"100%",0,0,0,"100%",0,0,1,0,0,"0.00%",1,1,0,0,0,"FCS",229,NA,229
"Ziggy Loa","N ARIZONA",37,8.01,"F","ED",2026,"Big Sky",52.4,47.2,57.9,62,0,1,0,0,0,0,1,1,0,0,0,0,0,0,0,0,0,3,4,21,"4.80%","4.80%",2.4,14,0,"28.60%","14.30%",4,2,0,"0.00%",0,0,0,0,0,0,0,0,0,"100%",0,0,0,0,0,"0.00%","0.00%","0.00%","0.00%",0,0,"0.00%",11,1,"50.00%",1,0,0,"100%",0,0,1,0,0,"0.00%",2,2,1,0,0,"FCS",211,NA,211
"Cole Toddings","COLGATE",25,7.81,"F","ED",2026,"Patriot",55.8,55.8,54.4,61.2,0,0,0,0,0,0,0,0,0,0,0,0,0,0,0,0,0,0,1,7,"0","0.00%",0,11,0,"9.10%","0",1,7,0,"0.00%",0,0,0,0,0,0,0,0,0,"57.10%",0,0,0,0,0,"0.00%","0.00%","0.00%","0.00%",0,0,"0.00%",51,1,"0.00%",0,0,0,"0.00%",0,0,0,0,0,"0.00%",1,1,0,0,0,"FCS",223,NA,223
"Owen Summers","MS VLY ST",28,7.11,"F","ED",2026,"SWAC",48.6,48.4,55.7,NA,0,0,0,0,0,0,0,0,0,0,0,0,0,0,0,0,0,0,2,7,"0","0.00%",0,21,0,"9.50%","0",2,NA,NA,NA,NA,NA,NA,NA,NA,NA,NA,NA,NA,NA,NA,NA,NA,NA,NA,NA,NA,NA,NA,NA,NA,NA,NA,NA,NA,NA,NA,NA,NA,NA,NA,NA,NA,NA,NA,NA,NA,NA,NA,NA,"FCS",343,NA,343
"Dandrevius Dorsey","PRESBYTERN",24,6.77,"F","ED",2026,"Pioneer",49.8,50.7,55.3,NA,0,0,1,0,0,0,0,0,0,0,0,0,0,0,0,0,0,2,2,11,"0","0.00%",0,13,6,"15.40%","15.40%",2,NA,NA,NA,NA,NA,NA,NA,NA,NA,NA,NA,NA,NA,NA,NA,NA,NA,NA,NA,NA,NA,NA,NA,NA,NA,15,1,"50.00%",0,1,0,"50.00%",1,0,1,0,0,"0.00%",2,2,0,0,0,"FCS",106,NA,106
"Zachary Weaver","TXAMEA",25,6.58,"F","ED",2026,"Southland",52.7,54,55.3,NA,0,1,0,0,0,0,0,0,0,0,0,0,0,0,0,0,0,0,2,15,"0","0.00%",0,10,0,"20.00%","20.00%",2,NA,NA,NA,NA,NA,NA,NA,NA,NA,NA,NA,NA,NA,NA,NA,NA,NA,NA,NA,NA,NA,NA,NA,NA,NA,94,1,"50.00%",1,0,0,"50.00%",0,1,1,0,0,"0.00%",2,2,0,0,0,"FCS",201,NA,201
"Phillip Jackson","MS VLY ST",22,6.54,"F","ED",2026,"SWAC",56.2,58.7,54.7,60,0,0,0,0,0,0,0,0,0,0,0,0,0,0,0,0,0,1,1,11,"0","0.00%",0,10,2,"10.00%","20.00%",1,1,0,"0.00%",0,0,0,0,0,0,0,0,0,"0.00%",0,0,0,0,0,"0.00%","0.00%","0.00%","0.00%",0,0,"0.00%",38,1,"50.00%",0,0,0,"50.00%",1,0,1,0,0,"0.00%",2,2,0,0,0,"FCS",287,NA,287
"Abdoul Idriss","WAGNER",22,6.45,"F","ED",2026,"Northeast",48.5,49.8,54.4,NA,0,0,0,0,0,0,0,0,0,0,0,0,0,0,0,0,0,0,2,14,"0","0.00%",0,8,0,"25.00%","0",2,NA,NA,NA,NA,NA,NA,NA,NA,NA,NA,NA,NA,NA,NA,NA,NA,NA,NA,NA,NA,NA,NA,NA,NA,NA,NA,NA,NA,NA,NA,NA,NA,NA,NA,NA,NA,NA,NA,NA,NA,NA,NA,NA,"FCS",69,NA,69
"Jamari Buddin","DUQUESNE",20,6.38,"F","ED",2026,"Northeast",41.3,42,60,NA,0,1,0,0,0,0,0,0,0,0,0,0,0,0,0,0,0,1,5,1,"0","0.00%",0,19,0,"26.30%","10.50%",5,NA,NA,NA,NA,NA,NA,NA,NA,NA,NA,NA,NA,NA,NA,NA,NA,NA,NA,NA,NA,NA,NA,NA,NA,NA,10,1,"50.00%",1,0,0,"50.00%",0,1,1,0,0,"0.00%",2,2,0,0,0,"FCS",7,NA,7
"Ashden Oberg","WEBER ST",31,6.18,"F","ED",2026,"Big Sky",57.4,57.6,57.4,NA,0,0,0,0,0,0,0,0,0,0,0,0,0,0,0,0,0,3,2,6,"0","0.00%",0,25,0,"8.00%","8.00%",2,NA,NA,NA,NA,NA,NA,NA,NA,NA,NA,NA,NA,NA,NA,NA,NA,NA,NA,NA,NA,NA,NA,NA,NA,NA,91,0,"100%",0,0,0,"100%",0,0,1,0,0,"0.00%",1,1,0,0,0,"FCS",19,NA,19
"Kyce Shamma","DAVIDSON",36,5.85,"F","ED",2026,"Pioneer",50.6,49.1,53.6,61.2,0,0,0,0,0,0,0,0,0,0,0,0,0,0,0,0,0,0,3,13,"0","0.00%",0,17,0,"17.60%","0",3,6,0,"0.00%",0,0,0,0,0,0,0,0,0,"50.00%",0,0,0,0,0,"0.00%","0.00%","0.00%","0.00%",0,0,"0.00%",NA,NA,NA,NA,NA,NA,NA,NA,NA,NA,NA,NA,NA,NA,NA,NA,NA,NA,"FCS",255,NA,255
"Gideon Bedada","BRYANT",32,5.79,"F","ED",2026,"CAA",30.2,33.6,57.4,60,0,0,0,0,0,0,0,0,0,0,0,0,0,0,0,0,0,1,6,5,"0","0.00%",0,27,6,"18.50%","0",5,NA,NA,NA,NA,NA,NA,NA,NA,NA,NA,NA,NA,NA,NA,NA,NA,NA,NA,NA,NA,NA,NA,NA,NA,NA,7,2,"0.00%",0,0,0,"0.00%",1,0,0,0,0,"0.00%",2,2,0,1,0,"FCS",77,NA,77
"Lucas Manderbach","LEHIGH",26,5.43,"F","ED",2026,"Patriot",48.3,54.8,49.5,NA,0,0,0,0,0,0,2,2,0,0,0,0,0,0,0,1,1,2,2,17,"0","11.80%",5.9,9,0,"11.10%","0",1,NA,NA,NA,NA,NA,NA,NA,NA,NA,NA,NA,NA,NA,NA,NA,NA,NA,NA,NA,NA,NA,NA,NA,NA,NA,9,0,"100%",0,0,0,"0.00%",0,0,0,0,0,"100%",1,1,0,0,1,"FCS",258,NA,258
"Ravon Johnson","DUQUESNE",26,5.39,"F","ED",2026,"Northeast",32.7,33.1,59,NA,0,1,1,0,0,0,0,0,0,0,0,0,0,0,0,0,0,5,9,2,"0","0.00%",0,24,4,"37.50%","8.30%",9,NA,NA,NA,NA,NA,NA,NA,NA,NA,NA,NA,NA,NA,NA,NA,NA,NA,NA,NA,NA,NA,NA,NA,NA,NA,0,4,"33.30%",1,1,0,"33.30%",3,1,2,0,0,"0.00%",6,6,0,0,0,"FCS",81,NA,81
"Dillon White","MAINE",33,4.84,"F","ED",2026,"CAA",56.7,57.4,56.7,NA,0,0,0,0,0,0,0,0,0,0,0,0,0,0,0,0,0,0,1,16,"0","0.00%",0,17,0,"5.90%","0",1,NA,NA,NA,NA,NA,NA,NA,NA,NA,NA,NA,NA,NA,NA,NA,NA,NA,NA,NA,NA,NA,NA,NA,NA,NA,98,0,"100%",0,0,0,"0.00%",0,0,0,0,0,"100%",1,1,0,0,1,"FCS",138,NA,138
"Chidu Bekee","W GEORGIA",34,4.15,"F","ED",2026,"United Athletic",47.5,42.6,53.7,59.1,0,1,0,0,0,0,0,0,0,0,0,0,0,0,0,0,0,3,5,5,"0","0.00%",0,16,5,"25.00%","12.50%",4,13,0,"0.00%",0,0,0,0,0,0,0,0,0,"23.10%",0,0,0,1,0,"0.00%","0.00%","0.00%","0.00%",0,0,"0.00%",3,4,"42.90%",1,0,0,"66.70%",1,0,2,0,0,"25.00%",7,7,1,2,1,"FCS",153,NA,153
"Mike Sylvalie","HOUCHR",35,3.85,"F","ED",2026,"Southland",37.8,34.7,55.7,61.2,0,1,0,0,0,0,0,0,0,0,0,0,0,0,0,0,0,0,6,5,"0","0.00%",0,28,0,"21.40%","3.60%",6,2,0,"0.00%",0,0,0,0,0,0,0,0,0,"0.00%",0,0,0,0,0,"0.00%","0.00%","0.00%","0.00%",0,0,"0.00%",0,1,"0.00%",1,0,0,"0.00%",0,1,0,0,0,"0.00%",1,1,0,0,0,"FCS",156,NA,156
"DeMarion McCoy","MORGAN ST",24,3.36,"F","ED",2026,"MEAC",50.7,62.8,53.7,51.1,0,0,0,0,0,0,0,0,0,0,0,0,0,0,0,0,0,0,1,13,"0","0.00%",0,9,0,"0","0",0,2,0,"0.00%",0,0,0,0,0,0,0,0,0,"50.00%",0,0,0,0,0,"0.00%","0.00%","0.00%","0.00%",0,0,"0.00%",5,0,"100%",0,0,0,"0.00%",0,0,0,0,0,"100%",1,1,0,0,1,"FCS",73,NA,73
"Christian Ose-Afiana","MORGAN ST",15,2.73,"F","ED",2026,"MEAC",43.9,44.3,57,NA,0,0,1,0,0,0,0,0,0,0,0,0,0,0,0,0,0,3,2,7,"0","0.00%",0,8,1,"25.00%","12.50%",2,NA,NA,NA,NA,NA,NA,NA,NA,NA,NA,NA,NA,NA,NA,NA,NA,NA,NA,NA,NA,NA,NA,NA,NA,NA,18,1,"66.70%",0,1,0,"66.70%",1,0,2,0,0,"0.00%",3,3,0,0,0,"FCS",273,NA,273
"Kai Richardson","IDAHO",28,2.57,"F","ED",2026,"Big Sky",29.9,34.1,55.4,NA,0,1,0,0,0,0,0,0,0,0,0,0,0,0,0,0,0,1,6,9,"0","0.00%",0,19,6,"31.60%","10.50%",6,NA,NA,NA,NA,NA,NA,NA,NA,NA,NA,NA,NA,NA,NA,NA,NA,NA,NA,NA,NA,NA,NA,NA,NA,NA,14,2,"33.30%",1,0,0,"33.30%",1,1,1,0,0,"0.00%",3,3,0,0,0,"FCS",173,NA,173
"Caleb Reid","W GEORGIA",30,1.73,"F","ED",2026,"United Athletic",44.4,43,55,NA,0,1,0,0,0,0,1,1,0,0,0,0,0,0,0,1,0,2,3,17,"0","5.90%",2.9,13,0,"23.10%","7.70%",3,NA,NA,NA,NA,NA,NA,NA,NA,NA,NA,NA,NA,NA,NA,NA,NA,NA,NA,NA,NA,NA,NA,NA,NA,NA,11,1,"75.00%",1,0,0,"66.70%",0,1,2,0,0,"100%",4,4,0,0,1,"FCS",248,NA,248
"Jaqui Vaughan","HAMPTON",33,1.47,"F","ED",2026,"CAA",46.1,53.8,54.1,60,0,0,0,0,0,0,0,0,0,0,0,0,0,0,0,0,0,1,2,17,"0","0.00%",0,15,0,"6.70%","0",1,1,0,"0.00%",0,0,0,0,0,0,0,0,0,"0.00%",0,0,0,0,0,"0.00%","0.00%","0.00%","0.00%",0,0,"0.00%",9,0,"100%",0,0,0,"100%",0,0,1,0,0,"0.00%",1,1,0,0,0,"FCS",296,NA,296
"Kevin Nizolek","FORDHAM",20,1.39,"F","ED",2026,"Patriot",48.2,47.6,57.3,60,0,0,0,0,0,0,0,0,0,0,0,0,0,0,0,0,0,2,2,6,"0","0.00%",0,13,0,"15.40%","7.70%",2,1,0,"0.00%",0,0,0,0,0,0,0,0,0,"0.00%",0,0,0,0,0,"0.00%","0.00%","0.00%","0.00%",0,0,"0.00%",95,0,"100%",0,0,0,"100%",0,0,2,0,0,"0.00%",2,2,0,0,0,"FCS",70,NA,70
"Joey Shimko","LAFAYETTE",34,0.69,"F","ED",2026,"Patriot",45.9,42.1,57.5,NA,0,0,0,0,0,0,1,1,0,0,0,0,0,0,0,0,0,3,3,17,"5.90%","5.90%",2.9,17,0,"17.60%","11.80%",3,NA,NA,NA,NA,NA,NA,NA,NA,NA,NA,NA,NA,NA,NA,NA,NA,NA,NA,NA,NA,NA,NA,NA,NA,NA,52,0,"100%",0,0,0,"100%",0,0,3,0,0,"0.00%",3,3,0,0,0,"FCS",171,NA,171
"Jerald James","TOWSON",27,0.28,"F","ED",2026,"CAA",38.9,38.4,58.5,NA,0,0,0,0,0,0,0,0,0,0,0,0,0,0,0,0,0,0,3,2,"0","0.00%",0,25,0,"12.00%","0",3,NA,NA,NA,NA,NA,NA,NA,NA,NA,NA,NA,NA,NA,NA,NA,NA,NA,NA,NA,NA,NA,NA,NA,NA,NA,17,0,"100%",0,0,0,"100%",0,0,1,0,0,"0.00%",1,1,0,0,0,"FCS",274,NA,274
"Cayden Gibson","SAN DIEGO",29,0,"F","ED",2026,"Pioneer",36.8,38.3,55,45.5,0,0,0,0,0,0,0,0,0,0,0,0,0,0,0,0,0,2,4,14,"0","0.00%",0,11,0,"27.30%","0",3,4,1,"100%",5,5,0,0,0,0,87.5,1.25,0,"0.00%",0,0,0,0,0,"0.00%","0.00%","0.00%","0.00%",5,-3,"0.00%",49,1,"50.00%",0,0,0,"100%",0,0,1,0,0,"0.00%",2,2,0,1,0,"FCS",205,NA,205
