"Name","Team","Defensive.Snaps","Composite_Score","Player_Grade","Defensive.Grades","Coverage.Grade","Run.Defense.Grade","Pass.Rush.Grade","Total.Tackles","Assistant","Stops","Lined.up.in.Press.Coverage","Passer.Rating.Allowed","Pass.Break.Up","Average.Depth.of.Target.per.Coverage","Receiving.Yards.Allowed.per.Snap","Yards.per.Reception.Allowed","Average.Depth.of.Tackle","Interceptions","Pass.Stop","Missed.Tackles.on.Pass.Plays","Assist.Tackles.on.Run.Plays","Missed.Tackles.on.Run.Plays","Assist.on.Pass.Plays","Touchdowns.Allowed","Run.Tackle.for.Losss.or.No.Gain","Open.Targets","Pass.Tackle.for.Loss.or.No.Gain","Dropped.Int","Hurries","Hits","Fumble.Recovery","Forced.Fumble","Sacks","Pursuit.Pressure","Missed.Tackle.Percentage","Run.Stop","Tackle.for.Loss.or.No.Gain","Total.Pressures.Generated","Assist.Tackles","Negative.Plays","Total.Negative.Plays","Total.Positive.Plays","Receptions.Allowed","Completion.Percentage.Allowed","Pass.Yards.Allowed","First.Downs.Allowed","Forced.Incompletions","X15..Yards.Allowed.Percentage","Percentage.of.Open.Targets","Percentage.of.First.Down.or.Touchdown.Allowed","Interceptions.per.Target.Coverage.Percentage","Forced.Incompletion.Percentage","Missed.Tackle.Percentage.on.Run.Plays","Pass.Missed.Tackles.Percentage","First.Contact","Batted.Passes","Interception","Drops...Off.Targets.Receptions.Forced","Pass.Rush.Productivity","Unblocked.Pass.Rush","Beaten.Defender","Plays.of.15..Yards.Allowed"
"Sean Mays","SO UTAH",28,100,"A",90.1,90.1,60.9,59.1,1,0,0,NA,39.6,2,25.8,0,0,0,0,0,0,0,0,0,0,0,0,0,0,0,0,0,0,0,0,"0.00%",0,0,0,0,0,0,4,0,"0.00%",0,0,2,"0.00%","0.00%","0.00%","0.00%","50.00%","0.00%","0.00%",1,0,0,2,0,0,0,0
"CJ Fraser","SE LA",69,99.99,"A",77.6,74.8,77.7,NA,4,2,1,NA,39.6,2,13,0,0,8,0,0,1,2,0,0,0,0,1,0,0,0,0,0,0,0,0,"20.00%",1,0,0,2,1,1,2,0,"0.00%",0,0,2,"0.00%","50.00%","0.00%","0.00%","100%","0.00%","100%",4,0,0,0,NA,0,0,0
"Trenton Bell","GARD-WEBB",24,99.73,"A",86.2,83.2,74.5,64.5,8,3,2,NA,79.2,0,-2,-0.22,-2,5,0,1,0,1,0,2,0,0,0,1,0,0,1,0,0,0,0,"0.00%",1,1,1,3,0,0,2,1,"100%",-2,0,0,"0.00%","0.00%","0.00%","0.00%","0.00%","0.00%","0.00%",3,0,0,0,50,1,0,0
"Martez Cooksey Jr.","CHATTNOOGA",50,98.25,"A",73.8,73.5,70.6,56.8,7,2,4,NA,39.6,0,27,0,0,-2,0,2,0,1,0,1,0,1,0,0,0,1,0,0,0,0,0,"0.00%",2,1,1,2,0,0,1,0,"0.00%",0,0,0,"0.00%","0.00%","0.00%","0.00%","0.00%","0.00%","0.00%",5,0,0,1,7.1,1,0,0
"Jack Oliver","ILL STATE",38,97.38,"A",79.6,82,59.4,NA,6,0,5,NA,46.5,2,14.7,1.09,12,9,0,4,1,0,0,0,0,0,0,0,0,0,0,0,0,0,0,"14.30%",1,0,0,0,3,2,5,2,"33.30%",24,1,2,"0.00%","0.00%","16.70%","0.00%","33.30%","0.00%","20.00%",5,0,0,0,NA,0,0,0
"Kemari Nix","DELWARE ST",52,97.21,"A",75,70.4,70.9,73.4,8,3,2,NA,0,0,0,0,0,12,0,1,0,3,1,0,0,1,0,0,0,0,0,0,0,1,0,"11.10%",1,1,1,3,1,0,1,0,"0.00%",0,0,0,"0.00%","0.00%","0.00%","0.00%","0.00%","14.30%","0.00%",5,0,0,0,50,1,0,0
"Omari Russell","ALABAMA ST",55,96.36,"A",73.7,66.3,73.9,71,9,1,8,NA,56.3,0,8,0.25,4,0.86,0,1,0,0,1,1,0,3,0,0,0,0,0,0,0,1,0,"10.00%",7,3,1,1,2,0,0,1,"50.00%",4,0,0,"0.00%","0.00%","0.00%","0.00%","0.00%","12.50%","0.00%",8,0,0,1,100,1,0,0
"Fredd Adams","TARLETON",69,95.88,"A",78.3,77,74,NA,2,0,2,NA,39.6,1,28,0,0,1,0,1,0,0,0,0,0,0,0,0,0,0,0,1,0,0,0,"0.00%",1,0,0,0,0,0,2,0,"0.00%",0,0,1,"0.00%","0.00%","0.00%","0.00%","100%","0.00%","0.00%",3,0,0,0,NA,0,0,0
"Jhamal Shelby Jr.","NICHOLLS",47,94.71,"A",74.4,72.9,71.1,NA,6,3,2,NA,62.5,1,21.5,0.75,9,5,0,1,0,2,0,1,0,0,1,0,0,0,0,0,0,0,0,"0.00%",1,0,0,3,2,2,3,2,"50.00%",18,1,2,"0.00%","25.00%","25.00%","0.00%","50.00%","0.00%","0.00%",3,0,0,0,NA,0,0,0
"Trevon Cannon","WM & MARY",81,93.18,"A",71.3,70.4,68.4,NA,5,0,1,NA,15.2,2,16.2,1.11,15.3,13,1,1,0,0,0,0,0,0,0,0,0,0,0,0,0,0,0,"0.00%",0,0,0,0,5,5,6,4,"30.80%",61,2,4,"3.60%","0.00%","15.40%","7.70%","30.80%","0.00%","0.00%",3,0,1,3,NA,0,0,2
"Josh Grant","S DAKOTA",23,92.41,"A",77.1,74.7,69.6,NA,2,1,1,NA,39.6,1,30,0,0,0,0,1,0,1,0,0,0,0,0,0,0,0,0,0,0,0,0,"0.00%",0,0,0,1,0,0,1,0,"0.00%",0,0,1,"0.00%","0.00%","0.00%","0.00%","100%","0.00%","0.00%",0,0,0,0,NA,0,0,0
"Ty Lee","SOUTHERN U",64,92.06,"A",75.6,76.1,62.9,NA,7,0,6,NA,74.1,1,4,0.3,2.6,1.5,0,4,0,0,0,0,0,0,0,2,0,0,0,0,0,0,0,"0.00%",2,2,0,0,3,2,5,5,"71.40%",13,1,1,"0.00%","0.00%","14.30%","0.00%","14.30%","0.00%","0.00%",7,0,0,1,NA,0,0,0
"Eric Zachery","PRVIEW A&M",49,91.78,"A",76.6,76,67.7,NA,2,0,1,NA,42.4,2,20.7,0.11,3,10,0,1,1,0,0,0,0,0,0,0,2,0,0,0,0,0,0,"33.30%",0,0,0,0,1,1,2,1,"33.30%",3,0,2,"0.00%","0.00%","0.00%","0.00%","66.70%","0.00%","50.00%",3,0,0,0,NA,0,0,0
"Jalen Guillard","GRAMBLING",56,91.64,"A",82.2,79.1,79.4,NA,4,1,1,NA,96.5,1,18.3,1.22,19.5,0,0,1,0,1,0,0,1,0,0,1,0,1,0,0,0,0,1,"0.00%",0,1,1,1,3,3,4,2,"33.30%",39,2,3,"3.10%","0.00%","33.30%","0.00%","50.00%","0.00%","0.00%",3,0,0,2,NA,0,0,1
"Landon Carter","SOUTHERN U",65,91.61,"A",77.1,76.8,64.9,NA,3,0,1,NA,39.6,2,22.1,0.31,7,0,0,1,0,0,0,0,0,0,0,0,0,0,0,0,0,0,0,"0.00%",0,0,0,0,2,2,4,2,"25.00%",14,1,2,"0.00%","0.00%","12.50%","0.00%","25.00%","0.00%","0.00%",4,0,0,3,NA,0,0,0
"Jaylen Boehm-Peterson","S DAKOTA",53,91.31,"A",74.8,77.2,70.4,NA,3,0,2,NA,39.6,1,18.8,0,0,-3,0,1,0,0,0,0,0,1,0,0,0,0,0,0,0,0,0,"0.00%",1,1,0,0,1,1,2,0,"0.00%",0,0,1,"0.00%","0.00%","0.00%","0.00%","25.00%","0.00%","0.00%",2,0,0,2,NA,0,0,0
"Cadence Turner","N COLORADO",41,91.26,"A",76.6,75.1,70.7,NA,3,0,1,NA,39.6,1,31.3,0,0,-1,0,0,0,0,0,0,0,1,0,0,0,0,0,0,0,0,0,"0.00%",1,1,0,0,0,0,1,0,"0.00%",0,0,1,"0.00%","0.00%","0.00%","0.00%","33.30%","0.00%","0.00%",2,0,0,2,NA,0,0,0
"Xavier Porter","ELON",24,90.99,"A",79.9,75.5,63.4,76.9,4,0,3,NA,39.6,0,14,0,0,4,0,2,0,0,0,0,0,0,0,0,0,0,0,0,0,1,1,"0.00%",1,0,1,0,0,0,2,0,"0.00%",0,0,2,"0.00%","0.00%","0.00%","0.00%","100%","0.00%","0.00%",2,0,0,1,100,0,0,0
"Justin Wilson","W GEORGIA",27,90.36,"A",75.8,75.2,65.8,NA,1,1,0,NA,0,0,38,0,0,0,1,0,0,1,0,0,0,0,0,0,0,0,0,0,0,0,0,"0.00%",0,0,0,1,0,0,1,0,"0.00%",0,0,0,"0.00%","0.00%","0.00%","100%","0.00%","0.00%","0.00%",0,0,1,1,NA,0,0,0
"Roddrick Roberts","TARLETON",18,89.75,"A",73.5,63.9,80.9,46.3,7,1,6,NA,0,0,0,0,0,2,0,1,1,1,0,0,0,2,0,0,0,1,0,0,0,0,0,"12.50%",5,2,1,1,2,0,0,0,"0.00%",0,0,0,"0.00%","0.00%","0.00%","0.00%","0.00%","0.00%","50.00%",4,0,0,0,50,1,0,0
"Jaiden Allos","MERCYHURST",48,86.12,"A",70.9,69.4,69.4,58,4,3,1,NA,58.3,1,13,0.82,7,0,0,1,0,2,0,1,0,0,2,0,0,0,0,0,0,0,0,"0.00%",0,0,0,3,1,1,1,2,"50.00%",14,1,1,"0.00%","50.00%","25.00%","0.00%","25.00%","0.00%","0.00%",3,0,0,1,0,0,0,0
"Jeremiah Washington","RICHMOND",54,84.97,"A",76.7,76.3,68.4,NA,2,0,0,NA,39.6,1,17.3,0,0,7,0,0,0,0,0,0,0,0,0,0,0,0,0,0,0,0,0,"0.00%",0,0,0,0,0,0,2,0,"0.00%",0,0,1,"0.00%","0.00%","0.00%","0.00%","25.00%","0.00%","0.00%",1,0,0,3,NA,0,0,0
"Tymir Wynn","COLGATE",68,84.7,"A",70.9,74.3,60.6,55.2,5,1,0,NA,0,1,12.3,0.24,9,9.33,1,0,1,1,1,0,0,0,0,0,0,1,0,0,0,0,0,"28.60%",0,0,1,1,3,2,2,1,"25.00%",9,0,1,"0.00%","0.00%","0.00%","25.00%","25.00%","20.00%","50.00%",4,0,1,2,NA,1,0,0
"Dray Duncan","NC A&T",51,84.33,"A",79,79,65.5,NA,5,0,2,NA,62.5,1,7,0.35,9,0,0,2,0,0,0,0,0,0,2,0,0,0,0,0,0,0,0,"0.00%",0,0,0,0,0,0,2,1,"50.00%",9,0,1,"0.00%","100%","0.00%","0.00%","50.00%","0.00%","0.00%",4,0,0,0,NA,0,0,0
"Key Crowell","ILL STATE",29,84.01,"A",77,76.7,60,NA,3,0,1,NA,76.3,2,14.8,1.16,9.7,0,0,1,0,0,0,0,0,0,0,1,0,0,0,0,0,0,0,"0.00%",0,1,0,0,1,1,3,3,"60.00%",29,1,2,"4.00%","0.00%","20.00%","0.00%","40.00%","0.00%","0.00%",3,0,0,1,NA,0,0,1
"Trey Lubin","RHODE ISLD",61,83.55,"A",70.3,71.7,69,70.8,4,0,1,NA,39.6,0,13,0,0,19,0,1,0,0,0,0,0,0,0,0,0,0,0,0,0,1,1,"0.00%",0,0,1,0,1,0,1,0,"0.00%",0,0,0,"0.00%","0.00%","0.00%","0.00%","0.00%","0.00%","0.00%",2,0,0,1,100,0,0,0
"Branson Leduc-Mattox","WM & MARY",84,82.27,"A",72.7,71.3,71.2,NA,2,1,0,NA,39.6,1,13.5,0.09,5,0,0,0,0,1,0,0,0,0,0,0,0,0,0,0,0,0,0,"0.00%",0,0,0,1,1,1,1,1,"25.00%",5,0,1,"0.00%","0.00%","0.00%","0.00%","25.00%","0.00%","0.00%",3,0,0,2,NA,0,0,0
"X'Avion Brice","TXAMEA",35,82.2,"A",72.7,70.6,71,NA,5,0,4,NA,90,1,12.6,1.4,7,0,0,3,0,0,0,0,0,1,0,0,0,0,0,0,0,0,0,"0.00%",1,1,0,0,2,2,3,4,"80.00%",28,1,1,"5.00%","0.00%","20.00%","0.00%","20.00%","0.00%","0.00%",5,0,0,0,NA,0,0,1
"Kyree Richardson","RICHMOND",46,82.2,"A",69,68,65.8,NA,3,1,0,NA,29.2,2,17.1,1.79,17.3,0,1,0,1,1,0,0,0,0,0,0,0,0,0,0,0,0,0,"25.00%",0,0,0,1,3,3,3,3,"42.90%",52,2,2,"3.50%","0.00%","28.60%","14.30%","28.60%","0.00%","33.30%",3,0,1,1,NA,0,0,1
"Jeremiah Postell","TARLETON",61,82.08,"A",70.5,68,73.1,NA,10,4,2,NA,100,0,7,1.03,11.3,-1,0,1,0,2,0,2,0,1,0,0,0,0,0,0,0,0,0,"0.00%",1,1,0,4,2,2,2,3,"75.00%",34,1,0,"3.00%","0.00%","25.00%","0.00%","0.00%","0.00%","0.00%",5,0,0,1,NA,0,0,1
"Kendrick Clark","CHARLES SO",37,82.07,"A",76,76.1,64.9,60,2,0,1,NA,56.3,1,6.3,0.67,5.3,13,0,1,1,0,0,0,0,0,3,1,0,0,1,0,0,0,0,"33.30%",0,1,1,0,1,1,3,3,"50.00%",16,1,2,"4.20%","50.00%","16.70%","0.00%","33.30%","0.00%","50.00%",3,0,0,1,50,1,0,1
"Sanborne Melson","PORTLAND",17,81.99,"A",76.7,77.4,62.2,NA,1,0,0,NA,39.6,1,20,0,0,0,0,0,0,0,0,0,0,0,0,0,0,0,0,0,0,0,0,"0.00%",0,0,0,0,0,0,1,0,"0.00%",0,0,1,"0.00%","0.00%","0.00%","0.00%","100%","0.00%","0.00%",1,0,0,0,NA,0,0,0
"LaMarion Pierce","TENN MARTN",29,81.84,"A",77.2,77.2,61.3,NA,3,0,1,NA,56.3,1,2.5,0,0,0,0,1,0,0,0,0,0,0,0,1,0,0,0,0,0,0,0,"0.00%",0,1,0,0,1,1,3,1,"50.00%",0,0,2,"0.00%","0.00%","0.00%","0.00%","100%","0.00%","0.00%",2,0,0,0,NA,0,0,0
"Mekhi Toms","N IOWA",71,81.68,"A",73.2,72.8,67.1,NA,8,1,1,NA,0,0,0,0,0,5,0,1,0,0,0,1,0,0,0,0,0,0,0,0,0,0,0,"0.00%",0,0,0,1,0,0,0,0,"0.00%",0,0,0,"0.00%","0.00%","0.00%","0.00%","0.00%","0.00%","0.00%",7,0,0,0,NA,0,0,0
"Harrison Brun","S DAKOTA",52,81.43,"A",76.8,76.2,70.7,60,5,0,4,NA,70.1,0,1.3,0.11,1.5,3,0,2,0,0,0,0,0,0,0,1,0,0,0,0,0,0,0,"0.00%",2,1,0,0,1,0,2,2,"66.70%",3,0,0,"0.00%","0.00%","0.00%","0.00%","0.00%","0.00%","0.00%",4,0,0,1,0,0,0,0
"Tim Thomas II","MONTANA ST",27,81.36,"A",79.6,65.6,90.5,NA,3,0,2,NA,39.6,0,2,0,0,2,0,0,0,0,0,0,0,0,0,0,0,0,0,0,1,0,0,"0.00%",2,0,0,0,0,0,0,0,"0.00%",0,0,0,"0.00%","0.00%","0.00%","0.00%","0.00%","0.00%","0.00%",2,0,0,1,NA,0,0,0
"Tyson Roberts","STNY BROOK",50,81.15,"A",78.6,79.3,63.4,66.1,6,1,4,NA,79.2,0,2,0.33,3,1,0,3,0,1,1,0,0,0,0,1,0,0,0,0,0,0,0,"14.30%",1,1,0,1,1,0,3,3,"100%",9,0,0,"0.00%","0.00%","0.00%","0.00%","0.00%","33.30%","0.00%",7,0,0,0,0,0,1,0
"Justin Ferguson","MERCER",41,80.98,"A",81.1,81.6,62.6,NA,1,0,0,NA,56.3,1,11,0.22,5,0,0,0,0,0,0,0,0,0,0,0,0,0,0,0,1,0,0,"0.00%",0,0,0,0,0,0,3,1,"50.00%",5,0,1,"0.00%","0.00%","0.00%","0.00%","50.00%","0.00%","0.00%",0,0,0,0,NA,0,0,0
"Mason Edwards","MCNEESE",24,80.95,"A",74.4,73.6,63.6,NA,1,0,1,NA,39.6,1,11,0,0,12,0,0,0,0,0,0,0,0,0,0,0,0,0,0,0,0,0,"0.00%",1,0,0,0,0,0,1,0,"0.00%",0,0,1,"0.00%","0.00%","0.00%","0.00%","100%","0.00%","0.00%",1,0,0,0,NA,0,0,0
"Tim Christian","SO UTAH",33,80.49,"A",76.1,75.8,61.6,NA,2,0,0,NA,56.3,2,16.2,1.14,12.5,0,0,0,0,0,0,0,0,0,0,0,0,0,0,0,0,0,0,"0.00%",0,0,0,0,1,1,2,2,"40.00%",25,1,2,"4.50%","0.00%","20.00%","0.00%","40.00%","0.00%","0.00%",2,0,0,1,NA,0,0,1
"Bertin Placide","MERRIMACK",44,80.35,"A",70.5,70.4,65.3,58.7,3,0,1,NA,66.7,2,24.6,2.37,21.3,13,1,1,1,0,0,0,1,0,2,0,1,0,0,0,0,0,0,"25.00%",0,0,0,0,4,4,3,3,"37.50%",64,3,2,"7.40%","25.00%","37.50%","12.50%","25.00%","0.00%","33.30%",2,0,1,2,0,0,0,2
"Rett Hemphill","MURRAY ST",33,79.95,"B",76.7,82.6,67.3,58,7,0,4,NA,94.4,0,-1.3,1.18,6.7,4.5,0,3,1,0,0,0,0,0,3,2,0,0,0,0,0,0,0,"12.50%",1,2,0,0,3,2,4,3,"100%",20,1,0,"0.00%","100%","33.30%","0.00%","0.00%","0.00%","16.70%",6,0,0,0,0,0,0,0
"Cameron Goggins","MERCER",22,79.78,"B",80.2,80.1,61,NA,1,0,1,NA,56.3,1,8.5,0.33,4,0,0,1,0,0,0,0,0,0,0,0,0,0,0,0,0,0,0,"0.00%",0,0,0,0,0,0,2,1,"50.00%",4,0,1,"0.00%","0.00%","0.00%","0.00%","50.00%","0.00%","0.00%",1,0,0,0,NA,0,0,0
"Jocelyn Malaska","ABILENE CH",37,79.61,"B",71.9,68.8,72.6,NA,4,1,1,NA,0,0,0,0,0,2,0,0,0,0,0,1,0,1,0,0,0,0,0,0,0,0,0,"0.00%",1,1,0,1,0,0,0,0,"0.00%",0,0,0,"0.00%","0.00%","0.00%","0.00%","0.00%","0.00%","0.00%",2,0,0,0,NA,0,0,0
"Dev Holman","YNGTOWN ST",43,79.44,"B",76.7,75.4,70.2,NA,3,1,1,NA,39.6,0,4,0,0,0,0,1,0,1,0,0,0,0,0,0,0,0,0,0,0,0,0,"0.00%",0,0,0,1,0,0,1,0,"0.00%",0,0,0,"0.00%","0.00%","0.00%","0.00%","0.00%","0.00%","0.00%",3,0,0,0,NA,0,0,0
"Jayden Lewis","SAMFORD",28,79.3,"B",72.1,70.5,67.6,NA,2,2,0,NA,39.6,0,24.5,0,0,0,0,0,0,2,0,0,0,0,0,0,0,0,0,0,0,0,0,"0.00%",0,0,0,2,0,0,1,0,"0.00%",0,0,0,"0.00%","0.00%","0.00%","0.00%","0.00%","0.00%","0.00%",0,0,0,1,NA,0,0,0
"Tre Turner","WEBER ST",57,78.83,"B",70.8,67.2,74.4,NA,4,0,1,NA,39.6,0,28.5,0,0,11.33,0,0,0,0,0,0,0,0,0,0,0,0,0,0,0,0,0,"0.00%",1,0,0,0,0,0,0,0,"0.00%",0,0,0,"0.00%","0.00%","0.00%","0.00%","0.00%","0.00%","0.00%",3,0,0,2,NA,0,0,0
"Boston Wilson","CAL POLY",48,78.73,"B",75.6,75.5,65.6,NA,4,1,0,NA,56.3,1,7,0.33,5,15,0,0,1,0,0,1,0,0,0,0,0,0,0,0,0,0,0,"20.00%",0,0,0,1,1,1,2,2,"50.00%",10,0,1,"0.00%","0.00%","0.00%","0.00%","25.00%","0.00%","25.00%",3,0,0,1,NA,0,0,0
"Geovanny Fabian","DELWARE ST",55,78.68,"B",67.5,62.9,75.2,NA,4,2,1,NA,39.6,0,20.8,0.26,6,2,0,0,0,1,0,1,0,0,0,0,0,0,0,0,0,0,0,"0.00%",1,0,0,2,1,1,1,1,"25.00%",6,0,1,"0.00%","0.00%","0.00%","0.00%","25.00%","0.00%","0.00%",2,0,0,2,NA,0,0,0
"Michael Henderson","ARKAPB",55,78.47,"B",81.8,87.3,48.7,NA,7,0,1,NA,85.4,1,11.3,0.67,10,8.33,0,1,1,0,0,0,0,0,1,0,0,0,0,1,1,0,0,"12.50%",0,0,0,0,4,2,3,2,"66.70%",20,1,1,"0.00%","33.30%","33.30%","0.00%","33.30%","0.00%","20.00%",8,0,0,0,NA,0,0,0
"Erick Roman","VA MILT IN",17,78.21,"B",62.6,63.9,60.5,59.4,6,4,1,NA,0,0,0,0,0,4,0,0,0,3,0,1,0,0,0,0,0,0,0,0,0,0,0,"0.00%",1,0,0,4,2,0,0,0,"0.00%",0,0,0,"0.00%","0.00%","0.00%","0.00%","0.00%","0.00%","0.00%",2,0,0,0,0,0,0,0
"Jeremiah Brown","UC DAVIS",53,78.1,"B",67.7,66.4,67.4,60,3,0,2,NA,50.7,1,13,1.07,15,17,0,1,0,0,0,0,0,0,0,1,0,0,0,0,0,0,0,"0.00%",1,1,0,0,2,2,3,2,"33.30%",30,1,2,"3.60%","0.00%","16.70%","0.00%","33.30%","0.00%","0.00%",1,0,0,1,0,0,0,1
"Charron Dorsey","SCAR STATE",32,77.99,"B",73.6,73.6,62,NA,NA,0,0,NA,39.6,1,21.3,0,0,0,0,NA,NA,NA,NA,NA,0,NA,0,NA,0,0,0,0,0,0,0,NA,NA,0,0,NA,0,0,1,0,"0.00%",0,0,1,"0.00%","0.00%","0.00%","0.00%","33.30%",NA,NA,0,0,0,1,NA,0,0,0
"TreShawn Shorty","IDAHO ST",89,77.75,"B",71.5,71.2,66.4,60,3,1,0,NA,23.8,0,19.6,0.7,14.3,0,2,0,1,0,0,1,0,0,2,0,0,0,0,0,0,0,0,"25.00%",0,0,0,1,4,4,2,3,"42.90%",43,3,1,"1.60%","28.60%","42.90%","28.60%","14.30%","0.00%","25.00%",4,0,2,1,0,0,0,1
"D.J. Adams","CHATTNOOGA",61,77.72,"B",72,72.1,64.1,NA,5,2,0,NA,0,0,0,0,0,0,0,0,0,0,0,2,0,0,0,0,0,0,0,0,0,0,0,"0.00%",0,0,0,2,0,0,0,0,"0.00%",0,0,0,"0.00%","0.00%","0.00%","0.00%","0.00%","0.00%","0.00%",4,0,0,0,NA,0,0,0
"Garrison Heslop","NEWHVN",15,77.63,"B",75.5,63.2,81.6,NA,4,0,2,NA,0,0,0,0,0,5,0,0,0,0,0,0,0,0,0,0,0,0,0,0,0,0,0,"0.00%",2,0,0,0,0,0,0,0,"0.00%",0,0,0,"0.00%","0.00%","0.00%","0.00%","0.00%","0.00%","0.00%",4,0,0,0,NA,0,0,0
"Revis McClairen","DAVIDSON",27,77.56,"B",71.8,66.5,77.1,59.1,3,1,1,NA,0,0,0,0,0,1,0,0,0,1,0,0,0,0,0,0,0,0,0,0,0,0,0,"0.00%",1,0,0,1,0,0,0,0,"0.00%",0,0,0,"0.00%","0.00%","0.00%","0.00%","0.00%","0.00%","0.00%",2,0,0,0,0,0,0,0
"Antonio Hall","NWSTATE",19,77.32,"B",69.4,65.6,69.4,NA,4,2,1,NA,0,0,0,0,0,4,0,0,0,2,0,0,0,0,0,0,0,0,0,0,0,0,0,"0.00%",1,0,0,2,0,0,0,0,"0.00%",0,0,0,"0.00%","0.00%","0.00%","0.00%","0.00%","0.00%","0.00%",2,0,0,0,NA,0,0,0
"Dre Kirton","NEWHVN",33,76.18,"B",71.3,70.3,66.2,NA,1,0,0,NA,39.6,0,34,0,0,8,0,0,0,0,0,0,0,0,0,0,0,0,0,0,0,0,0,"0.00%",0,0,0,0,0,0,1,0,"0.00%",0,0,1,"0.00%","0.00%","0.00%","0.00%","100%","0.00%","0.00%",0,0,0,0,NA,0,0,0
"Derrick Murdock","ARKAPB",16,75.99,"B",72,72.4,61.9,NA,3,1,1,NA,39.6,0,13,0,0,10,0,1,0,1,0,0,0,0,0,0,0,0,0,0,0,0,0,"0.00%",0,0,0,1,1,0,1,0,"0.00%",0,0,0,"0.00%","0.00%","0.00%","0.00%","0.00%","0.00%","0.00%",2,0,0,0,NA,0,0,0
"Zech Pratt","LNDNWD",29,75.9,"B",71.2,74.1,52.3,NA,1,0,0,NA,39.6,1,24,0,0,0,0,0,0,0,0,0,0,0,0,0,0,0,0,0,0,0,0,"0.00%",0,0,0,1,1,0,1,0,"0.00%",0,0,1,"0.00%","0.00%","0.00%","0.00%","100%","0.00%","0.00%",1,0,0,0,NA,0,0,0
"Caleb McKenzie","FL A&M",25,75.67,"B",71.7,71.4,64.2,60,3,0,2,NA,42.4,0,8.7,0.24,4,6,0,2,0,0,0,0,0,0,0,1,0,0,0,0,0,0,0,"0.00%",0,1,0,0,0,0,1,1,"33.30%",4,0,0,"0.00%","0.00%","0.00%","0.00%","0.00%","0.00%","0.00%",2,0,0,2,0,0,0,0
"Bryson Hughley","NC A&T",28,75.46,"B",79.1,79,65.1,NA,5,1,2,NA,81.9,0,1.3,1.1,3.7,0,0,2,0,0,0,1,0,0,1,0,0,0,0,0,0,0,0,"0.00%",0,0,0,1,0,0,2,3,"100%",11,0,0,"0.00%","33.30%","0.00%","0.00%","0.00%","0.00%","0.00%",3,0,0,0,NA,0,0,0
"Christian Lyons","DAVIDSON",52,75.1,"B",68.6,68,67.5,59.3,2,1,0,NA,0,0,0,0,0,6,0,0,0,0,0,1,0,0,0,0,0,1,0,0,0,0,0,"0.00%",0,0,1,1,0,0,0,0,"0.00%",0,0,0,"0.00%","0.00%","0.00%","0.00%","0.00%","0.00%","0.00%",1,0,0,0,50,1,0,0
"Evin McDowell","MERCER",54,74.91,"B",75.1,75.2,65.9,NA,3,0,2,NA,71.5,0,8.7,0.32,5,13,0,2,0,0,0,0,0,0,0,0,0,0,0,0,0,0,0,"0.00%",0,0,0,0,0,0,2,2,"66.70%",10,0,1,"0.00%","0.00%","0.00%","0.00%","33.30%","0.00%","0.00%",2,0,0,0,NA,0,0,0
"Garrison Codde","DRAKE",64,74.49,"B",71.2,70.7,66.7,NA,3,0,1,NA,0,0,0,0,0,9,0,1,0,0,0,0,0,0,0,0,0,0,0,0,0,0,0,"0.00%",0,0,0,0,0,0,0,0,"0.00%",0,0,0,"0.00%","0.00%","0.00%","0.00%","0.00%","0.00%","0.00%",5,0,0,0,NA,0,0,0
"Austin Brown","CHARLES SO",23,74.32,"B",72.3,71.8,61,NA,2,0,1,NA,39.6,0,30,0,0,0,0,1,0,0,0,0,0,0,0,0,0,0,0,0,0,0,0,"0.00%",0,0,0,0,0,0,1,0,"0.00%",0,0,0,"0.00%","0.00%","0.00%","0.00%","0.00%","0.00%","0.00%",2,0,0,1,NA,0,0,0
"Chandler Perry","CHARLES SO",25,74.18,"B",70.2,66,67.7,67.5,3,2,0,NA,83.3,0,0.5,0.57,4,17,0,0,0,1,0,1,0,0,1,0,0,1,1,0,0,0,1,"0.00%",0,0,2,2,0,0,1,2,"100%",8,0,0,"0.00%","50.00%","0.00%","0.00%","0.00%","0.00%","0.00%",1,0,0,0,12.5,1,0,0
"Robert Dickerson","TENN TECH",15,74.17,"B",67.9,63.3,68.4,NA,3,2,0,NA,0,0,0,0,0,11,0,0,0,2,0,0,0,0,0,0,0,0,0,0,0,0,0,"0.00%",0,0,0,2,0,0,0,0,"0.00%",0,0,0,"0.00%","0.00%","0.00%","0.00%","0.00%","0.00%","0.00%",1,0,0,0,NA,0,0,0
"Carmaro Mayo","TXAMEA",35,74.11,"B",70.7,71.1,65,NA,3,2,0,NA,39.6,0,7,0,0,5,0,0,0,2,1,0,0,0,0,0,0,0,0,0,0,0,0,"25.00%",0,0,0,2,1,0,1,0,"0.00%",0,0,1,"0.00%","0.00%","0.00%","0.00%","100%","25.00%","0.00%",1,0,0,0,NA,0,0,0
"Mohammed Bility","PRVIEW A&M",26,74.06,"B",68.6,65.6,69.5,NA,2,2,0,NA,0,0,0,0,0,0,0,0,0,2,0,0,0,0,0,0,0,0,0,0,0,0,0,"0.00%",0,0,0,2,0,0,0,0,"0.00%",0,0,0,"0.00%","0.00%","0.00%","0.00%","0.00%","0.00%","0.00%",0,0,0,0,NA,0,0,0
"Kanijal Thomas","N ALABAMA",76,74.04,"B",57.4,52.9,74.2,NA,9,2,2,NA,55.7,1,13.1,0.98,14.3,4,0,0,1,0,0,2,0,1,3,0,0,0,0,0,0,0,0,"10.00%",2,1,0,2,5,5,0,3,"37.50%",43,2,1,"2.30%","37.50%","25.00%","0.00%","12.50%","0.00%","16.70%",9,0,0,2,NA,0,0,1
"Isaiah Watts","MOREHEAD",15,74.04,"B",73.9,80.3,47.8,NA,2,0,1,NA,0,0,15,0,0,0,1,1,0,0,1,0,0,0,0,0,0,0,0,0,0,0,0,"33.30%",0,0,0,0,1,0,2,0,"0.00%",0,0,0,"0.00%","0.00%","0.00%","100%","0.00%","100%","0.00%",2,0,1,0,NA,0,0,0
"Versie Walker","TXAMEA",17,74.03,"B",68,62.8,69.8,59.5,3,2,0,NA,0,0,0,0,0,7,0,0,0,2,1,0,0,0,0,0,0,0,1,0,0,0,0,"25.00%",0,0,1,2,1,0,0,0,"0.00%",0,0,0,"0.00%","0.00%","0.00%","0.00%","0.00%","25.00%","0.00%",1,0,0,0,25,1,0,0
"Anez Jordan","MERCYHURST",41,73.65,"B",69.5,68.3,66.7,NA,1,0,0,NA,39.6,1,27,0,0,3,0,0,1,0,0,0,0,0,0,0,0,0,0,0,0,0,0,"50.00%",0,0,0,0,1,1,1,0,"0.00%",0,0,1,"0.00%","0.00%","0.00%","0.00%","100%","0.00%","100%",1,0,0,0,NA,0,0,0
"Emmanuel Lane","MERCER",27,73.38,"B",72.2,68,75.1,NA,3,0,2,NA,0,0,0,0,0,1,0,1,1,0,0,0,0,0,0,0,0,0,0,0,0,0,0,"25.00%",1,0,0,0,1,1,1,0,"0.00%",0,0,0,"0.00%","0.00%","0.00%","0.00%","0.00%","0.00%","33.30%",2,0,0,0,NA,0,0,0
"Sabin McLaughlin","GARD-WEBB",31,72.97,"B",74.4,71.9,70.5,NA,4,1,2,NA,79.2,0,0,0.18,3,-12,0,1,0,1,0,0,0,1,0,0,0,0,0,0,0,0,0,"0.00%",1,1,0,1,0,0,1,1,"100%",3,0,0,"0.00%","0.00%","0.00%","0.00%","0.00%","0.00%","0.00%",3,0,0,0,NA,0,0,0
"Marcus Samuels","SCAR STATE",36,72.47,"B",73.2,72.5,65.6,NA,7,2,2,NA,102.1,0,5.5,0.81,8.5,0,0,2,0,1,0,1,0,0,0,0,0,0,0,0,0,0,0,"0.00%",0,0,0,2,1,1,2,2,"100%",17,1,0,"0.00%","0.00%","50.00%","0.00%","0.00%","0.00%","0.00%",2,0,0,0,NA,0,0,0
"Kenyatta Fleet","MCNEESE",40,72.42,"B",63.9,63.4,75,60,8,2,0,NA,78.6,1,7.1,2.04,9.4,0,0,0,0,2,0,0,0,0,0,0,0,0,0,0,0,0,0,"0.00%",0,0,0,2,4,4,1,5,"62.50%",47,4,1,"0.00%","0.00%","50.00%","0.00%","12.50%","0.00%","0.00%",4,0,0,1,0,0,0,0
"Cee Rhodes","TENN TECH",40,72.31,"B",68.4,66.6,68,NA,2,1,0,NA,0,0,0,0,0,13,0,0,0,1,0,0,0,0,0,0,0,0,0,0,0,0,0,"0.00%",0,0,0,1,0,0,0,0,"0.00%",0,0,0,"0.00%","0.00%","0.00%","0.00%","0.00%","0.00%","0.00%",0,0,0,0,NA,0,0,0
"Takhari Carr","MONTANA ST",37,72.3,"B",74.2,72.2,71.4,NA,3,2,1,NA,87.5,0,-0.5,0.59,5,0,0,1,0,1,0,1,0,0,0,0,0,0,0,0,0,0,0,"0.00%",0,0,0,2,0,0,1,2,"100%",10,0,0,"0.00%","0.00%","0.00%","0.00%","0.00%","0.00%","0.00%",1,0,0,0,NA,0,0,0
"Keyshawn Jackson","CHATTNOOGA",61,72.28,"B",71.9,70.5,70,NA,7,2,2,NA,112.5,0,3,0.31,11,5,0,2,0,1,0,1,0,0,0,0,0,0,0,0,0,0,0,"0.00%",0,0,0,2,1,1,1,1,"100%",11,1,0,"0.00%","0.00%","100%","0.00%","0.00%","0.00%","0.00%",6,0,0,0,NA,0,0,0
"Elijah McDowell","SAMFORD",55,72.08,"B",67.1,64.5,71.9,60,5,2,1,NA,64.6,0,10.8,0.74,10,4,0,0,0,1,0,1,0,0,0,0,0,0,0,0,0,0,0,"0.00%",1,0,0,2,1,1,0,2,"50.00%",20,1,0,"0.00%","0.00%","25.00%","0.00%","0.00%","0.00%","0.00%",2,0,1,2,0,0,0,0
"Dashawn Long","WAGNER",47,72.04,"B",79.7,82.6,53.9,NA,5,0,3,NA,93.8,0,7,1.39,7.8,0,0,3,0,0,0,0,0,0,0,1,0,0,0,0,1,0,0,"0.00%",0,1,0,0,3,2,3,5,"83.30%",39,2,0,"7.10%","0.00%","33.30%","0.00%","0.00%","0.00%","0.00%",5,0,0,1,NA,0,0,2
"Nicholas Humphries","DRAKE",63,71.97,"B",70.3,70.2,67.9,56.9,4,0,0,NA,0,0,0,0,0,9.5,0,0,0,0,0,0,0,0,0,0,0,0,0,0,0,0,0,"0.00%",0,0,0,0,0,0,0,0,"0.00%",0,0,0,"0.00%","0.00%","0.00%","0.00%","0.00%","0.00%","0.00%",4,0,0,0,0,0,0,0
"Shaun Niu Jr.","UTAHTC",41,71.8,"B",66.1,67,62.9,59.9,3,2,0,NA,0,0,0,0,0,0,0,0,0,2,0,0,0,0,0,0,0,0,0,0,0,0,0,"0.00%",0,0,0,2,1,0,0,0,"0.00%",0,0,0,"0.00%","0.00%","0.00%","0.00%","0.00%","0.00%","0.00%",0,0,0,0,0,0,0,0
"Alonzo Riddick","FORDHAM",32,71.73,"B",62.5,57,71.3,NA,7,1,2,NA,64.6,1,12.5,1.67,10,4.33,0,0,0,1,0,0,0,0,1,0,0,0,0,0,0,0,0,"0.00%",2,0,0,1,3,3,1,2,"50.00%",20,1,1,"0.00%","25.00%","25.00%","0.00%","25.00%","0.00%","0.00%",4,0,0,1,NA,0,0,0
"Steven Davis II","NC A&T",53,71.69,"B",69.3,68.3,67.2,NA,5,1,2,NA,64.6,0,9,0.48,4.3,2,0,1,1,1,1,0,0,0,1,1,0,0,0,0,1,0,0,"28.60%",1,1,0,1,3,2,3,3,"60.00%",13,0,2,"0.00%","20.00%","0.00%","0.00%","40.00%","33.30%","25.00%",7,0,0,0,NA,0,0,0
"Elijah Mathis","MONMOUTH",42,71.62,"B",71.9,71.8,63.4,NA,2,0,1,NA,0,0,0,0,0,0,0,1,0,0,0,0,0,0,0,0,0,0,0,0,0,0,0,"0.00%",0,0,0,0,0,0,1,0,"0.00%",0,0,0,"0.00%","0.00%","0.00%","0.00%","0.00%","0.00%","0.00%",1,0,0,0,NA,0,0,0
"Kenneth Ford","SE LA",32,71.62,"B",69.2,63.8,71.1,NA,4,0,2,NA,0,0,0,0,0,5.5,0,0,0,0,0,0,0,0,0,0,0,0,0,0,0,0,0,"0.00%",2,0,0,0,1,0,0,0,"0.00%",0,0,0,"0.00%","0.00%","0.00%","0.00%","0.00%","0.00%","0.00%",2,0,0,0,NA,0,0,0
"Jivon Oggs","E TENN ST",18,71.53,"B",70.3,64.6,72.6,60,1,0,1,NA,39.6,0,1,0,0,-4,0,0,0,0,0,0,0,1,0,0,0,1,0,0,0,0,0,"0.00%",1,1,1,0,0,0,0,0,"0.00%",0,0,0,"0.00%","0.00%","0.00%","0.00%","0.00%","0.00%","0.00%",1,0,0,1,50,1,0,0
"Omar Miller","VA MILT IN",24,71.46,"B",68.3,65.4,68.3,NA,2,1,0,NA,0,0,0,0,0,10,0,0,0,1,0,0,0,0,0,0,0,0,0,0,0,0,0,"0.00%",0,0,0,1,0,0,0,0,"0.00%",0,0,0,"0.00%","0.00%","0.00%","0.00%","0.00%","0.00%","0.00%",1,0,0,0,NA,0,0,0
"Caleb Holmes","LAMAR",42,71.4,"B",70.2,71.9,61.2,NA,4,0,2,NA,0,0,0,0,0,11,0,1,0,0,1,0,0,0,0,0,0,0,0,0,0,0,0,"20.00%",1,0,0,0,1,0,1,0,"0.00%",0,0,0,"0.00%","0.00%","0.00%","0.00%","0.00%","25.00%","0.00%",3,0,0,0,NA,0,0,0
"Troy Bean","CAL POLY",46,71.3,"B",69.5,82.5,53.7,47.9,6,1,1,NA,45.8,0,8,1,10,4.33,1,0,2,1,1,0,0,0,0,0,0,2,0,0,0,0,0,"33.30%",1,0,2,1,4,1,1,2,"66.70%",20,1,0,"0.00%","0.00%","33.30%","33.30%","0.00%","20.00%","50.00%",6,0,1,0,10,2,0,0
"Kamden Wyatt","MERRIMACK",34,71.24,"B",71.1,69,61.3,69.6,1,0,0,NA,62.5,1,5.5,0.75,9,0,0,0,0,0,0,0,0,0,2,0,0,0,1,0,0,0,0,"0.00%",0,0,1,0,1,1,1,2,"50.00%",18,1,1,"0.00%","50.00%","25.00%","0.00%","25.00%","0.00%","0.00%",1,0,0,1,25,1,0,0
"Amari McGill","MURRAY ST",31,70.51,"B",69.4,67.4,68.5,NA,4,0,2,NA,42.4,0,17.7,0.13,2,4.5,0,1,1,0,0,0,0,0,0,0,0,0,0,0,0,0,0,"20.00%",1,0,0,0,1,1,1,1,"33.30%",2,0,0,"0.00%","0.00%","0.00%","0.00%","0.00%","0.00%","33.30%",3,0,0,2,NA,0,0,0
"Tayden Gray","MONTANA ST",26,70.39,"B",69.1,65.7,69.6,NA,1,1,0,NA,0,0,0,0,0,0,0,0,0,1,0,0,0,0,0,0,0,0,0,0,0,0,0,"0.00%",0,0,0,1,0,0,0,0,"0.00%",0,0,0,"0.00%","0.00%","0.00%","0.00%","0.00%","0.00%","0.00%",0,0,0,0,NA,0,0,0
"Amori McNeil","MONMOUTH",39,70.23,"B",68,65.8,70.1,58.6,2,0,2,NA,42.4,0,4.3,0.18,4,0,0,1,0,0,0,0,0,1,0,0,0,0,0,0,0,0,0,"0.00%",1,1,0,0,1,1,1,1,"33.30%",4,0,0,"0.00%","0.00%","0.00%","0.00%","0.00%","0.00%","0.00%",2,0,0,2,0,0,0,0
"Cole Walker","WOFFORD",69,70.13,"B",61.8,60.6,65.8,NA,7,0,3,NA,61.6,1,13.6,1.24,11.4,7,0,3,0,0,0,0,0,0,0,0,0,0,0,0,0,0,0,"0.00%",0,0,0,0,5,5,1,5,"45.50%",57,4,1,"4.30%","0.00%","36.40%","0.00%","9.10%","0.00%","0.00%",6,0,0,3,NA,0,0,2
"Troy Santa Marina Jr.","NWSTATE",15,70.07,"B",70.5,64.1,72.3,NA,2,0,1,NA,0,0,0,0,0,4,0,0,0,0,0,0,0,0,0,0,0,0,0,0,0,0,0,"0.00%",1,0,0,0,0,0,0,0,"0.00%",0,0,0,"0.00%","0.00%","0.00%","0.00%","0.00%","0.00%","0.00%",1,0,0,0,NA,0,0,0
"Zach Coleman","INDIANA ST",34,69.92,"B",69.7,69.7,63.5,NA,3,1,0,NA,79.2,1,15.5,1.06,17,0,0,0,0,0,0,1,0,0,0,0,0,0,0,0,0,0,0,"0.00%",0,0,0,1,1,1,1,1,"50.00%",17,1,1,"6.30%","0.00%","50.00%","0.00%","50.00%","0.00%","0.00%",2,0,0,0,NA,0,0,1
"Brendan Robinson","WM & MARY",20,69.61,"B",69.5,69,60,NA,2,1,0,NA,60.4,1,4.5,0.47,8,0,0,0,0,0,0,1,0,0,0,0,0,0,0,0,0,0,0,"0.00%",0,0,0,1,1,1,1,1,"50.00%",8,0,1,"0.00%","0.00%","0.00%","0.00%","50.00%","0.00%","0.00%",1,0,0,0,NA,0,0,0
"James Gamble V","MORGAN ST",27,69.5,"B",68.2,66,67.3,NA,1,0,0,NA,0,0,0,0,0,25,0,0,0,0,0,0,0,0,0,0,0,0,0,0,0,0,0,"0.00%",0,0,0,0,0,0,0,0,"0.00%",0,0,0,"0.00%","0.00%","0.00%","0.00%","0.00%","0.00%","0.00%",1,0,0,0,NA,0,0,0
"Curtis Whiting","SACR HEART",15,69.42,"B",71,65.3,70,58.6,2,0,1,NA,39.6,0,6,0,0,-1,0,0,0,0,0,0,0,1,0,0,0,0,0,0,0,0,0,"0.00%",1,1,0,0,0,0,0,0,"0.00%",0,0,0,"0.00%","0.00%","0.00%","0.00%","0.00%","0.00%","0.00%",1,0,0,1,0,0,0,0
"Jayden Hancock","CHARLES SO",47,69.39,"B",72.5,72.8,62.4,60,4,1,2,NA,85.4,0,2.3,0.6,4.5,0,0,2,0,0,0,1,0,0,2,1,0,0,0,0,0,0,0,"0.00%",0,1,0,1,1,1,2,4,"100%",18,3,0,"0.00%","50.00%","75.00%","0.00%","0.00%","0.00%","0.00%",4,0,0,0,0,0,0,0
"Terahiti Wolfe","PORTLAND",33,69.26,"B",64.8,67.1,59.1,NA,4,1,2,NA,39.6,0,21,0,0,5,0,0,0,1,1,0,0,0,0,0,0,0,0,0,0,0,0,"20.00%",2,0,0,1,1,0,0,0,"0.00%",0,0,0,"0.00%","0.00%","0.00%","0.00%","0.00%","25.00%","0.00%",2,0,0,1,NA,0,0,0
"Julian Green","HOWARD",54,69.25,"B",71.5,71.4,63.2,NA,5,0,2,NA,66.9,0,10.3,1.21,8,0,0,2,0,0,0,0,0,0,0,0,0,0,0,0,0,0,0,"0.00%",0,0,0,0,2,2,3,5,"55.60%",40,1,2,"0.00%","0.00%","11.10%","0.00%","22.20%","0.00%","0.00%",5,0,0,2,NA,0,0,0
"Byron Davis","TENN STATE",31,69.22,"B",69,74.4,46.2,NA,NA,0,0,NA,39.6,1,14,0,0,0,0,NA,NA,NA,NA,NA,0,NA,0,NA,0,0,0,0,0,0,0,NA,NA,0,0,NA,1,0,1,0,"0.00%",0,0,1,"0.00%","0.00%","0.00%","0.00%","100%",NA,NA,0,0,0,0,NA,0,0,0
"Josh Wiggins","HOUCHR",57,69.22,"B",65.9,66.3,63.3,NA,5,1,1,NA,39.6,0,4,0,0,9.25,0,0,0,1,0,0,0,0,1,0,0,0,0,0,0,0,0,"0.00%",1,0,0,1,1,0,0,0,"0.00%",0,0,0,"0.00%","100%","0.00%","0.00%","0.00%","0.00%","0.00%",3,0,0,1,NA,0,0,0
"Jacoby Davis","ABILENE CH",41,69.01,"B",62,60.7,64.8,NA,6,3,1,NA,39.6,0,10,0,0,0,0,1,1,3,1,0,0,0,0,0,0,0,0,0,0,0,0,"25.00%",0,0,0,3,3,2,0,0,"0.00%",0,0,0,"0.00%","0.00%","0.00%","0.00%","0.00%","25.00%","25.00%",3,0,0,1,NA,0,0,0
"Tommie Anderson","SOUTHERN U",29,68.99,"B",63.6,61,68,NA,2,0,0,NA,39.6,0,29,0,0,16.5,0,0,0,0,0,0,0,0,0,0,0,0,0,0,0,0,0,"0.00%",0,0,0,0,1,1,1,0,"0.00%",0,0,0,"0.00%","0.00%","0.00%","0.00%","0.00%","0.00%","0.00%",1,0,0,2,NA,0,0,0
"Romero Lavalais Jr.","ALBANY",28,68.79,"B",64.9,63.6,64.2,NA,1,0,0,NA,79.2,1,9.7,0.28,5,47,0,0,0,0,0,0,1,0,0,0,0,0,0,0,0,0,0,"0.00%",0,0,0,0,2,2,2,1,"16.70%",5,1,2,"0.00%","0.00%","16.70%","0.00%","33.30%","0.00%","0.00%",0,0,0,2,NA,0,0,0
"James Monds III","DUQUESNE",38,68.73,"B",68.1,62.4,70,NA,3,0,0,NA,0,0,0,0,0,17.67,0,0,0,0,0,0,0,0,0,0,0,0,0,0,0,0,0,"0.00%",0,0,0,0,0,0,0,0,"0.00%",0,0,0,"0.00%","0.00%","0.00%","0.00%","0.00%","0.00%","0.00%",2,0,0,0,NA,0,0,0
"Dayshawn McGee","SE LA",21,68.37,"B",69.6,64.3,71.2,NA,2,0,0,NA,0,0,0,0,0,6.5,0,0,0,0,0,0,0,0,0,0,0,0,0,0,0,0,0,"0.00%",0,0,0,0,0,0,0,0,"0.00%",0,0,0,"0.00%","0.00%","0.00%","0.00%","0.00%","0.00%","0.00%",0,0,0,0,NA,0,0,0
"AK Burrell","FURMAN",46,68.36,"B",59.9,55.4,69,56.1,5,1,3,NA,0,0,0,0,0,4.5,0,0,0,1,0,0,0,0,0,0,0,0,0,0,0,0,0,"0.00%",3,0,0,1,4,1,0,0,"0.00%",0,0,0,"0.00%","0.00%","0.00%","0.00%","0.00%","0.00%","0.00%",6,0,0,0,0,0,0,0
"CJ Gilmore","E TENN ST",59,68.22,"B",72.2,70.1,70.5,NA,3,0,1,NA,56.3,0,9.7,1,5.3,3,0,0,0,0,0,0,0,0,0,0,0,0,0,0,0,0,0,"0.00%",1,0,0,0,1,1,2,3,"50.00%",16,1,0,"0.00%","0.00%","16.70%","0.00%","0.00%","0.00%","0.00%",1,0,0,3,NA,0,0,0
"Isaiah Pinks","N IOWA",71,68.18,"B",70.9,70.6,64.9,NA,1,0,0,NA,0,0,0,0,0,0,0,0,0,0,0,0,0,0,0,0,0,0,0,0,0,0,0,"0.00%",0,0,0,0,0,0,0,0,"0.00%",0,0,0,"0.00%","0.00%","0.00%","0.00%","0.00%","0.00%","0.00%",1,0,0,0,NA,0,0,0
"Aa'zoriyon Bonner","W ILLINOIS",30,67.96,"B",60.5,64.5,66.1,56.4,4,2,1,NA,136.1,1,17.7,2.33,14,0,0,1,0,2,0,0,1,0,0,0,0,0,1,0,0,0,1,"0.00%",0,0,1,2,2,1,1,2,"66.70%",28,1,1,"8.30%","0.00%","33.30%","0.00%","33.30%","0.00%","0.00%",2,0,0,0,0,0,0,1
"Kian Kelly","BUTLER",29,67.72,"B",67,67.7,61.8,58.3,1,0,0,NA,0,0,0,0,0,0,0,0,0,0,0,0,0,0,0,0,0,0,1,0,0,0,0,"0.00%",0,0,1,0,0,0,0,0,"0.00%",0,0,0,"0.00%","0.00%","0.00%","0.00%","0.00%","0.00%","0.00%",1,0,0,0,50,1,0,0
"Amyrion Mingo","MCNEESE",29,67.43,"B",69.1,65.4,61.8,60,NA,0,0,NA,39.6,0,18,0,0,0,0,NA,NA,NA,NA,NA,0,NA,0,NA,0,0,1,0,0,0,0,NA,NA,0,1,NA,0,0,0,0,"0.00%",0,0,0,"0.00%","0.00%","0.00%","0.00%","0.00%",NA,NA,1,0,0,1,50,1,0,0
"Jameson Wharton","TENN TECH",29,67.02,"B",65.1,65.9,63,55.6,NA,0,0,NA,0,0,0,0,0,0,1,NA,NA,NA,NA,NA,0,NA,0,NA,0,0,0,0,0,0,0,NA,NA,0,0,NA,0,0,0,0,"0.00%",0,0,0,"0.00%","0.00%","0.00%","0.00%","0.00%",NA,NA,1,0,1,0,0,0,0,0
"Donavin Green","MS VLY ST",40,66.99,"B",62.3,57.6,73.3,NA,3,1,2,NA,58.3,0,19,0.41,7,1,0,1,0,1,0,0,0,0,0,0,0,0,0,0,0,0,0,"0.00%",1,0,0,1,2,2,1,1,"50.00%",7,1,0,"0.00%","0.00%","50.00%","0.00%","0.00%","0.00%","0.00%",2,0,0,0,NA,0,0,0
"Wendell Smith","TENN MARTN",23,66.93,"B",68.1,67.1,61.2,NA,1,1,0,NA,0,0,0,0,0,0,0,0,0,0,0,1,0,0,0,0,0,0,0,0,0,0,0,"0.00%",0,0,0,1,0,0,0,0,"0.00%",0,0,0,"0.00%","0.00%","0.00%","0.00%","0.00%","0.00%","0.00%",0,0,0,0,NA,0,0,0
"Lono Solomon","PORTLAND",58,66.89,"B",61.6,61.5,58.9,66.1,7,3,2,NA,62.5,0,7.5,0.35,9,3.25,1,0,2,3,3,0,1,2,1,0,0,0,1,0,0,0,0,"41.70%",2,2,1,3,6,3,3,1,"50.00%",9,1,0,"0.00%","50.00%","50.00%","50.00%","0.00%","30.00%","100%",8,0,1,0,0,0,0,0
"Quan Peterson","AUSTINPEAY",25,66.86,"B",67.3,64.6,67.3,60,2,0,0,NA,0,0,0,0,0,7,0,0,0,0,0,0,0,0,0,0,0,0,0,0,0,0,0,"0.00%",0,0,0,0,0,0,0,0,"0.00%",0,0,0,"0.00%","0.00%","0.00%","0.00%","0.00%","0.00%","0.00%",2,0,0,0,0,0,0,0
"Taylor Smallwood","GARD-WEBB",45,66.75,"B",64.5,69.2,50.1,58.3,4,1,1,NA,0,1,0,0,0,4.5,0,0,1,1,1,0,0,0,0,0,0,0,0,0,0,0,0,"33.30%",1,0,0,1,3,1,1,0,"0.00%",0,0,1,"0.00%","0.00%","0.00%","0.00%","0.00%","25.00%","50.00%",3,0,0,0,0,0,0,0
"Tahseen Howard","ROB MORRIS",67,66.74,"B",67.1,63.5,76.5,NA,4,0,2,NA,60.4,0,8,0.36,8,3,0,0,0,0,0,0,0,0,0,0,0,0,0,0,0,0,0,"0.00%",2,0,0,0,2,2,0,2,"50.00%",16,1,0,"0.00%","0.00%","25.00%","0.00%","0.00%","0.00%","0.00%",3,0,0,2,NA,0,0,0
"Dallas Johnson","N ALABAMA",50,66.74,"B",64.2,61.9,68.4,NA,4,0,0,NA,39.6,0,13,0,0,12,0,0,0,0,0,0,0,0,0,0,0,0,0,0,0,0,0,"0.00%",0,0,0,0,1,1,0,0,"0.00%",0,0,0,"0.00%","0.00%","0.00%","0.00%","0.00%","0.00%","0.00%",2,0,0,3,NA,0,0,0
"Kai Callen","IDAHO ST",71,66.39,"B",66.3,65.7,65.5,58.8,1,0,0,NA,47.9,1,5,0.26,13,0,0,0,0,0,0,0,0,0,1,0,1,0,0,0,0,0,0,"0.00%",0,0,0,0,2,2,1,1,"33.30%",13,1,1,"0.00%","33.30%","33.30%","0.00%","33.30%","0.00%","0.00%",0,0,0,0,0,0,0,0
"Quinton Griffin","MOREHEAD",31,66.38,"B",70.8,67.5,71.7,NA,2,2,0,NA,83.3,0,-2,0.17,4,0,0,0,0,1,0,1,0,0,0,0,0,0,0,0,0,0,0,"0.00%",0,0,0,2,0,0,0,1,"100%",4,0,0,"0.00%","0.00%","0.00%","0.00%","0.00%","0.00%","0.00%",0,0,0,0,NA,0,0,0
"Jackson Daniels","IDAHO ST",94,66.36,"B",65.7,66.1,59.4,NA,7,1,2,NA,60.4,1,12.9,0.86,10.8,6,0,1,3,0,1,1,0,0,7,0,1,0,0,0,0,0,0,"36.40%",1,0,0,1,7,6,4,5,"45.50%",54,4,1,"0.00%","63.60%","36.40%","0.00%","9.10%","25.00%","42.90%",9,0,0,2,NA,0,0,0
"Jamaree Gibson","MAINE",59,66.2,"B",72.1,70.5,70.6,59.7,4,0,0,NA,134.7,1,13.7,0.96,13.5,17.33,0,0,0,0,0,0,1,0,1,0,0,0,0,0,0,0,0,"0.00%",0,0,0,0,1,1,1,2,"66.70%",27,2,1,"3.60%","33.30%","66.70%","0.00%","33.30%","0.00%","0.00%",2,0,0,1,0,0,0,1
"Dillon Conway","E ILLINOIS",25,66.06,"B",61.8,57.5,68.7,NA,4,1,0,NA,0,0,0,0,0,7,0,0,0,0,0,1,0,0,0,0,0,0,0,0,0,0,0,"0.00%",0,0,0,1,1,1,0,0,"0.00%",0,0,0,"0.00%","0.00%","0.00%","0.00%","0.00%","0.00%","0.00%",2,0,0,0,NA,0,0,0
"Carter Hewitt","TXRG",28,65.99,"B",66.6,69.1,49.3,65.3,3,0,0,NA,84,1,12.3,1.58,9.5,14,0,0,0,0,0,0,0,0,0,0,1,0,1,0,0,0,0,"0.00%",0,0,1,0,2,1,1,2,"66.70%",19,1,1,"0.00%","0.00%","33.30%","0.00%","33.30%","0.00%","0.00%",2,0,0,0,50,0,0,0
"Nick Collins Jr.","DUQUESNE",15,65.99,"B",62.1,NA,62.3,NA,3,1,0,NA,NA,0,NA,NA,NA,8,NA,0,0,1,0,0,NA,0,NA,0,0,0,0,0,0,0,0,"0.00%",0,0,0,1,1,NA,NA,NA,NA,NA,NA,NA,NA,NA,NA,NA,NA,"0.00%","0.00%",2,0,0,NA,NA,0,0,NA
"Jakobi Spence","SO UTAH",61,65.95,"B",67.8,69.5,53.8,NA,1,0,2,NA,0,0,0,0,0,-1,0,0,0,0,0,0,0,1,0,0,0,0,0,0,0,0,0,"0.00%",1,1,0,0,1,0,0,0,"0.00%",0,0,0,"0.00%","0.00%","0.00%","0.00%","0.00%","0.00%","0.00%",2,0,0,0,NA,0,0,0
"Zach Williams","ALABAMA ST",25,65.83,"B",64.7,65.1,63,58.3,1,1,0,NA,0,0,0,0,0,0,0,0,0,0,0,1,0,0,0,0,0,0,0,0,0,0,0,"0.00%",0,0,0,1,0,0,0,0,"0.00%",0,0,0,"0.00%","0.00%","0.00%","0.00%","0.00%","0.00%","0.00%",0,0,0,0,0,0,0,0
"Jackson Waid","TXRG",42,65.81,"B",65.1,58,76.2,59.4,6,3,1,NA,91.7,0,1,1.14,6,3,0,0,0,2,0,1,0,0,0,0,0,0,0,0,0,0,0,"0.00%",1,0,0,3,2,2,0,4,"100%",24,1,0,"0.00%","0.00%","25.00%","0.00%","0.00%","0.00%","0.00%",1,0,0,0,0,0,0,0
"Savionne Rogers","CITADEL",23,65.72,"B",70.6,64.5,68.1,68.4,3,0,2,NA,87.5,0,-4.3,1.67,5,0,0,1,0,0,0,0,0,1,3,0,0,0,1,0,0,0,0,"0.00%",1,1,1,0,1,1,1,3,"100%",15,0,0,"0.00%","100%","0.00%","0.00%","0.00%","0.00%","0.00%",2,0,0,0,25,0,0,0
"Davonta Morgan Collins","STF AUSTIN",18,65.62,"B",67.6,64.3,66.3,NA,2,2,0,NA,79.2,0,18,1.79,25,0,1,0,0,1,0,1,0,0,0,0,0,0,0,0,0,0,0,"0.00%",0,0,0,2,1,1,1,1,"100%",25,1,0,"7.10%","0.00%","100%","100%","0.00%","0.00%","0.00%",0,0,1,0,NA,0,0,1
"Spencer Davila","STHLSK",26,65.58,"B",72.8,71.2,62.1,66.9,1,0,1,NA,79.2,0,0,0.08,1,0,0,1,0,0,0,0,0,0,0,0,0,1,0,0,0,0,0,"0.00%",0,0,1,0,0,0,1,1,"100%",1,0,0,"0.00%","0.00%","0.00%","0.00%","0.00%","0.00%","0.00%",1,0,0,0,25,0,0,0
"Kyree Lewis","SAMFORD",17,65.53,"B",66.6,64.9,64,NA,1,1,0,NA,39.6,0,8,0,0,0,0,0,0,1,0,0,0,0,0,0,0,0,0,0,0,0,0,"0.00%",0,0,0,1,0,0,0,0,"0.00%",0,0,0,"0.00%","0.00%","0.00%","0.00%","0.00%","0.00%","0.00%",0,0,0,1,NA,0,0,0
"Justyn Toler","COLGATE",64,65.36,"B",68,67.6,63.9,NA,3,0,1,NA,60.4,1,7.7,0.67,8,0,0,1,1,0,0,0,0,0,0,0,0,0,0,0,0,0,0,"25.00%",0,0,0,0,3,3,2,3,"50.00%",24,1,1,"2.80%","0.00%","16.70%","0.00%","16.70%","0.00%","25.00%",4,0,0,0,NA,0,0,1
"Jonathan Landry","SO UTAH",32,65.21,"B",67.1,66.6,62.7,NA,NA,0,0,NA,39.6,0,21.5,0,0,0,0,NA,NA,NA,NA,NA,0,NA,0,NA,0,0,0,0,0,0,0,NA,NA,0,0,NA,0,0,0,0,"0.00%",0,0,0,"0.00%","0.00%","0.00%","0.00%","0.00%",NA,NA,0,0,0,1,NA,0,0,0
"Darvens Tunis","YNGTOWN ST",43,65.16,"B",71.4,68.2,73.6,NA,5,1,0,NA,87.5,0,-3.5,0.45,5,7.5,0,0,0,1,0,0,0,0,0,0,0,0,0,0,0,0,0,"0.00%",0,0,0,1,0,0,0,2,"100%",10,1,0,"0.00%","0.00%","50.00%","0.00%","0.00%","0.00%","0.00%",3,0,0,0,NA,0,0,0
"Will Hawkins","MS VLY ST",38,65.02,"B",70.4,69.6,66.2,NA,6,1,2,NA,118.8,0,12,4.07,15.3,16,0,2,0,0,0,1,0,0,0,0,0,0,0,0,0,0,0,"0.00%",0,0,0,1,1,1,2,4,"100%",61,1,0,"6.70%","0.00%","25.00%","0.00%","0.00%","0.00%","0.00%",4,0,0,0,NA,0,0,1
"Luciano Corpora-Ellis","MOREHEAD",33,64.77,"B",64.5,66.1,58.8,NA,2,1,1,NA,39.6,0,21,0,0,1,0,0,0,1,1,0,0,0,0,0,0,0,0,0,0,0,0,"33.30%",1,0,0,1,1,0,0,0,"0.00%",0,0,0,"0.00%","0.00%","0.00%","0.00%","0.00%","33.30%","0.00%",1,0,0,1,NA,0,0,0
"Jakari Nicely","VA MILT IN",20,64.73,"B",57.7,51.9,64.6,56.9,4,2,1,NA,0,0,0,0,0,0,0,1,0,2,0,0,0,0,0,0,0,0,0,0,0,0,0,"0.00%",0,0,0,2,1,0,0,0,"0.00%",0,0,0,"0.00%","0.00%","0.00%","0.00%","0.00%","0.00%","0.00%",1,0,0,0,0,0,0,0
"Aundre Gibson","N ARIZONA",30,64.72,"B",70.1,69.1,65.1,NA,4,1,1,NA,82.6,0,1,0.95,9,0,0,1,0,1,0,0,0,0,0,0,0,0,0,0,0,0,0,"0.00%",0,0,0,1,0,0,0,2,"66.70%",18,0,0,"0.00%","0.00%","0.00%","0.00%","0.00%","0.00%","0.00%",2,0,0,1,NA,0,0,0
"Nathan Nwagwu","ALABAMA ST",43,64.57,"B",65.8,66.7,59.3,NA,1,0,1,NA,0,0,0,0,0,0,0,1,0,0,0,0,0,0,0,0,0,0,0,0,0,0,0,"0.00%",0,0,0,0,1,0,0,0,"0.00%",0,0,0,"0.00%","0.00%","0.00%","0.00%","0.00%","0.00%","0.00%",0,0,0,0,NA,0,0,0
"Ryan Tyler Williams","BRYANT",34,64.56,"B",58.3,64.1,53.1,NA,5,2,1,NA,0,0,0,0,0,4.67,0,0,0,2,1,0,0,0,0,0,0,0,0,0,0,0,0,"16.70%",1,0,0,2,3,0,0,0,"0.00%",0,0,0,"0.00%","0.00%","0.00%","0.00%","0.00%","16.70%","0.00%",3,0,0,0,NA,0,0,0
"Kaleb Quammie","N COLORADO",50,64.35,"B",67.4,67.9,69.9,47.4,4,1,0,NA,91.7,0,5,0.32,6,9,0,0,1,1,0,0,0,0,0,0,0,2,0,0,0,0,0,"20.00%",0,0,2,1,1,1,0,1,"100%",6,0,0,"0.00%","0.00%","0.00%","0.00%","0.00%","0.00%","50.00%",2,0,0,0,50,2,0,0
"Rico Clay","ILL STATE",27,64.29,"B",67.1,66.1,63.2,NA,1,0,0,NA,61.8,1,10.7,1.05,23,9,0,0,0,0,0,0,0,0,0,0,0,0,0,0,0,0,0,"0.00%",0,0,0,0,1,1,1,1,"33.30%",23,1,1,"4.50%","0.00%","33.30%","0.00%","33.30%","0.00%","0.00%",1,0,0,1,NA,0,0,1
"Chris Hudson","NEWHVN",46,64.25,"B",61.4,66.1,52,NA,5,1,2,NA,47.9,1,12.7,0.76,13,2.5,0,0,0,1,2,0,0,0,0,0,0,0,0,0,0,0,0,"28.60%",2,0,0,1,3,1,1,1,"33.30%",13,1,1,"0.00%","0.00%","33.30%","0.00%","33.30%","40.00%","0.00%",6,0,0,1,NA,0,0,0
"Joey Davis","MS VLY ST",41,64.15,"B",67.8,67.6,63.3,59.7,4,2,2,NA,88.3,0,11.4,1.24,6.5,0,0,2,2,0,0,2,0,0,0,0,0,0,0,0,0,0,0,"33.30%",0,0,0,2,2,2,2,4,"80.00%",26,0,0,"0.00%","0.00%","0.00%","0.00%","0.00%","0.00%","33.30%",4,0,0,1,0,0,0,0
"Omar Ibrahim","MONMOUTH",34,64.12,"B",65.8,62.7,70.6,NA,2,0,2,NA,56.3,0,3.5,0.22,4,1,0,1,0,0,0,0,0,0,0,0,0,0,0,0,0,0,0,"0.00%",1,0,0,0,1,1,1,1,"50.00%",4,0,0,"0.00%","0.00%","0.00%","0.00%","0.00%","0.00%","0.00%",2,0,0,0,NA,0,0,0
"Fitzroy Ledgister","PRVIEW A&M",15,64.06,"B",65.6,63.8,63.5,NA,1,0,0,NA,0,0,0,0,0,12,0,0,0,0,0,0,0,0,0,0,0,0,0,0,0,0,0,"0.00%",0,0,0,0,0,0,0,0,"0.00%",0,0,0,"0.00%","0.00%","0.00%","0.00%","0.00%","0.00%","0.00%",0,0,0,0,NA,0,0,0
"Eric Jones","ELON",47,64,"B",68.1,67.8,62.9,59.7,3,0,1,NA,96.5,1,12.5,1.81,14,0,0,1,0,0,0,0,0,0,0,0,0,0,0,0,0,0,0,"0.00%",0,0,0,0,2,2,3,4,"66.70%",56,2,2,"6.50%","0.00%","33.30%","0.00%","33.30%","0.00%","0.00%",3,0,0,0,0,0,0,2
"Makai Frisby","STF AUSTIN",25,63.94,"B",63.1,65.7,55.3,NA,1,0,0,NA,0,0,13,0,0,0,1,0,1,0,0,0,0,0,0,0,0,0,0,0,0,0,0,"50.00%",0,0,0,0,2,1,1,0,"0.00%",0,0,0,"0.00%","0.00%","0.00%","100%","0.00%","0.00%","50.00%",2,0,1,1,NA,0,0,0
"Khalil Cueva","SAN DIEGO",18,63.84,"B",67.1,66,61.8,NA,2,0,0,NA,0,0,0,0,0,0,0,0,0,0,0,0,0,0,0,0,0,0,0,0,0,0,0,"0.00%",0,0,0,0,0,0,0,0,"0.00%",0,0,0,"0.00%","0.00%","0.00%","0.00%","0.00%","0.00%","0.00%",1,0,0,0,NA,0,0,0
"Chaas McCoy","RHODE ISLD",64,63.74,"B",63.9,63.5,63.2,59.2,5,1,1,NA,39.6,0,8.3,0.26,6,1,0,0,2,1,0,0,0,1,2,0,0,0,0,0,0,0,0,"28.60%",1,1,0,1,4,3,2,1,"25.00%",6,0,1,"0.00%","50.00%","0.00%","0.00%","25.00%","0.00%","50.00%",3,0,0,2,0,0,0,0
"Phillip Harris","NEW HAMP",37,63.58,"B",61.4,72.3,45.2,56.8,6,2,2,NA,75.7,0,9,0.93,6.5,6,0,1,0,1,1,1,0,1,2,0,0,0,0,0,0,0,0,"14.30%",1,1,0,2,4,0,1,2,"66.70%",13,1,0,"0.00%","66.70%","33.30%","0.00%","0.00%","25.00%","0.00%",6,0,0,1,0,0,0,0
"Damarcus Batiste","MOREHEAD",25,63.55,"B",68,67.7,60.1,NA,1,0,0,NA,0,0,0,0,0,0,0,0,0,0,0,0,0,0,0,0,0,0,0,0,0,0,0,"0.00%",0,0,0,0,0,0,0,0,"0.00%",0,0,0,"0.00%","0.00%","0.00%","0.00%","0.00%","0.00%","0.00%",0,0,0,0,NA,0,0,0
"Kemani Wilson","TXAMEA",51,63.31,"B",60.1,55,66.5,76,4,0,1,NA,77.1,0,21,0.57,16,13,0,1,0,0,0,0,0,0,0,0,0,0,0,0,0,1,0,"0.00%",0,0,1,0,3,3,0,1,"50.00%",16,1,0,"3.60%","0.00%","50.00%","0.00%","0.00%","0.00%","0.00%",4,0,0,1,100,1,0,1
"Brian Harris","MONTANA ST",22,63.3,"B",66.9,66.2,61.5,NA,1,0,0,NA,0,0,0,0,0,0,0,0,0,0,0,0,0,0,0,0,0,0,0,0,0,0,0,"0.00%",0,0,0,0,0,0,0,0,"0.00%",0,0,0,"0.00%","0.00%","0.00%","0.00%","0.00%","0.00%","0.00%",1,0,0,0,NA,0,0,0
"Jonathan Brown","MS VLY ST",17,63.01,"B",62,63.7,57.8,NA,1,1,0,NA,39.6,0,17,0,0,0,0,0,0,1,0,0,0,0,0,0,0,0,0,0,0,0,0,"0.00%",0,0,0,1,1,0,0,0,"0.00%",0,0,0,"0.00%","0.00%","0.00%","0.00%","0.00%","0.00%","0.00%",0,0,0,1,NA,0,0,0
"Jacob Davis","PRVIEW A&M",25,63,"B",66.5,65.9,62.4,NA,NA,0,0,NA,0,0,0,0,0,0,0,NA,NA,NA,NA,NA,0,NA,0,NA,0,0,0,0,0,0,0,NA,NA,0,0,NA,0,0,0,0,"0.00%",0,0,0,"0.00%","0.00%","0.00%","0.00%","0.00%",NA,NA,1,0,0,0,NA,0,0,0
"Jalen O'Neal","PRVIEW A&M",41,62.91,"B",61.4,60.3,65.9,58.3,2,0,1,NA,0,0,0,0,0,4,0,0,0,0,0,0,0,0,0,0,0,0,0,0,0,0,0,"0.00%",1,0,0,0,1,1,0,0,"0.00%",0,0,0,"0.00%","0.00%","0.00%","0.00%","0.00%","0.00%","0.00%",2,0,0,0,0,0,0,0
"Antonio Martin","ROB MORRIS",22,62.85,"B",63.5,63,60.4,NA,2,0,0,NA,41.7,0,28.5,1.29,18,0,1,0,0,0,0,0,0,0,0,0,0,0,0,0,0,0,0,"0.00%",0,0,0,0,2,2,1,1,"50.00%",18,1,0,"7.10%","0.00%","50.00%","50.00%","0.00%","0.00%","0.00%",2,0,1,1,NA,0,0,1
"Joshua Jones","LEHIGH",17,62.79,"B",66.9,66.3,60.3,NA,1,0,0,NA,0,0,0,0,0,0,0,0,0,0,0,0,0,0,0,0,0,0,0,0,0,0,0,"0.00%",0,0,0,0,0,0,0,0,"0.00%",0,0,0,"0.00%","0.00%","0.00%","0.00%","0.00%","0.00%","0.00%",1,0,0,0,NA,0,0,0
"David Williams","GARD-WEBB",26,62.6,"B",66.5,65.9,61.9,NA,NA,0,0,NA,0,0,0,0,0,0,0,NA,NA,NA,NA,NA,0,NA,0,NA,0,0,0,0,0,0,0,NA,NA,0,0,NA,0,0,0,0,"0.00%",0,0,0,"0.00%","0.00%","0.00%","0.00%","0.00%",NA,NA,0,0,0,0,NA,0,0,0
"Terry Lewis II","MURRAY ST",48,62.59,"B",72.8,72.6,63.3,NA,4,2,0,NA,86.1,0,-2,0.52,4.7,0,0,0,1,0,0,2,0,0,3,0,0,0,0,0,0,0,0,"20.00%",0,0,0,2,1,1,2,3,"100%",14,1,0,"0.00%","100%","33.30%","0.00%","0.00%","0.00%","20.00%",2,0,0,0,NA,0,0,0
"mir Haskett","MONMOUTH",32,62.54,"B",64.8,62.5,67.7,NA,4,2,1,NA,120.8,0,11.3,1.06,8.5,11,0,1,0,1,0,1,1,0,0,0,0,0,0,0,0,0,0,"0.00%",0,0,0,2,1,1,1,2,"66.70%",17,1,1,"0.00%","0.00%","33.30%","0.00%","33.30%","0.00%","0.00%",1,0,0,0,NA,0,0,0
"Tramayne Bullock","RICHMOND",29,62.54,"B",67.1,66.1,64,NA,1,0,0,NA,0,0,0,0,0,0,0,0,0,0,0,0,0,0,0,0,0,0,0,0,0,0,0,"50.00%",0,0,0,0,0,0,0,0,"0.00%",0,0,0,"0.00%","0.00%","0.00%","0.00%","0.00%","0.00%","0.00%",0,0,0,0,NA,0,0,0
"Ryan Tillman","UTAHTC",47,62.2,"B",61.5,69,40.4,NA,2,0,0,NA,39.6,0,51,0,0,0,0,0,0,0,0,0,0,0,0,0,0,0,0,0,0,0,0,"0.00%",0,0,0,0,2,0,0,0,"0.00%",0,0,0,"0.00%","0.00%","0.00%","0.00%","0.00%","0.00%","0.00%",0,0,0,0,NA,0,0,0
"Langston Blair","BUCKNELL",17,62.12,"B",65.4,64.8,61.6,NA,1,0,0,NA,0,0,0,0,0,0,0,0,0,0,0,0,0,0,0,0,0,0,0,0,0,0,0,"0.00%",0,0,0,0,0,0,0,0,"0.00%",0,0,0,"0.00%","0.00%","0.00%","0.00%","0.00%","0.00%","0.00%",0,0,0,0,NA,0,0,0
"Darren Burton II","NEW HAMP",32,62.07,"B",71.9,76.2,56.1,60,3,0,2,NA,79.2,0,-4.5,0.15,1,4,0,1,0,0,1,0,0,0,2,1,0,0,0,0,0,0,0,"25.00%",1,1,0,0,1,0,2,2,"100%",2,0,0,"0.00%","100%","0.00%","0.00%","0.00%","50.00%","0.00%",2,0,0,0,0,0,0,0
"J'vion Luster","WOFFORD",72,62.07,"B",63,62.3,63.4,NA,4,0,2,NA,56.9,0,9.8,0.4,6.3,0,0,2,0,0,0,0,0,0,0,0,0,0,0,0,0,0,0,"0.00%",0,0,0,0,4,4,2,3,"50.00%",19,1,1,"0.00%","0.00%","16.70%","0.00%","16.70%","0.00%","0.00%",3,0,0,1,NA,0,0,0
"Alex Herrera Jr.","MOREHEAD",20,62,"B",69.7,69.4,60,NA,2,0,0,NA,93.8,1,10,1.87,9.3,0,0,0,0,0,0,0,0,0,0,0,0,0,0,0,0,0,0,"0.00%",0,0,0,0,1,1,1,3,"75.00%",28,1,1,"0.00%","0.00%","25.00%","0.00%","25.00%","0.00%","0.00%",2,0,0,0,NA,0,0,0
"Richard McKneely","SE LA",79,61.89,"B",56.5,71.3,37.1,66.8,7,2,3,NA,81.3,0,6.3,0.75,4.2,7.5,0,2,0,0,1,2,0,0,5,1,0,0,0,0,0,0,0,"12.50%",1,1,0,2,10,3,3,5,"83.30%",21,1,1,"0.00%","83.30%","16.70%","0.00%","16.70%","33.30%","0.00%",6,0,0,0,0,0,1,0
"Tramar Gilbert","TXAMEA",59,61.86,"B",59.2,59.1,63.5,68.1,6,1,3,NA,70.1,0,9,0.24,3,15.5,0,1,0,1,2,0,0,0,0,0,0,0,0,0,0,0,0,"25.00%",2,0,0,1,5,2,1,2,"66.70%",6,0,0,"0.00%","0.00%","0.00%","0.00%","0.00%","28.60%","0.00%",5,0,0,1,0,0,1,0
"Miles McGoy","STNY BROOK",72,61.86,"B",61.1,58.1,71.4,NA,6,1,0,NA,104.2,1,17.6,1.81,22.3,8.5,0,0,0,1,0,0,0,0,0,0,0,0,0,0,0,0,0,"14.30%",0,0,0,1,3,3,0,3,"60.00%",67,2,1,"5.40%","0.00%","40.00%","0.00%","20.00%","0.00%","0.00%",2,0,0,1,NA,0,0,2
"Zarius Harvey","MOREHEAD",19,61.64,"B",65.9,65.4,60.7,NA,NA,0,0,NA,0,0,0,0,0,0,0,NA,NA,NA,NA,NA,0,NA,0,NA,0,0,0,0,0,0,0,NA,NA,0,0,NA,0,0,0,0,"0.00%",0,0,0,"0.00%","0.00%","0.00%","0.00%","0.00%",NA,NA,0,0,0,0,NA,0,0,0
"Xavier Tates","SCAR STATE",23,61.57,"B",66,65.5,60.4,NA,NA,0,0,NA,0,0,0,0,0,0,0,NA,NA,NA,NA,NA,0,NA,0,NA,0,0,0,0,0,0,0,NA,NA,0,0,NA,0,0,0,0,"0.00%",0,0,0,"0.00%","0.00%","0.00%","0.00%","0.00%",NA,NA,0,0,0,0,NA,0,0,0
"Trevion Butler","N ALABAMA",59,61.41,"B",64.6,65.8,59.8,NA,6,3,0,NA,75.7,0,5.7,1.13,11.7,4,1,0,1,0,1,3,0,0,2,0,0,0,0,0,0,0,0,"25.00%",0,0,0,3,3,2,1,3,"100%",35,3,0,"0.00%","66.70%","100%","33.30%","0.00%","50.00%","16.70%",4,0,1,0,NA,0,0,0
"Naz Hill","S ILLINOIS",30,61.34,"B",57.1,61.4,47.3,58.7,3,2,0,NA,42.4,1,18.7,0.42,8,0,0,0,0,1,1,1,0,0,0,0,0,0,0,0,0,0,0,"25.00%",0,0,0,2,3,2,1,1,"33.30%",8,0,1,"0.00%","0.00%","0.00%","0.00%","33.30%","50.00%","0.00%",1,0,0,0,0,0,0,0
"Zion Crawford","ALABAMA ST",28,61.29,"B",67,76,47.8,NA,0,0,0,NA,39.6,1,5,0,0,0,0,0,0,0,1,0,0,0,0,0,0,0,0,0,0,0,0,"100%",0,0,0,0,1,0,1,0,"0.00%",0,0,1,"0.00%","0.00%","0.00%","0.00%","100%","100%","0.00%",1,0,0,0,NA,0,0,0
"Tycorien Gist","NC A&T",16,61.17,"B",65.7,65,60.3,NA,NA,0,0,NA,0,0,0,0,0,0,0,NA,NA,NA,NA,NA,0,NA,0,NA,0,0,0,0,0,0,0,NA,NA,0,0,NA,0,0,0,0,"0.00%",0,0,0,"0.00%","0.00%","0.00%","0.00%","0.00%",NA,NA,0,0,0,0,NA,0,0,0
"Tywan Royal","AUSTINPEAY",37,60.59,"B",69.3,68.2,66.2,NA,3,0,1,NA,95.8,0,7,0.5,7,4,0,0,0,0,0,0,0,0,0,0,0,0,0,0,0,0,0,"0.00%",1,0,0,0,0,0,0,1,"100%",7,0,0,"0.00%","0.00%","0.00%","0.00%","0.00%","0.00%","0.00%",3,0,0,0,NA,0,0,0
"Doreon Dubose","ILL STATE",36,60.58,"B",69.2,68.9,62.4,NA,1,0,0,NA,81.9,1,17,2.32,44,0,0,0,0,0,0,0,0,0,0,0,0,0,0,0,0,0,0,"0.00%",0,0,0,0,1,1,1,1,"33.30%",44,1,1,"5.30%","0.00%","33.30%","0.00%","33.30%","0.00%","0.00%",0,0,0,1,NA,0,0,1
"Kory Boyd","MONTANA ST",19,60.54,"B",67.5,67.1,60,NA,1,0,0,NA,60.4,0,21,0.62,8,0,0,0,0,0,0,0,0,0,0,0,0,0,0,0,0,0,0,"0.00%",0,0,0,0,0,0,0,1,"50.00%",8,0,0,"0.00%","0.00%","0.00%","0.00%","0.00%","0.00%","0.00%",1,0,0,1,NA,0,0,0
"Jimmy Bowdry","E TENN ST",43,60.53,"B",63.4,63.6,61.3,NA,1,0,1,NA,39.6,0,13.3,0,0,0,0,0,0,0,1,0,0,1,0,0,0,0,0,0,0,0,0,"50.00%",1,1,0,0,2,1,1,0,"0.00%",0,0,0,"0.00%","0.00%","0.00%","0.00%","0.00%","50.00%","0.00%",3,0,0,3,NA,0,0,0
"Shamir Johnson","TOWSON",15,60.44,"B",62.8,NA,63.1,NA,NA,0,0,NA,NA,0,NA,NA,NA,0,NA,NA,NA,NA,NA,NA,NA,NA,NA,NA,0,0,0,0,0,0,0,NA,NA,0,0,NA,0,NA,NA,NA,NA,NA,NA,NA,NA,NA,NA,NA,NA,NA,NA,0,0,0,NA,NA,0,0,NA
"Chris Presto","S ILLINOIS",58,60.34,"B",67.7,67.8,68,55.5,2,0,1,NA,105.6,0,8,0.72,9.3,0,0,1,1,0,0,0,0,0,0,0,0,2,0,0,0,0,0,"33.30%",0,0,2,0,3,1,2,3,"100%",28,1,0,"2.60%","0.00%","33.30%","0.00%","0.00%","0.00%","33.30%",4,1,0,0,50,2,0,1
"Cameron Cunningham","DRAKE",16,60.34,"B",63.4,62.8,61.8,60,NA,0,0,NA,0,0,0,0,0,0,0,NA,NA,NA,NA,NA,0,NA,0,NA,0,0,0,0,0,0,0,NA,NA,0,0,NA,0,0,0,0,"0.00%",0,0,0,"0.00%","0.00%","0.00%","0.00%","0.00%",NA,NA,0,0,0,0,0,0,0,0
"Ricardo Butler","ALCORN ST",59,60.31,"B",63.5,61.7,67.3,NA,3,1,0,NA,70.1,0,11.7,0.31,4,0,0,0,0,1,0,0,0,0,0,0,0,0,0,0,0,0,0,"0.00%",0,0,0,1,2,2,0,2,"66.70%",8,1,0,"0.00%","0.00%","33.30%","0.00%","0.00%","0.00%","0.00%",2,0,0,1,NA,0,0,0
"Markell Redding","AUSTINPEAY",44,60.25,"B",60.8,56.3,69.9,NA,6,2,2,NA,107.6,0,16.3,1.5,18,0,0,2,1,1,0,1,0,0,3,0,0,0,0,0,0,0,0,"14.30%",0,0,0,2,3,3,2,2,"66.70%",36,1,0,"4.20%","100%","33.30%","0.00%","0.00%","0.00%","16.70%",4,0,0,1,NA,0,0,1
"Kyrin Gray","SE LA",15,59.92,"C",61.9,NA,62.8,57.5,NA,0,0,NA,NA,0,NA,NA,NA,0,NA,NA,NA,NA,NA,NA,NA,NA,NA,NA,0,0,0,0,0,0,0,NA,NA,0,0,NA,0,NA,NA,NA,NA,NA,NA,NA,NA,NA,NA,NA,NA,NA,NA,1,0,0,NA,0,0,0,NA
"Isiah Davis","FL A&M",15,59.88,"C",63.7,67.3,53.8,NA,1,0,0,NA,66.7,1,11.5,1.38,11,0,0,0,0,0,0,0,0,0,0,0,0,0,0,0,0,0,0,"0.00%",0,0,0,0,2,1,1,1,"50.00%",11,1,1,"0.00%","0.00%","50.00%","0.00%","50.00%","0.00%","0.00%",1,0,0,0,NA,0,0,0
"Jah'quii Roberts","CHISTA",48,59.82,"C",62.8,59.7,65.4,61,4,2,2,NA,118.8,0,0.5,3.92,23.5,0,0,2,0,1,0,1,0,0,0,0,0,1,1,1,0,0,0,"0.00%",0,0,2,2,2,2,2,2,"100%",47,1,0,"16.70%","0.00%","50.00%","0.00%","0.00%","0.00%","0.00%",1,0,0,0,9.1,1,0,2
"DJ Brown","LEHIGH",40,59.74,"C",63.4,62.7,62.5,NA,1,0,0,NA,39.6,0,9.5,0,0,0,0,0,0,0,0,0,0,0,0,0,0,0,0,0,0,0,0,"0.00%",0,0,0,0,1,1,0,0,"0.00%",0,0,0,"0.00%","0.00%","0.00%","0.00%","0.00%","0.00%","0.00%",1,0,0,1,NA,0,0,0
"Tyler Bannon","STHLSK",38,59.73,"C",64.4,62.3,69.1,56.8,4,0,1,NA,92.6,1,4.7,2.17,10.4,3,0,1,1,0,0,0,0,0,0,0,0,1,0,0,0,0,0,"20.00%",0,0,1,0,3,3,2,5,"71.40%",52,3,1,"8.30%","0.00%","42.90%","0.00%","14.30%","0.00%","25.00%",4,0,0,1,12.5,0,0,2
"Brayden Hapner","W ILLINOIS",54,59.64,"C",56.8,56,60.5,NA,9,2,2,NA,69.3,0,12.3,1.71,17.7,10.67,0,0,0,2,0,0,0,0,0,0,0,0,0,0,0,0,0,"0.00%",2,0,0,3,4,3,0,3,"42.90%",53,3,0,"6.50%","0.00%","42.90%","0.00%","0.00%","0.00%","0.00%",5,0,0,3,NA,0,0,2
"Chase Van Tol","S DAK ST",48,59.46,"C",59.8,54.6,69,59.9,8,0,3,NA,93.8,1,9.4,2.27,16.7,1.25,0,0,0,0,1,0,0,1,1,0,0,0,0,0,0,0,0,"11.10%",3,1,0,0,4,3,1,3,"60.00%",50,3,1,"13.60%","20.00%","60.00%","0.00%","20.00%","20.00%","0.00%",9,0,0,2,0,0,0,3
"Jaylen McRoy","ALCORN ST",50,59.13,"C",59.1,58.7,60.2,58.7,4,2,1,NA,81.9,1,19.7,2.26,43,4,0,0,0,2,1,0,0,0,0,0,0,0,0,0,0,0,0,"20.00%",1,0,0,2,3,2,1,1,"33.30%",43,1,1,"5.30%","0.00%","33.30%","0.00%","33.30%","25.00%","0.00%",2,0,0,0,0,0,0,1
"Shay Ragland","DAVIDSON",33,59.05,"C",60.9,58.5,66,60,2,1,0,NA,52.1,0,17.3,1.23,16,0,0,0,0,1,0,0,0,0,0,0,0,0,0,0,0,0,0,"0.00%",0,0,0,1,2,2,1,1,"33.30%",16,1,1,"7.70%","0.00%","33.30%","0.00%","33.30%","0.00%","0.00%",1,0,0,2,0,0,0,1
"Morris Taylor","MCNEESE",34,59.03,"C",64.3,63.9,61.8,NA,1,0,1,NA,56.3,0,6,0.33,4,0,0,1,0,0,0,0,0,0,0,0,0,0,0,0,0,0,0,"0.00%",0,0,0,0,1,1,1,2,"50.00%",8,0,0,"0.00%","0.00%","0.00%","0.00%","0.00%","0.00%","0.00%",1,0,0,2,NA,0,0,0
"Tayvion Haney","ALCORN ST",62,58.22,"C",66.7,66,65.2,NA,3,0,0,NA,63.5,1,8.9,1.58,9.5,0,0,0,2,0,0,0,0,0,0,0,0,0,0,0,0,0,0,"40.00%",0,0,0,0,3,3,2,4,"50.00%",38,3,1,"4.20%","0.00%","37.50%","0.00%","12.50%","0.00%","40.00%",5,0,0,2,NA,0,0,1
"Jakobe Freeman","TENN STATE",33,58.21,"C",58,56.1,65.4,NA,2,0,2,NA,0,0,0,0,0,5,0,1,1,0,0,0,0,0,0,0,0,0,0,0,0,0,0,"33.30%",1,0,0,0,2,2,0,0,"0.00%",0,0,0,"0.00%","0.00%","0.00%","0.00%","0.00%","0.00%","50.00%",2,0,0,0,NA,0,0,0
"Hasson Manning Jr.","MONMOUTH",35,58.09,"C",55.6,56.3,68.2,NA,2,0,1,NA,39.6,0,6,0,0,1,0,0,0,0,1,0,0,1,0,0,1,0,0,0,0,0,0,"33.30%",1,1,0,0,3,1,0,0,"0.00%",0,0,0,"0.00%","0.00%","0.00%","0.00%","0.00%","33.30%","0.00%",2,0,0,1,NA,0,0,0
"Zakaa Brown","TOWSON",65,57.96,"C",61.8,72.2,50.9,NA,7,1,2,NA,87.5,0,5,0.42,5,6.25,0,1,0,1,2,0,0,0,1,0,0,0,0,0,0,0,0,"22.20%",1,0,0,1,4,0,1,1,"100%",5,0,0,"0.00%","100%","0.00%","0.00%","0.00%","28.60%","0.00%",6,0,0,0,NA,0,0,0
"Jack Chappell","E KENTUCKY",18,57.93,"C",67.7,72,57.5,NA,1,0,1,NA,79.2,0,-1,0.5,3,0,0,1,0,0,0,0,0,0,0,0,0,0,0,0,0,0,0,"0.00%",0,0,0,0,1,0,1,1,"100%",3,0,0,"0.00%","0.00%","0.00%","0.00%","0.00%","0.00%","0.00%",0,0,0,0,NA,0,0,0
"SJ Gentle","CAL POLY",30,57.88,"C",59,57,65.3,NA,5,2,1,NA,85.4,0,6,1.43,6.7,0,0,1,0,1,0,1,0,0,0,0,0,0,0,0,0,0,0,"0.00%",0,0,0,2,3,3,1,3,"75.00%",20,2,0,"0.00%","0.00%","50.00%","0.00%","0.00%","0.00%","0.00%",3,0,0,1,NA,0,0,0
"Jordan Holmes","DUQUESNE",22,57.65,"C",60.8,63.3,57,NA,NA,0,0,NA,0,0,0,0,0,0,0,NA,NA,NA,NA,NA,0,NA,0,NA,0,0,0,0,0,0,0,NA,NA,0,0,NA,1,0,0,0,"0.00%",0,0,0,"0.00%","0.00%","0.00%","0.00%","0.00%",NA,NA,0,0,0,0,NA,0,0,0
"Sebastian Vargas","S ILLINOIS",26,57.36,"C",60.8,59.9,62.1,NA,2,0,0,NA,39.6,0,8,0,0,0,0,0,0,0,0,0,0,0,0,0,0,0,0,0,0,0,0,"0.00%",0,0,0,0,1,1,0,0,"0.00%",0,0,0,"0.00%","0.00%","0.00%","0.00%","0.00%","0.00%","0.00%",1,0,0,0,NA,0,0,0
"Marseille Taylor","W CAROLINA",18,57.31,"C",71.7,71.5,61.6,NA,1,0,1,NA,87.5,0,-1,1,5,0,0,1,0,0,0,0,0,0,0,0,0,0,0,0,0,0,0,"50.00%",0,0,0,0,0,0,1,2,"100%",10,0,0,"0.00%","0.00%","0.00%","0.00%","0.00%","0.00%","0.00%",2,0,0,0,NA,0,0,0
"Quedrion Miles","ROB MORRIS",24,57.25,"C",64.2,62,67.2,NA,3,0,0,NA,91.7,0,25.5,1.44,23,15.5,0,0,0,0,0,0,0,0,0,0,0,0,0,0,0,0,0,"0.00%",0,0,0,0,1,1,1,1,"50.00%",23,1,0,"6.30%","0.00%","50.00%","0.00%","0.00%","0.00%","0.00%",2,0,0,0,NA,0,0,1
"Sean Ferguson","W GEORGIA",31,57.15,"C",63.8,61.6,67.6,NA,2,0,0,NA,90.4,1,18,2.56,15.3,11,0,0,1,0,0,0,0,0,2,0,0,0,0,0,0,0,0,"33.30%",0,0,0,0,2,2,1,3,"60.00%",46,1,1,"5.60%","40.00%","20.00%","0.00%","20.00%","0.00%","100%",1,0,0,1,NA,0,0,1
"Jadyn Marshall","CAL POLY",79,57.08,"C",60.5,58.2,69.1,NA,8,0,1,NA,70.3,0,14,1.16,12.8,10.5,0,1,1,0,0,0,0,0,0,0,0,0,0,0,0,0,0,"11.10%",0,0,0,0,5,5,2,4,"50.00%",51,2,0,"2.30%","0.00%","25.00%","0.00%","0.00%","0.00%","14.30%",7,0,0,2,NA,0,0,1
"DonPaul Keith","W ILLINOIS",32,56.99,"C",64,62.3,65.4,NA,3,2,0,NA,108.3,0,10,0.77,10,0,0,0,0,1,0,1,0,0,0,0,0,0,0,0,0,0,0,"0.00%",0,0,0,2,1,1,0,1,"100%",10,1,0,"0.00%","0.00%","100%","0.00%","0.00%","0.00%","0.00%",1,0,0,0,NA,0,0,0
"Brennen Bailey","LAMAR",39,56.82,"C",65.1,62.6,68.3,NA,4,1,0,NA,87.5,0,5,0.31,5,6,0,0,1,1,0,0,0,0,1,0,0,0,0,0,0,0,0,"20.00%",0,0,0,1,1,1,0,1,"100%",5,0,0,"0.00%","100%","0.00%","0.00%","0.00%","0.00%","33.30%",3,0,0,0,NA,0,0,0
"Nijah Richards","NEW HAMP",16,56.49,"C",60.3,64.1,53.7,NA,NA,0,0,NA,0,0,0,0,0,0,0,NA,NA,NA,NA,NA,0,NA,0,NA,0,0,0,0,0,0,0,NA,NA,0,0,NA,1,0,0,0,"0.00%",0,0,0,"0.00%","0.00%","0.00%","0.00%","0.00%",NA,NA,0,0,0,0,NA,0,0,0
"Kenny Selby","SACR HEART",65,56.36,"C",68.5,70.1,50.1,62.3,1,0,0,NA,39.6,0,11,0,0,0,0,0,0,0,1,0,0,0,0,0,0,0,0,0,0,0,0,"50.00%",0,0,0,0,1,0,0,0,"0.00%",0,0,0,"0.00%","0.00%","0.00%","0.00%","0.00%","100%","0.00%",2,1,0,3,0,0,0,0
"Tamajh Mitchell","E TENN ST",26,56.31,"C",52.7,46.3,65,NA,1,1,0,NA,39.6,0,26,0,0,0,0,0,0,1,0,0,0,0,0,0,0,0,0,0,0,0,0,"0.00%",0,0,0,1,1,1,0,0,"0.00%",0,0,0,"0.00%","0.00%","0.00%","0.00%","0.00%","0.00%","0.00%",0,0,0,1,NA,0,0,0
"Nasir Bashir","NORFOLK",37,56.23,"C",65.4,63.9,65.8,NA,4,2,0,NA,118.8,0,23,2.75,44,18,0,0,0,0,0,2,0,0,1,0,0,0,0,0,0,0,0,"0.00%",0,0,0,2,1,1,1,1,"100%",44,1,0,"6.30%","100%","100%","0.00%","0.00%","0.00%","0.00%",1,0,0,0,NA,0,0,1
"Tehron Spencer","CHISTA",60,55.97,"C",48.9,39.4,72.9,60,8,2,1,NA,58.9,1,11,1.16,7.3,9.33,0,0,3,1,1,1,0,1,0,0,0,0,0,0,1,0,0,"33.30%",1,1,0,2,10,8,1,4,"50.00%",29,1,1,"0.00%","0.00%","12.50%","0.00%","12.50%","20.00%","42.90%",10,0,0,2,0,0,0,0
"Ethan Haston","VA MILT IN",46,55.96,"C",62.6,60.4,68.4,59.7,4,1,0,NA,110.4,0,10.5,0.95,10.5,12,0,0,0,1,0,0,0,0,0,0,0,0,0,0,0,0,0,"0.00%",0,0,0,1,2,2,0,2,"100%",21,1,0,"0.00%","0.00%","50.00%","0.00%","0.00%","0.00%","0.00%",2,0,0,0,0,0,0,0
"J'hari Mosley","CITADEL",53,55.9,"C",60.6,58.8,72.7,47.6,7,1,3,NA,109,0,6,2.03,12.2,4.67,0,1,3,1,1,0,0,1,5,1,0,1,0,0,0,0,0,"36.40%",2,2,1,1,5,3,1,5,"83.30%",61,2,0,"6.70%","83.30%","33.30%","0.00%","0.00%","20.00%","50.00%",7,0,0,1,10,1,0,2
"Anthony Hightower III","HAMPTON",44,55.88,"C",59.8,59.1,62.7,NA,6,0,1,NA,73.8,0,11.4,0.93,8.7,0,0,1,0,0,0,0,0,0,0,0,0,0,0,0,0,0,0,"0.00%",0,0,0,0,4,4,1,3,"60.00%",26,1,1,"0.00%","0.00%","20.00%","0.00%","20.00%","0.00%","0.00%",5,0,0,1,NA,0,0,0
"Drew Cofield","UC DAVIS",61,55.88,"C",68.2,67.8,63.9,NA,4,0,0,NA,81.9,0,2.2,1.06,8.8,0,0,0,0,0,0,0,0,0,0,0,0,0,0,0,1,0,0,"0.00%",0,0,0,0,3,3,1,4,"66.70%",35,2,0,"3.00%","0.00%","33.30%","0.00%","0.00%","0.00%","0.00%",4,0,0,1,NA,0,0,1
"Lanar Kelley","LAMAR",36,55.64,"C",71.6,75.9,51,NA,2,0,0,NA,42.4,0,16.7,1.9,38,12,1,0,1,0,1,0,0,0,1,0,0,0,0,0,0,0,0,"50.00%",0,0,0,0,4,3,1,1,"33.30%",38,1,0,"5.00%","33.30%","33.30%","33.30%","0.00%","50.00%","50.00%",2,0,1,0,NA,0,0,1
"Jevean Brown","ELON",47,55.58,"C",62.2,59,70.5,55.9,3,1,0,NA,118.8,0,16,0.92,24,6,0,0,0,1,0,0,0,0,0,0,0,0,1,0,0,0,0,"0.00%",0,0,1,1,1,1,1,1,"100%",24,1,0,"3.90%","0.00%","100%","0.00%","0.00%","0.00%","0.00%",3,0,0,0,8.3,1,0,1
"Kareem Hector","STNY BROOK",43,55.49,"C",58.6,54.9,70.6,NA,2,1,0,NA,47.9,0,22,0.54,13,0,0,0,1,1,0,0,0,0,0,0,0,0,0,0,0,0,0,"33.30%",0,0,0,2,2,2,0,1,"33.30%",13,1,0,"0.00%","0.00%","33.30%","0.00%","0.00%","0.00%","100%",0,0,0,0,NA,0,0,0
"Nehemiah Norwood","N ARIZONA",16,55.45,"C",61.2,58.2,66.7,NA,3,1,0,NA,79.2,0,15.5,1.89,17,7,0,0,0,1,0,0,0,0,0,0,0,0,0,0,0,0,0,"0.00%",0,0,0,1,1,1,0,1,"50.00%",17,1,0,"11.10%","0.00%","50.00%","0.00%","0.00%","0.00%","0.00%",1,0,0,1,NA,0,0,1
"RJ Brunson","SCAR STATE",19,55.35,"C",55.3,54.7,60.6,60,1,0,1,NA,39.6,0,15.8,0.5,6,0,0,1,0,0,0,0,0,0,0,0,0,0,0,0,0,0,0,"0.00%",0,0,0,0,1,1,0,1,"25.00%",6,0,0,"0.00%","0.00%","0.00%","0.00%","0.00%","0.00%","0.00%",1,0,0,2,0,0,0,0
"Ignatious Williams","LEHIGH",40,55,"C",59.9,58.1,65.6,NA,4,1,2,NA,105.2,0,10.8,1.86,13,0,0,2,0,1,0,0,0,0,0,0,0,0,0,0,0,0,0,"0.00%",0,0,0,1,3,3,1,3,"75.00%",39,2,0,"4.80%","0.00%","50.00%","0.00%","0.00%","0.00%","0.00%",2,0,0,1,NA,0,0,1
"Nigel Gay","MERCER",27,54.91,"C",58.9,59.2,59,59.7,4,2,1,NA,118.8,0,15,1.47,25,12,0,1,0,1,0,1,0,0,0,0,0,0,0,0,0,0,0,"0.00%",0,0,0,2,2,1,0,1,"100%",25,0,0,"5.90%","0.00%","0.00%","0.00%","0.00%","0.00%","0.00%",2,0,0,0,0,0,0,1
"Mo Seide","STHLSK",57,54.71,"C",50.8,51.5,53.7,60,8,0,1,NA,28.1,0,13.9,1.24,11.5,30.5,1,1,1,0,0,0,0,0,0,0,0,0,0,0,0,0,0,"11.10%",0,0,0,0,9,8,3,4,"50.00%",46,2,1,"2.70%","0.00%","25.00%","12.50%","12.50%","0.00%","14.30%",5,0,1,1,0,0,0,1
"LeBron Morgan","W ILLINOIS",50,54.61,"C",63.9,58.4,70.5,56.9,8,0,1,NA,91.7,0,4,0.63,6,4,0,0,0,0,0,0,0,0,0,0,0,0,0,0,0,0,0,"0.00%",1,0,0,0,2,2,0,2,"100%",12,2,0,"0.00%","0.00%","100%","0.00%","0.00%","0.00%","0.00%",5,0,0,0,0,0,0,0
"Isaac Nyenabo","W GEORGIA",26,54.59,"C",64.4,60.4,68.8,60,4,0,1,NA,97.9,0,7.5,1.15,7.5,4.33,0,1,0,0,1,0,0,0,2,1,0,0,0,0,0,0,0,"20.00%",0,1,0,0,1,1,1,2,"100%",15,1,0,"7.70%","100%","50.00%","0.00%","0.00%","25.00%","0.00%",2,0,0,0,0,0,0,1
"Ayden Murray","BUCKNELL",38,54.57,"C",60.1,51.5,77.9,58.9,4,1,2,NA,135.4,0,19.5,1.63,26,7,0,0,0,0,0,1,1,1,0,0,0,0,0,0,0,0,0,"0.00%",2,1,0,1,2,2,0,1,"50.00%",26,1,0,"6.30%","0.00%","50.00%","0.00%","0.00%","0.00%","0.00%",1,0,0,1,0,0,0,1
"Aaron Kinsey","IDAHO",58,54.35,"C",62.1,58,71.4,60,4,2,0,NA,118.8,0,28,1.15,31,6,0,0,1,2,0,0,0,0,0,0,0,0,0,0,0,0,0,"20.00%",0,0,0,2,3,2,0,1,"100%",31,1,0,"3.70%","0.00%","100%","0.00%","0.00%","0.00%","50.00%",3,0,0,0,0,0,0,1
"Andre Jackson Jr.","W CAROLINA",59,54.18,"C",60,60.1,58.7,NA,7,2,0,NA,143.3,1,14.4,1.88,20.7,22.5,0,0,0,1,1,1,1,0,0,0,0,0,0,0,0,0,0,"12.50%",0,0,0,2,4,3,1,3,"60.00%",62,3,1,"6.10%","0.00%","60.00%","0.00%","20.00%","25.00%","0.00%",4,0,0,1,NA,0,0,2
"Christian Watson","LAFAYETTE",31,54.15,"C",62,56.6,74.5,NA,5,0,1,NA,88.9,0,2.7,1.14,5.3,5.5,0,0,0,0,0,0,0,0,1,0,0,0,0,0,0,0,0,"0.00%",1,0,0,0,2,2,0,3,"100%",16,2,0,"0.00%","33.30%","66.70%","0.00%","0.00%","0.00%","0.00%",3,0,0,0,NA,0,0,0
"Jack McGrath","E KENTUCKY",43,53.95,"C",55.9,46.3,74.3,57.7,5,2,1,NA,109.7,0,14,1.91,21,5.33,1,0,0,2,0,0,1,0,0,0,0,0,0,0,0,0,0,"0.00%",1,0,0,2,2,2,0,2,"66.70%",42,2,0,"9.10%","0.00%","66.70%","33.30%","0.00%","0.00%","0.00%",2,0,1,1,0,0,0,2
"Jahaad Fort","N ARIZONA",46,53.76,"C",67,68.1,62.8,54.3,5,0,1,NA,123.6,0,12,2.07,19.3,0,0,1,0,0,0,0,1,0,0,0,0,0,0,1,1,0,0,"0.00%",0,0,0,0,4,4,2,3,"50.00%",58,2,1,"7.10%","0.00%","33.30%","0.00%","16.70%","0.00%","0.00%",3,0,0,2,0,0,0,2
"Hayden Meese","DAVIDSON",44,53.46,"C",55.7,51.8,68.8,57.1,4,1,0,NA,58.6,1,11.6,1.75,11.7,7,0,0,3,1,0,0,0,0,0,0,0,0,0,0,0,0,0,"42.90%",0,0,0,1,4,4,1,3,"42.90%",35,1,1,"5.00%","0.00%","14.30%","0.00%","14.30%","0.00%","60.00%",6,0,0,3,0,0,0,1
"Noah Taylor","PRESBYTERN",40,53.39,"C",59.8,56.3,70.3,59.2,5,2,0,NA,142.7,0,7.8,1.67,8.8,7,0,0,0,2,0,0,1,0,0,0,0,1,0,0,0,0,1,"0.00%",0,0,1,2,2,2,1,4,"100%",35,2,0,"4.80%","0.00%","50.00%","0.00%","0.00%","0.00%","0.00%",2,0,0,0,50,0,0,1
"Ashton Dixon","VA MILT IN",34,53.39,"C",65.5,63.8,66.1,NA,4,0,0,NA,95.8,0,3,0.5,7,14,0,0,1,0,0,0,0,0,0,0,0,0,0,0,0,0,0,"20.00%",0,0,0,0,1,1,0,1,"100%",7,0,0,"0.00%","0.00%","0.00%","0.00%","0.00%","0.00%","25.00%",2,0,0,0,NA,0,0,0
"Corey Williams","VA MILT IN",24,53.25,"C",59.7,56.8,65.8,NA,2,0,1,NA,56.3,0,4,0.5,4,11,0,1,1,0,0,0,0,0,0,0,0,0,0,0,0,0,0,"33.30%",0,0,0,0,2,2,1,1,"50.00%",4,0,0,"0.00%","0.00%","0.00%","0.00%","0.00%","0.00%","50.00%",2,0,0,1,NA,0,0,0
"Mekhi Kilburn","ROB MORRIS",43,53.19,"C",59.2,56.9,68.1,NA,3,1,0,NA,98.3,0,15.8,1,14,11,0,0,0,1,0,0,1,0,0,0,0,0,0,0,0,0,0,"0.00%",0,0,0,1,3,3,1,2,"40.00%",28,2,1,"3.60%","0.00%","40.00%","0.00%","20.00%","0.00%","0.00%",1,0,0,1,NA,0,0,1
"Jayshaun Johnson","GRAMBLING",15,53.04,"C",61.7,58.8,65.2,NA,3,2,0,NA,68.8,0,14,1.71,12,0,0,0,1,1,1,1,0,0,0,0,0,0,0,0,0,0,0,"40.00%",0,0,0,2,2,1,0,1,"50.00%",12,1,0,"0.00%","0.00%","50.00%","0.00%","0.00%","50.00%","33.30%",2,0,0,1,NA,0,0,0
"Jaden King","HOUCHR",55,53.02,"C",67.6,67.5,65.7,NA,6,2,0,NA,135.4,0,-3,0.54,7,9.67,0,0,0,2,2,0,1,0,1,0,0,0,0,0,1,0,0,"25.00%",0,0,0,2,3,0,0,1,"100%",7,1,0,"0.00%","100%","100%","0.00%","0.00%","28.60%","0.00%",3,0,0,0,NA,0,0,0
"Gavin Hagan","INDIANA ST",27,52.82,"C",67.2,65.5,67.8,59.3,3,1,2,NA,130.2,0,2.5,1.44,5.8,4,0,1,1,1,0,0,1,0,2,0,0,0,0,0,0,0,0,"25.00%",1,0,0,1,2,2,2,4,"100%",23,2,0,"0.00%","50.00%","50.00%","0.00%","0.00%","0.00%","50.00%",1,0,0,0,0,0,0,0
"Hysan Dalton","IDAHO",41,52.8,"C",60.2,63.8,51.9,NA,2,0,0,NA,92.5,1,18.6,1.62,10.5,15,0,0,1,0,0,0,1,0,3,0,0,0,0,0,0,0,0,"33.30%",0,0,0,0,3,2,2,2,"40.00%",21,2,1,"0.00%","60.00%","40.00%","0.00%","20.00%","0.00%","50.00%",2,0,0,2,NA,0,0,0
"Joseph Tabe","HOWARD",33,52.72,"C",62.5,67.2,46,NA,1,0,1,NA,39.6,0,12.7,0,0,0,0,1,0,0,1,0,0,0,0,0,0,0,0,0,0,0,0,"50.00%",0,0,0,0,1,0,0,0,"0.00%",0,0,0,"0.00%","0.00%","0.00%","0.00%","0.00%","100%","0.00%",1,0,0,3,NA,0,0,0
"Brent Barnes","ALCORN ST",37,52.72,"C",49.8,44.5,58.8,NA,4,1,1,NA,67.7,1,12.5,2.09,11.5,8.5,0,1,0,1,0,0,0,0,0,0,0,0,0,0,0,0,0,"0.00%",0,0,0,1,5,3,1,2,"50.00%",23,1,1,"9.10%","0.00%","25.00%","0.00%","25.00%","0.00%","0.00%",2,0,0,1,NA,0,0,1
"Aaron Evans","NORFOLK",16,52.41,"C",66.6,64.3,62.3,NA,1,0,0,NA,91.7,0,6,1.5,6,0,0,0,0,0,0,0,0,0,0,0,0,0,0,0,0,0,0,"0.00%",0,0,0,0,0,0,0,1,"100%",6,0,0,"0.00%","0.00%","0.00%","0.00%","0.00%","0.00%","0.00%",1,0,0,0,NA,0,0,0
"Julio Tatis","WAGNER",46,52.19,"C",58.5,57.7,62.4,NA,1,1,0,NA,39.6,0,11.3,0.32,9,0,0,0,1,0,0,1,0,0,0,0,0,0,0,0,0,0,0,"50.00%",0,0,0,1,2,2,0,1,"25.00%",9,1,0,"0.00%","0.00%","25.00%","0.00%","0.00%","0.00%","50.00%",1,0,0,2,NA,0,0,0
"Roy Ma'afala Jr.","UTAHTC",48,52.17,"C",47,60,47.8,49.1,4,2,0,NA,0,0,0,0,0,8,0,0,1,2,1,0,0,0,0,0,0,1,0,0,0,0,1,"33.30%",0,0,1,2,4,0,0,0,"0.00%",0,0,0,"0.00%","0.00%","0.00%","0.00%","0.00%","20.00%","100%",1,0,0,0,3.3,0,0,0
"Safir Stills-Bey","MCNEESE",31,52.11,"C",62.8,62.3,61.6,NA,1,0,0,NA,39.6,0,8.4,0.5,10,0,0,0,1,0,0,0,0,0,0,0,0,0,0,0,0,0,0,"50.00%",0,0,0,0,1,1,0,1,"20.00%",10,1,0,"0.00%","0.00%","20.00%","0.00%","0.00%","0.00%","50.00%",2,0,0,3,NA,0,0,0
"Thio Georges","HOUCHR",33,51.99,"C",63.2,63.2,61.5,NA,2,0,0,NA,91.7,0,-4,1.2,6,7.5,0,0,0,0,0,0,0,0,1,0,0,1,0,0,0,0,1,"0.00%",0,0,1,0,1,0,0,1,"100%",6,0,0,"0.00%","100%","0.00%","0.00%","0.00%","0.00%","0.00%",0,0,0,0,NA,0,0,0
"Amare Garrett","TEXAS STHN",52,51.94,"C",59.3,65.5,50.9,NA,4,0,2,NA,110.8,0,13.2,1.83,13.3,4,0,1,0,0,0,0,0,0,0,1,0,0,0,0,0,0,0,"0.00%",1,1,0,0,3,2,2,4,"80.00%",53,2,1,"3.50%","0.00%","40.00%","0.00%","20.00%","0.00%","0.00%",4,0,0,0,NA,0,0,1
"Joshua Baskerville","LAMAR",16,51.91,"C",54.2,50.5,62.4,NA,1,0,0,NA,0,0,0,0,0,0,0,0,0,0,0,0,0,0,0,0,0,0,0,0,0,0,0,"0.00%",0,0,0,0,1,1,0,0,"0.00%",0,0,0,"0.00%","0.00%","0.00%","0.00%","0.00%","0.00%","0.00%",1,0,0,0,NA,0,0,0
"Gianni Edwards","MONTANA ST",19,51.87,"C",60.3,66.2,46.7,NA,1,0,1,NA,0,0,0,0,0,0,0,1,0,0,1,0,0,0,0,0,0,0,0,0,0,0,0,"50.00%",0,0,0,0,1,0,0,0,"0.00%",0,0,0,"0.00%","0.00%","0.00%","0.00%","0.00%","100%","0.00%",1,0,0,0,NA,0,0,0
"Ryan Strickland","NC A&T",45,51.81,"C",58.3,57.7,59.5,NA,4,0,0,NA,70.8,0,23,0.59,13,12.5,0,0,0,0,1,0,0,0,2,0,0,0,0,0,0,0,0,"20.00%",0,0,0,0,2,1,0,1,"50.00%",13,0,0,"0.00%","100%","0.00%","0.00%","0.00%","33.30%","0.00%",5,0,0,0,NA,0,0,0
"Ephraim Dotson","LAMAR",21,51.73,"C",62.7,58.4,69.8,NA,2,1,0,NA,108.3,0,9,1.11,10,0,0,0,0,1,0,0,0,0,1,0,0,0,0,0,0,0,0,"0.00%",0,0,0,1,1,1,0,1,"100%",10,1,0,"0.00%","100%","100%","0.00%","0.00%","0.00%","0.00%",1,0,0,0,NA,0,0,0
"Nicholas Williams","MERCYHURST",52,51.67,"C",58.7,56.8,64.9,NA,5,1,0,NA,88.9,0,25.5,3.42,21.7,0,0,0,1,0,0,1,0,0,2,0,0,0,0,0,0,0,0,"16.70%",0,0,0,1,3,3,1,3,"50.00%",65,2,1,"5.30%","33.30%","33.30%","0.00%","16.70%","0.00%","16.70%",5,0,0,3,NA,0,0,1
"Tristan Johnson","BUTLER",58,51.49,"C",52.4,52.7,68.6,NA,4,2,0,NA,116.7,0,19.8,2.47,24.7,9,1,0,0,1,0,1,1,0,0,0,0,0,0,0,0,0,0,"0.00%",0,0,0,2,5,4,1,3,"75.00%",74,3,0,"6.70%","0.00%","75.00%","25.00%","0.00%","0.00%","0.00%",2,0,1,1,NA,0,0,2
"Chase Fountain","HOLY CROSS",56,51.45,"C",68.6,68.4,65.3,59.5,3,0,1,NA,149.3,0,9.3,1.41,10.3,0,0,1,0,0,0,0,1,0,0,0,0,0,0,0,0,0,0,"0.00%",0,0,0,0,1,1,1,3,"100%",31,1,0,"4.50%","0.00%","33.30%","0.00%","0.00%","0.00%","0.00%",3,0,0,0,0,0,0,1
"Nio Espinoza","ILL STATE",31,51.42,"C",52.9,49.2,70.4,51.7,5,2,0,NA,65.6,0,4.5,3,10.5,1,0,0,0,1,0,1,0,0,0,0,0,0,0,0,0,0,0,"0.00%",0,0,0,2,2,2,0,2,"50.00%",21,2,0,"0.00%","0.00%","50.00%","0.00%","0.00%","0.00%","0.00%",2,0,0,2,0,0,0,0
"Jayden Jackson","MORGAN ST",47,51.39,"C",52.5,48.1,70.6,NA,3,1,0,NA,42.4,0,9.7,0.04,1,18.5,0,0,2,0,0,1,0,0,1,0,0,0,0,0,0,0,0,"40.00%",0,0,0,1,4,4,0,1,"33.30%",1,0,0,"0.00%","33.30%","0.00%","0.00%","0.00%","0.00%","66.70%",1,0,0,1,NA,0,0,0
"Kasai Jones","NICHOLLS",38,51.39,"C",62.8,66.9,53.8,57.2,1,0,0,NA,91.7,0,6,0.67,6,0,0,0,0,0,0,0,0,0,1,0,0,1,0,0,0,0,0,"0.00%",0,0,1,0,2,0,0,2,"100%",12,0,0,"0.00%","50.00%","0.00%","0.00%","0.00%","0.00%","0.00%",1,0,0,0,16.7,1,0,0
"Donny Jones","ALBANY",84,51.37,"C",57.3,57.5,56.5,NA,5,1,1,NA,77.1,0,12,0.29,3.2,3,0,1,0,1,1,0,1,0,3,0,0,0,0,0,0,0,0,"16.70%",0,0,0,1,8,7,3,5,"41.70%",16,2,0,"0.00%","25.00%","16.70%","0.00%","0.00%","33.30%","0.00%",5,0,0,6,NA,0,0,0
"D.J. Galva","E KENTUCKY",42,51.15,"C",62.9,60.8,67.8,NA,4,0,0,NA,112.5,0,9,0.88,11,3.5,0,0,0,0,0,0,0,0,0,0,0,0,0,0,0,0,0,"0.00%",0,0,0,0,2,2,0,2,"100%",22,1,0,"0.00%","0.00%","50.00%","0.00%","0.00%","0.00%","0.00%",4,0,0,0,NA,0,0,0
"Caleb Easterling","FURMAN",28,51.13,"C",61,60.3,61.8,NA,2,0,1,NA,85.4,0,8.7,1.54,10,0,0,1,0,0,0,0,0,0,1,0,0,0,0,0,0,0,0,"0.00%",0,0,0,0,2,2,1,2,"66.70%",20,1,0,"7.70%","33.30%","33.30%","0.00%","0.00%","0.00%","0.00%",2,0,0,1,NA,0,0,1
"Ethan Washington","FURMAN",39,51.08,"C",62.9,62.1,62.8,NA,3,1,1,NA,134.7,0,14.3,1.42,13.5,0,0,1,0,0,0,1,1,0,1,0,0,0,0,0,0,0,0,"0.00%",0,0,0,1,1,1,0,2,"66.70%",27,1,0,"5.30%","33.30%","33.30%","0.00%","0.00%","0.00%","0.00%",1,0,0,0,NA,0,0,1
"Anthony Paulk","CHARLES SO",31,50.78,"C",62.8,66.8,44.9,NA,6,1,0,NA,85.4,0,5,1,10,0,0,0,0,0,0,1,0,0,1,0,0,0,0,0,0,0,0,"0.00%",0,0,0,1,2,1,0,2,"66.70%",20,0,0,"5.00%","33.30%","0.00%","0.00%","0.00%","0.00%","0.00%",5,0,0,1,NA,0,0,1
"Christian Oku","ABILENE CH",76,50.7,"C",59.1,62.1,46.5,NA,3,0,2,NA,42.4,0,15.7,0.23,9,3,0,1,0,0,1,0,0,0,1,0,0,0,0,0,0,0,0,"25.00%",1,0,0,0,4,2,0,1,"33.30%",9,1,0,"0.00%","33.30%","33.30%","0.00%","0.00%","50.00%","0.00%",2,0,0,2,NA,0,0,0
"Kemaury Tye","FORDHAM",34,50.28,"C",60.5,59.5,63,NA,3,1,0,NA,95.8,0,7,1.11,7,0,0,0,0,0,0,1,0,0,2,0,0,0,0,0,0,0,0,"0.00%",0,0,0,1,2,2,0,3,"100%",21,2,0,"0.00%","66.70%","66.70%","0.00%","0.00%","0.00%","0.00%",1,0,0,0,NA,0,0,0
"Gavin Shepard","S ILLINOIS",45,50.24,"C",57.4,56.9,60.7,NA,1,0,1,NA,74.3,0,12,0.34,6,0,0,1,0,0,0,0,0,0,0,0,0,0,0,0,0,0,0,"0.00%",0,0,0,0,4,4,1,2,"66.70%",12,1,0,"0.00%","0.00%","33.30%","0.00%","0.00%","0.00%","0.00%",1,0,0,1,NA,0,0,0
"Brandon Ross","NWSTATE",34,50.24,"C",63.2,67.3,53.6,NA,5,0,2,NA,95.8,0,-2,0.54,7,5.75,0,0,0,0,1,0,0,0,1,0,0,0,0,0,0,0,0,"16.70%",2,0,0,0,2,0,0,1,"100%",7,0,0,"0.00%","100%","0.00%","0.00%","0.00%","20.00%","0.00%",5,0,0,0,NA,0,0,0
"Ty Richardson","UC DAVIS",61,50.19,"C",67.9,67.5,64.2,NA,NA,0,0,NA,118.8,0,6,0.58,19,0,0,NA,NA,NA,NA,NA,0,NA,0,NA,0,0,0,1,0,0,0,NA,NA,0,0,NA,1,1,1,1,"100%",19,1,0,"3.00%","0.00%","100%","0.00%","0.00%",NA,NA,0,0,0,0,NA,0,0,1
"Adonis Marshall","MERCYHURST",37,50.18,"C",62.8,56.8,75.3,60,5,1,1,NA,149.3,0,25.3,3.61,32.5,4.67,0,0,0,1,0,0,1,0,0,0,0,0,0,0,0,0,0,"0.00%",1,0,0,1,2,2,0,2,"66.70%",65,2,0,"11.10%","0.00%","66.70%","0.00%","0.00%","0.00%","0.00%",3,0,0,1,0,0,0,2
"Simion Hines","FL A&M",20,50.16,"C",56,51.1,65.5,58,1,0,1,NA,0,0,0,0,0,3,0,0,1,0,0,0,0,0,0,0,0,0,0,0,0,0,0,"50.00%",1,0,0,0,1,1,0,0,"0.00%",0,0,0,"0.00%","0.00%","0.00%","0.00%","0.00%","0.00%","100%",2,0,0,0,0,0,0,0
"Terry Dorsey","VA MILT IN",41,49.96,"C",64.8,59,69.9,57.9,2,0,1,NA,72.9,0,1.5,1.17,14,1.5,0,0,0,0,1,0,0,0,0,0,0,0,0,0,0,0,0,"33.30%",1,0,0,0,2,1,0,1,"50.00%",14,1,0,"0.00%","0.00%","50.00%","0.00%","0.00%","33.30%","0.00%",2,0,0,1,0,0,0,0
"Christen Williams","GRAMBLING",42,49.57,"C",51.3,50.1,51.4,69,3,0,2,NA,111.1,0,9.3,1.6,10.7,9,0,2,0,0,0,0,0,0,0,0,0,1,1,0,0,1,0,"0.00%",0,0,3,0,4,3,0,3,"100%",32,1,0,"5.00%","0.00%","33.30%","0.00%","0.00%","0.00%","0.00%",3,0,0,0,66.7,3,0,1
"Joshua Kabaka","FORDHAM",17,49.56,"C",54.8,53.3,61.6,NA,NA,0,0,NA,39.6,0,3,0,0,0,0,NA,NA,NA,NA,NA,0,NA,1,NA,0,0,0,0,0,0,0,NA,NA,0,0,NA,1,1,0,0,"0.00%",0,0,0,"0.00%","100%","0.00%","0.00%","0.00%",NA,NA,0,0,0,1,NA,0,0,0
"Justin Wimpye","AUSTINPEAY",27,49.5,"C",61.7,54.9,65.4,77.3,2,0,1,NA,102.1,0,7,2.13,16,3,0,0,1,0,0,0,0,0,1,0,0,0,0,0,0,1,1,"33.30%",1,0,1,0,2,2,0,2,"66.70%",32,1,0,"6.70%","33.30%","33.30%","0.00%","0.00%","0.00%","50.00%",3,0,0,1,100,0,0,1
"Deliyon Freeman","N ARIZONA",37,49.5,"C",62,60.8,65.2,57.6,3,1,0,NA,100,0,3,1.14,8,0,0,0,1,1,0,0,0,0,0,0,0,0,0,0,0,0,0,"25.00%",0,0,0,1,2,2,1,3,"100%",24,0,0,"0.00%","0.00%","0.00%","0.00%","0.00%","0.00%","33.30%",4,0,0,0,0,0,0,0
"Christian Palmer Jr.","MONMOUTH",44,49.41,"C",61.7,60,66.1,NA,3,0,0,NA,143.8,1,15.4,3.91,30,7,0,0,0,0,0,0,1,0,0,0,1,0,0,0,0,0,0,"0.00%",0,0,0,0,2,2,1,3,"60.00%",90,2,1,"8.70%","0.00%","40.00%","0.00%","20.00%","0.00%","0.00%",2,0,0,2,NA,0,0,2
"Malik Baker","SE MO ST",22,49.39,"C",52.2,57.9,45.2,NA,NA,0,0,NA,39.6,0,25,0,0,0,0,NA,NA,NA,NA,NA,0,NA,0,NA,0,0,0,0,0,0,0,NA,NA,0,0,NA,3,1,0,0,"0.00%",0,0,0,"0.00%","0.00%","0.00%","0.00%","0.00%",NA,NA,0,0,0,1,NA,0,0,0
"Mohamed Toure","STHLSK",54,49.13,"C",53,50.2,70.3,60,4,0,1,NA,82.8,0,16.3,2.14,18.8,0,0,0,0,0,0,0,0,1,0,0,0,0,0,0,0,0,0,"0.00%",1,1,0,0,6,6,2,4,"50.00%",75,2,1,"5.70%","0.00%","25.00%","0.00%","12.50%","0.00%","0.00%",3,0,0,3,0,0,0,2
"Bryson Boulden","ARKAPB",51,49.03,"C",60,63.1,49.9,NA,0,0,0,NA,39.6,0,23.5,0,0,0,0,0,0,0,1,0,0,0,0,0,0,0,0,0,0,0,0,"100%",0,0,0,0,2,1,0,0,"0.00%",0,0,0,"0.00%","0.00%","0.00%","0.00%","0.00%","100%","0.00%",3,0,0,2,NA,0,0,0
"Deuce Geter","BUCKNELL",16,48.52,"C",58.4,63.3,53.9,59.6,0,0,0,NA,0,0,0,0,0,0,0,0,0,0,1,0,0,0,0,0,0,0,0,0,0,0,0,"100%",0,0,0,0,1,0,0,0,"0.00%",0,0,0,"0.00%","0.00%","0.00%","0.00%","0.00%","100%","0.00%",1,0,0,0,0,0,0,0
"Cam Frazier","DUQUESNE",32,48.51,"C",59,64,52.9,NA,0,0,0,NA,0,0,0,0,0,0,0,0,0,0,1,0,0,0,0,0,0,0,0,0,0,0,0,"100%",0,0,0,0,1,0,0,0,"0.00%",0,0,0,"0.00%","0.00%","0.00%","0.00%","0.00%","100%","0.00%",1,0,0,0,NA,0,0,0
"Aden Tagaloa-Nelson","E KENTUCKY",42,48.49,"C",64,63.3,63.2,NA,3,0,0,NA,135.7,1,8.6,2.42,11.6,0,0,0,0,0,0,0,2,0,1,0,0,0,0,0,0,0,0,"0.00%",0,0,0,0,2,2,2,5,"71.40%",58,4,2,"8.30%","14.30%","57.10%","0.00%","28.60%","0.00%","0.00%",3,0,0,0,NA,0,0,2
"Dorian Blackwell","TXRG",31,48.42,"C",56.9,53.8,69.9,NA,1,0,1,NA,107.5,0,25,1.77,19.5,2,0,0,0,0,0,0,1,0,0,0,0,0,0,0,0,0,0,"0.00%",1,0,0,0,3,3,1,2,"40.00%",39,1,1,"4.50%","0.00%","20.00%","0.00%","20.00%","0.00%","0.00%",1,0,0,2,NA,0,0,1
"Braden Haas","HOLY CROSS",43,48.23,"C",63.1,61.2,66.7,56.6,2,1,0,NA,118.8,0,17,3.63,58,0,1,0,0,1,0,0,1,0,0,0,0,0,0,0,0,0,0,"0.00%",0,0,0,1,2,1,1,1,"100%",58,1,0,"6.30%","0.00%","100%","100%","0.00%","0.00%","0.00%",1,0,1,0,0,0,0,1
"CJ Dale Jr.","HOWARD",30,48.13,"C",60.2,59.8,61,59.7,NA,0,0,NA,131.9,1,13.7,1.25,12.5,0,0,NA,NA,NA,NA,NA,1,NA,0,NA,0,0,0,0,0,0,0,NA,NA,0,0,NA,2,2,1,2,"66.70%",25,2,1,"5.00%","0.00%","66.70%","0.00%","33.30%",NA,NA,0,0,0,0,0,0,0,1
"Ezekiel Swayne","SAN DIEGO",50,48.09,"C",65.5,67.9,54.9,NA,2,0,1,NA,118.8,0,2,0.21,3,25,0,1,0,0,1,0,1,0,0,0,0,0,0,0,0,0,0,"33.30%",0,0,0,0,2,1,1,2,"100%",6,1,0,"0.00%","0.00%","50.00%","0.00%","0.00%","50.00%","0.00%",4,0,0,0,NA,0,0,0
"Michael Jordan Jr.","NEW HAMP",28,48.01,"C",64.4,69,47.1,NA,1,1,0,NA,68.8,0,18.3,1.87,28,0,0,0,1,1,0,0,0,0,1,0,0,0,0,0,0,0,0,"50.00%",0,0,0,1,2,1,2,1,"33.30%",28,1,1,"6.70%","33.30%","33.30%","0.00%","33.30%","0.00%","100%",1,0,0,1,NA,0,0,1
"Kevin Gaines Jr.","ALABAMA ST",18,47.82,"C",63.4,71,45,NA,0,0,0,NA,56.3,0,20,0.5,4,0,0,0,0,0,1,0,0,0,0,0,0,0,0,0,0,0,0,"100%",0,0,0,0,1,0,1,1,"50.00%",4,0,0,"0.00%","0.00%","0.00%","0.00%","0.00%","100%","0.00%",0,0,0,1,NA,0,0,0
"Chris Baker","N ALABAMA",35,47.81,"C",54,46.8,66.6,NA,4,1,2,NA,95.8,0,7,0.41,7,3,0,0,0,1,0,0,0,0,0,0,0,0,0,0,0,0,0,"0.00%",2,0,0,1,3,2,0,1,"100%",7,1,0,"0.00%","0.00%","100%","0.00%","0.00%","0.00%","0.00%",3,0,0,0,NA,0,0,0
"Michael Gilliam","CAMPBELL",48,47.77,"C",58.7,59.8,62.2,48.6,1,0,0,NA,67.4,1,8.2,0.94,11.3,0,0,0,3,0,0,0,0,0,0,0,0,1,0,0,0,0,0,"75.00%",0,0,1,0,5,5,1,3,"50.00%",34,0,1,"2.80%","0.00%","0.00%","0.00%","16.70%","0.00%","75.00%",4,0,0,2,NA,1,0,1
"Newton Essiem","VILLANOVA",69,47.53,"C",59.8,57.1,69.3,60,5,0,1,NA,83.3,0,9.2,2.24,13.4,0,0,1,1,0,0,0,0,0,0,0,0,0,0,0,0,0,0,"16.70%",0,0,0,0,5,5,2,7,"58.30%",94,5,1,"7.10%","0.00%","41.70%","0.00%","8.30%","0.00%","16.70%",5,0,0,3,0,0,0,3
"Jaiydyn Johnson","STF AUSTIN",28,47.5,"C",61.6,65,49.3,NA,3,0,0,NA,106.9,1,8.8,1.79,11.3,14,0,0,0,0,1,0,1,0,0,0,0,0,0,0,0,0,0,"25.00%",0,0,0,0,3,2,2,3,"50.00%",34,2,1,"5.30%","0.00%","33.30%","0.00%","16.70%","50.00%","0.00%",4,0,0,1,NA,0,0,1
"Noah St-Juste","S DAK ST",27,47.46,"C",57.6,56.8,61.5,NA,2,0,1,NA,82.3,0,10.3,2.18,18.5,0,0,1,0,0,0,0,0,0,2,0,0,0,0,0,0,0,0,"0.00%",0,0,0,0,2,2,0,2,"50.00%",37,2,0,"5.90%","50.00%","50.00%","0.00%","0.00%","0.00%","0.00%",2,0,0,2,NA,0,0,1
"Brandon Parnell Jr.","HAMPTON",62,47.44,"C",61.6,66.5,40.3,NA,2,1,0,NA,42.4,0,1,0.16,6,30,0,0,1,1,1,0,0,0,0,0,0,0,0,0,0,0,0,"50.00%",0,0,0,1,3,1,0,1,"33.30%",6,0,0,"0.00%","0.00%","0.00%","0.00%","0.00%","33.30%","100%",2,0,0,2,NA,0,0,0
"Tysean Griffin","W ILLINOIS",48,47.32,"C",53.6,51.1,66.1,NA,3,1,0,NA,72.1,0,22.8,1.76,22,5,0,0,1,0,0,1,0,0,0,0,0,0,0,0,0,0,0,"25.00%",0,0,0,1,3,3,0,2,"40.00%",44,2,0,"4.00%","0.00%","40.00%","0.00%","0.00%","0.00%","33.30%",3,0,0,2,NA,0,0,1
"Cristian Conyer","E KENTUCKY",33,47.18,"C",62.3,61.2,63.1,NA,1,0,0,NA,112.5,0,11,0.73,11,0,0,0,0,0,0,0,0,0,0,0,0,0,0,0,0,0,0,"0.00%",0,0,0,0,1,1,0,1,"100%",11,1,0,"0.00%","0.00%","100%","0.00%","0.00%","0.00%","0.00%",1,0,0,0,NA,0,0,0
"Mick McKee","LEHIGH",17,46.94,"C",60.4,59.7,60.7,NA,1,0,0,NA,95.8,0,25.5,3.11,28,0,0,0,0,0,0,0,0,0,0,0,0,0,0,0,0,0,0,"0.00%",0,0,0,0,1,1,1,1,"50.00%",28,1,0,"11.10%","0.00%","50.00%","0.00%","0.00%","0.00%","0.00%",1,0,0,1,NA,0,0,1
"Xavier Cannaday","LIUSHAR",66,46.87,"C",54.7,53.6,59.4,58.3,3,0,1,NA,95.8,0,32,2.04,47,0,0,1,1,0,0,0,0,0,0,1,0,1,0,0,0,0,0,"25.00%",0,1,1,0,4,3,1,1,"50.00%",47,1,0,"4.30%","0.00%","50.00%","0.00%","0.00%","0.00%","25.00%",4,0,0,1,50,1,0,1
"Michael Evans","SCAR STATE",19,46.86,"C",58.6,58.3,60.2,NA,2,1,0,NA,95.8,0,20.5,2.53,38,0,0,0,0,0,0,1,0,0,0,0,0,0,0,0,0,0,0,"0.00%",0,0,0,1,1,1,0,1,"50.00%",38,1,0,"6.70%","0.00%","50.00%","0.00%","0.00%","0.00%","0.00%",1,0,0,0,NA,0,0,1
"Ky'Ree Murphy","WOFFORD",16,46.83,"C",53.2,49.7,64.8,NA,4,0,2,NA,118.8,1,12.4,8.17,24.5,0,0,1,0,0,0,0,0,1,0,0,0,0,0,0,0,0,0,"0.00%",1,1,0,0,3,3,2,4,"80.00%",98,2,1,"8.30%","0.00%","40.00%","0.00%","20.00%","0.00%","0.00%",4,0,0,0,NA,0,0,1
"Myles Green","S DAK ST",51,46.79,"C",60.6,60.7,59.4,NA,5,1,0,NA,106.3,0,5.5,0.41,11,6.5,0,0,0,0,1,1,1,0,2,0,0,0,0,0,0,0,0,"16.70%",0,0,0,1,3,2,0,1,"50.00%",11,1,0,"0.00%","100%","50.00%","0.00%","0.00%","33.30%","0.00%",3,0,0,1,NA,0,0,0
"Michael Bonsu","GEORGETOWN",48,46.54,"C",61.1,60.5,61.6,NA,5,1,0,NA,115.6,0,10,3.36,11.8,0,0,0,0,1,1,0,0,0,0,0,0,0,0,1,0,0,0,"16.70%",0,0,0,1,2,1,0,4,"100%",47,1,0,"7.10%","0.00%","25.00%","0.00%","0.00%","50.00%","0.00%",4,0,0,0,NA,0,0,1
"David Jones","SE MO ST",36,46.46,"C",39.3,47.6,32.8,60,3,0,2,NA,39.6,1,25.5,0,0,2.5,0,0,0,0,1,0,0,1,0,0,0,0,0,0,0,0,0,"25.00%",2,1,0,0,5,2,0,0,"0.00%",0,0,1,"0.00%","0.00%","0.00%","0.00%","50.00%","33.30%","0.00%",2,0,0,0,0,0,0,0
"J. Augustus Olidge","HOWARD",18,46.33,"C",50,49.3,60,NA,1,0,0,NA,46.5,0,20.3,1,12,0,0,0,0,0,0,0,0,0,0,0,0,0,0,0,0,0,0,"0.00%",0,0,0,0,2,2,0,1,"33.30%",12,1,0,"0.00%","0.00%","33.30%","0.00%","0.00%","0.00%","0.00%",1,0,0,2,NA,0,0,0
"Chance Harrison Jr.","W ILLINOIS",38,46.33,"C",57.7,55.6,62.2,NA,4,1,1,NA,158.3,0,35,2.57,36,7.67,0,0,0,1,0,0,1,1,0,0,0,0,0,0,0,0,0,"0.00%",1,1,0,1,2,1,0,1,"100%",36,1,0,"7.10%","0.00%","100%","0.00%","0.00%","0.00%","0.00%",2,0,0,0,NA,0,0,1
"Cameron Cason","S ILLINOIS",36,46.28,"C",58.6,60.5,52,NA,3,0,2,NA,106,0,14.7,1.17,7,1,0,1,0,0,0,0,1,0,0,0,0,0,0,0,0,0,0,"25.00%",1,0,0,1,4,3,2,4,"57.10%",28,2,1,"4.20%","0.00%","28.60%","0.00%","14.30%","0.00%","0.00%",2,0,0,2,NA,0,0,1
"Zion Graham","SACR HEART",17,46.26,"C",60.5,60,60.1,NA,1,0,0,NA,91,0,10,2,12,0,0,0,0,0,0,0,0,0,0,0,0,0,0,0,0,0,0,"0.00%",0,0,0,0,1,1,0,2,"66.70%",24,1,0,"8.30%","0.00%","33.30%","0.00%","0.00%","0.00%","0.00%",2,0,0,1,NA,0,0,1
"DaMari Washington","PORTLAND",30,46.25,"C",40.5,56.2,56,NA,NA,0,0,NA,60.4,0,23,1.14,8,0,0,NA,NA,NA,NA,NA,0,NA,1,NA,0,0,0,0,0,0,0,NA,NA,0,0,NA,4,2,0,1,"50.00%",8,0,0,"0.00%","50.00%","0.00%","0.00%","0.00%",NA,NA,0,0,0,1,NA,0,0,0
"Daylyn Diston","FL A&M",50,46.06,"C",57.1,52.8,67,NA,5,0,1,NA,109.7,0,15.7,2.94,23.5,14.67,0,0,0,0,0,0,0,0,0,0,0,0,0,0,0,0,0,"0.00%",1,0,0,0,3,2,0,2,"66.70%",47,2,0,"6.30%","0.00%","66.70%","0.00%","0.00%","0.00%","0.00%",2,0,0,1,NA,0,0,1
"Amari Jackson","VILLANOVA",21,46.06,"C",60.5,59.2,62.2,NA,2,0,1,NA,118.8,0,10,0.1,1,0,0,1,0,0,0,0,1,0,0,0,0,0,0,0,0,0,0,"33.30%",0,0,0,0,1,1,0,1,"100%",1,1,0,"0.00%","0.00%","100%","0.00%","0.00%","0.00%","0.00%",1,0,0,0,NA,0,0,0
"Katrevrick Banks","GRAMBLING",17,45.85,"C",59.7,51.3,69.9,59,2,1,0,NA,118.8,0,-2,2.14,15,31,0,0,0,1,0,0,0,0,0,0,0,0,0,0,0,0,0,"0.00%",0,0,0,1,1,1,0,1,"100%",15,1,0,"14.30%","0.00%","100%","0.00%","0.00%","0.00%","0.00%",0,0,0,0,0,0,0,1
"Nikkem Reynolds","NEWHVN",27,45.68,"C",58.6,56.7,63,NA,NA,0,0,NA,100,0,8,1,8,0,0,NA,NA,NA,NA,NA,0,NA,0,NA,0,0,0,0,0,0,0,NA,NA,0,0,NA,1,1,0,1,"100%",8,0,0,"0.00%","0.00%","0.00%","0.00%","0.00%",NA,NA,0,0,0,0,NA,0,0,0
"Vance Sheppert","CAMPBELL",50,45.4,"C",63.6,63.3,60,60,4,1,0,NA,146.5,0,8.3,0.71,9.7,0,0,0,0,0,0,1,1,0,0,0,0,0,0,0,0,0,0,"0.00%",0,0,0,1,2,2,0,3,"100%",29,2,0,"2.40%","0.00%","66.70%","0.00%","0.00%","0.00%","0.00%",2,0,0,0,0,0,0,1
"Ian Langan","LAFAYETTE",51,45.32,"C",55.2,53.7,55.4,67.5,4,1,3,NA,123.6,0,-1,0.68,9.5,2.67,0,0,0,0,2,1,1,0,3,0,0,1,1,0,0,0,2,"33.30%",3,0,2,1,4,2,1,2,"66.70%",19,1,0,"3.60%","100%","33.30%","0.00%","0.00%","40.00%","0.00%",6,0,0,1,0,0,0,1
"Johnathan Guerrero","SAN DIEGO",18,45.13,"C",59.6,57.4,64,NA,1,0,0,NA,118.8,0,13,1.3,13,7,0,0,0,0,0,0,0,0,0,0,0,0,0,0,0,0,0,"0.00%",0,0,0,0,1,1,0,1,"100%",13,1,0,"0.00%","0.00%","100%","0.00%","0.00%","0.00%","0.00%",1,0,0,0,NA,0,0,0
"Zavian Dilworth","NICHOLLS",42,44.75,"C",57.1,55.2,62.7,NA,5,0,1,NA,133.3,0,11.3,1.65,9.3,7.5,0,1,0,0,0,0,1,0,2,0,0,0,0,0,0,0,0,"0.00%",0,0,0,0,3,2,0,3,"75.00%",28,2,0,"0.00%","50.00%","50.00%","0.00%","0.00%","0.00%","0.00%",4,0,0,1,NA,0,0,0
"Solomon Oduma","ILL STATE",27,44.64,"C",45.5,63.2,47.6,52.6,0,0,0,NA,0,0,0,0,0,0,0,0,0,0,1,0,0,0,0,0,0,1,0,0,0,0,1,"100%",0,0,1,0,2,0,0,0,"0.00%",0,0,0,"0.00%","0.00%","0.00%","0.00%","0.00%","100%","0.00%",1,0,0,0,4.2,0,0,0
"Jalen Edwards","LAFAYETTE",52,44.37,"C",59.3,57.4,67.1,NA,2,0,1,NA,118.8,0,19,3.86,28,0,0,1,0,0,0,0,0,0,2,0,0,0,0,0,0,0,0,"0.00%",0,0,0,0,3,3,1,4,"100%",112,1,0,"10.30%","50.00%","25.00%","0.00%","0.00%","0.00%","0.00%",3,0,0,0,NA,0,0,3
"Samuel McCall","BETH COOK",36,44.16,"C",52.6,64.6,41.5,57.7,1,0,0,NA,39.6,0,5,0,0,11,0,0,0,0,1,0,0,0,1,0,0,0,0,0,0,0,0,"50.00%",0,0,0,0,3,0,0,0,"0.00%",0,0,0,"0.00%","100%","0.00%","0.00%","0.00%","50.00%","0.00%",2,0,0,1,0,0,0,0
"Patrick Kince Jr.","ALCORN ST",42,43.66,"C",53.5,49.8,64.9,NA,1,0,0,NA,70.8,0,8,1.08,13,0,0,0,0,0,0,0,0,0,0,0,0,0,0,0,0,0,0,"0.00%",0,0,0,0,2,2,0,1,"50.00%",13,1,0,"0.00%","0.00%","50.00%","0.00%","0.00%","0.00%","0.00%",1,0,0,1,NA,0,0,0
"Khaleb Bridges","CITADEL",61,43.66,"C",63.5,65,55.2,NA,5,1,0,NA,149.3,0,17.7,1.34,25.5,5.5,0,0,0,1,1,0,1,0,2,0,0,0,0,0,0,0,0,"16.70%",0,0,0,1,2,1,0,2,"66.70%",51,2,0,"2.60%","66.70%","66.70%","0.00%","0.00%","25.00%","0.00%",4,0,0,1,NA,0,0,1
"Zay Franks","SE LA",58,43.63,"C",51.3,46,69.7,NA,2,0,0,NA,119.6,1,10,2.13,12.8,0,0,0,0,0,0,0,1,0,3,0,0,0,0,0,0,0,0,"0.00%",0,0,0,0,4,4,0,4,"57.10%",51,2,1,"4.20%","42.90%","28.60%","0.00%","14.30%","0.00%","0.00%",2,0,0,2,NA,0,0,1
"Keon Powell","ALBANY",39,43.51,"C",51.9,48.6,71.7,NA,4,0,2,NA,122.6,0,7.1,1.29,7.2,2,0,1,0,0,0,0,1,0,3,0,0,0,0,0,0,0,0,"0.00%",1,0,0,0,5,5,1,5,"71.40%",36,4,0,"0.00%","42.90%","57.10%","0.00%","0.00%","0.00%","0.00%",4,0,0,1,NA,0,0,0
"Jordan Jackson","GARD-WEBB",32,43.42,"C",60,58.6,63,NA,NA,0,0,NA,108.3,0,4,0.83,10,0,0,NA,NA,NA,NA,NA,0,NA,0,NA,0,0,0,0,0,0,0,NA,NA,0,0,NA,1,1,0,1,"100%",10,1,0,"0.00%","0.00%","100%","0.00%","0.00%",NA,NA,0,0,0,0,NA,0,0,0
"Jahel Alexis","FL A&M",38,43.24,"C",52.9,48.3,68.1,NA,2,1,0,NA,71.9,0,14.8,1.42,13.5,13,0,0,2,1,0,0,0,0,0,0,0,0,0,0,0,0,0,"50.00%",0,0,0,1,3,3,0,2,"50.00%",27,1,0,"5.30%","0.00%","25.00%","0.00%","0.00%","0.00%","100%",3,0,0,2,NA,0,0,1
"Ross Davidson","YNGTOWN ST",19,42.69,"C",57.6,63.2,54.2,57.6,1,0,0,NA,79.2,0,-4,0.2,1,6,0,0,0,0,1,0,0,0,0,0,0,0,0,0,0,0,0,"50.00%",0,0,0,0,1,0,0,1,"100%",1,0,0,"0.00%","0.00%","0.00%","0.00%","0.00%","50.00%","0.00%",2,0,0,0,0,0,0,0
"Davis Rice","LEHIGH",20,42.58,"C",50.5,64.9,28.7,58.6,3,0,1,NA,0,0,0,0,0,8,0,1,2,0,2,0,0,0,0,0,0,2,0,0,0,0,0,"57.10%",0,0,2,0,5,1,2,0,"0.00%",0,0,0,"0.00%","0.00%","0.00%","0.00%","0.00%","66.70%","50.00%",3,0,0,0,50,1,0,0
"Jalon Jones","LNDNWD",42,42.47,"C",56.9,56.3,61.4,NA,4,0,1,NA,85.7,0,4.9,1.03,5.3,0,0,1,2,0,0,0,0,0,0,0,0,0,0,0,0,0,0,"33.30%",0,0,0,0,5,5,2,6,"85.70%",32,1,0,"0.00%","0.00%","14.30%","0.00%","0.00%","0.00%","33.30%",4,0,0,1,NA,0,0,0
"Tayshaun Burney","RICHMOND",61,42.35,"C",62.7,65.3,53.2,NA,1,0,1,NA,141.7,0,17.5,1.03,12,0,0,1,0,0,1,0,1,0,0,0,0,0,1,0,0,0,1,"50.00%",0,0,1,0,2,1,1,3,"75.00%",36,1,0,"2.90%","0.00%","25.00%","0.00%","0.00%","100%","0.00%",2,0,0,1,NA,0,0,1
"Cam Boone","HOLY CROSS",46,42.26,"C",59.7,55.6,70.1,NA,4,1,0,NA,158.3,0,29,4.15,41.5,10,0,0,0,1,0,0,1,0,0,0,0,0,0,0,0,0,0,"0.00%",0,0,0,1,2,2,0,2,"100%",83,2,0,"10.00%","0.00%","100%","0.00%","0.00%","0.00%","0.00%",2,0,0,0,NA,0,0,2
"Olatunde Mkparu","BRYANT",49,42.14,"C",44.7,45.8,54.1,NA,6,2,1,NA,75.7,0,21.3,3.3,33,6.67,0,0,0,2,1,0,0,0,2,0,0,0,0,0,0,0,0,"14.30%",1,0,0,2,5,2,0,1,"33.30%",33,1,0,"10.00%","66.70%","33.30%","0.00%","0.00%","16.70%","0.00%",5,0,0,1,NA,0,0,1
"Jackson Dowd","LEHIGH",23,42.07,"C",48.6,38.2,66.4,NA,3,0,3,NA,39.6,0,12.4,0.4,4,2,0,0,1,0,1,0,0,0,0,0,0,0,0,0,0,0,0,"40.00%",3,0,0,0,4,3,1,1,"20.00%",4,0,0,"0.00%","0.00%","0.00%","0.00%","0.00%","25.00%","100%",4,0,0,3,NA,0,0,0
"Myti Johnson","W GEORGIA",45,41.88,"C",55.2,55.5,56.1,NA,2,0,1,NA,80.2,0,7.8,0.71,5,5,0,1,1,0,1,0,0,0,3,0,0,0,0,1,0,0,0,"50.00%",0,0,0,0,4,3,1,3,"75.00%",15,0,0,"0.00%","75.00%","0.00%","0.00%","0.00%","50.00%","50.00%",3,0,0,0,NA,0,0,0
"Lorenzell Dubose","MCNEESE",26,41.68,"C",55.5,54.9,60.2,NA,NA,0,0,NA,104.2,0,8,1.06,9,0,0,NA,NA,NA,NA,NA,0,NA,0,NA,0,0,0,0,0,0,0,NA,NA,0,0,NA,2,2,0,2,"100%",18,0,0,"0.00%","0.00%","0.00%","0.00%","0.00%",NA,NA,1,0,0,0,NA,0,0,0
"Brysen Conner","HAMPTON",19,41.58,"C",58.6,55.4,65.1,NA,2,0,1,NA,158.3,0,21,3.2,16,13,0,1,0,0,0,0,1,0,0,0,0,0,0,0,0,0,0,"0.00%",0,0,0,0,1,1,0,1,"100%",16,1,0,"20.00%","0.00%","100%","0.00%","0.00%","0.00%","0.00%",1,0,0,0,NA,0,0,1
"Coleman Calmus","RICHMOND",24,41.46,"C",48.3,38.8,69.6,NA,4,1,0,NA,95.8,0,7,0.5,7,18.5,0,0,1,1,0,0,0,0,0,0,0,0,0,0,0,0,0,"20.00%",0,0,0,1,2,2,0,1,"100%",7,0,0,"0.00%","0.00%","0.00%","0.00%","0.00%","0.00%","50.00%",3,0,0,0,NA,0,0,0
"Duke Bradley","BRYANT",26,41.05,"C",41.7,60.6,36.2,58.2,1,0,1,NA,0,0,0,0,0,6,0,0,0,0,1,0,0,0,0,0,0,0,0,0,0,0,0,"50.00%",1,0,0,0,3,0,0,0,"0.00%",0,0,0,"0.00%","0.00%","0.00%","0.00%","0.00%","50.00%","0.00%",2,0,0,0,0,0,0,0
"DeMarkus Boykin","MURRAY ST",20,40.94,"C",61.8,61.3,60.7,60,1,0,0,NA,116.7,0,6,1,4,0,0,0,1,0,0,0,1,0,2,0,0,0,0,0,0,0,0,"50.00%",0,0,0,0,2,2,1,3,"75.00%",12,1,1,"0.00%","50.00%","25.00%","0.00%","25.00%","0.00%","50.00%",0,0,0,0,0,0,0,0
"Isaac Edwards","LNDNWD",30,40.59,"C",54.7,53.6,61.8,NA,1,0,0,NA,77.1,0,5.3,0.88,7,0,0,0,1,0,0,0,0,0,0,0,0,0,0,0,0,0,0,"50.00%",0,0,0,0,2,2,0,2,"66.70%",14,0,0,"0.00%","0.00%","0.00%","0.00%","0.00%","0.00%","50.00%",2,0,0,1,NA,0,0,0
"Tyrell Johnson","MS VLY ST",27,40.58,"C",61.3,54.9,70.1,59.3,1,0,1,NA,135.4,0,37,12.6,63,2,0,0,0,0,0,0,1,0,0,0,0,1,0,0,0,0,0,"0.00%",1,0,1,0,1,1,1,1,"50.00%",63,1,1,"20.00%","0.00%","50.00%","0.00%","50.00%","0.00%","0.00%",0,0,0,1,50,1,0,1
"Caden Rice","HAMPTON",34,40.38,"C",53.7,51.9,65.2,57.3,3,0,3,NA,137.9,0,13,1.58,9.5,4,0,2,1,0,0,0,1,0,0,0,0,0,0,0,0,0,0,"25.00%",1,0,0,0,5,5,2,4,"80.00%",38,2,0,"0.00%","0.00%","40.00%","0.00%","0.00%","0.00%","33.30%",2,0,0,0,0,0,0,0
"Mikey Allen","VILLANOVA",54,40.03,"C",61.4,60.3,63.5,NA,1,0,0,NA,158.3,0,17,0.8,14,0,0,0,0,0,0,0,1,0,0,0,0,0,0,0,0,0,0,"0.00%",0,0,0,0,2,2,0,2,"100%",28,2,0,"2.90%","0.00%","100%","0.00%","0.00%","0.00%","0.00%",1,0,0,0,NA,0,0,1
"Corday Bethel","MERRIMACK",27,39.86,"D",55.2,61,45.3,56.4,2,1,1,NA,93.8,0,7.3,1.65,9.3,0,0,1,1,0,0,1,0,0,3,0,0,0,0,0,0,0,0,"33.30%",0,0,0,1,3,2,1,3,"75.00%",28,1,0,"5.90%","75.00%","25.00%","0.00%","0.00%","0.00%","33.30%",2,0,0,0,0,0,1,1
"Shawn Cummings","W GEORGIA",17,39.78,"D",57.2,61.2,53.1,NA,2,1,1,NA,119.4,0,5,2.29,8,4,0,0,0,1,2,0,1,0,2,0,0,0,0,0,1,0,0,"50.00%",1,0,0,1,3,1,1,2,"66.70%",16,1,0,"0.00%","66.70%","33.30%","0.00%","0.00%","50.00%","0.00%",2,0,0,1,NA,0,0,0
"Chase Jarrett","COLGATE",40,39.75,"D",53.3,50.6,65.5,54.7,2,0,1,NA,116.7,0,22.5,2.89,18.3,4,0,0,0,0,0,0,0,0,0,0,0,0,0,0,0,0,0,"0.00%",1,0,0,0,3,3,1,3,"75.00%",55,3,0,"10.50%","0.00%","75.00%","0.00%","0.00%","0.00%","0.00%",2,0,0,1,0,0,0,2
"Dorian Gibson","W GEORGIA",32,39.73,"D",60.4,64.2,45,NA,4,1,1,NA,106.9,0,3.3,2.76,9.7,0,0,1,1,0,1,1,0,0,5,1,0,0,0,0,0,0,0,"33.30%",0,1,0,1,3,2,1,6,"100%",58,2,0,"9.50%","83.30%","33.30%","0.00%","0.00%","100%","20.00%",5,0,0,0,NA,0,0,2
"Tajon Evans","WEBER ST",29,39.7,"D",58.1,52.6,69,NA,2,0,0,NA,158.3,0,19,1.78,16,12,0,0,0,0,0,0,1,0,0,0,0,0,0,0,0,0,0,"0.00%",0,0,0,0,1,1,0,1,"100%",16,1,0,"11.10%","0.00%","100%","0.00%","0.00%","0.00%","0.00%",0,0,0,0,NA,0,0,1
"Tareq Council","CHISTA",63,39.54,"D",54.3,55.7,50.4,NA,5,0,1,NA,93.8,0,34.3,1.71,24,0,0,1,1,0,1,0,0,0,0,0,0,0,0,0,0,0,0,"28.60%",0,0,0,0,5,4,1,2,"50.00%",48,2,1,"3.60%","0.00%","50.00%","0.00%","25.00%","100%","16.70%",6,0,0,1,NA,0,0,1
"RJ Stewart","S DAKOTA",55,39.38,"D",59.3,58,64.1,NA,1,0,1,NA,158.3,0,30,1.64,54,0,0,1,0,0,0,0,1,0,0,0,0,0,0,0,0,0,0,"0.00%",0,0,0,0,1,1,0,1,"100%",54,1,0,"3.00%","0.00%","100%","0.00%","0.00%","0.00%","0.00%",2,0,0,0,NA,0,0,1
"Jeremiah Harris","MAINE",19,39.37,"D",59.2,65.8,45.7,NA,0,0,0,NA,56.3,0,-1,0.56,5,0,0,0,0,0,1,0,0,0,2,0,0,0,0,0,0,0,0,"100%",0,0,0,0,1,0,0,1,"50.00%",5,0,0,"0.00%","100%","0.00%","0.00%","0.00%","100%","0.00%",2,0,0,1,NA,0,0,0
"Takai Whitmore","BUCKNELL",36,39.3,"D",53.7,50.6,65.7,NA,2,0,0,NA,109.7,0,14,2.56,20.5,8,0,0,0,0,0,0,0,0,0,0,0,0,0,0,0,0,0,"0.00%",0,0,0,0,3,3,0,2,"66.70%",41,2,0,"12.50%","0.00%","66.70%","0.00%","0.00%","0.00%","0.00%",2,0,0,1,NA,0,0,2
"Christopher Sharp","E ILLINOIS",22,39.29,"D",58,61.7,49.1,NA,5,0,1,NA,111.5,0,8.3,4.09,15,6,0,1,0,0,1,0,0,0,4,0,0,0,0,0,0,0,0,"16.70%",0,0,0,0,3,2,1,3,"75.00%",45,2,0,"9.10%","100%","50.00%","0.00%","0.00%","50.00%","0.00%",3,0,0,1,NA,0,0,1
"Javier Waldron","NORFOLK",37,39.21,"D",47.3,43.1,65.7,NA,2,1,0,NA,88.9,0,15,0.88,14,11,0,0,1,0,0,1,1,0,1,0,0,0,0,0,0,0,0,"33.30%",0,0,0,1,2,2,0,1,"33.30%",14,1,0,"0.00%","33.30%","33.30%","0.00%","0.00%","0.00%","50.00%",1,0,0,2,NA,0,0,0
"Juice Ricks","MERRIMACK",32,39.2,"D",49,47.7,62,NA,2,0,0,NA,95.8,0,23.3,2.55,25.5,0,0,0,0,0,0,0,0,0,2,0,0,0,0,0,0,0,0,"0.00%",0,0,0,0,3,3,1,2,"50.00%",51,1,0,"5.00%","50.00%","25.00%","0.00%","0.00%","0.00%","0.00%",2,0,0,1,NA,0,0,1
"Farand Washington","TENN MARTN",58,38.7,"D",49.3,47.1,67.3,NA,6,3,0,NA,142.7,0,10,1.89,10,0,0,0,1,1,0,2,1,0,0,0,0,0,0,0,0,0,0,"14.30%",0,0,0,3,6,6,0,7,"87.50%",70,3,0,"8.10%","0.00%","37.50%","0.00%","0.00%","0.00%","16.70%",5,0,0,1,NA,0,0,3
"Deandre Creary","AUSTINPEAY",24,38.16,"D",57.4,54.5,64.8,NA,3,0,1,NA,104.2,0,5.3,2.25,9,1,0,0,2,0,0,0,0,0,2,0,0,0,0,0,0,0,0,"40.00%",1,0,0,0,3,2,0,3,"100%",27,2,0,"0.00%","66.70%","66.70%","0.00%","0.00%","0.00%","66.70%",6,0,0,0,NA,0,0,0
"Gavin Harris","CAMPBELL",17,38.09,"D",61.8,61.3,62.6,57.1,2,0,0,NA,118.8,0,7.5,2.92,19,7,0,0,1,0,0,0,0,0,0,0,0,0,0,0,0,0,0,"33.30%",0,0,0,0,1,1,0,2,"100%",38,2,0,"15.40%","0.00%","100%","0.00%","0.00%","0.00%","50.00%",2,0,0,0,0,0,0,2
"Erv Wiggins Jr.","MAINE",40,37.75,"D",61.2,59.6,65.8,NA,2,0,0,NA,154.2,0,5.5,1,11.5,14,0,0,1,0,0,0,1,0,1,0,0,0,0,0,0,0,0,"33.30%",0,0,0,0,2,2,0,2,"100%",23,2,0,"0.00%","50.00%","100%","0.00%","0.00%","0.00%","50.00%",2,0,0,0,NA,0,0,0
"Jeremiah Jimoh","UTAHTC",47,37.69,"D",55.7,56.9,53.7,NA,5,1,0,NA,111.1,0,7.7,1.52,10.7,7,0,0,1,0,1,1,0,0,0,0,0,0,0,0,0,0,0,"28.60%",0,0,0,1,4,3,0,3,"100%",32,1,0,"4.80%","0.00%","33.30%","0.00%","0.00%","50.00%","20.00%",6,0,0,0,NA,0,0,1
"Antonio Turner Jr.","HAMPTON",37,37.63,"D",48.3,61.3,29,NA,2,0,0,NA,39.6,0,20,0,0,9,0,0,0,0,2,0,0,0,0,0,0,0,0,0,0,0,0,"50.00%",0,0,0,0,4,1,0,0,"0.00%",0,0,0,"0.00%","0.00%","0.00%","0.00%","0.00%","66.70%","0.00%",1,0,0,1,NA,0,0,0
"Jaleel Chambliss","W GEORGIA",27,37.59,"D",61.5,71.9,29.9,NA,2,0,1,NA,87.5,0,-1,0.31,5,0,0,1,0,0,1,0,0,0,1,0,0,0,0,0,0,0,0,"33.30%",0,0,0,0,2,0,1,1,"100%",5,0,0,"0.00%","100%","0.00%","0.00%","0.00%","100%","0.00%",1,0,0,0,NA,0,0,0
"Matthias Lighten","SACR HEART",53,37.44,"D",45.5,44,63.1,NA,4,1,1,NA,72.5,0,12.4,1.94,11,0,0,1,3,0,0,1,0,0,0,1,0,0,0,0,0,0,0,"42.90%",0,1,0,1,8,8,1,6,"54.50%",66,4,0,"0.00%","0.00%","36.40%","0.00%","0.00%","0.00%","42.90%",5,0,0,4,NA,0,0,0
"Daizon Allen","NORFOLK",16,37.32,"D",56.7,54,63.1,NA,1,0,0,NA,118.8,0,16,4.25,17,0,0,0,0,0,0,0,0,0,1,0,0,0,0,0,0,0,0,"0.00%",0,0,0,0,1,1,0,1,"100%",17,1,0,"25.00%","100%","100%","0.00%","0.00%","0.00%","0.00%",1,0,0,0,NA,0,0,1
"Ife Current","S DAK ST",33,37.3,"D",47.5,46.8,55.8,NA,4,2,0,NA,88.5,0,13.3,2.53,21.5,11,0,0,1,2,1,0,0,0,2,0,0,0,0,0,0,0,0,"33.30%",0,0,0,2,4,3,0,2,"50.00%",43,1,0,"5.90%","50.00%","25.00%","0.00%","0.00%","25.00%","50.00%",2,0,0,2,NA,0,0,1
"Adrian Patterson","SE MO ST",43,37.18,"D",57.4,55.6,63.5,NA,1,0,0,NA,149.3,0,29.3,3.29,34.5,0,0,0,0,0,0,0,1,0,0,0,0,0,0,0,0,0,0,"0.00%",0,0,0,0,2,2,1,2,"66.70%",69,2,1,"9.50%","0.00%","66.70%","0.00%","33.30%","0.00%","0.00%",1,0,0,0,NA,0,0,2
"Anthony Turnbow","CITADEL",27,36.87,"D",56.9,56.2,61.3,NA,2,0,1,NA,137.5,0,12.7,1.71,14.5,0,0,1,1,0,0,0,1,0,2,0,0,0,0,0,0,0,0,"33.30%",0,0,0,0,3,3,1,2,"66.70%",29,2,0,"5.90%","66.70%","66.70%","0.00%","0.00%","0.00%","33.30%",2,0,0,1,NA,0,0,1
"Kamari Blankumsee","NC A&T",16,36.6,"D",50.2,49.6,61.3,60,1,1,0,NA,104.2,0,5,4.5,9,0,0,0,0,0,0,1,0,0,2,0,0,0,0,0,0,0,0,"0.00%",0,0,0,1,2,2,0,4,"100%",36,2,0,"12.50%","50.00%","50.00%","0.00%","0.00%","0.00%","0.00%",1,0,0,0,0,0,0,1
"CJ Davis","INDIANA ST",29,36.43,"D",51.3,42.9,75.4,58.2,5,1,2,NA,149,0,7,2.53,14.3,4,0,0,1,1,0,0,1,0,2,0,0,0,0,0,0,0,0,"16.70%",2,0,0,1,4,4,1,3,"75.00%",43,3,1,"11.80%","50.00%","75.00%","0.00%","25.00%","0.00%","50.00%",3,0,0,0,0,0,0,2
"DJ Cerisier","DUQUESNE",45,36.15,"D",57.9,52.4,62.4,NA,2,0,0,NA,118.8,0,17,3.6,18,12.5,0,0,0,0,1,0,0,0,0,0,0,0,0,0,0,0,0,"33.30%",0,0,0,0,2,1,0,1,"100%",18,1,0,"20.00%","0.00%","100%","0.00%","0.00%","33.30%","0.00%",2,0,0,0,NA,0,0,1
"Robert Powell","VA MILT IN",26,36.01,"D",45.7,42.1,65.2,NA,2,0,2,NA,69.8,0,12.8,1.67,12.5,1,0,1,1,0,1,0,0,0,0,0,0,0,0,1,0,0,0,"50.00%",1,0,0,0,5,4,1,2,"50.00%",25,1,0,"6.70%","0.00%","25.00%","0.00%","0.00%","50.00%","50.00%",1,0,0,1,NA,0,0,1
"Bones Marks","WEBER ST",52,35.53,"D",52.4,61.4,35.6,NA,1,0,1,NA,46.9,0,7.3,1.19,19,6,0,0,0,0,1,0,0,0,0,0,0,0,0,0,0,0,0,"50.00%",1,0,0,0,4,1,0,1,"25.00%",19,1,0,"6.30%","0.00%","25.00%","0.00%","0.00%","50.00%","0.00%",2,0,0,2,NA,0,0,1
"Michael Beresford","N ARIZONA",49,35.49,"D",54.9,59.5,37.8,60,3,1,0,NA,79.9,0,9.7,0.52,8,0,0,0,0,0,1,1,0,0,0,0,0,0,0,0,0,0,0,"25.00%",0,0,0,1,5,3,0,2,"66.70%",16,2,0,"0.00%","0.00%","66.70%","0.00%","0.00%","100%","0.00%",4,0,0,1,0,0,0,0
"Jonathan Nicholson","MS VLY ST",42,35.27,"D",54,47,70.2,56.5,4,0,2,NA,142.9,0,10.4,2.44,11,2,0,0,1,0,0,0,1,1,0,0,0,0,0,0,0,0,0,"20.00%",2,1,0,0,3,3,0,4,"80.00%",44,3,0,"11.10%","0.00%","60.00%","0.00%","0.00%","0.00%","33.30%",1,0,0,1,0,0,0,2
"Shane Keyes-Wilson","MAINE",23,35.2,"D",57.6,54.1,63.7,60,5,0,3,NA,118.8,0,6.7,5.88,15.7,3,0,1,2,0,1,0,0,0,2,0,0,0,0,0,0,0,0,"37.50%",2,0,0,0,4,3,1,3,"100%",47,2,0,"12.50%","66.70%","66.70%","0.00%","0.00%","33.30%","40.00%",4,0,0,0,0,0,0,1
"Brian Lloyd","GEORGETOWN",51,35.09,"D",54.8,52.7,61.8,NA,1,1,0,NA,118.8,0,28.5,3.33,35,0,0,0,0,0,1,1,0,0,0,0,0,0,0,1,0,0,0,"50.00%",0,0,0,1,3,2,0,2,"100%",70,2,0,"9.50%","0.00%","100%","0.00%","0.00%","100%","0.00%",2,0,0,0,NA,0,0,2
"Jaden Williams","BETH COOK",41,35.06,"D",50.3,55.1,41.3,NA,4,2,0,NA,81.3,0,10,0.78,18,0,0,0,1,2,1,0,0,0,1,0,0,0,0,0,0,0,0,"33.30%",0,0,0,2,5,3,0,1,"50.00%",18,1,0,"4.30%","50.00%","50.00%","0.00%","0.00%","33.30%","33.30%",3,0,0,0,NA,0,0,1
"Keontae Byas","BETH COOK",17,34.55,"D",43.1,61.5,32.1,NA,0,0,0,NA,0,0,0,0,0,0,0,0,0,0,1,0,0,0,0,0,0,0,0,0,0,0,0,"100%",0,0,0,0,2,0,0,0,"0.00%",0,0,0,"0.00%","0.00%","0.00%","0.00%","0.00%","100%","0.00%",1,0,0,0,NA,0,0,0
"Jeffrey Holden","SOUTHERN U",42,34.48,"D",49.9,45.1,64.7,NA,1,0,0,NA,158.3,0,20,0.6,15,29,0,0,0,0,0,0,1,0,0,0,0,0,0,0,0,0,0,"0.00%",0,0,0,0,3,3,0,1,"100%",15,1,0,"4.00%","0.00%","100%","0.00%","0.00%","0.00%","0.00%",1,0,0,0,NA,0,0,1
"Braylon Vincent","LIUSHAR",22,34.46,"D",55.2,52.4,64.9,NA,3,0,0,NA,158.3,0,21.5,3.7,18.5,8,0,0,0,0,0,0,1,0,1,0,0,0,0,0,0,0,0,"0.00%",0,0,0,0,2,2,0,2,"100%",37,2,0,"20.00%","50.00%","100%","0.00%","0.00%","0.00%","0.00%",2,0,0,0,NA,0,0,2
"Zade Smith-Johnson","ALBANY",17,34.29,"D",43.6,47.1,48.1,NA,2,0,0,NA,62.5,0,15,0.9,9,11,0,0,0,0,1,0,0,0,1,0,0,0,0,0,0,0,0,"33.30%",0,0,0,0,3,2,0,1,"50.00%",9,0,0,"0.00%","50.00%","0.00%","0.00%","0.00%","50.00%","0.00%",1,0,0,1,NA,0,0,0
"Marcellous Ryan","PORTLAND",37,34.26,"D",40.5,40.5,51.8,NA,5,1,0,NA,81.3,0,15.5,2.48,10.4,29,0,0,0,0,1,1,0,0,4,0,0,0,0,0,0,0,0,"16.70%",0,0,0,1,6,5,0,5,"62.50%",52,2,0,"4.80%","50.00%","25.00%","0.00%","0.00%","33.30%","0.00%",2,0,0,1,NA,0,0,1
"Joshua Narh","MORGAN ST",28,33.42,"D",57,60.9,49,58.4,2,0,0,NA,103.3,0,-3.4,2.93,8.8,8,0,0,0,0,1,0,0,0,5,0,0,0,0,0,0,0,0,"33.30%",0,0,0,0,2,1,0,5,"100%",44,2,0,"6.70%","100%","40.00%","0.00%","0.00%","50.00%","0.00%",3,0,0,0,0,0,0,1
"Cairo Moore","LAFAYETTE",15,33.31,"D",50.3,58.2,52,NA,2,0,0,NA,118.8,0,4,2.5,15,0,0,0,0,0,0,0,0,0,1,0,0,0,0,0,0,0,0,"0.00%",0,0,0,0,2,1,0,1,"100%",15,1,0,"16.70%","100%","100%","0.00%","0.00%","0.00%","0.00%",3,0,0,0,NA,0,0,1
"Debo Hall","PRESBYTERN",20,33.1,"D",45.6,54.4,40.4,58.3,4,1,1,NA,108.3,0,-1,1.25,10,1,0,0,0,1,0,0,0,0,0,0,0,0,0,0,0,0,0,"0.00%",1,0,0,1,3,1,0,1,"100%",10,1,0,"0.00%","0.00%","100%","0.00%","0.00%","0.00%","0.00%",2,0,0,0,0,0,0,0
"Noa Calaycay","IDAHO ST",15,32.97,"D",42.8,41.9,61.1,60,0,0,0,NA,90.3,1,19,1.88,15,0,0,0,1,0,0,0,1,0,0,0,0,0,0,0,0,0,0,"100%",0,0,0,0,3,3,1,1,"33.30%",15,1,1,"12.50%","0.00%","33.30%","0.00%","33.30%","0.00%","100%",1,0,0,1,0,0,0,1
"Jahvi Jarmon","AUSTINPEAY",15,32.95,"D",58.3,57.9,60,NA,0,0,0,NA,104.2,0,0,0.9,9,0,0,0,1,0,0,0,0,0,1,0,0,0,0,0,0,0,0,"100%",0,0,0,0,1,1,0,1,"100%",9,1,0,"0.00%","100%","100%","0.00%","0.00%","0.00%","100%",0,0,0,0,NA,0,0,0
"Lamarr Stephens","PORTLAND",37,32.75,"D",55.7,53.7,64,NA,1,0,0,NA,158.3,0,15.3,3,18,0,0,0,0,0,0,0,1,0,2,0,0,0,0,0,0,0,0,"0.00%",0,0,0,0,2,2,0,3,"100%",54,2,0,"11.10%","66.70%","66.70%","0.00%","0.00%","0.00%","0.00%",2,0,0,0,NA,0,0,2
"Vincent Bertone","WAGNER",45,32.65,"D",54.5,52.4,63,58.1,1,0,1,NA,118.8,0,10,2.04,25.5,0,0,1,1,0,0,0,0,0,0,0,0,0,0,0,0,0,0,"50.00%",0,0,0,0,3,3,0,2,"100%",51,2,0,"4.00%","0.00%","100%","0.00%","0.00%","0.00%","50.00%",1,0,0,0,0,0,0,1
"Nick McGill","PRESBYTERN",46,32.54,"D",43.9,39.3,62.4,NA,6,1,1,NA,134.4,0,15.5,1.38,9.7,10.67,0,0,1,1,0,0,1,0,0,0,0,0,0,0,0,0,0,"14.30%",1,0,0,1,6,5,0,3,"75.00%",29,2,0,"0.00%","0.00%","50.00%","0.00%","0.00%","0.00%","33.30%",4,0,0,1,NA,0,0,0
"Keion Bryant","TXRG",26,32.2,"D",54.4,61.2,40.9,NA,3,0,0,NA,118.8,0,17,1.5,18,8,0,0,0,0,1,0,0,0,0,0,0,0,0,0,0,0,0,"25.00%",0,0,0,0,3,1,0,1,"100%",18,1,0,"8.30%","0.00%","100%","0.00%","0.00%","50.00%","0.00%",2,0,0,0,NA,0,0,1
"Cam Johnson","STNY BROOK",33,32.15,"D",49.7,46.8,63.5,NA,3,0,0,NA,116.7,0,18.5,5.23,22.7,0,0,0,0,0,0,0,0,0,0,0,0,0,0,0,0,0,0,"0.00%",0,0,0,0,3,3,0,3,"75.00%",68,3,0,"15.40%","0.00%","75.00%","0.00%","0.00%","0.00%","0.00%",3,0,0,1,NA,0,0,2
"Brayden Isaiah","MAINE",53,32.06,"D",51,50.4,56.6,55.4,5,1,1,NA,115,0,4.4,2.42,11.6,5.5,0,0,1,1,2,0,0,1,4,0,0,0,0,0,0,0,0,"37.50%",1,1,0,1,6,4,0,5,"100%",58,3,0,"4.20%","80.00%","60.00%","0.00%","0.00%","40.00%","33.30%",5,0,0,0,0,0,0,1
"Xavier Johnson","LAFAYETTE",51,32.05,"D",50.1,45.5,69.4,NA,6,0,1,NA,156.3,0,23,2.31,22.3,9.5,0,1,2,0,0,0,1,0,2,0,0,0,0,0,0,0,0,"25.00%",0,0,0,0,5,5,0,3,"75.00%",67,3,0,"6.90%","50.00%","75.00%","0.00%","0.00%","0.00%","33.30%",5,0,0,0,NA,0,0,2
"Jaelen Collins","N ARIZONA",25,31.74,"D",59.2,57.1,63.6,NA,0,0,0,NA,118.8,0,5,2.2,22,0,0,0,1,0,0,0,0,0,0,0,0,0,0,0,0,0,0,"100%",0,0,0,0,1,1,0,1,"100%",22,1,0,"10.00%","0.00%","100%","0.00%","0.00%","0.00%","100%",2,0,0,0,NA,0,0,1
"Lamont Payne","DELWARE ST",55,30.69,"D",55.3,56.6,53.3,NA,0,0,0,NA,66.7,0,5,0.48,11,0,0,0,1,0,1,0,0,0,0,0,0,0,0,0,0,0,0,"100%",0,0,0,0,3,2,0,1,"50.00%",11,1,0,"0.00%","0.00%","50.00%","0.00%","0.00%","100%","100%",1,0,0,0,NA,0,0,0
"Azayvonne Stribling","ARKAPB",30,30.31,"D",56.8,61.3,46,NA,1,0,0,NA,118.8,0,9,0.93,13,0,0,0,0,0,1,0,0,0,1,0,0,0,0,0,0,0,0,"50.00%",0,0,0,0,2,1,0,1,"100%",13,1,0,"0.00%","100%","100%","0.00%","0.00%","100%","0.00%",1,0,0,0,NA,0,0,0
"Syncere Safeeullah","TENN STATE",26,30.07,"D",54.6,68,28.1,59.5,1,0,0,NA,87.5,0,1,0.31,5,0,0,0,0,0,1,0,0,0,1,0,0,0,0,0,0,0,0,"50.00%",0,0,0,0,3,0,0,1,"100%",5,0,0,"0.00%","100%","0.00%","0.00%","0.00%","100%","0.00%",3,0,0,0,0,0,0,0
"Auntrell Ross","BETH COOK",20,30.01,"D",52.5,55.5,50.7,NA,3,0,0,NA,158.3,0,8.5,2.9,14.5,14,0,0,0,0,0,0,1,0,2,0,0,0,0,0,0,0,0,"0.00%",0,0,0,0,3,1,0,2,"100%",29,1,0,"10.00%","100%","50.00%","0.00%","0.00%","0.00%","0.00%",2,0,0,0,NA,0,0,1
"Alijah Prosser","TXRG",44,29.99,"D",58,59.7,52.5,NA,5,1,0,NA,158.3,0,5.7,2.63,26.3,5.5,0,0,0,1,2,0,1,0,0,0,0,0,0,0,0,0,0,"28.60%",0,0,0,1,4,2,0,3,"100%",79,1,0,"3.30%","0.00%","33.30%","0.00%","0.00%","40.00%","0.00%",3,0,0,0,NA,0,0,1
"Dylon Henderson","SAMFORD",58,29.68,"D",42.5,40.7,55.4,NA,5,0,1,NA,71.1,0,10,2.15,18.7,12,0,0,1,0,1,0,0,1,0,0,0,0,0,0,0,0,0,"28.60%",1,1,0,0,8,6,0,3,"42.90%",56,3,0,"3.90%","0.00%","42.90%","0.00%","0.00%","33.30%","25.00%",4,0,0,3,NA,0,0,1
"Justin Johnson","FORDHAM",54,29.59,"D",51.5,53.2,64.1,NA,2,1,0,NA,158.3,0,14.5,1.89,12.8,0,0,0,1,0,0,1,2,0,2,0,0,0,0,0,0,0,0,"33.30%",0,0,0,1,5,5,0,4,"100%",51,4,0,"3.70%","50.00%","100%","0.00%","0.00%","0.00%","33.30%",2,0,0,0,NA,0,0,1
"RJ Pooler","PRESBYTERN",22,29.46,"D",54.8,50.6,67.6,NA,2,0,1,NA,158.3,0,25,3.56,32,12,0,0,2,0,0,0,1,0,0,0,0,0,0,0,0,0,0,"50.00%",1,0,0,0,2,2,0,1,"100%",32,1,0,"11.10%","0.00%","100%","0.00%","0.00%","0.00%","100%",2,0,0,0,NA,0,0,1
"Crawford Cantave","MERRIMACK",15,29.35,"D",43.2,39.7,65.6,NA,2,0,0,NA,119.4,0,11.7,1.78,8,20,0,0,1,0,0,0,1,0,2,0,0,0,0,0,0,0,0,"33.30%",0,0,0,0,3,3,0,2,"66.70%",16,2,0,"0.00%","66.70%","66.70%","0.00%","0.00%","0.00%","50.00%",2,0,0,1,NA,0,0,0
"Quincy Briggs","GEORGETOWN",45,29.1,"D",33.1,29.4,57.6,60,4,0,1,NA,85.4,0,15,1.82,10,1,0,0,0,0,0,0,0,0,0,0,0,1,0,0,0,0,0,"0.00%",1,0,1,0,6,4,0,2,"66.70%",20,2,0,"0.00%","0.00%","66.70%","0.00%","0.00%","0.00%","0.00%",4,0,0,0,50,1,0,0
"Evan Harrell","N COLORADO",33,28.67,"D",50.3,49.8,57,NA,0,0,0,NA,95.8,0,17,1.56,25,0,0,0,1,0,0,0,0,0,0,0,0,0,0,0,0,0,0,"100%",0,0,0,0,3,2,0,1,"50.00%",25,1,0,"6.30%","0.00%","50.00%","0.00%","0.00%","0.00%","100%",2,0,0,0,NA,0,0,1
"Marquis Cooper","TOWSON",55,28.49,"D",54,57.6,50,NA,0,0,0,NA,108.3,0,10,0.91,10,0,0,0,0,0,1,0,0,0,1,0,0,0,0,0,0,0,0,"100%",0,0,0,0,3,1,0,1,"100%",10,1,0,"0.00%","100%","100%","0.00%","0.00%","100%","0.00%",0,0,0,0,NA,0,0,0
"Ty Boler","NEW HAMP",30,28.12,"D",44.1,32.4,78.6,58.3,5,2,1,NA,149.4,0,15,7.36,16.2,1,0,0,1,2,0,0,2,0,3,0,0,0,0,0,0,0,0,"16.70%",1,0,0,2,5,5,1,5,"71.40%",81,4,1,"18.20%","42.90%","57.10%","0.00%","14.30%","0.00%","33.30%",5,0,0,0,0,0,0,2
"Mike Mitchell","SE LA",26,28.02,"D",52.3,56.2,50.5,NA,3,0,0,NA,118.8,0,4,2.6,13,9,0,0,1,0,1,0,0,0,1,0,0,0,0,0,0,0,0,"40.00%",0,0,0,0,3,1,0,1,"100%",13,1,0,"0.00%","100%","100%","0.00%","0.00%","33.30%","50.00%",3,0,0,0,NA,0,0,0
"Anthony Young","N ALABAMA",49,27.93,"D",44.1,41.1,64.3,NA,2,0,0,NA,110.4,0,6.5,0.95,10.5,0,0,0,1,0,0,0,0,0,1,0,0,0,0,0,0,0,0,"33.30%",0,0,0,0,5,5,0,2,"100%",21,1,0,"0.00%","50.00%","50.00%","0.00%","0.00%","0.00%","33.30%",3,0,0,0,NA,0,0,0
"Connor Adams","FURMAN",16,27.85,"D",57,64.6,45,NA,0,0,0,NA,112.5,0,-1,1.83,11,0,0,0,0,0,1,0,0,0,1,0,0,0,0,0,0,0,0,"100%",0,0,0,0,1,0,0,1,"100%",11,1,0,"0.00%","100%","100%","0.00%","0.00%","100%","0.00%",0,0,0,0,NA,0,0,0
"Dantonio Hackworth Jr.","MORGAN ST",34,27.83,"D",48.5,51.8,45,NA,2,0,0,NA,92.4,0,10.7,1.09,12.5,0,0,0,0,0,1,0,0,0,2,0,0,0,0,0,0,0,0,"33.30%",0,0,0,0,5,4,1,2,"66.70%",25,1,0,"4.30%","66.70%","33.30%","0.00%","0.00%","100%","0.00%",4,0,0,1,NA,0,0,1
"Da'Quan Gonzales","NEW HAMP",36,27.49,"D",45.7,53.4,32,57.4,4,0,0,NA,77.1,0,6.4,1.67,10,10,0,0,0,0,2,0,0,0,4,0,0,1,0,0,0,0,1,"33.30%",0,0,1,0,6,3,0,3,"60.00%",30,2,0,"0.00%","80.00%","40.00%","0.00%","0.00%","66.70%","0.00%",6,0,0,1,25,0,0,0
"Chase Smith","ARKAPB",19,27.36,"D",45.6,44.4,60.7,NA,0,0,0,NA,81.3,0,13,1.5,18,0,0,0,1,0,0,0,0,0,1,0,0,0,0,0,0,0,0,"100%",0,0,0,0,3,3,0,1,"50.00%",18,1,0,"8.30%","50.00%","50.00%","0.00%","0.00%","0.00%","100%",0,0,0,1,NA,0,0,1
"Kandyn Cordova","MCNEESE",18,27.14,"D",46.8,58.3,37.7,60,1,0,0,NA,75,0,15.5,1.36,15,0,0,0,0,0,2,0,0,0,0,0,0,0,0,0,0,0,0,"66.70%",0,0,0,0,3,1,0,1,"50.00%",15,1,0,"9.10%","0.00%","50.00%","0.00%","0.00%","100%","0.00%",1,0,0,1,0,0,0,1
"Aki Harvey","MORGAN ST",36,26.5,"D",45.4,42.5,64.7,NA,1,0,0,NA,143.8,0,17.4,2.95,21.7,14,0,0,0,0,0,0,2,0,3,0,0,0,0,0,0,0,0,"0.00%",0,0,0,0,4,4,0,3,"60.00%",65,3,0,"9.10%","60.00%","60.00%","0.00%","0.00%","0.00%","0.00%",1,0,0,2,NA,0,0,2
"DeVonta Owens","LNDNWD",36,26.04,"D",39.9,48.9,36.4,60,5,1,0,NA,85.4,0,14,0.91,10,5,0,0,1,1,1,0,0,0,0,0,0,0,0,0,0,0,0,"28.60%",0,0,0,1,7,5,0,2,"66.70%",20,2,0,"0.00%","0.00%","66.70%","0.00%","0.00%","33.30%","25.00%",2,0,0,1,0,0,0,0
"Gary Bailey Jr.","NICHOLLS",45,26.01,"D",40.2,46.1,47.2,NA,2,0,0,NA,70.8,0,18.8,1.44,13,6,0,0,1,0,1,0,0,0,2,0,0,0,0,0,0,0,0,"50.00%",0,0,0,0,7,5,0,2,"50.00%",26,1,0,"5.60%","50.00%","25.00%","0.00%","0.00%","50.00%","50.00%",3,0,0,2,NA,0,0,1
"Colin Douglas","TXAMEA",17,25.68,"D",42.5,39,56,NA,2,0,0,NA,95.8,0,5,0.29,2,7,0,0,0,0,1,0,1,0,0,0,0,0,0,0,0,0,0,"33.30%",0,0,0,0,3,2,0,1,"50.00%",2,1,0,"0.00%","0.00%","50.00%","0.00%","0.00%","50.00%","0.00%",3,0,0,0,NA,0,0,0
"Noah Holton","SAMFORD",63,25.55,"D",47.3,41.4,50.9,67.7,4,2,1,NA,152.1,0,1.5,2.88,15.3,0,0,1,1,2,1,0,1,0,0,0,0,0,0,0,0,1,1,"33.30%",0,0,1,2,7,4,1,3,"75.00%",46,2,0,"6.30%","0.00%","50.00%","0.00%","0.00%","33.30%","33.30%",5,0,0,1,0,0,0,1
"Sean Johnson","TEXAS STHN",20,25.25,"D",30.9,28.4,64.6,58.1,1,0,0,NA,64.6,0,18,1.11,10,9,0,0,1,0,0,0,0,0,0,0,0,0,0,0,0,0,0,"50.00%",0,0,0,0,4,2,0,1,"50.00%",10,1,0,"0.00%","0.00%","50.00%","0.00%","0.00%","0.00%","100%",0,0,0,1,0,0,0,0
"MJ Hinson","TEXAS STHN",51,24.96,"D",54.6,54.4,57.2,NA,3,0,0,NA,158.3,0,6.7,2.03,19.7,15,0,0,1,0,1,0,1,0,0,0,0,0,0,0,0,0,0,"40.00%",0,0,0,0,4,3,0,3,"100%",59,1,0,"6.90%","0.00%","33.30%","0.00%","0.00%","33.30%","50.00%",3,0,0,0,NA,0,0,2
"Torrion White","DELWARE ST",29,24.44,"D",51,49.8,55.5,NA,1,0,0,NA,95.8,0,26.5,6.3,63,0,0,0,0,0,1,0,0,0,0,0,0,0,0,0,0,0,0,"50.00%",0,0,0,0,2,1,0,1,"50.00%",63,1,0,"10.00%","0.00%","50.00%","0.00%","0.00%","100%","0.00%",1,0,0,1,NA,0,0,1
"Mikeece Jones","TENN STATE",28,24.39,"D",44.9,43.5,56.8,NA,1,0,1,NA,118.8,0,20,1.11,20,18,0,0,2,0,0,0,0,0,1,0,0,0,0,0,0,0,0,"66.70%",1,0,0,0,4,3,0,1,"100%",20,1,0,"5.60%","100%","100%","0.00%","0.00%","0.00%","100%",0,0,0,0,NA,0,0,1
"Delano Franklin","GRAMBLING",51,24.03,"D",52.4,58.3,36.4,NA,2,0,0,NA,107.6,0,17,1.24,18,0,0,0,0,0,2,0,0,0,0,0,0,0,0,0,0,0,0,"50.00%",0,0,0,0,4,2,0,2,"66.70%",36,2,0,"6.90%","0.00%","66.70%","0.00%","0.00%","100%","0.00%",4,0,0,1,NA,0,0,2
"Tymaries Durant","PRESBYTERN",20,23.41,"D",53.6,37.4,75.8,63.2,3,0,2,NA,158.3,0,3.7,8.2,27.3,3.5,0,0,1,0,0,0,1,0,0,0,0,1,0,0,0,0,0,"25.00%",2,0,1,0,3,3,0,3,"100%",82,3,0,"20.00%","0.00%","100%","0.00%","0.00%","0.00%","50.00%",4,0,0,0,50,0,0,2
"Luke Hill","MORGAN ST",33,22.88,"D",50.5,49.6,57.6,60,2,1,0,NA,139.6,0,-0.5,2.13,11.3,5,0,0,2,0,1,1,1,0,4,0,0,0,0,0,0,0,0,"60.00%",0,0,0,1,4,3,0,3,"75.00%",34,2,0,"0.00%","100%","50.00%","0.00%","0.00%","50.00%","66.70%",2,0,0,0,0,0,0,0
"Sean Webb","NEW HAMP",52,22.33,"D",45.5,48.5,41.8,NA,3,0,1,NA,98.2,0,14,1.25,11.7,0,0,1,1,0,1,0,1,0,1,0,0,0,0,0,0,0,0,"40.00%",0,0,0,0,7,5,2,3,"42.90%",35,2,0,"3.60%","14.30%","28.60%","0.00%","0.00%","100%","25.00%",3,0,0,2,NA,0,0,1
"Jace Williams","NWSTATE",27,21.82,"D",45.8,43.1,63,NA,NA,0,0,NA,158.3,0,24.5,3.91,21.5,0,0,NA,NA,NA,NA,NA,2,NA,1,NA,0,0,0,0,0,0,0,NA,NA,0,0,NA,2,2,0,2,"100%",43,2,0,"18.20%","50.00%","100%","0.00%","0.00%",NA,NA,0,0,0,0,NA,0,0,2
"Jordan Miller","FURMAN",54,20.39,"D",44.6,43.8,54.5,NA,7,1,1,NA,158.3,0,9.3,5.16,18.4,24,0,1,2,1,0,0,2,0,4,0,0,0,0,0,0,0,0,"22.20%",0,0,0,1,6,5,1,7,"87.50%",129,5,0,"16.00%","50.00%","62.50%","0.00%","0.00%","0.00%","28.60%",5,0,0,1,NA,0,0,4
"Mika Roberson","IDAHO",35,19.7,"F",35.3,30.1,59.1,NA,5,0,3,NA,118.8,0,14,4.71,20,4.75,0,0,0,0,1,0,0,0,2,0,0,0,0,0,0,0,0,"16.70%",3,0,0,0,6,5,0,4,"80.00%",80,4,1,"11.80%","40.00%","80.00%","0.00%","20.00%","20.00%","0.00%",3,0,0,0,NA,0,0,2
"Deuce Cooper","LIUSHAR",60,19.67,"F",46,50.1,41.7,NA,1,1,0,NA,141.7,0,9.5,0.74,8.5,0,0,0,1,0,0,1,1,0,2,0,0,0,0,0,0,0,0,"50.00%",0,0,0,1,6,4,0,2,"100%",17,2,0,"0.00%","100%","100%","0.00%","0.00%","0.00%","50.00%",1,0,0,0,NA,0,0,0
"Ryan Robinson Jr.","TEXAS STHN",36,19.37,"F",44.9,49.6,44,59.4,1,1,0,NA,109.7,0,4.3,2.44,19.5,0,0,0,1,1,1,0,0,0,0,0,0,0,0,0,0,0,0,"66.70%",0,0,0,1,4,2,0,2,"66.70%",39,1,0,"6.30%","0.00%","33.30%","0.00%","0.00%","50.00%","100%",1,0,0,1,0,0,0,1
"Colton Davis","BUCKNELL",45,18.69,"F",38.1,31.6,67.3,NA,3,0,1,NA,158.3,0,20,5.28,19,14,0,0,0,0,0,0,1,0,0,0,0,0,0,0,0,0,0,"0.00%",1,0,0,0,6,6,0,5,"83.30%",95,4,0,"16.70%","0.00%","66.70%","0.00%","0.00%","0.00%","0.00%",3,0,0,1,NA,0,0,3
"Jerry Addo-Boateng","E ILLINOIS",26,18.41,"F",45.2,51,39,NA,3,0,2,NA,118.8,0,10,4.67,28,3,0,2,2,0,1,0,0,0,1,0,0,0,0,0,0,0,0,"50.00%",0,0,0,0,4,2,2,2,"100%",56,1,0,"8.30%","50.00%","50.00%","0.00%","0.00%","50.00%","50.00%",4,0,0,0,NA,0,0,1
"Darius Searles","MORGAN ST",25,16.57,"F",53.3,57.4,50.8,NA,0,0,0,NA,118.8,0,-2,2.77,36,0,0,0,1,0,1,0,0,0,1,0,0,0,0,0,0,0,0,"100%",0,0,0,0,2,1,0,1,"100%",36,1,0,"7.70%","100%","100%","0.00%","0.00%","100%","100%",3,0,0,0,NA,0,0,1
"Isiah Bivins","IDAHO",27,16.32,"F",41.4,46.1,41.6,60,3,0,0,NA,149.3,0,2.3,3.1,10.3,7,0,0,0,0,1,0,1,0,3,0,0,0,1,0,0,0,0,"25.00%",0,0,1,0,5,3,0,3,"100%",31,3,0,"0.00%","100%","100%","0.00%","0.00%","50.00%","0.00%",3,0,0,0,50,1,0,0
"Ayden Babich","VA MILT IN",36,14.82,"F",44.2,47.5,46.7,57.2,4,2,0,NA,158.3,0,0.3,6.25,18.8,3,0,0,2,1,0,1,1,0,0,0,0,0,0,0,0,0,0,"33.30%",0,0,0,2,6,2,0,4,"100%",75,2,0,"16.70%","0.00%","50.00%","0.00%","0.00%","0.00%","50.00%",5,0,0,0,0,0,0,2
"Josiah Estes","SAN DIEGO",52,12.04,"F",40.3,42.6,42.1,NA,4,0,1,NA,109.7,0,11.7,2.13,9.1,0,0,1,2,0,1,0,1,0,0,0,0,0,0,0,0,0,0,"42.90%",0,0,0,0,9,7,1,7,"63.60%",64,3,0,"3.30%","0.00%","27.30%","0.00%","0.00%","100%","33.30%",6,0,0,2,NA,0,0,1
"Anthony Walk Jr.","INDIANA ST",51,11.05,"F",40.9,48.3,29.7,NA,3,2,0,NA,120.8,0,12.4,1.17,11.7,0,0,0,1,0,3,2,1,0,0,0,0,0,0,0,0,0,0,"57.10%",0,0,0,2,8,5,0,3,"60.00%",35,3,0,"3.30%","0.00%","60.00%","0.00%","0.00%","100%","25.00%",2,0,0,1,NA,0,0,1
"DK McGruder","CITADEL",45,4.13,"F",32.1,31.2,51.8,NA,5,1,0,NA,155.8,0,12.8,4.22,14.3,0,0,0,1,1,1,0,1,0,6,0,0,0,0,0,0,0,0,"28.60%",0,0,0,1,9,8,0,8,"88.90%",114,7,0,"14.80%","66.70%","77.80%","0.00%","0.00%","50.00%","20.00%",3,0,0,1,NA,0,0,4
"Brennon Thompson","NWSTATE",23,0,"F",30.2,40.4,29.6,NA,1,0,0,NA,158.3,0,13.5,3.55,19.5,0,0,0,1,0,0,0,1,0,1,0,0,0,0,0,0,0,0,"50.00%",0,0,0,0,4,2,0,2,"100%",39,1,0,"9.10%","50.00%","50.00%","0.00%","0.00%","0.00%","50.00%",3,0,0,0,NA,0,0,1
