"Name","Team","Defensive.Snaps","Composite_Score","Player_Grade","Position","Season","Conference","Defensive.Grades","Run.Defense.Grade","Pass.Rush.Grade","Coverage.Grade","Batted.Passes","Assistant","Stops","Sacks","NFL.Sacks","Hits","Hurries","Total.Pressures.Generated","Beaten.Defender","Pass.Break.Up","Interception","Forced.Fumble","Fumble.Recovery","Tackle.for.Loss.or.No.Gain","Dropped.Int","Pursuit.Pressure","Unblocked.Pass.Rush","First.Contact","Negative.Plays","Pass.Rush.Plays","Pass.Rush.Win.Percentage","Pass.Rush.Pressure.Percentage","Pass.Rush.Productivity","Run.Defense.Plays","Average.Depth.of.Tackle","Negative.Rush.Defense.Percentage","Positive.Rush.Defense.Percentage","Number.of.Negative.Plays","Coverage.Snaps","Receptions.Allowed","Completion.Percentage.Allowed","Pass.Yards.Allowed","Yards.per.Reception.Allowed","Touchdowns.Allowed","First.Downs.Allowed","Interceptions","Forced.Incompletions","Passer.Rating.Allowed","Receiving.Yards.Allowed.per.Snap","Plays.of.15..Yards.Allowed","Successful.Plays.Percentage","Sacks.per.Throwaway","Open.Targets","Drops...Off.Targets.Receptions.Forced","Total.Negative.Plays","Total.Positive.Plays","X15..Yards.Allowed.Percentage","Percentage.of.Open.Targets","Percentage.of.First.Down.or.Touchdown.Allowed","Interceptions.per.Target.Coverage.Percentage","Receiving.Yards.per.Coverage.Target","Average.Depth.of.Target.per.Coverage","Forced.Incompletion.Percentage","Jersey.Number","Total.Tackles","Missed.Tackle.Percentage","Assist.Tackles","Run.Stop","Run.Tackle.for.Losss.or.No.Gain","Missed.Tackle.Percentage.on.Run.Plays","Tackles.on.Run.Plays","Assist.Tackles.on.Run.Plays","Missed.Tackles.on.Run.Plays","Pass.Stop","Pass.Tackle.for.Loss.or.No.Gain","Pass.Missed.Tackles.Percentage","Total.Tackle.Snaps","Total.Tackles..Sacks...Assists...Sacks...Missed.","Assist.on.Pass.Plays","Tackles.on.Pass.Plays","Missed.Tackles.on.Pass.Plays","Conference_Level","Row_ID","row_id"
"Hudson Page","ABILENE CH",58,100,"A","DI",2026,"United Athletic",90.2,70.7,91.4,NA,1,5,4,1,0,0,2,3,1,0,0,1,0,1,0,1,0,3,2,30,"10.00%","10.00%",6.7,28,1.67,"7.10%","14.30%",2,NA,NA,NA,NA,NA,NA,NA,NA,NA,NA,NA,NA,NA,NA,NA,NA,NA,NA,NA,NA,NA,NA,NA,NA,NA,42,9,"0.00%",5,3,1,"0.00%",3,5,0,1,0,"0.00%",9,9,0,0,0,"FCS",398,398
"Rodney Mills","LIUSHAR",48,78.61,"B","DI",2026,"Northeast",72.8,72.3,72.6,NA,0,1,3,2,0,1,1,4,0,0,0,0,0,0,0,0,1,2,1,26,"11.50%","15.40%",11.5,22,4,"0","9.10%",0,NA,NA,NA,NA,NA,NA,NA,NA,NA,NA,NA,NA,NA,NA,NA,NA,NA,NA,NA,NA,NA,NA,NA,NA,NA,40,4,"0.00%",1,1,0,"0.00%",1,1,0,2,0,"0.00%",4,4,0,0,0,"FCS",223,223
"Quoy Rainey","DELWARE ST",42,76.72,"B","DI",2026,"MEAC",79.9,88.5,54.6,NA,0,1,3,0,0,0,5,5,1,0,0,0,1,3,0,0,2,6,4,19,"21.10%","26.30%",13.2,23,0.75,"4.30%","43.50%",1,NA,NA,NA,NA,NA,NA,NA,NA,NA,NA,NA,NA,NA,NA,NA,NA,NA,NA,NA,NA,NA,NA,NA,NA,NA,98,5,"37.50%",1,3,3,"0.00%",4,0,0,0,0,"75.00%",8,8,1,0,3,"FCS",327,327
"Marquise Brunson","DELWARE ST",26,76.19,"B","DI",2026,"MEAC",69.6,63.6,73.1,NA,0,1,2,2,0,0,0,2,0,0,0,0,0,0,0,2,0,4,2,7,"0","28.60%",28.6,19,3,"10.50%","10.50%",2,NA,NA,NA,NA,NA,NA,NA,NA,NA,NA,NA,NA,NA,NA,NA,NA,NA,NA,NA,NA,NA,NA,NA,NA,NA,97,5,"0.00%",1,1,0,"0.00%",2,1,0,1,0,"0.00%",5,5,0,0,0,"FCS",113,113
"Ka Von Chisolm","SCAR STATE",26,75.67,"B","DI",2026,"MEAC",74,66.7,70.2,NA,0,0,2,2,0,0,4,6,0,0,0,0,1,0,0,2,2,2,0,20,"10.00%","30.00%",20,6,0,"0","16.70%",0,NA,NA,NA,NA,NA,NA,NA,NA,NA,NA,NA,NA,NA,NA,NA,NA,NA,NA,NA,NA,NA,NA,NA,NA,NA,7,2,"0.00%",0,0,0,"0.00%",0,0,0,2,0,"0.00%",2,2,0,0,0,"FCS",248,248
"Marquacious Wright","LIUSHAR",37,74.74,"B","DI",2026,"Northeast",82.6,70.2,81.3,60,1,2,1,0,0,2,2,4,2,0,0,0,0,0,0,1,1,1,0,21,"19.10%","19.10%",9.5,16,0,"0","6.30%",0,NA,NA,NA,NA,NA,NA,NA,NA,NA,NA,NA,NA,NA,NA,NA,NA,NA,NA,NA,NA,NA,NA,NA,NA,NA,44,3,"0.00%",2,0,0,"0.00%",0,2,0,1,0,"0.00%",3,3,0,1,0,"FCS",405,405
"Khalib Robinson","CHISTA",38,74.45,"B","DI",2026,"IND (FCS)",82.1,66.7,65.4,67.6,0,0,4,1,0,0,3,4,1,0,0,2,0,3,0,2,0,4,2,28,"10.70%","14.30%",8.9,10,-1,"20.00%","50.00%",2,NA,NA,NA,NA,NA,NA,NA,NA,NA,NA,NA,NA,NA,NA,NA,NA,NA,NA,NA,NA,NA,NA,NA,NA,NA,91,4,"20.00%",0,3,3,"25.00%",3,0,1,0,0,"0.00%",5,5,0,0,0,"FCS",138,138
"Cameron Daniels","MURRAY ST",30,73.8,"B","DI",2026,"Missouri Valley",83.5,71.3,81.8,NA,0,0,3,0,0,2,3,5,0,0,0,0,0,2,0,1,0,3,1,19,"21.10%","26.30%",13.2,11,-0.67,"9.10%","27.30%",1,NA,NA,NA,NA,NA,NA,NA,NA,NA,NA,NA,NA,NA,NA,NA,NA,NA,NA,NA,NA,NA,NA,NA,NA,NA,90,3,"0.00%",0,3,2,"0.00%",3,0,0,0,0,"0.00%",3,3,0,0,0,"FCS",298,298
"Chris Campanelli","NEW HAMP",34,72.95,"B","DI",2026,"CAA",76,71.4,70.2,60,0,0,3,2,0,0,3,5,0,0,0,0,0,0,0,2,0,1,0,26,"11.50%","19.20%",13.5,7,1,"0","14.30%",0,1,0,"0.00%",0,0,0,0,0,0,0,0,0,"0.00%",0,0,0,0,0,"0.00%","0.00%","0.00%","0.00%",0,0,"0.00%",66,3,"0.00%",0,1,0,"0.00%",1,0,0,2,0,"0.00%",3,3,0,0,0,"FCS",299,299
"Trevion Traylor","CENT ARK",40,72.68,"B","DI",2026,"United Athletic",84.1,69.1,83.1,NA,0,1,2,1,0,1,2,4,1,0,0,0,0,1,0,0,0,2,0,29,"17.20%","13.80%",8.6,11,-4,"0","9.10%",0,NA,NA,NA,NA,NA,NA,NA,NA,NA,NA,NA,NA,NA,NA,NA,NA,NA,NA,NA,NA,NA,NA,NA,NA,NA,11,3,"0.00%",1,1,1,"0.00%",1,1,0,1,0,"0.00%",3,3,0,0,0,"FCS",263,263
"Gensley Auguste","DELWARE ST",29,72.06,"B","DI",2026,"MEAC",72.2,76.7,65.3,NA,0,1,4,1,0,0,0,1,0,0,0,0,0,2,0,0,0,4,3,8,"12.50%","12.50%",12.5,21,2.75,"14.30%","38.10%",3,NA,NA,NA,NA,NA,NA,NA,NA,NA,NA,NA,NA,NA,NA,NA,NA,NA,NA,NA,NA,NA,NA,NA,NA,NA,94,6,"0.00%",1,4,2,"0.00%",4,1,0,0,0,"0.00%",6,6,0,0,0,"FCS",87,87
"Franz Reisz","N IOWA",26,70.41,"B","DI",2026,"Missouri Valley",74.6,61.7,72,NA,0,0,2,2,0,1,2,5,0,0,0,1,0,0,0,2,1,2,0,22,"9.10%","22.70%",15.9,4,0,"0","0",0,NA,NA,NA,NA,NA,NA,NA,NA,NA,NA,NA,NA,NA,NA,NA,NA,NA,NA,NA,NA,NA,NA,NA,NA,NA,40,2,"0.00%",0,0,0,"0.00%",0,0,0,2,0,"0.00%",2,2,0,0,0,"FCS",227,227
"Shawan Lewis","ALBANY",35,69.38,"B","DI",2026,"CAA",78.9,75.5,70.6,NA,0,1,2,2,0,0,1,3,0,0,0,0,0,0,0,1,0,1,0,18,"11.10%","11.10%",8.3,17,0,"0","17.60%",0,NA,NA,NA,NA,NA,NA,NA,NA,NA,NA,NA,NA,NA,NA,NA,NA,NA,NA,NA,NA,NA,NA,NA,NA,NA,11,3,"0.00%",1,0,0,"0.00%",0,1,0,2,0,"0.00%",3,3,0,0,0,"FCS",12,12
"Asher Wilson","ROB MORRIS",52,69.06,"B","DI",2026,"Northeast",64.4,49.1,69.8,61,0,1,2,2,0,0,2,4,0,0,0,0,0,0,0,1,0,2,5,33,"9.10%","12.10%",9.1,19,12,"26.30%","0",5,NA,NA,NA,NA,NA,NA,NA,NA,NA,NA,NA,NA,NA,NA,NA,NA,NA,NA,NA,NA,NA,NA,NA,NA,NA,9,5,"0.00%",1,0,0,"0.00%",1,1,0,2,0,"0.00%",5,5,0,1,0,"FCS",311,311
"Jyheam Ingram","N ALABAMA",44,66.11,"B","DI",2026,"United Athletic",75.7,80.3,67,NA,0,1,2,0,0,0,3,3,1,0,0,0,0,2,0,1,1,2,1,16,"12.50%","18.80%",9.4,28,-1.5,"0","17.90%",0,NA,NA,NA,NA,NA,NA,NA,NA,NA,NA,NA,NA,NA,NA,NA,NA,NA,NA,NA,NA,NA,NA,NA,NA,NA,44,3,"0.00%",1,2,2,"0.00%",2,1,0,0,0,"0.00%",3,3,0,0,0,"FCS",109,109
"IyiolaOluwa Solomi","LAMAR",50,65.52,"B","DI",2026,"Southland",70.3,71.1,59.2,68,0,1,4,1,0,0,1,2,1,0,0,0,0,2,0,1,0,3,2,34,"5.90%","5.90%",4.4,16,0,"6.30%","12.50%",1,NA,NA,NA,NA,NA,NA,NA,NA,NA,NA,NA,NA,NA,NA,NA,NA,NA,NA,NA,NA,NA,NA,NA,NA,NA,99,5,"16.70%",1,2,2,"0.00%",2,1,0,2,0,"33.30%",6,6,0,1,1,"FCS",221,221
"Seven Cloud","TARLETON",46,65.46,"B","DI",2026,"United Athletic",79.8,71,77.7,NA,1,1,1,0,0,1,2,3,2,0,0,0,0,0,0,0,0,3,1,29,"17.20%","10.30%",5.2,17,4.5,"5.90%","17.60%",1,NA,NA,NA,NA,NA,NA,NA,NA,NA,NA,NA,NA,NA,NA,NA,NA,NA,NA,NA,NA,NA,NA,NA,NA,NA,7,3,"0.00%",1,1,0,"0.00%",2,1,0,0,0,"0.00%",3,3,0,0,0,"FCS",400,400
"Lewon Lurry Jr.","BETH COOK",63,62.76,"B","DI",2026,"SWAC",60.9,61.4,58.7,60,0,2,2,1,0,1,4,6,1,0,1,0,0,0,0,4,1,5,2,45,"4.40%","13.30%",7.8,18,2,"5.60%","11.10%",1,NA,NA,NA,NA,NA,NA,NA,NA,NA,NA,NA,NA,NA,NA,NA,NA,NA,NA,NA,NA,NA,NA,NA,NA,NA,10,5,"28.60%",2,2,0,"25.00%",2,1,1,0,0,"33.30%",7,7,1,0,1,"FCS",335,335
"Case Mankins","RHODE ISLD",44,61.7,"B","DI",2026,"CAA",62.2,48.1,73.4,60,0,0,2,1,0,1,1,3,3,0,0,0,0,0,0,2,0,2,3,24,"16.70%","12.50%",8.3,20,0,"15.00%","0",3,NA,NA,NA,NA,NA,NA,NA,NA,NA,NA,NA,NA,NA,NA,NA,NA,NA,NA,NA,NA,NA,NA,NA,NA,NA,97,3,"0.00%",0,0,0,"0.00%",0,0,0,2,0,"0.00%",3,3,0,2,0,"FCS",95,95
"Kolby Gibbons","N IOWA",33,60.41,"B","DI",2026,"Missouri Valley",63.9,65.5,60.3,NA,0,0,4,1,0,0,1,2,0,0,0,0,0,3,0,0,1,4,1,25,"4.00%","8.00%",6,8,-1.33,"12.50%","37.50%",1,NA,NA,NA,NA,NA,NA,NA,NA,NA,NA,NA,NA,NA,NA,NA,NA,NA,NA,NA,NA,NA,NA,NA,NA,NA,98,4,"0.00%",0,3,3,"0.00%",3,0,0,1,0,"0.00%",4,4,0,0,0,"FCS",301,301
"Zacchaeus Dixon","MERCYHURST",45,59.81,"C","DI",2026,"Northeast",73.2,75.3,58.7,NA,0,4,4,0,0,0,1,1,0,0,0,0,0,2,0,0,0,5,2,14,"7.10%","7.10%",3.6,31,0.75,"6.50%","16.10%",2,NA,NA,NA,NA,NA,NA,NA,NA,NA,NA,NA,NA,NA,NA,NA,NA,NA,NA,NA,NA,NA,NA,NA,NA,NA,3,8,"0.00%",4,4,2,"0.00%",4,4,0,0,0,"0.00%",8,8,0,0,0,"FCS",57,57
"Asher Tomaszewski","S DAKOTA",31,59.24,"C","DI",2026,"Missouri Valley",73.1,73.8,63.5,60,1,1,3,1,0,0,0,1,0,0,0,0,0,0,0,1,0,3,0,21,"0","4.80%",4.8,10,2.67,"0","20.00%",0,NA,NA,NA,NA,NA,NA,NA,NA,NA,NA,NA,NA,NA,NA,NA,NA,NA,NA,NA,NA,NA,NA,NA,NA,NA,99,6,"0.00%",1,2,0,"0.00%",3,1,0,1,0,"0.00%",6,6,0,1,0,"FCS",85,85
"Alex Yearwood","STETSON",52,58.39,"C","DI",2026,"Pioneer",69.5,75.1,57.7,NA,0,1,5,1,0,0,0,1,0,0,0,0,0,1,0,0,0,5,0,28,"3.60%","3.60%",3.6,24,2.8,"0","8.30%",0,NA,NA,NA,NA,NA,NA,NA,NA,NA,NA,NA,NA,NA,NA,NA,NA,NA,NA,NA,NA,NA,NA,NA,NA,NA,92,7,"0.00%",1,4,1,"0.00%",5,1,0,1,0,"0.00%",7,7,0,0,0,"FCS",353,353
"Kylyn Macklin","N DAKOTA",29,58.03,"C","DI",2026,"Missouri Valley",83.2,79.5,71.9,NA,0,0,2,0,0,0,1,1,1,0,0,0,0,2,0,0,0,2,0,20,"10.00%","5.00%",2.5,9,-1.5,"0","33.30%",0,NA,NA,NA,NA,NA,NA,NA,NA,NA,NA,NA,NA,NA,NA,NA,NA,NA,NA,NA,NA,NA,NA,NA,NA,NA,99,2,"0.00%",0,2,2,"0.00%",2,0,0,0,0,"0.00%",2,2,0,0,0,"FCS",1,1
"Chief Ebana","NEW HAMP",66,57.99,"C","DI",2026,"CAA",69.1,70.8,63,NA,0,0,4,1,0,0,2,3,1,0,0,0,0,0,0,1,0,4,0,45,"6.70%","6.70%",4.4,21,3.33,"0","4.80%",0,NA,NA,NA,NA,NA,NA,NA,NA,NA,NA,NA,NA,NA,NA,NA,NA,NA,NA,NA,NA,NA,NA,NA,NA,NA,94,4,"0.00%",0,3,0,"0.00%",3,0,0,1,0,"0.00%",4,4,0,0,0,"FCS",225,225
"Demoris Jenkins","AUSTINPEAY",29,57.89,"C","DI",2026,"United Athletic",74.7,61.2,73.7,NA,1,0,1,1,0,0,3,4,1,0,0,0,0,0,0,0,1,0,0,25,"16.00%","16.00%",10,4,0,"0","0",0,NA,NA,NA,NA,NA,NA,NA,NA,NA,NA,NA,NA,NA,NA,NA,NA,NA,NA,NA,NA,NA,NA,NA,NA,NA,11,1,"0.00%",0,0,0,"0.00%",0,0,0,1,0,"0.00%",1,1,0,0,0,"FCS",100,100
"Timothy Maxson","SE MO ST",44,57.53,"C","DI",2026,"Big South - OVC Football Association",72.4,75.2,57.1,61.7,0,1,4,0,0,0,1,1,1,0,0,0,0,2,0,1,0,6,2,23,"4.30%","4.30%",2.2,21,4.2,"9.50%","19.10%",2,NA,NA,NA,NA,NA,NA,NA,NA,NA,NA,NA,NA,NA,NA,NA,NA,NA,NA,NA,NA,NA,NA,NA,NA,NA,98,7,"0.00%",1,3,1,"0.00%",5,1,0,1,1,"0.00%",7,7,0,1,0,"FCS",235,235
"Amiree Alexander","SE LA",47,57.41,"C","DI",2026,"Southland",69.4,74.2,66,NA,0,1,3,0,0,1,2,3,1,0,0,0,0,0,0,1,0,3,3,29,"10.30%","10.30%",5.2,18,4.5,"11.10%","27.80%",2,NA,NA,NA,NA,NA,NA,NA,NA,NA,NA,NA,NA,NA,NA,NA,NA,NA,NA,NA,NA,NA,NA,NA,NA,NA,54,5,"0.00%",1,3,0,"0.00%",4,1,0,0,0,"0.00%",5,5,0,0,0,"FCS",236,236
"Gio Divers","CHISTA",24,57.3,"C","DI",2026,"IND (FCS)",83.1,72.9,78.1,NA,0,1,1,0,0,0,1,1,3,0,0,0,0,1,0,0,0,2,1,17,"23.50%","5.90%",2.9,7,-5,"14.30%","42.90%",1,NA,NA,NA,NA,NA,NA,NA,NA,NA,NA,NA,NA,NA,NA,NA,NA,NA,NA,NA,NA,NA,NA,NA,NA,NA,15,2,"33.30%",1,1,1,"33.30%",1,1,1,0,0,"0.00%",3,3,0,0,0,"FCS",135,135
"Ean Johnson-Kelley","MERCER",16,57,"C","DI",2026,"Southern",75.3,71.2,62.3,61.8,0,1,3,1,0,0,0,1,0,0,0,0,0,1,0,0,0,2,0,10,"10.00%","10.00%",10,6,3,"0","33.30%",0,NA,NA,NA,NA,NA,NA,NA,NA,NA,NA,NA,NA,NA,NA,NA,NA,NA,NA,NA,NA,NA,NA,NA,NA,NA,55,4,"0.00%",1,1,0,"0.00%",1,1,0,2,1,"0.00%",4,4,0,1,0,"FCS",275,275
"Jordan Pritchard-Sewell","YNGTOWN ST",31,56.44,"C","DI",2026,"Missouri Valley",76.7,70.8,73.2,NA,0,1,2,0,0,0,2,2,2,0,0,0,0,0,0,0,0,2,0,15,"26.70%","13.30%",6.7,16,2.5,"0","12.50%",0,NA,NA,NA,NA,NA,NA,NA,NA,NA,NA,NA,NA,NA,NA,NA,NA,NA,NA,NA,NA,NA,NA,NA,NA,NA,9,3,"0.00%",1,2,0,"0.00%",2,1,0,0,0,"0.00%",3,3,0,0,0,"FCS",217,217
"Julian Fernandez","UC DAVIS",20,56.15,"C","DI",2026,"Big Sky",63.5,70.3,65.1,NA,0,0,1,1,0,1,1,3,0,0,0,0,0,0,0,1,0,1,1,14,"14.30%","21.40%",14.3,6,3,"0","16.70%",0,NA,NA,NA,NA,NA,NA,NA,NA,NA,NA,NA,NA,NA,NA,NA,NA,NA,NA,NA,NA,NA,NA,NA,NA,NA,93,2,"0.00%",0,1,0,"0.00%",1,0,0,0,0,"0.00%",2,2,0,0,0,"FCS",288,288
"Payne Miller","E KENTUCKY",44,55.84,"C","DI",2026,"United Athletic",72,75.4,56,NA,0,3,5,0,0,0,0,0,0,0,0,0,0,2,0,0,0,6,1,19,"0","0.00%",0,25,1.86,"4.00%","20.00%",1,NA,NA,NA,NA,NA,NA,NA,NA,NA,NA,NA,NA,NA,NA,NA,NA,NA,NA,NA,NA,NA,NA,NA,NA,NA,97,10,"0.00%",3,5,2,"0.00%",7,3,0,0,0,"0.00%",10,10,0,0,0,"FCS",238,238
"Noel Brown","BETH COOK",46,55.02,"C","DI",2026,"SWAC",63.1,67.9,56.4,NA,0,0,2,2,0,0,1,3,0,0,0,0,0,0,0,2,0,2,1,29,"3.50%","10.30%",8.6,17,2,"0","5.90%",0,NA,NA,NA,NA,NA,NA,NA,NA,NA,NA,NA,NA,NA,NA,NA,NA,NA,NA,NA,NA,NA,NA,NA,NA,NA,95,3,"25.00%",0,1,0,"0.00%",1,0,0,1,0,"33.30%",4,4,0,0,1,"FCS",334,334
"Ke'Vion Wellington","MERCER",22,54.99,"C","DI",2026,"Southern",76.7,77.9,63.8,NA,0,0,3,1,0,0,1,2,0,0,0,0,0,0,0,0,0,2,0,15,"13.30%","13.30%",10,7,1.5,"0","28.60%",0,NA,NA,NA,NA,NA,NA,NA,NA,NA,NA,NA,NA,NA,NA,NA,NA,NA,NA,NA,NA,NA,NA,NA,NA,NA,54,3,"0.00%",0,2,0,"0.00%",2,0,0,1,0,"0.00%",3,3,0,0,0,"FCS",99,99
"Preston Davis","LEHIGH",42,54.91,"C","DI",2026,"Patriot",75.9,73,69.5,NA,0,3,1,0,0,0,1,1,1,0,0,0,0,1,0,0,0,2,1,28,"7.10%","3.60%",1.8,14,0,"7.10%","14.30%",1,NA,NA,NA,NA,NA,NA,NA,NA,NA,NA,NA,NA,NA,NA,NA,NA,NA,NA,NA,NA,NA,NA,NA,NA,NA,99,4,"0.00%",3,1,1,"0.00%",1,3,0,0,0,"0.00%",4,4,0,0,0,"FCS",158,158
"John Betts III","TENN MARTN",27,54.85,"C","DI",2026,"Big South - OVC Football Association",80.6,73.6,79.3,NA,0,0,2,0,0,0,1,1,0,0,0,0,1,0,0,0,0,3,0,5,"20.00%","20.00%",10,22,4,"0","18.20%",0,NA,NA,NA,NA,NA,NA,NA,NA,NA,NA,NA,NA,NA,NA,NA,NA,NA,NA,NA,NA,NA,NA,NA,NA,NA,42,2,"0.00%",0,2,0,"0.00%",2,0,0,0,0,"0.00%",2,2,0,0,0,"FCS",363,363
"Nathan Huerta","TXRG",51,54.68,"C","DI",2026,"Southland",71.1,70.7,64,NA,0,1,3,0,0,2,0,2,1,0,0,0,0,1,0,1,0,3,3,24,"8.30%","8.30%",4.2,27,1,"11.10%","22.20%",3,NA,NA,NA,NA,NA,NA,NA,NA,NA,NA,NA,NA,NA,NA,NA,NA,NA,NA,NA,NA,NA,NA,NA,NA,NA,42,5,"16.70%",1,3,1,"16.70%",4,1,1,0,0,"0.00%",6,6,0,0,0,"FCS",78,78
"Jadin Nelson","LEHIGH",37,54.08,"C","DI",2026,"Patriot",74.7,70.5,69.7,NA,0,0,2,0,0,0,3,3,2,0,0,0,0,0,0,1,0,1,0,24,"16.70%","12.50%",6.3,13,3,"0","7.70%",0,NA,NA,NA,NA,NA,NA,NA,NA,NA,NA,NA,NA,NA,NA,NA,NA,NA,NA,NA,NA,NA,NA,NA,NA,NA,54,2,"0.00%",0,2,0,"0.00%",2,0,0,0,0,"0.00%",2,2,0,0,0,"FCS",75,75
"Derek Berlitz","MAINE",47,54.02,"C","DI",2026,"CAA",75.1,78.3,69.7,NA,0,0,1,0,0,0,1,1,3,0,0,0,0,0,0,0,0,1,1,19,"21.10%","5.30%",2.6,28,2,"3.60%","17.90%",1,NA,NA,NA,NA,NA,NA,NA,NA,NA,NA,NA,NA,NA,NA,NA,NA,NA,NA,NA,NA,NA,NA,NA,NA,NA,27,1,"0.00%",0,1,0,"0.00%",1,0,0,0,0,"0.00%",1,1,0,0,0,"FCS",54,54
"Hikifo'Ou Maile","IDAHO",39,53.66,"C","DI",2026,"Big Sky",66.9,66,62.7,NA,0,0,3,1,0,0,0,1,0,0,0,0,0,2,0,0,0,3,2,18,"5.60%","5.60%",5.6,21,0,"9.50%","9.50%",2,NA,NA,NA,NA,NA,NA,NA,NA,NA,NA,NA,NA,NA,NA,NA,NA,NA,NA,NA,NA,NA,NA,NA,NA,NA,98,3,"0.00%",0,2,2,"0.00%",2,0,0,1,0,"0.00%",3,3,0,0,0,"FCS",347,347
"Lorenzo Portella","LEHIGH",21,52.83,"C","DI",2026,"Patriot",82.7,70.4,76.3,61.1,0,1,1,0,0,0,3,3,0,0,0,0,0,0,0,1,0,2,0,14,"14.30%","21.40%",10.7,7,0,"0","14.30%",0,NA,NA,NA,NA,NA,NA,NA,NA,NA,NA,NA,NA,NA,NA,NA,NA,NA,NA,NA,NA,NA,NA,NA,NA,NA,93,2,"0.00%",1,0,0,"0.00%",0,1,0,1,0,"0.00%",2,2,0,1,0,"FCS",159,159
"Antony Morris","VALPO",70,52.71,"C","DI",2026,"Pioneer",69.3,62.2,80,60,1,1,2,0,0,0,0,0,2,0,0,0,0,0,0,0,0,4,5,31,"6.50%","0.00%",0,39,2.67,"10.30%","5.10%",4,NA,NA,NA,NA,NA,NA,NA,NA,NA,NA,NA,NA,NA,NA,NA,NA,NA,NA,NA,NA,NA,NA,NA,NA,NA,98,4,"20.00%",1,2,0,"0.00%",3,1,0,0,0,"100%",5,5,0,0,1,"FCS",128,128
"Davin Dzidzienyo","WM & MARY",47,52.43,"C","DI",2026,"Patriot",68.7,69.8,70.4,NA,0,0,3,0,0,0,3,3,0,0,0,0,0,0,0,0,0,4,2,14,"21.40%","21.40%",10.7,33,6,"6.10%","12.10%",2,NA,NA,NA,NA,NA,NA,NA,NA,NA,NA,NA,NA,NA,NA,NA,NA,NA,NA,NA,NA,NA,NA,NA,NA,NA,1,5,"0.00%",0,3,0,"0.00%",5,0,0,0,0,"0.00%",5,5,0,0,0,"FCS",10,10
"Xavier Potts","TARLETON",48,51.93,"C","DI",2026,"United Athletic",68.4,63.2,62.9,67.7,0,0,3,1,0,0,0,1,1,0,0,0,0,1,0,0,0,2,2,30,"6.70%","3.30%",3.3,18,4,"11.10%","22.20%",2,NA,NA,NA,NA,NA,NA,NA,NA,NA,NA,NA,NA,NA,NA,NA,NA,NA,NA,NA,NA,NA,NA,NA,NA,NA,22,3,"0.00%",0,1,0,"0.00%",1,0,0,2,1,"0.00%",3,3,0,1,0,"FCS",51,51
"Chris Wilson","TENN MARTN",38,51.64,"C","DI",2026,"Big South - OVC Football Association",73.4,72.1,65.1,60,1,2,4,0,0,0,0,0,0,0,0,0,0,1,0,0,0,6,2,7,"0","0.00%",0,30,1.5,"6.70%","20.00%",2,1,0,"0.00%",0,0,0,0,0,0,0,0,0,"0.00%",0,0,0,0,0,"0.00%","0.00%","0.00%","0.00%",0,0,"0.00%",51,6,"0.00%",2,4,1,"0.00%",4,2,0,0,0,"0.00%",6,6,0,0,0,"FCS",317,317
"Chris Dixon","S DAKOTA",29,51.47,"C","DI",2026,"Missouri Valley",67.3,63.8,64.9,60,0,0,3,1,0,0,0,1,0,0,0,0,0,0,0,1,0,2,0,18,"0","5.60%",5.6,11,6,"0","0",0,NA,NA,NA,NA,NA,NA,NA,NA,NA,NA,NA,NA,NA,NA,NA,NA,NA,NA,NA,NA,NA,NA,NA,NA,NA,50,3,"0.00%",0,1,0,"0.00%",1,0,0,2,0,"0.00%",3,3,0,1,0,"FCS",40,40
"Jordan Gaston","WAGNER",25,51.3,"C","DI",2026,"Northeast",70.5,62.2,75.5,NA,0,0,2,1,0,0,0,1,0,0,0,0,0,0,0,0,0,2,2,10,"10.00%","10.00%",10,15,2,"13.30%","13.30%",2,NA,NA,NA,NA,NA,NA,NA,NA,NA,NA,NA,NA,NA,NA,NA,NA,NA,NA,NA,NA,NA,NA,NA,NA,NA,44,2,"0.00%",0,1,0,"0.00%",1,0,0,1,0,"0.00%",2,2,0,0,0,"FCS",322,322
"Colby Spencer","FORDHAM",38,51.27,"C","DI",2026,"Patriot",54.6,55,64.2,NA,0,0,0,1,0,2,3,6,0,0,0,0,0,0,0,4,0,0,4,24,"8.30%","25.00%",14.6,14,0,"21.40%","14.30%",3,NA,NA,NA,NA,NA,NA,NA,NA,NA,NA,NA,NA,NA,NA,NA,NA,NA,NA,NA,NA,NA,NA,NA,NA,NA,98,1,"50.00%",0,0,0,"0.00%",0,0,0,0,0,"50.00%",2,2,0,0,1,"FCS",36,36
"Anthony Spivey","CHISTA",29,51.2,"C","DI",2026,"IND (FCS)",78.1,77.3,66.2,NA,0,0,2,0,0,0,1,1,1,0,0,0,0,2,0,0,0,2,2,16,"12.50%","6.30%",3.1,13,-2,"15.40%","53.80%",2,NA,NA,NA,NA,NA,NA,NA,NA,NA,NA,NA,NA,NA,NA,NA,NA,NA,NA,NA,NA,NA,NA,NA,NA,NA,92,2,"33.30%",0,2,2,"33.30%",2,0,1,0,0,"0.00%",3,3,0,0,0,"FCS",402,402
"Chris Campbell","LAMAR",28,50.82,"C","DI",2026,"Southland",69.4,61.7,70.1,NA,0,0,1,1,0,0,0,1,2,0,0,0,0,0,0,1,0,1,0,18,"11.10%","5.60%",5.6,10,0,"0","0",0,NA,NA,NA,NA,NA,NA,NA,NA,NA,NA,NA,NA,NA,NA,NA,NA,NA,NA,NA,NA,NA,NA,NA,NA,NA,93,1,"0.00%",0,0,0,"0.00%",0,0,0,1,0,"0.00%",1,1,0,0,0,"FCS",368,368
"Isaiah Boyd","ALBANY",37,50.64,"C","DI",2026,"CAA",74.6,76.4,62.5,60,0,1,2,0,0,0,2,2,0,0,0,0,0,1,0,1,0,3,0,19,"5.30%","10.50%",5.3,18,0.5,"0","22.20%",0,NA,NA,NA,NA,NA,NA,NA,NA,NA,NA,NA,NA,NA,NA,NA,NA,NA,NA,NA,NA,NA,NA,NA,NA,NA,55,3,"0.00%",1,2,1,"0.00%",2,0,0,0,0,"0.00%",3,3,1,0,0,"FCS",19,19
"Zekiel Seumalo","MONTANA",37,50.48,"C","DI",2026,"Big Sky",64.2,56.1,68.4,NA,0,0,2,1,0,0,2,3,1,0,0,0,0,0,0,0,0,2,1,26,"15.40%","11.50%",7.7,11,3.5,"9.10%","0",1,NA,NA,NA,NA,NA,NA,NA,NA,NA,NA,NA,NA,NA,NA,NA,NA,NA,NA,NA,NA,NA,NA,NA,NA,NA,92,3,"0.00%",0,2,0,"0.00%",2,0,0,0,0,"0.00%",3,3,0,0,0,"FCS",349,349
"Jakub Mwangelwa","FORDHAM",34,50.12,"C","DI",2026,"Patriot",67.4,68.5,59.5,60,0,2,2,0,0,0,1,1,2,0,0,0,0,0,0,1,0,3,2,16,"12.50%","6.30%",3.1,18,3.33,"5.60%","16.70%",1,NA,NA,NA,NA,NA,NA,NA,NA,NA,NA,NA,NA,NA,NA,NA,NA,NA,NA,NA,NA,NA,NA,NA,NA,NA,42,6,"0.00%",2,2,0,"0.00%",3,2,0,0,0,"0.00%",6,6,0,1,0,"FCS",415,415
"Kehinde Akintunde","MERCER",45,50.08,"C","DI",2026,"Southern",74.5,78.2,59.2,NA,0,2,3,0,0,0,0,0,1,0,0,0,0,1,0,0,0,3,2,22,"4.50%","0.00%",0,23,1,"8.70%","21.70%",2,NA,NA,NA,NA,NA,NA,NA,NA,NA,NA,NA,NA,NA,NA,NA,NA,NA,NA,NA,NA,NA,NA,NA,NA,NA,99,5,"0.00%",2,3,1,"0.00%",3,2,0,0,0,"0.00%",5,5,0,0,0,"FCS",367,367
"Logan Jellison","ILL STATE",17,49.95,"C","DI",2026,"Missouri Valley",63.5,60.6,64.7,NA,0,1,2,1,0,0,0,1,0,0,0,0,0,0,0,0,1,2,2,7,"0","14.30%",14.3,10,3,"20.00%","20.00%",2,NA,NA,NA,NA,NA,NA,NA,NA,NA,NA,NA,NA,NA,NA,NA,NA,NA,NA,NA,NA,NA,NA,NA,NA,NA,98,4,"0.00%",1,2,0,"0.00%",2,1,0,0,0,"0.00%",4,4,0,0,0,"FCS",204,204
"Rashad Reid","ELON",40,49.5,"C","DI",2026,"CAA",70.7,67.7,67.3,NA,0,1,1,0,0,0,3,3,1,0,0,0,0,0,0,1,0,1,1,20,"15.00%","15.00%",7.5,20,4,"5.00%","20.00%",1,NA,NA,NA,NA,NA,NA,NA,NA,NA,NA,NA,NA,NA,NA,NA,NA,NA,NA,NA,NA,NA,NA,NA,NA,NA,98,2,"0.00%",1,1,0,"0.00%",1,1,0,0,0,"0.00%",2,2,0,0,0,"FCS",187,187
"Joshua Barker","SCAR STATE",23,49.37,"C","DI",2026,"MEAC",79.8,62.6,84.2,60,0,0,0,0,0,0,4,4,0,0,0,0,0,0,0,0,0,1,0,16,"25.00%","25.00%",12.5,6,0,"0","0",0,1,0,"0.00%",0,0,0,0,0,0,0,0,0,"100%",0,0,0,0,0,"0.00%","0.00%","0.00%","0.00%",0,0,"0.00%",NA,NA,NA,NA,NA,NA,NA,NA,NA,NA,NA,NA,NA,NA,NA,NA,NA,NA,"FCS",247,247
"Blake Thorp","VALPO",28,49.25,"C","DI",2026,"Pioneer",74.8,72.3,66.6,NA,0,0,0,1,0,0,0,1,0,0,0,0,0,0,0,1,0,0,0,7,"0","14.30%",14.3,21,0,"0","14.30%",0,NA,NA,NA,NA,NA,NA,NA,NA,NA,NA,NA,NA,NA,NA,NA,NA,NA,NA,NA,NA,NA,NA,NA,NA,NA,84,1,"0.00%",0,0,0,"0.00%",0,0,0,0,0,"0.00%",1,1,0,0,0,"FCS",397,397
"Bryce Gentry-Warrick","MERRIMACK",46,49.11,"C","DI",2026,"IND (FCS)",72,81.4,56.4,61.2,0,1,2,0,0,1,0,1,0,0,0,0,0,1,0,0,0,2,0,23,"4.30%","4.30%",2.2,20,1,"0","10.00%",0,3,0,"0.00%",0,0,0,0,0,0,0,0,0,"100%",0,0,0,0,0,"0.00%","0.00%","0.00%","0.00%",0,0,"0.00%",6,3,"0.00%",1,1,1,"0.00%",1,0,0,1,0,"0.00%",3,3,1,1,0,"FCS",71,71
"Tyler Henry","N DAKOTA",43,49.03,"C","DI",2026,"Missouri Valley",70.7,72.8,61.5,NA,0,1,2,0,0,0,1,1,1,0,0,0,0,2,0,0,0,2,1,27,"7.40%","3.70%",1.9,16,-0.5,"6.30%","25.00%",1,NA,NA,NA,NA,NA,NA,NA,NA,NA,NA,NA,NA,NA,NA,NA,NA,NA,NA,NA,NA,NA,NA,NA,NA,NA,75,3,"25.00%",1,2,2,"25.00%",2,1,1,0,0,"0.00%",4,4,0,0,0,"FCS",33,33
"Josh Osuagwu","STHLSK",22,48.79,"C","DI",2026,"Northeast",61.7,60.8,62.4,59.9,0,0,2,1,0,0,0,1,0,0,0,0,0,0,0,1,0,1,1,11,"0","9.10%",9.1,10,8.5,"10.00%","0",1,1,0,"0.00%",0,0,0,0,0,0,0,0,0,"100%",0,0,0,0,0,"0.00%","0.00%","0.00%","0.00%",0,0,"0.00%",90,3,"0.00%",0,1,0,"0.00%",2,0,0,1,0,"0.00%",3,3,0,0,0,"FCS",244,244
"Ebony Curry Jr.","YNGTOWN ST",31,48.12,"C","DI",2026,"Missouri Valley",74.4,79.2,58.5,NA,0,0,1,0,0,1,1,2,0,0,0,0,0,1,0,0,2,3,0,16,"0","12.50%",6.3,15,2,"0","26.70%",0,NA,NA,NA,NA,NA,NA,NA,NA,NA,NA,NA,NA,NA,NA,NA,NA,NA,NA,NA,NA,NA,NA,NA,NA,NA,8,2,"0.00%",0,1,1,"0.00%",2,0,0,0,0,"0.00%",2,2,0,0,0,"FCS",68,68
"Collin Lewis","IDAHO ST",36,47.36,"C","DI",2026,"Big Sky",81.4,69.5,74.3,63.4,0,0,3,0,0,0,2,2,0,0,1,0,0,0,0,0,0,2,2,16,"12.50%","12.50%",6.3,20,2.33,"10.00%","25.00%",2,NA,NA,NA,NA,NA,NA,NA,NA,NA,NA,NA,NA,NA,NA,NA,NA,NA,NA,NA,NA,NA,NA,NA,NA,NA,97,3,"0.00%",0,3,0,"0.00%",3,0,0,0,0,"0.00%",3,3,0,0,0,"FCS",271,271
"Logan Knaevelsrud","MONTANA",23,47.28,"C","DI",2026,"Big Sky",65.2,68.1,70.5,59.9,0,0,0,0,0,0,2,2,2,0,0,0,0,0,0,0,1,2,2,12,"16.70%","8.30%",4.2,9,4,"11.10%","33.30%",1,2,0,"0.00%",0,0,0,0,0,0,0,0,0,"50.00%",0,0,0,0,1,"0.00%","0.00%","0.00%","0.00%",0,0,"0.00%",96,1,"50.00%",0,0,0,"50.00%",1,0,1,0,0,"0.00%",2,2,0,0,0,"FCS",296,296
"Damola Owode","STHLSK",22,47.23,"C","DI",2026,"Northeast",66.4,65.5,63.3,60,0,0,1,1,0,0,0,1,0,0,0,0,0,0,0,1,0,3,2,12,"0","8.30%",8.3,9,6,"11.10%","11.10%",1,1,0,"0.00%",0,0,0,0,0,0,0,0,0,"0.00%",0,0,0,0,0,"0.00%","0.00%","0.00%","0.00%",0,0,"0.00%",8,3,"25.00%",0,1,0,"0.00%",2,0,0,0,0,"50.00%",3,4,0,0,1,"FCS",245,245
"Luke Reilly","LEHIGH",30,46.19,"C","DI",2026,"Patriot",76.4,72.1,70.3,NA,0,0,0,0,0,0,3,3,0,0,0,0,0,0,0,0,0,1,0,18,"16.70%","16.70%",8.3,12,5,"0","16.70%",0,NA,NA,NA,NA,NA,NA,NA,NA,NA,NA,NA,NA,NA,NA,NA,NA,NA,NA,NA,NA,NA,NA,NA,NA,NA,97,1,"0.00%",0,0,0,"0.00%",1,0,0,0,0,"0.00%",1,1,0,0,0,"FCS",4,4
"Zack Black","MONTANA ST",41,46.17,"C","DI",2026,"Big Sky",63.1,60.1,69.5,58.3,0,2,2,0,0,0,0,0,2,0,0,0,0,1,0,0,0,3,4,23,"8.70%","0.00%",0,17,1,"17.60%","11.80%",3,1,0,"0.00%",0,0,0,0,0,0,0,0,0,"0.00%",0,0,0,0,0,"0.00%","0.00%","0.00%","0.00%",0,0,"0.00%",50,4,"20.00%",2,1,0,"25.00%",1,2,1,1,1,"0.00%",5,5,0,1,0,"FCS",9,9
"Isaiah Perez","E WASHGTON",44,46.04,"C","DI",2026,"Big Sky",70.9,69.9,64.6,NA,1,1,1,0,0,0,0,0,1,0,0,0,0,1,0,0,0,3,3,18,"5.60%","0.00%",0,26,0.67,"11.50%","15.40%",3,NA,NA,NA,NA,NA,NA,NA,NA,NA,NA,NA,NA,NA,NA,NA,NA,NA,NA,NA,NA,NA,NA,NA,NA,NA,4,4,"0.00%",1,1,1,"0.00%",3,1,0,0,0,"0.00%",4,4,0,0,0,"FCS",15,15
"Bryce Ricks","MERRIMACK",35,45.9,"C","DI",2026,"IND (FCS)",76.3,83.6,54.6,60,0,3,1,0,0,0,0,0,0,0,0,0,0,1,0,0,0,1,0,15,"0","0.00%",0,20,-1,"0","15.00%",0,NA,NA,NA,NA,NA,NA,NA,NA,NA,NA,NA,NA,NA,NA,NA,NA,NA,NA,NA,NA,NA,NA,NA,NA,NA,90,5,"0.00%",3,1,1,"0.00%",1,3,0,0,0,"0.00%",5,5,0,1,0,"FCS",53,53
"Brekien Harold","ALABAMA ST",38,45.81,"C","DI",2026,"SWAC",69.6,71,57.9,NA,0,1,4,0,0,0,0,0,0,0,0,0,0,2,0,0,0,5,2,14,"0","0.00%",0,24,1.25,"8.30%","20.80%",2,NA,NA,NA,NA,NA,NA,NA,NA,NA,NA,NA,NA,NA,NA,NA,NA,NA,NA,NA,NA,NA,NA,NA,NA,NA,99,5,"0.00%",1,4,2,"0.00%",4,1,0,0,0,"0.00%",5,5,0,0,0,"FCS",255,255
"Braxton Lassiter","RICHMOND",27,45.5,"C","DI",2026,"Patriot",75.8,72.7,68.2,NA,0,1,0,0,0,0,2,2,1,0,0,0,0,0,0,0,0,0,0,11,"27.30%","18.20%",9.1,16,0,"0","18.80%",0,NA,NA,NA,NA,NA,NA,NA,NA,NA,NA,NA,NA,NA,NA,NA,NA,NA,NA,NA,NA,NA,NA,NA,NA,NA,8,1,"0.00%",1,0,0,"0.00%",0,1,0,0,0,"0.00%",1,1,0,0,0,"FCS",153,153
"Timothy Gulley","BETH COOK",36,45.46,"C","DI",2026,"SWAC",71.2,67.9,66.8,60,0,1,1,0,0,0,1,1,2,0,0,0,0,0,0,0,0,0,0,25,"12.00%","4.00%",2,11,1,"0","9.10%",0,NA,NA,NA,NA,NA,NA,NA,NA,NA,NA,NA,NA,NA,NA,NA,NA,NA,NA,NA,NA,NA,NA,NA,NA,NA,91,2,"0.00%",1,1,0,"0.00%",1,0,0,0,0,"0.00%",2,2,1,0,0,"FCS",76,76
"Ben Harman","ILL STATE",54,45.42,"C","DI",2026,"Missouri Valley",68.3,65.7,59.8,62.6,0,2,2,0,0,0,1,1,1,0,0,0,0,1,0,0,0,6,3,32,"6.30%","3.10%",1.6,22,3,"13.60%","22.70%",3,NA,NA,NA,NA,NA,NA,NA,NA,NA,NA,NA,NA,NA,NA,NA,NA,NA,NA,NA,NA,NA,NA,NA,NA,NA,91,6,"14.30%",2,1,0,"20.00%",3,1,1,1,1,"0.00%",7,7,1,1,0,"FCS",156,156
"Mark Fielder","MCNEESE",41,45.11,"C","DI",2026,"Southland",69,74.1,58.9,NA,0,0,3,0,0,0,1,1,0,0,0,0,0,2,0,0,0,2,0,30,"3.30%","3.30%",1.7,11,0.33,"0","18.20%",0,NA,NA,NA,NA,NA,NA,NA,NA,NA,NA,NA,NA,NA,NA,NA,NA,NA,NA,NA,NA,NA,NA,NA,NA,NA,98,3,"0.00%",0,3,2,"0.00%",3,0,0,0,0,"0.00%",3,3,0,0,0,"FCS",81,81
"Christian Booker","LAMAR",16,45.11,"C","DI",2026,"Southland",75.9,60,74.5,NA,0,0,0,0,0,1,1,2,2,0,0,0,0,0,0,0,0,0,0,15,"26.70%","13.30%",6.7,1,0,"0","0",0,NA,NA,NA,NA,NA,NA,NA,NA,NA,NA,NA,NA,NA,NA,NA,NA,NA,NA,NA,NA,NA,NA,NA,NA,NA,NA,NA,NA,NA,NA,NA,NA,NA,NA,NA,NA,NA,NA,NA,NA,NA,NA,NA,"FCS",169,169
"Jesse Smith","LNDNWD",34,44.52,"C","DI",2026,"Big South - OVC Football Association",56.6,54.8,60.4,NA,0,0,3,1,0,0,1,2,0,0,0,0,0,0,0,1,1,3,3,12,"0","16.70%",12.5,22,3.5,"13.60%","4.50%",3,NA,NA,NA,NA,NA,NA,NA,NA,NA,NA,NA,NA,NA,NA,NA,NA,NA,NA,NA,NA,NA,NA,NA,NA,NA,6,3,"0.00%",0,2,0,"0.00%",2,0,0,1,0,"0.00%",3,3,0,0,0,"FCS",122,122
"River Abenroth","SAN DIEGO",35,44.33,"C","DI",2026,"Pioneer",76.9,77.5,65.3,NA,0,0,1,0,0,0,2,2,1,0,0,0,0,1,0,0,0,1,0,20,"15.00%","10.00%",5,15,-5,"0","26.70%",0,NA,NA,NA,NA,NA,NA,NA,NA,NA,NA,NA,NA,NA,NA,NA,NA,NA,NA,NA,NA,NA,NA,NA,NA,NA,96,1,"0.00%",0,1,1,"0.00%",1,0,0,0,0,"0.00%",1,1,0,0,0,"FCS",251,251
"Lance Bassett","S ILLINOIS",37,44.31,"C","DI",2026,"Missouri Valley",67.3,58.7,67.3,62.2,1,1,2,0,0,0,2,2,0,0,0,0,0,1,0,0,0,3,2,21,"9.50%","9.50%",4.8,16,-1,"12.50%","12.50%",2,NA,NA,NA,NA,NA,NA,NA,NA,NA,NA,NA,NA,NA,NA,NA,NA,NA,NA,NA,NA,NA,NA,NA,NA,NA,98,4,"20.00%",1,1,1,"33.30%",1,1,1,1,0,"0.00%",5,5,0,2,0,"FCS",84,84
"Nicholas Mathious","WOFFORD",43,44.19,"C","DI",2026,"Southern",66.2,67.7,60.6,60,0,1,0,0,0,0,3,3,0,0,0,0,0,0,0,1,0,1,1,28,"7.10%","10.70%",5.4,15,9,"0","6.70%",0,NA,NA,NA,NA,NA,NA,NA,NA,NA,NA,NA,NA,NA,NA,NA,NA,NA,NA,NA,NA,NA,NA,NA,NA,NA,95,2,"33.30%",1,0,0,"0.00%",1,0,0,0,0,"50.00%",3,3,1,0,1,"FCS",293,293
"Alexandre Dedieu","LAMAR",20,44.11,"C","DI",2026,"Southland",69.9,68.9,60.9,60.4,0,0,1,0,0,0,2,2,0,0,0,0,0,0,0,0,0,2,1,10,"20.00%","20.00%",10,10,10,"0","10.00%",0,NA,NA,NA,NA,NA,NA,NA,NA,NA,NA,NA,NA,NA,NA,NA,NA,NA,NA,NA,NA,NA,NA,NA,NA,NA,13,2,"33.30%",0,0,0,"0.00%",1,0,0,1,0,"50.00%",3,3,0,1,1,"FCS",220,220
"CJ Wade","N IOWA",32,43.95,"C","DI",2026,"Missouri Valley",56.6,56.5,57.8,NA,0,0,1,1,0,1,2,4,1,0,0,0,0,0,0,0,2,1,2,27,"11.10%","14.80%",9.3,5,0,"20.00%","0",1,NA,NA,NA,NA,NA,NA,NA,NA,NA,NA,NA,NA,NA,NA,NA,NA,NA,NA,NA,NA,NA,NA,NA,NA,NA,41,1,"0.00%",0,0,0,"0.00%",0,0,0,1,0,"0.00%",1,1,0,0,0,"FCS",185,185
"Clayton McCarrell","E WASHGTON",24,43.78,"C","DI",2026,"Big Sky",73.9,76.9,56.4,NA,0,1,3,0,0,0,0,0,0,0,0,0,0,2,0,0,0,3,1,10,"0","0.00%",0,14,-1.67,"7.10%","28.60%",1,NA,NA,NA,NA,NA,NA,NA,NA,NA,NA,NA,NA,NA,NA,NA,NA,NA,NA,NA,NA,NA,NA,NA,NA,NA,59,4,"0.00%",1,3,2,"0.00%",3,1,0,0,0,"0.00%",4,4,0,0,0,"FCS",210,210
"Javen Johnson","HAMPTON",37,43.74,"C","DI",2026,"CAA",62.5,69,61,NA,0,1,2,0,0,0,0,0,1,0,0,0,0,2,0,0,0,3,3,20,"5.00%","0.00%",0,17,-2.5,"17.60%","23.50%",3,NA,NA,NA,NA,NA,NA,NA,NA,NA,NA,NA,NA,NA,NA,NA,NA,NA,NA,NA,NA,NA,NA,NA,NA,NA,99,3,"0.00%",1,2,2,"0.00%",2,1,0,0,0,"0.00%",3,3,0,0,0,"FCS",47,47
"Hunter Sharbono","MONTANA ST",17,43.61,"C","DI",2026,"Big Sky",64.2,52.5,73.3,61.8,0,0,1,0,0,0,2,2,0,0,0,0,0,1,0,0,1,5,3,6,"16.70%","33.30%",16.7,11,2,"27.30%","18.20%",3,NA,NA,NA,NA,NA,NA,NA,NA,NA,NA,NA,NA,NA,NA,NA,NA,NA,NA,NA,NA,NA,NA,NA,NA,NA,90,3,"0.00%",0,0,0,"0.00%",2,0,0,1,1,"0.00%",3,3,0,1,0,"FCS",111,111
"Brandon Mills","MURRAY ST",41,43.36,"C","DI",2026,"Missouri Valley",65.8,65.1,62.4,NA,0,2,0,0,0,1,3,4,0,0,0,0,0,0,0,0,3,0,3,26,"3.90%","15.40%",7.7,15,0,"20.00%","26.70%",3,NA,NA,NA,NA,NA,NA,NA,NA,NA,NA,NA,NA,NA,NA,NA,NA,NA,NA,NA,NA,NA,NA,NA,NA,NA,95,2,"0.00%",2,0,0,"0.00%",0,2,0,0,0,"0.00%",2,2,0,0,0,"FCS",356,356
"Jermy Jackson","LAMAR",20,42.9,"C","DI",2026,"Southland",74.1,59.9,73.7,NA,0,0,0,0,0,0,5,5,0,0,0,0,0,0,0,0,0,0,0,17,"29.40%","29.40%",14.7,3,0,"0","0",0,NA,NA,NA,NA,NA,NA,NA,NA,NA,NA,NA,NA,NA,NA,NA,NA,NA,NA,NA,NA,NA,NA,NA,NA,NA,NA,NA,NA,NA,NA,NA,NA,NA,NA,NA,NA,NA,NA,NA,NA,NA,NA,NA,"FCS",202,202
"Daveon Johnson","TENN MARTN",23,42.7,"C","DI",2026,"Big South - OVC Football Association",71.6,71.7,58,NA,0,2,2,0,0,0,0,0,0,0,0,0,0,1,0,0,0,2,2,4,"0","0.00%",0,19,3,"10.50%","26.30%",2,NA,NA,NA,NA,NA,NA,NA,NA,NA,NA,NA,NA,NA,NA,NA,NA,NA,NA,NA,NA,NA,NA,NA,NA,NA,95,6,"0.00%",2,2,1,"0.00%",4,2,0,0,0,"0.00%",6,6,0,0,0,"FCS",319,319
"Kortlin Rausaw","ABILENE CH",57,42.67,"C","DI",2026,"United Athletic",67.3,73.5,52.5,60.6,0,1,3,0,0,0,0,0,0,0,0,0,1,2,0,0,0,4,1,29,"0","0.00%",0,28,0.33,"3.60%","10.70%",1,NA,NA,NA,NA,NA,NA,NA,NA,NA,NA,NA,NA,NA,NA,NA,NA,NA,NA,NA,NA,NA,NA,NA,NA,NA,9,4,"0.00%",1,3,2,"0.00%",3,1,0,0,0,"0.00%",4,4,0,0,0,"FCS",2,2
"Joey Lightfoot","NICHOLLS",24,42.66,"C","DI",2026,"Southland",69.1,58.1,72.7,NA,0,1,0,0,0,0,2,2,2,0,0,0,0,0,0,0,0,0,1,17,"23.50%","11.80%",5.9,7,0,"14.30%","0",1,NA,NA,NA,NA,NA,NA,NA,NA,NA,NA,NA,NA,NA,NA,NA,NA,NA,NA,NA,NA,NA,NA,NA,NA,NA,99,1,"0.00%",1,0,0,"0.00%",0,1,0,0,0,"0.00%",1,1,0,0,0,"FCS",102,102
"Bryce Purnell","MAINE",47,42.57,"C","DI",2026,"CAA",73.2,72.2,65,NA,0,2,1,0,0,0,1,1,0,0,0,0,1,0,0,0,0,1,0,14,"7.10%","7.10%",3.6,33,1,"0","6.10%",0,NA,NA,NA,NA,NA,NA,NA,NA,NA,NA,NA,NA,NA,NA,NA,NA,NA,NA,NA,NA,NA,NA,NA,NA,NA,44,3,"0.00%",2,1,0,"0.00%",1,2,0,0,0,"0.00%",3,3,0,0,0,"FCS",13,13
"Jace Sifore","S DAK ST",15,42.31,"C","DI",2026,"Missouri Valley",73.6,70.3,65.7,NA,1,0,0,0,0,0,0,0,0,0,0,0,0,0,0,0,0,1,0,6,"0","0.00%",0,9,11,"0","22.20%",0,NA,NA,NA,NA,NA,NA,NA,NA,NA,NA,NA,NA,NA,NA,NA,NA,NA,NA,NA,NA,NA,NA,NA,NA,NA,91,1,"0.00%",0,0,0,"0.00%",1,0,0,0,0,"0.00%",1,1,0,0,0,"FCS",43,43
"Kezni Brown","LIUSHAR",38,42.31,"C","DI",2026,"Northeast",72.4,68.8,68.8,NA,0,0,2,0,0,0,0,0,1,0,0,0,0,0,0,0,0,3,0,19,"5.30%","0.00%",0,19,4.67,"0","5.30%",0,NA,NA,NA,NA,NA,NA,NA,NA,NA,NA,NA,NA,NA,NA,NA,NA,NA,NA,NA,NA,NA,NA,NA,NA,NA,5,3,"0.00%",0,2,0,"0.00%",3,0,0,0,0,"0.00%",3,3,0,0,0,"FCS",69,69
"Conlan Greene","YNGTOWN ST",25,42.27,"C","DI",2026,"Missouri Valley",68,67.2,62.6,NA,0,0,1,1,0,0,0,1,0,0,0,0,0,0,0,1,0,1,0,12,"0","8.30%",8.3,13,0,"0","7.70%",0,NA,NA,NA,NA,NA,NA,NA,NA,NA,NA,NA,NA,NA,NA,NA,NA,NA,NA,NA,NA,NA,NA,NA,NA,NA,90,1,"0.00%",0,0,0,"0.00%",0,0,0,1,0,"0.00%",1,1,0,0,0,"FCS",88,88
"KB Bonds","SCAR STATE",24,42.23,"C","DI",2026,"MEAC",68.3,65.8,63.9,NA,0,0,0,1,0,0,1,2,0,0,0,0,0,0,0,1,0,0,0,20,"5.00%","10.00%",7.5,4,0,"0","25.00%",0,NA,NA,NA,NA,NA,NA,NA,NA,NA,NA,NA,NA,NA,NA,NA,NA,NA,NA,NA,NA,NA,NA,NA,NA,NA,99,1,"0.00%",0,0,0,"0.00%",0,0,0,0,0,"0.00%",1,1,0,0,0,"FCS",141,141
"Aaziah Scott","STHLSK",32,42.08,"C","DI",2026,"Northeast",56.4,55.4,71.1,NA,0,1,1,0,0,0,3,3,0,0,0,0,0,1,0,0,0,1,4,14,"21.40%","21.40%",10.7,18,-1,"16.70%","5.60%",3,NA,NA,NA,NA,NA,NA,NA,NA,NA,NA,NA,NA,NA,NA,NA,NA,NA,NA,NA,NA,NA,NA,NA,NA,NA,91,2,"0.00%",1,1,1,"0.00%",1,1,0,0,0,"0.00%",2,2,0,0,0,"FCS",381,381
"K'Mard Kimble","STF AUSTIN",28,41.94,"C","DI",2026,"Southland",60.9,70.8,59.7,NA,0,0,2,0,0,1,0,1,0,0,0,0,0,2,0,0,0,3,1,19,"5.30%","5.30%",2.6,9,-2,"0","22.20%",0,NA,NA,NA,NA,NA,NA,NA,NA,NA,NA,NA,NA,NA,NA,NA,NA,NA,NA,NA,NA,NA,NA,NA,NA,NA,95,2,"0.00%",0,2,2,"0.00%",2,0,0,0,0,"0.00%",2,2,0,0,0,"FCS",230,230
"Jayden Hazelwood","BRYANT",34,41.94,"C","DI",2026,"CAA",72.4,71,65.2,60,0,2,1,0,0,0,0,0,1,0,0,0,0,0,0,0,0,2,0,21,"4.80%","0.00%",0,13,0,"0","15.40%",0,NA,NA,NA,NA,NA,NA,NA,NA,NA,NA,NA,NA,NA,NA,NA,NA,NA,NA,NA,NA,NA,NA,NA,NA,NA,68,3,"0.00%",2,0,0,"0.00%",0,2,0,1,0,"0.00%",3,3,0,1,0,"FCS",233,233
"Joe Kelly","COLGATE",54,41.93,"C","DI",2026,"Patriot",60.3,57.9,62.4,NA,0,3,1,0,0,1,1,2,0,0,0,0,0,0,0,0,2,1,4,24,"0","8.30%",4.2,30,4,"13.30%","6.70%",4,NA,NA,NA,NA,NA,NA,NA,NA,NA,NA,NA,NA,NA,NA,NA,NA,NA,NA,NA,NA,NA,NA,NA,NA,NA,0,4,"0.00%",3,1,0,"0.00%",1,3,0,0,0,"0.00%",4,4,0,0,0,"FCS",249,249
"Amari James","LIUSHAR",15,41.79,"C","DI",2026,"Northeast",69.9,69.4,61.4,NA,0,0,2,0,0,0,0,0,1,0,0,0,0,1,0,0,0,3,0,7,"14.30%","0.00%",0,8,3.33,"0","12.50%",0,NA,NA,NA,NA,NA,NA,NA,NA,NA,NA,NA,NA,NA,NA,NA,NA,NA,NA,NA,NA,NA,NA,NA,NA,NA,90,3,"0.00%",0,2,1,"0.00%",3,0,0,0,0,"0.00%",3,3,0,0,0,"FCS",362,362
"Joseph Polite","WOFFORD",36,41.73,"C","DI",2026,"Southern",67.8,65.2,65.3,NA,0,1,1,0,0,0,3,3,0,0,0,0,0,0,0,1,0,1,1,21,"9.50%","14.30%",7.1,15,3,"6.70%","6.70%",1,NA,NA,NA,NA,NA,NA,NA,NA,NA,NA,NA,NA,NA,NA,NA,NA,NA,NA,NA,NA,NA,NA,NA,NA,NA,90,2,"0.00%",1,1,0,"0.00%",1,1,0,0,0,"0.00%",2,2,0,0,0,"FCS",332,332
"Drewvon Oxendine","TXAMEA",20,41.55,"C","DI",2026,"Southland",61.9,61.6,58.9,60,0,1,0,0,0,0,4,4,0,0,0,0,0,0,0,3,1,0,0,12,"0","33.30%",16.7,8,0,"0","0",0,NA,NA,NA,NA,NA,NA,NA,NA,NA,NA,NA,NA,NA,NA,NA,NA,NA,NA,NA,NA,NA,NA,NA,NA,NA,57,1,"0.00%",1,0,0,"0.00%",0,0,0,0,0,"0.00%",1,1,1,0,0,"FCS",359,359
"Steven Oberst","W ILLINOIS",26,41.24,"C","DI",2026,"Big South - OVC Football Association",52.4,49.1,65.1,NA,0,0,0,0,0,0,1,1,0,0,0,0,0,0,0,0,0,0,4,8,"12.50%","12.50%",6.3,18,22,"22.20%","0",4,NA,NA,NA,NA,NA,NA,NA,NA,NA,NA,NA,NA,NA,NA,NA,NA,NA,NA,NA,NA,NA,NA,NA,NA,NA,98,1,"0.00%",0,0,0,"0.00%",1,0,0,0,0,"0.00%",1,1,0,0,0,"FCS",200,200
"Ryan Kuennen","N IOWA",28,40.62,"C","DI",2026,"Missouri Valley",68.2,69.3,61.7,NA,0,0,0,0,0,1,1,2,1,0,0,0,0,0,0,1,0,1,0,21,"9.50%","9.50%",4.8,7,3,"0","14.30%",0,NA,NA,NA,NA,NA,NA,NA,NA,NA,NA,NA,NA,NA,NA,NA,NA,NA,NA,NA,NA,NA,NA,NA,NA,NA,90,1,"0.00%",0,0,0,"0.00%",1,0,0,0,0,"0.00%",1,1,0,0,0,"FCS",55,55
"TJ Baldwin","RICHMOND",35,40.61,"C","DI",2026,"Patriot",55.9,59.8,63.3,NA,0,1,1,1,0,0,0,1,0,0,0,0,0,0,0,1,0,2,4,15,"0","6.70%",6.7,20,0,"15.00%","10.00%",3,NA,NA,NA,NA,NA,NA,NA,NA,NA,NA,NA,NA,NA,NA,NA,NA,NA,NA,NA,NA,NA,NA,NA,NA,NA,5,2,"0.00%",1,0,0,"0.00%",0,1,0,1,0,"0.00%",2,2,0,0,0,"FCS",59,59
"Will Martin","DUQUESNE",35,40.47,"C","DI",2026,"Northeast",57.4,70.2,55.2,61.2,0,2,1,0,0,0,0,0,0,0,0,0,0,1,0,0,0,4,3,21,"0","0.00%",0,14,3.67,"7.10%","21.40%",1,NA,NA,NA,NA,NA,NA,NA,NA,NA,NA,NA,NA,NA,NA,NA,NA,NA,NA,NA,NA,NA,NA,NA,NA,NA,38,5,"0.00%",2,1,1,"0.00%",3,1,0,0,0,"0.00%",5,5,1,0,0,"FCS",386,386
"Peyton Anderson","SE LA",42,40.4,"C","DI",2026,"Southland",64.1,61.9,63.3,NA,0,0,1,1,0,0,1,2,0,0,0,0,0,0,0,1,0,2,1,23,"4.30%","8.70%",6.5,19,0,"5.30%","0",1,NA,NA,NA,NA,NA,NA,NA,NA,NA,NA,NA,NA,NA,NA,NA,NA,NA,NA,NA,NA,NA,NA,NA,NA,NA,90,1,"0.00%",0,0,0,"0.00%",0,0,0,1,0,"0.00%",1,1,0,0,0,"FCS",83,83
"Malik Gucake","PRVIEW A&M",47,40.4,"C","DI",2026,"SWAC",60.4,45.8,71.1,61.1,0,1,2,0,0,1,2,3,1,0,0,0,0,1,0,1,0,4,6,28,"10.70%","10.70%",5.4,19,0,"26.30%","15.80%",5,NA,NA,NA,NA,NA,NA,NA,NA,NA,NA,NA,NA,NA,NA,NA,NA,NA,NA,NA,NA,NA,NA,NA,NA,NA,6,3,"50.00%",1,0,0,"66.70%",0,1,2,2,1,"33.30%",6,6,0,2,1,"FCS",191,191
"Grant Hessler","IDAHO ST",23,40.37,"C","DI",2026,"Big Sky",65.5,61.3,66.5,60,0,1,1,0,0,0,1,1,1,0,0,0,0,1,0,0,0,2,2,10,"20.00%","10.00%",5,13,0,"15.40%","30.80%",2,NA,NA,NA,NA,NA,NA,NA,NA,NA,NA,NA,NA,NA,NA,NA,NA,NA,NA,NA,NA,NA,NA,NA,NA,NA,99,2,"33.30%",1,1,1,"33.30%",1,1,1,0,0,"0.00%",3,3,0,0,0,"FCS",186,186
"Mikel Hines","NWSTATE",26,40.03,"C","DI",2026,"Southland",73,75.2,60.3,NA,0,0,2,0,0,1,0,1,0,0,0,0,0,0,0,1,0,2,0,12,"0","8.30%",4.2,14,2.5,"0","21.40%",0,NA,NA,NA,NA,NA,NA,NA,NA,NA,NA,NA,NA,NA,NA,NA,NA,NA,NA,NA,NA,NA,NA,NA,NA,NA,95,2,"0.00%",0,2,0,"0.00%",2,0,0,0,0,"0.00%",2,2,0,0,0,"FCS",253,253
"Jaydon Eason","STF AUSTIN",36,39.81,"D","DI",2026,"Southland",65,68,58.8,NA,0,1,1,1,0,0,0,1,0,0,0,0,0,0,0,0,0,1,0,25,"4.00%","4.00%",4,11,0,"0","9.10%",0,NA,NA,NA,NA,NA,NA,NA,NA,NA,NA,NA,NA,NA,NA,NA,NA,NA,NA,NA,NA,NA,NA,NA,NA,NA,99,2,"0.00%",1,0,0,"0.00%",0,1,0,1,0,"0.00%",2,2,0,0,0,"FCS",242,242
"Ty Kauserud","FURMAN",27,39.69,"D","DI",2026,"Southern",70.9,71.6,61.3,NA,0,0,2,0,0,1,0,1,0,0,0,0,0,1,0,0,0,2,0,15,"6.70%","6.70%",3.3,12,-0.5,"0","8.30%",0,NA,NA,NA,NA,NA,NA,NA,NA,NA,NA,NA,NA,NA,NA,NA,NA,NA,NA,NA,NA,NA,NA,NA,NA,NA,0,2,"0.00%",0,2,1,"0.00%",2,0,0,0,0,"0.00%",2,2,0,0,0,"FCS",166,166
"David Johnson","ROB MORRIS",47,39.68,"D","DI",2026,"Northeast",47.9,43.9,62.3,60.6,0,0,2,2,0,0,0,2,0,0,0,0,1,0,0,1,0,2,7,30,"3.30%","6.70%",6.7,17,0,"35.30%","5.90%",6,NA,NA,NA,NA,NA,NA,NA,NA,NA,NA,NA,NA,NA,NA,NA,NA,NA,NA,NA,NA,NA,NA,NA,NA,NA,0,2,"50.00%",0,0,0,"100%",0,0,1,2,0,"33.30%",4,4,0,0,1,"FCS",152,152
"Alex Larry","NWSTATE",42,39.1,"D","DI",2026,"Southland",67.3,66.8,62,NA,0,2,1,0,0,0,0,0,1,0,0,0,0,0,0,0,0,4,2,17,"5.90%","0.00%",0,25,4.33,"8.00%","16.00%",2,NA,NA,NA,NA,NA,NA,NA,NA,NA,NA,NA,NA,NA,NA,NA,NA,NA,NA,NA,NA,NA,NA,NA,NA,NA,61,5,"16.70%",2,1,0,"16.70%",3,2,1,0,0,"0.00%",6,6,0,0,0,"FCS",421,421
"Lucian DePino","BRYANT",25,39.01,"D","DI",2026,"CAA",73.7,74.6,61.8,NA,0,1,1,0,0,1,0,1,0,0,0,0,0,0,0,0,0,1,0,13,"7.70%","7.70%",3.9,12,1,"0","25.00%",0,NA,NA,NA,NA,NA,NA,NA,NA,NA,NA,NA,NA,NA,NA,NA,NA,NA,NA,NA,NA,NA,NA,NA,NA,NA,93,2,"0.00%",1,1,0,"0.00%",1,1,0,0,0,"0.00%",2,2,0,0,0,"FCS",232,232
"Jalen Hand","E KENTUCKY",19,38.75,"D","DI",2026,"United Athletic",69.9,69.6,61.7,NA,0,0,1,0,0,0,2,2,0,0,0,0,0,1,0,0,0,0,0,9,"22.20%","22.20%",11.1,10,-2,"0","10.00%",0,NA,NA,NA,NA,NA,NA,NA,NA,NA,NA,NA,NA,NA,NA,NA,NA,NA,NA,NA,NA,NA,NA,NA,NA,NA,96,1,"0.00%",0,1,1,"0.00%",1,0,0,0,0,"0.00%",1,1,0,0,0,"FCS",89,89
"Brandon Martin","ROB MORRIS",21,38.43,"D","DI",2026,"Northeast",58.5,48.7,66.1,NA,0,0,1,1,0,0,1,2,1,0,0,0,0,0,0,0,0,0,1,16,"18.80%","12.50%",9.4,5,0,"20.00%","0",1,NA,NA,NA,NA,NA,NA,NA,NA,NA,NA,NA,NA,NA,NA,NA,NA,NA,NA,NA,NA,NA,NA,NA,NA,NA,94,1,"0.00%",0,0,0,"0.00%",0,0,0,1,0,"0.00%",1,1,0,0,0,"FCS",192,192
"Zalen Watkins","GARD-WEBB",32,38.41,"D","DI",2026,"Big South - OVC Football Association",73.8,66.5,61.5,64.2,1,1,2,0,0,0,0,0,0,0,0,1,0,0,0,0,0,1,1,15,"0","0.00%",0,17,3,"5.90%","17.60%",1,NA,NA,NA,NA,NA,NA,NA,NA,NA,NA,NA,NA,NA,NA,NA,NA,NA,NA,NA,NA,NA,NA,NA,NA,NA,8,4,"0.00%",1,2,0,"0.00%",2,1,0,0,0,"0.00%",4,4,0,1,0,"FCS",345,345
"Montrell Henderson","CHATTNOOGA",39,38.39,"D","DI",2026,"Southern",63.2,62.4,61.4,NA,0,1,2,0,0,0,0,0,1,0,0,0,0,1,0,0,0,2,2,16,"6.30%","0.00%",0,23,1.5,"8.70%","4.30%",2,NA,NA,NA,NA,NA,NA,NA,NA,NA,NA,NA,NA,NA,NA,NA,NA,NA,NA,NA,NA,NA,NA,NA,NA,NA,91,3,"0.00%",1,2,1,"0.00%",2,1,0,0,0,"0.00%",3,3,0,0,0,"FCS",26,26
"Kerry North","PRVIEW A&M",31,38.39,"D","DI",2026,"SWAC",60.8,59,61.4,NA,0,0,0,1,0,0,1,2,0,0,0,0,0,0,0,2,0,1,1,17,"0","11.80%",8.8,14,0,"7.10%","0",1,NA,NA,NA,NA,NA,NA,NA,NA,NA,NA,NA,NA,NA,NA,NA,NA,NA,NA,NA,NA,NA,NA,NA,NA,NA,90,1,"0.00%",0,0,0,"0.00%",0,0,0,0,0,"0.00%",1,1,0,0,0,"FCS",179,179
"Jared Hirschfeld","SACR HEART",17,38.33,"D","DI",2026,"CAA",70.1,59.4,65,65.6,0,1,1,0,0,0,1,1,0,0,0,0,0,1,0,0,0,1,2,7,"14.30%","14.30%",7.1,10,0,"20.00%","10.00%",2,NA,NA,NA,NA,NA,NA,NA,NA,NA,NA,NA,NA,NA,NA,NA,NA,NA,NA,NA,NA,NA,NA,NA,NA,NA,90,2,"0.00%",1,1,1,"0.00%",1,0,0,0,0,"0.00%",2,2,1,0,0,"FCS",120,120
"Jaden Roper","BRYANT",22,38.3,"D","DI",2026,"CAA",72.7,78.3,56.2,NA,0,0,3,0,0,0,0,0,0,0,0,0,0,1,0,0,0,2,0,14,"0","0.00%",0,8,0.67,"0","37.50%",0,NA,NA,NA,NA,NA,NA,NA,NA,NA,NA,NA,NA,NA,NA,NA,NA,NA,NA,NA,NA,NA,NA,NA,NA,NA,90,3,"0.00%",0,3,1,"0.00%",3,0,0,0,0,"0.00%",3,3,0,0,0,"FCS",325,325
"Ugo Nwotite","VILLANOVA",41,38.21,"D","DI",2026,"Patriot",63.2,63.1,60.4,NA,0,1,2,0,0,0,3,3,0,0,0,0,0,1,0,1,0,5,6,22,"9.10%","13.60%",6.8,19,1,"26.30%","42.10%",5,NA,NA,NA,NA,NA,NA,NA,NA,NA,NA,NA,NA,NA,NA,NA,NA,NA,NA,NA,NA,NA,NA,NA,NA,NA,96,3,"50.00%",1,2,1,"50.00%",2,1,3,0,0,"0.00%",6,6,0,0,0,"FCS",178,178
"Dawson Rodd","COLGATE",43,38.12,"D","DI",2026,"Patriot",71.9,72.1,62.6,NA,1,0,2,0,0,0,0,0,0,0,0,0,0,0,0,0,0,4,1,16,"0","0.00%",0,27,4,"3.70%","14.80%",1,NA,NA,NA,NA,NA,NA,NA,NA,NA,NA,NA,NA,NA,NA,NA,NA,NA,NA,NA,NA,NA,NA,NA,NA,NA,65,3,"0.00%",0,2,0,"0.00%",3,0,0,0,0,"0.00%",3,3,0,0,0,"FCS",265,265
"Tavales Curry","CAMPBELL",30,37.96,"D","DI",2026,"CAA",65.3,73.2,53,NA,0,0,2,0,0,0,1,1,0,0,0,0,0,2,0,1,0,3,2,17,"0","5.90%",2.9,13,-2.5,"7.70%","23.10%",1,NA,NA,NA,NA,NA,NA,NA,NA,NA,NA,NA,NA,NA,NA,NA,NA,NA,NA,NA,NA,NA,NA,NA,NA,NA,5,2,"0.00%",0,2,2,"0.00%",2,0,0,0,0,"0.00%",2,2,0,0,0,"FCS",259,259
"Ayden Merrihew","N COLORADO",28,37.94,"D","DI",2026,"Big Sky",62.3,55.9,60.8,61.9,0,0,1,0,0,0,0,0,1,0,0,0,0,0,0,0,0,2,2,14,"7.10%","0.00%",0,14,14,"14.30%","0",2,NA,NA,NA,NA,NA,NA,NA,NA,NA,NA,NA,NA,NA,NA,NA,NA,NA,NA,NA,NA,NA,NA,NA,NA,NA,94,2,"0.00%",0,0,0,"0.00%",1,0,0,1,0,"0.00%",2,2,0,1,0,"FCS",201,201
"Bryan Robertson","ROB MORRIS",20,37.87,"D","DI",2026,"Northeast",58.9,55.2,63.1,60,0,0,1,0,0,0,1,1,0,0,0,0,0,0,0,0,0,2,2,12,"8.30%","8.30%",4.2,8,12.33,"25.00%","0",2,NA,NA,NA,NA,NA,NA,NA,NA,NA,NA,NA,NA,NA,NA,NA,NA,NA,NA,NA,NA,NA,NA,NA,NA,NA,95,4,"0.00%",0,0,0,"0.00%",3,0,0,1,0,"0.00%",4,4,0,1,0,"FCS",312,312
"Immanuel Williams","NEWHVN",25,37.86,"D","DI",2026,"Northeast",67.1,65.1,64.1,NA,0,1,1,0,0,0,0,0,1,0,0,0,0,0,0,0,0,1,1,8,"12.50%","0.00%",0,17,5,"5.90%","5.90%",1,NA,NA,NA,NA,NA,NA,NA,NA,NA,NA,NA,NA,NA,NA,NA,NA,NA,NA,NA,NA,NA,NA,NA,NA,NA,72,2,"0.00%",1,1,0,"0.00%",1,1,0,0,0,"0.00%",2,2,0,0,0,"FCS",182,182
"Antori Hamilton","AUSTINPEAY",20,37.81,"D","DI",2026,"United Athletic",74.2,76.6,56.9,60.9,0,0,2,0,0,0,0,0,0,0,0,0,0,2,0,0,0,1,0,8,"0","0.00%",0,11,-2,"0","27.30%",0,1,0,"0.00%",0,0,0,0,0,0,0,0,0,"0.00%",0,0,0,0,0,"0.00%","0.00%","0.00%","0.00%",0,0,"0.00%",51,2,"0.00%",0,1,1,"0.00%",1,0,0,1,1,"0.00%",2,2,0,1,0,"FCS",172,172
"Hyson Bey-Buie","N IOWA",22,37.72,"D","DI",2026,"Missouri Valley",69.7,64.9,64.9,NA,0,0,0,0,0,0,1,1,2,0,0,0,0,0,0,1,0,1,0,19,"10.50%","5.30%",2.6,3,0,"0","33.30%",0,NA,NA,NA,NA,NA,NA,NA,NA,NA,NA,NA,NA,NA,NA,NA,NA,NA,NA,NA,NA,NA,NA,NA,NA,NA,NA,NA,NA,NA,NA,NA,NA,NA,NA,NA,NA,NA,NA,NA,NA,NA,NA,NA,"FCS",226,226
"Kevin Johnson","WEBER ST",43,37.54,"D","DI",2026,"Big Sky",63.7,63,61.4,NA,0,0,1,1,0,0,0,1,0,0,0,0,0,0,0,1,0,1,1,21,"0","4.80%",4.8,22,0,"4.50%","0",1,NA,NA,NA,NA,NA,NA,NA,NA,NA,NA,NA,NA,NA,NA,NA,NA,NA,NA,NA,NA,NA,NA,NA,NA,NA,44,1,"0.00%",0,0,0,"0.00%",0,0,0,1,0,"0.00%",1,1,0,0,0,"FCS",231,231
"Javon Taylor","PORTLAND",31,37.47,"D","DI",2026,"Big Sky",65.6,65.8,58.7,NA,0,2,2,0,0,0,0,0,0,0,0,0,0,1,0,0,0,1,4,10,"0","0.00%",0,21,1.5,"19.10%","14.30%",4,NA,NA,NA,NA,NA,NA,NA,NA,NA,NA,NA,NA,NA,NA,NA,NA,NA,NA,NA,NA,NA,NA,NA,NA,NA,97,4,"0.00%",2,2,1,"0.00%",2,2,0,0,0,"0.00%",4,4,0,0,0,"FCS",377,377
"Manaalii Danielson","CAL POLY",46,37.46,"D","DI",2026,"Big Sky",69.1,67.7,58.9,68,0,2,1,0,0,0,0,0,1,0,0,0,0,0,0,0,0,1,2,25,"4.00%","0.00%",0,21,2,"9.50%","19.10%",2,NA,NA,NA,NA,NA,NA,NA,NA,NA,NA,NA,NA,NA,NA,NA,NA,NA,NA,NA,NA,NA,NA,NA,NA,NA,9,3,"0.00%",2,1,0,"0.00%",1,1,0,0,0,"0.00%",3,3,1,0,0,"FCS",258,258
"Sean Scheck","SAN DIEGO",36,37.14,"D","DI",2026,"Pioneer",67.6,68.7,61.8,NA,0,0,0,0,0,0,3,3,0,0,0,0,0,0,0,1,0,1,1,22,"9.10%","13.60%",6.8,14,3,"0","7.10%",0,NA,NA,NA,NA,NA,NA,NA,NA,NA,NA,NA,NA,NA,NA,NA,NA,NA,NA,NA,NA,NA,NA,NA,NA,NA,76,1,"0.00%",0,0,0,"0.00%",1,0,0,0,0,"0.00%",1,1,0,0,0,"FCS",143,143
"JJ Lewis","MONMOUTH",43,37.03,"D","DI",2026,"CAA",69.5,71.9,63.6,59.5,0,0,0,0,0,0,0,0,2,0,0,0,0,0,0,0,0,1,0,22,"9.10%","0.00%",0,20,0,"0","10.00%",0,1,0,"0.00%",0,0,0,0,0,0,0,0,0,"100%",0,0,0,0,0,"0.00%","0.00%","0.00%","0.00%",0,0,"0.00%",NA,NA,NA,NA,NA,NA,NA,NA,NA,NA,NA,NA,NA,NA,NA,NA,NA,NA,"FCS",276,276
"Talon Marsh","MONTANA ST",32,37.02,"D","DI",2026,"Big Sky",71.9,73.4,53.3,62.1,0,1,3,0,0,0,0,0,0,0,0,0,0,1,0,0,0,0,0,18,"0","0.00%",0,14,1.5,"0","14.30%",0,NA,NA,NA,NA,NA,NA,NA,NA,NA,NA,NA,NA,NA,NA,NA,NA,NA,NA,NA,NA,NA,NA,NA,NA,NA,99,4,"0.00%",1,3,1,"0.00%",3,1,0,0,0,"0.00%",4,4,0,0,0,"FCS",110,110
"Herbert Ware","PORTLAND",45,37.01,"D","DI",2026,"Big Sky",59.7,55.8,62.9,NA,0,0,1,1,0,0,1,2,0,0,0,0,0,0,0,0,2,2,2,28,"0","7.10%",5.4,17,0,"11.80%","0",2,NA,NA,NA,NA,NA,NA,NA,NA,NA,NA,NA,NA,NA,NA,NA,NA,NA,NA,NA,NA,NA,NA,NA,NA,NA,90,1,"0.00%",0,0,0,"0.00%",0,0,0,1,0,"0.00%",1,1,0,0,0,"FCS",148,148
"Dashawn Fields","DUQUESNE",40,36.98,"D","DI",2026,"Northeast",64.2,69.8,63.5,NA,0,0,0,0,0,0,2,2,0,0,0,0,0,0,0,0,0,2,2,23,"8.70%","8.70%",4.3,17,4.5,"5.90%","17.60%",1,NA,NA,NA,NA,NA,NA,NA,NA,NA,NA,NA,NA,NA,NA,NA,NA,NA,NA,NA,NA,NA,NA,NA,NA,NA,6,2,"0.00%",0,0,0,"0.00%",2,0,0,0,0,"0.00%",2,2,0,0,0,"FCS",218,218
"Reid Jones","CENT ARK",40,36.93,"D","DI",2026,"United Athletic",62.7,62.5,70.3,60,0,0,1,0,0,1,1,2,0,0,0,0,0,0,0,0,0,3,3,26,"7.70%","7.70%",3.9,14,2,"14.30%","14.30%",2,NA,NA,NA,NA,NA,NA,NA,NA,NA,NA,NA,NA,NA,NA,NA,NA,NA,NA,NA,NA,NA,NA,NA,NA,NA,48,2,"33.30%",0,1,0,"0.00%",2,0,0,0,0,"100%",3,3,0,0,1,"FCS",173,173
"Kade Millard","CAL POLY",42,36.92,"D","DI",2026,"Big Sky",68.8,72,58.4,NA,0,1,1,0,0,0,0,0,1,0,0,0,0,1,0,0,0,2,1,20,"5.00%","0.00%",0,22,-2,"4.50%","18.20%",1,NA,NA,NA,NA,NA,NA,NA,NA,NA,NA,NA,NA,NA,NA,NA,NA,NA,NA,NA,NA,NA,NA,NA,NA,NA,14,2,"0.00%",1,1,1,"0.00%",1,1,0,0,0,"0.00%",2,2,0,0,0,"FCS",146,146
"A'Amear Walton","STF AUSTIN",45,36.7,"D","DI",2026,"Southland",62.9,71.4,53.1,60,0,0,2,0,0,0,0,0,0,0,0,0,0,2,0,0,0,1,1,29,"0","0.00%",0,15,1,"6.70%","20.00%",1,1,0,"0.00%",0,0,0,0,0,0,0,0,0,"100%",0,0,0,0,0,"0.00%","0.00%","0.00%","0.00%",0,0,"0.00%",11,3,"0.00%",0,2,2,"0.00%",3,0,0,0,0,"0.00%",3,3,0,0,0,"FCS",354,354
"Naquan Johnson","LIUSHAR",31,36.55,"D","DI",2026,"Northeast",70.4,73,59.6,NA,0,0,1,0,0,0,2,2,0,0,0,0,0,0,0,0,1,1,0,16,"6.30%","12.50%",6.3,15,2,"0","20.00%",0,NA,NA,NA,NA,NA,NA,NA,NA,NA,NA,NA,NA,NA,NA,NA,NA,NA,NA,NA,NA,NA,NA,NA,NA,NA,51,1,"0.00%",0,1,0,"0.00%",1,0,0,0,0,"0.00%",1,1,0,0,0,"FCS",348,348
"Hayden Loveless","TOWSON",48,36.49,"D","DI",2026,"CAA",64,69.2,62.3,NA,0,0,2,0,0,0,0,0,1,0,0,0,0,0,0,0,0,2,2,26,"3.90%","0.00%",0,22,3.5,"9.10%","9.10%",2,NA,NA,NA,NA,NA,NA,NA,NA,NA,NA,NA,NA,NA,NA,NA,NA,NA,NA,NA,NA,NA,NA,NA,NA,NA,97,2,"0.00%",0,2,0,"0.00%",2,0,0,0,0,"0.00%",2,2,0,0,0,"FCS",390,390
"Brian Oliver Jr.","FORDHAM",32,36.36,"D","DI",2026,"Patriot",62.7,65.1,55.7,NA,0,1,2,0,0,0,1,1,0,0,0,0,0,1,0,0,1,1,3,13,"0","7.70%",3.9,19,1.5,"15.80%","21.10%",3,NA,NA,NA,NA,NA,NA,NA,NA,NA,NA,NA,NA,NA,NA,NA,NA,NA,NA,NA,NA,NA,NA,NA,NA,NA,50,3,"0.00%",1,2,1,"0.00%",2,1,0,0,0,"0.00%",3,3,0,0,0,"FCS",416,416
"Jayden Marable","E KENTUCKY",36,36.2,"D","DI",2026,"United Athletic",66.9,64.6,65.1,NA,0,2,0,0,0,0,1,1,1,0,0,0,0,0,0,0,0,1,1,15,"13.30%","6.70%",3.3,21,0,"4.80%","4.80%",1,NA,NA,NA,NA,NA,NA,NA,NA,NA,NA,NA,NA,NA,NA,NA,NA,NA,NA,NA,NA,NA,NA,NA,NA,NA,0,2,"33.30%",2,0,0,"33.30%",0,2,1,0,0,"0.00%",3,3,0,0,0,"FCS",3,3
"Tiu Afalava","FORDHAM",31,36.11,"D","DI",2026,"Patriot",71.1,73.2,59.9,NA,0,2,0,0,0,0,0,0,1,0,0,0,0,0,0,0,0,2,0,16,"6.30%","0.00%",0,15,0,"0","13.30%",0,NA,NA,NA,NA,NA,NA,NA,NA,NA,NA,NA,NA,NA,NA,NA,NA,NA,NA,NA,NA,NA,NA,NA,NA,NA,90,2,"0.00%",2,0,0,"0.00%",0,2,0,0,0,"0.00%",2,2,0,0,0,"FCS",107,107
"Kahmari Valentine","WAGNER",37,36.05,"D","DI",2026,"Northeast",67.2,67.4,60.9,60,0,0,2,0,0,1,0,1,0,0,0,0,0,0,0,0,0,1,0,21,"4.80%","4.80%",2.4,16,3,"0","6.30%",0,NA,NA,NA,NA,NA,NA,NA,NA,NA,NA,NA,NA,NA,NA,NA,NA,NA,NA,NA,NA,NA,NA,NA,NA,NA,56,2,"0.00%",0,1,0,"0.00%",1,0,0,1,0,"0.00%",2,2,0,1,0,"FCS",323,323
"Chris Jackson II","HAMPTON",40,36.02,"D","DI",2026,"CAA",56.9,54.8,60.6,NA,0,0,2,1,0,0,0,1,0,0,0,0,0,1,0,0,0,0,4,19,"5.30%","5.30%",5.3,21,-3,"19.10%","4.80%",4,NA,NA,NA,NA,NA,NA,NA,NA,NA,NA,NA,NA,NA,NA,NA,NA,NA,NA,NA,NA,NA,NA,NA,NA,NA,90,3,"0.00%",0,2,1,"0.00%",2,0,0,0,0,"0.00%",3,3,0,0,0,"FCS",91,91
"Jaden Wincher","TXRG",38,36,"D","DI",2026,"Southland",64.9,67.7,56.4,NA,0,1,2,0,0,0,0,0,0,0,0,0,0,1,0,0,0,2,1,18,"0","0.00%",0,20,3,"5.00%","10.00%",1,NA,NA,NA,NA,NA,NA,NA,NA,NA,NA,NA,NA,NA,NA,NA,NA,NA,NA,NA,NA,NA,NA,NA,NA,NA,90,4,"0.00%",1,2,1,"0.00%",3,1,0,0,0,"0.00%",4,4,0,0,0,"FCS",341,341
"Reggie Reed Jr.","HOWARD",19,35.97,"D","DI",2026,"MEAC",52.9,48.2,65.8,NA,0,0,1,1,0,0,0,1,0,0,0,0,0,0,0,1,0,1,3,7,"0","14.30%",14.3,12,0,"25.00%","0",3,NA,NA,NA,NA,NA,NA,NA,NA,NA,NA,NA,NA,NA,NA,NA,NA,NA,NA,NA,NA,NA,NA,NA,NA,NA,15,1,"0.00%",0,0,0,"0.00%",0,0,0,1,0,"0.00%",1,1,0,0,0,"FCS",30,30
"Abdon Mata","TXRG",30,35.91,"D","DI",2026,"Southland",62.2,60.1,62.2,60,0,0,1,1,0,0,0,1,0,0,0,0,0,0,0,0,0,0,1,15,"6.70%","6.70%",6.7,14,0,"7.10%","0",1,1,0,"0.00%",0,0,0,0,0,0,0,0,0,"0.00%",0,0,0,0,0,"0.00%","0.00%","0.00%","0.00%",0,0,"0.00%",58,1,"0.00%",0,0,0,"0.00%",0,0,0,1,0,"0.00%",1,1,0,0,0,"FCS",340,340
"Braden Woods","NWSTATE",25,35.8,"D","DI",2026,"Southland",52.2,42.8,68.3,NA,0,1,0,0,0,1,1,2,2,0,0,0,0,0,0,1,1,0,2,12,"16.70%","16.70%",8.3,13,0,"15.40%","0",2,NA,NA,NA,NA,NA,NA,NA,NA,NA,NA,NA,NA,NA,NA,NA,NA,NA,NA,NA,NA,NA,NA,NA,NA,NA,42,1,"0.00%",1,0,0,"0.00%",0,1,0,0,0,"0.00%",1,1,0,0,0,"FCS",222,222
"Geoffrey Ojeh","NWSTATE",19,35.59,"D","DI",2026,"Southland",71.5,67.8,66.9,NA,0,0,1,0,0,0,0,0,1,0,0,0,1,1,0,0,0,1,1,7,"14.30%","0.00%",0,12,-6,"8.30%","16.70%",1,NA,NA,NA,NA,NA,NA,NA,NA,NA,NA,NA,NA,NA,NA,NA,NA,NA,NA,NA,NA,NA,NA,NA,NA,NA,94,1,"0.00%",0,1,1,"0.00%",1,0,0,0,0,"0.00%",1,1,0,0,0,"FCS",369,369
"Cam Moore","MERCER",46,35.43,"D","DI",2026,"Southern",64.6,65.3,59.1,60,0,0,1,0,0,2,0,2,0,0,0,0,0,0,0,1,1,0,0,23,"0","8.70%",4.3,23,0,"0","0",0,NA,NA,NA,NA,NA,NA,NA,NA,NA,NA,NA,NA,NA,NA,NA,NA,NA,NA,NA,NA,NA,NA,NA,NA,NA,4,1,"0.00%",0,0,0,"0.00%",0,0,0,1,0,"0.00%",1,1,0,1,0,"FCS",181,181
"Jayden Wells","SO UTAH",25,35.27,"D","DI",2026,"Big Sky",66.3,65,65.4,58.9,0,1,0,0,0,0,3,3,0,0,0,0,0,0,0,0,0,0,1,18,"11.10%","11.10%",5.6,6,0,"16.70%","33.30%",1,1,0,"0.00%",0,0,0,0,0,0,0,0,0,"100%",0,0,0,0,0,"0.00%","0.00%","0.00%","0.00%",0,0,"0.00%",98,1,"0.00%",1,0,0,"0.00%",0,1,0,0,0,"0.00%",1,1,0,0,0,"FCS",176,176
"Aidan Salow","N IOWA",24,35.22,"D","DI",2026,"Missouri Valley",66.3,61.6,65.3,NA,0,0,0,0,0,1,2,3,0,0,0,0,0,0,0,0,1,0,0,18,"11.10%","16.70%",8.3,6,0,"0","0",0,NA,NA,NA,NA,NA,NA,NA,NA,NA,NA,NA,NA,NA,NA,NA,NA,NA,NA,NA,NA,NA,NA,NA,NA,NA,NA,NA,NA,NA,NA,NA,NA,NA,NA,NA,NA,NA,NA,NA,NA,NA,NA,NA,"FCS",228,228
"Al Sandifer","AUSTINPEAY",21,35.13,"D","DI",2026,"United Athletic",78.5,81.6,57,61,0,2,0,0,0,0,0,0,0,0,0,0,0,0,0,0,0,0,1,8,"0","0.00%",0,11,0,"9.10%","27.30%",1,2,0,"0.00%",0,0,0,0,0,0,0,0,0,"50.00%",0,0,0,0,0,"0.00%","0.00%","0.00%","0.00%",0,0,"0.00%",45,2,"0.00%",2,0,0,"0.00%",0,2,0,0,0,"0.00%",2,2,0,0,0,"FCS",257,257
"Marcus Simmons Jr.","CENT CT ST",29,34.91,"D","DI",2026,"Northeast",71.3,75,56.1,NA,0,0,2,0,0,0,0,0,0,0,0,0,0,1,0,0,0,1,0,11,"0","0.00%",0,18,1,"0","11.10%",0,NA,NA,NA,NA,NA,NA,NA,NA,NA,NA,NA,NA,NA,NA,NA,NA,NA,NA,NA,NA,NA,NA,NA,NA,NA,99,2,"0.00%",0,2,1,"0.00%",2,0,0,0,0,"0.00%",2,2,0,0,0,"FCS",41,41
"Carter Lance","DUQUESNE",44,34.84,"D","DI",2026,"Northeast",67.1,63.7,66.1,NA,0,1,1,0,0,1,0,1,0,0,0,0,0,0,0,0,0,2,3,26,"3.90%","3.90%",1.9,18,1,"16.70%","16.70%",3,NA,NA,NA,NA,NA,NA,NA,NA,NA,NA,NA,NA,NA,NA,NA,NA,NA,NA,NA,NA,NA,NA,NA,NA,NA,52,2,"0.00%",1,1,0,"0.00%",1,1,0,0,0,"0.00%",2,2,0,0,0,"FCS",189,189
"Kamari Federick","LAMAR",37,34.72,"D","DI",2026,"Southland",53,56.6,62.8,60,0,0,1,1,0,0,0,1,0,0,0,0,0,0,0,1,0,4,3,21,"0","4.80%",4.8,16,2,"12.50%","6.30%",2,NA,NA,NA,NA,NA,NA,NA,NA,NA,NA,NA,NA,NA,NA,NA,NA,NA,NA,NA,NA,NA,NA,NA,NA,NA,97,2,"50.00%",0,1,0,"50.00%",1,0,1,0,0,"50.00%",4,4,0,0,1,"FCS",240,240
"Ebenezer Bedada","CAMPBELL",18,34.63,"D","DI",2026,"CAA",56.5,60.9,65,58.4,0,1,0,0,0,1,1,2,0,0,0,0,0,0,0,0,0,1,2,12,"16.70%","16.70%",8.3,6,0,"16.70%","16.70%",1,NA,NA,NA,NA,NA,NA,NA,NA,NA,NA,NA,NA,NA,NA,NA,NA,NA,NA,NA,NA,NA,NA,NA,NA,NA,1,1,"50.00%",1,0,0,"0.00%",0,0,0,0,0,"50.00%",2,2,1,0,1,"FCS",46,46
"Donovan Dozier","NWSTATE",45,34.5,"D","DI",2026,"Southland",63.6,67.4,54.4,NA,0,0,3,0,0,0,0,0,0,0,0,0,0,1,0,0,0,6,3,18,"0","0.00%",0,27,4.25,"11.10%","18.50%",3,NA,NA,NA,NA,NA,NA,NA,NA,NA,NA,NA,NA,NA,NA,NA,NA,NA,NA,NA,NA,NA,NA,NA,NA,NA,0,4,"0.00%",0,3,1,"0.00%",4,0,0,0,0,"0.00%",4,4,0,0,0,"FCS",98,98
"Gabe Whittington","SE LA",31,34.42,"D","DI",2026,"Southland",64.3,60.8,63.8,60,0,1,0,0,0,0,1,1,1,0,0,0,0,0,0,1,0,1,1,18,"5.60%","5.60%",2.8,13,0,"7.70%","0",1,NA,NA,NA,NA,NA,NA,NA,NA,NA,NA,NA,NA,NA,NA,NA,NA,NA,NA,NA,NA,NA,NA,NA,NA,NA,91,1,"0.00%",1,0,0,"0.00%",0,0,0,0,0,"0.00%",1,1,1,0,0,"FCS",126,126
"Patrick Conserve","RHODE ISLD",28,34.26,"D","DI",2026,"CAA",73.5,75.6,57,NA,0,1,1,0,0,0,0,0,0,0,0,0,0,0,0,0,0,1,0,9,"0","0.00%",0,19,4,"0","21.10%",0,NA,NA,NA,NA,NA,NA,NA,NA,NA,NA,NA,NA,NA,NA,NA,NA,NA,NA,NA,NA,NA,NA,NA,NA,NA,51,2,"0.00%",1,1,0,"0.00%",1,1,0,0,0,"0.00%",2,2,0,0,0,"FCS",94,94
"Faisal Mass","HOWARD",23,34.17,"D","DI",2026,"MEAC",62.7,64.7,55.5,60,0,1,1,0,0,0,1,1,0,0,0,0,0,0,0,1,0,0,0,9,"0","11.10%",5.6,14,4,"0","0",0,NA,NA,NA,NA,NA,NA,NA,NA,NA,NA,NA,NA,NA,NA,NA,NA,NA,NA,NA,NA,NA,NA,NA,NA,NA,10,3,"0.00%",1,1,0,"0.00%",1,1,0,0,0,"0.00%",3,3,0,1,0,"FCS",45,45
"Roderick Ambroise-McFadden","FL A&M",19,34.11,"D","DI",2026,"SWAC",63.9,61,64.8,NA,0,1,1,0,0,0,0,0,1,0,0,0,0,0,0,0,0,1,1,9,"11.10%","0.00%",0,10,3,"10.00%","0",1,NA,NA,NA,NA,NA,NA,NA,NA,NA,NA,NA,NA,NA,NA,NA,NA,NA,NA,NA,NA,NA,NA,NA,NA,NA,59,2,"0.00%",1,1,0,"0.00%",1,1,0,0,0,"0.00%",2,2,0,0,0,"FCS",406,406
"Cameryn Heath","WM & MARY",20,34.04,"D","DI",2026,"Patriot",61.7,61.7,58.8,NA,0,0,0,0,0,0,1,1,0,0,0,0,0,0,0,1,0,2,1,3,"0","33.30%",16.7,17,5,"5.90%","0",1,NA,NA,NA,NA,NA,NA,NA,NA,NA,NA,NA,NA,NA,NA,NA,NA,NA,NA,NA,NA,NA,NA,NA,NA,NA,51,1,"0.00%",0,0,0,"0.00%",1,0,0,0,0,"0.00%",1,1,0,0,0,"FCS",215,215
"Isaac Keim","MONTANA",15,34.01,"D","DI",2026,"Big Sky",70.2,71.4,58,NA,0,0,0,0,0,0,0,0,0,0,0,0,0,0,0,0,0,1,0,7,"0","0.00%",0,8,10,"0","12.50%",0,NA,NA,NA,NA,NA,NA,NA,NA,NA,NA,NA,NA,NA,NA,NA,NA,NA,NA,NA,NA,NA,NA,NA,NA,NA,48,1,"0.00%",0,0,0,"0.00%",1,0,0,0,0,"0.00%",1,1,0,0,0,"FCS",224,224
"Fred Dampeer","NICHOLLS",38,33.95,"D","DI",2026,"Southland",58.8,60.9,56.4,NA,1,1,1,0,0,0,2,2,0,0,0,0,0,1,0,1,0,1,2,23,"4.30%","8.70%",4.3,15,-2,"6.70%","0",1,NA,NA,NA,NA,NA,NA,NA,NA,NA,NA,NA,NA,NA,NA,NA,NA,NA,NA,NA,NA,NA,NA,NA,NA,NA,92,2,"0.00%",1,1,1,"0.00%",1,1,0,0,0,"0.00%",2,2,0,0,0,"FCS",376,376
"Mike Hamilton","MAINE",20,33.85,"D","DI",2026,"CAA",72.2,69.8,64.7,NA,0,0,0,0,0,0,1,1,0,0,0,0,0,0,0,0,0,0,0,6,"16.70%","16.70%",8.3,14,0,"0","7.10%",0,NA,NA,NA,NA,NA,NA,NA,NA,NA,NA,NA,NA,NA,NA,NA,NA,NA,NA,NA,NA,NA,NA,NA,NA,NA,NA,NA,NA,NA,NA,NA,NA,NA,NA,NA,NA,NA,NA,NA,NA,NA,NA,NA,"FCS",24,24
"Lowote Jurkin","STF AUSTIN",45,33.84,"D","DI",2026,"Southland",54.8,65.3,54.3,60,0,0,3,0,0,0,1,1,1,0,0,0,0,1,0,0,1,4,2,30,"3.30%","3.30%",1.7,15,0.33,"6.70%","13.30%",1,NA,NA,NA,NA,NA,NA,NA,NA,NA,NA,NA,NA,NA,NA,NA,NA,NA,NA,NA,NA,NA,NA,NA,NA,NA,1,3,"40.00%",0,3,1,"25.00%",3,0,1,0,0,"100%",5,5,0,0,1,"FCS",229,229
"Casey Bending","STETSON",55,33.65,"D","DI",2026,"Pioneer",60.3,63.6,55.8,NA,0,1,0,0,0,0,0,0,1,0,0,0,0,0,0,0,0,1,2,29,"3.50%","0.00%",0,26,8,"7.70%","3.90%",2,NA,NA,NA,NA,NA,NA,NA,NA,NA,NA,NA,NA,NA,NA,NA,NA,NA,NA,NA,NA,NA,NA,NA,NA,NA,6,4,"0.00%",1,0,0,"0.00%",3,1,0,0,0,"0.00%",4,4,0,0,0,"FCS",64,64
"Ashton Jones","SE MO ST",46,33.64,"D","DI",2026,"Big South - OVC Football Association",63.4,62.6,61,60,0,1,1,0,0,0,1,1,1,0,0,0,0,0,0,0,0,2,1,25,"8.00%","4.00%",2,21,0,"4.80%","0",1,NA,NA,NA,NA,NA,NA,NA,NA,NA,NA,NA,NA,NA,NA,NA,NA,NA,NA,NA,NA,NA,NA,NA,NA,NA,93,2,"0.00%",1,0,0,"0.00%",0,1,0,1,0,"0.00%",2,2,0,1,0,"FCS",234,234
"Beau Jaques","IDAHO ST",23,33.59,"D","DI",2026,"Big Sky",73.6,76.1,56.5,NA,0,1,2,0,0,0,0,0,0,0,0,0,0,0,0,0,0,1,0,9,"0","0.00%",0,14,1.5,"0","28.60%",0,NA,NA,NA,NA,NA,NA,NA,NA,NA,NA,NA,NA,NA,NA,NA,NA,NA,NA,NA,NA,NA,NA,NA,NA,NA,90,3,"0.00%",1,2,0,"0.00%",2,1,0,0,0,"0.00%",3,3,0,0,0,"FCS",134,134
"Eddie Vega","PORTLAND",48,33.54,"D","DI",2026,"Big Sky",68.4,73.2,57.5,NA,0,1,1,0,0,0,1,1,0,0,0,0,0,0,0,0,0,0,1,30,"3.30%","3.30%",1.7,18,2,"5.60%","22.20%",1,NA,NA,NA,NA,NA,NA,NA,NA,NA,NA,NA,NA,NA,NA,NA,NA,NA,NA,NA,NA,NA,NA,NA,NA,NA,80,2,"0.00%",1,1,0,"0.00%",1,1,0,0,0,"0.00%",2,2,0,0,0,"FCS",324,324
"Nathan Hayes","ELON",24,33.43,"D","DI",2026,"CAA",66.5,68.2,57.4,NA,0,1,1,0,0,0,0,0,0,0,0,0,0,1,0,0,0,2,1,10,"0","0.00%",0,14,1,"7.10%","14.30%",1,NA,NA,NA,NA,NA,NA,NA,NA,NA,NA,NA,NA,NA,NA,NA,NA,NA,NA,NA,NA,NA,NA,NA,NA,NA,34,3,"0.00%",1,1,1,"0.00%",2,1,0,0,0,"0.00%",3,3,0,0,0,"FCS",366,366
"Devin Huegel","UC DAVIS",27,33.3,"D","DI",2026,"Big Sky",60.4,73.3,55.4,NA,0,2,1,0,0,0,0,0,0,0,0,0,0,0,0,0,0,1,1,17,"0","0.00%",0,10,-0.5,"0","20.00%",0,NA,NA,NA,NA,NA,NA,NA,NA,NA,NA,NA,NA,NA,NA,NA,NA,NA,NA,NA,NA,NA,NA,NA,NA,NA,97,3,"0.00%",1,2,1,"0.00%",2,1,0,0,0,"0.00%",3,3,0,0,0,"FCS",289,289
"Wayne Coleman","CENT CT ST",37,33.08,"D","DI",2026,"Northeast",54.5,67.8,54.2,61.1,0,3,0,0,0,0,0,0,0,0,0,0,0,0,0,0,0,3,3,19,"0","0.00%",0,18,5,"5.60%","5.60%",1,NA,NA,NA,NA,NA,NA,NA,NA,NA,NA,NA,NA,NA,NA,NA,NA,NA,NA,NA,NA,NA,NA,NA,NA,NA,1,4,"0.00%",3,0,0,"0.00%",1,3,0,0,0,"0.00%",4,4,0,0,0,"FCS",93,93
"Valentino Garcia","ILL STATE",21,32.94,"D","DI",2026,"Missouri Valley",69.5,72.3,56.6,NA,0,1,1,0,0,0,0,0,0,0,0,0,0,1,0,0,0,1,0,12,"0","0.00%",0,9,-1,"0","22.20%",0,NA,NA,NA,NA,NA,NA,NA,NA,NA,NA,NA,NA,NA,NA,NA,NA,NA,NA,NA,NA,NA,NA,NA,NA,NA,76,2,"0.00%",1,1,1,"0.00%",1,1,0,0,0,"0.00%",2,2,0,0,0,"FCS",155,155
"Chase Lamb","DRAKE",35,32.93,"D","DI",2026,"Pioneer",57.3,61.5,56.1,58.2,0,3,2,0,0,0,0,0,0,0,0,0,0,0,0,0,0,2,3,12,"0","0.00%",0,21,3.67,"14.30%","4.80%",3,2,0,"0.00%",0,0,0,0,0,0,0,0,0,"50.00%",0,0,0,0,0,"0.00%","0.00%","0.00%","0.00%",0,0,"0.00%",32,6,"0.00%",3,2,0,"0.00%",3,3,0,0,0,"0.00%",6,6,0,0,0,"FCS",194,194
"Jaden Hudgins-Key","S ILLINOIS",40,32.89,"D","DI",2026,"Missouri Valley",63.4,63.1,60.7,60,0,1,1,0,0,0,1,1,1,0,0,0,0,0,0,0,0,2,2,26,"7.70%","3.90%",1.9,13,1,"15.40%","15.40%",2,1,0,"0.00%",0,0,0,0,0,0,0,0,0,"0.00%",0,0,0,0,0,"0.00%","0.00%","0.00%","0.00%",0,0,"0.00%",93,2,"0.00%",1,1,0,"0.00%",1,1,0,0,0,"0.00%",2,2,0,0,0,"FCS",412,412
"Isaiah Harvey","CHATTNOOGA",28,32.61,"D","DI",2026,"Southern",65.2,65.9,59.9,NA,0,0,1,0,0,0,1,1,0,0,0,0,0,1,0,0,0,1,1,14,"7.10%","7.10%",3.6,14,0,"7.10%","14.30%",1,NA,NA,NA,NA,NA,NA,NA,NA,NA,NA,NA,NA,NA,NA,NA,NA,NA,NA,NA,NA,NA,NA,NA,NA,NA,90,1,"0.00%",0,1,1,"0.00%",1,0,0,0,0,"0.00%",1,1,0,0,0,"FCS",164,164
"Levi Little","N COLORADO",32,32.57,"D","DI",2026,"Big Sky",64.5,59.4,67.6,60,0,0,0,0,0,0,2,2,0,0,0,0,0,0,0,0,0,2,1,12,"16.70%","16.70%",8.3,20,0,"5.00%","5.00%",1,NA,NA,NA,NA,NA,NA,NA,NA,NA,NA,NA,NA,NA,NA,NA,NA,NA,NA,NA,NA,NA,NA,NA,NA,NA,99,1,"0.00%",0,0,0,"0.00%",0,0,0,0,0,"0.00%",1,1,0,1,0,"FCS",278,278
"Fasitootai Sagapolu","UTAHTC",49,32.37,"D","DI",2026,"Big Sky",60.1,62.7,57.1,NA,0,0,1,1,0,0,0,1,0,0,0,0,0,0,0,0,0,2,2,32,"3.10%","3.10%",3.1,17,0,"11.80%","11.80%",2,NA,NA,NA,NA,NA,NA,NA,NA,NA,NA,NA,NA,NA,NA,NA,NA,NA,NA,NA,NA,NA,NA,NA,NA,NA,3,1,"0.00%",0,0,0,"0.00%",0,0,0,1,0,"0.00%",1,1,0,0,0,"FCS",48,48
"Michael Wright Jr.","YNGTOWN ST",23,32.36,"D","DI",2026,"Missouri Valley",63,59.5,64.7,NA,0,0,1,0,0,0,1,1,0,0,0,0,0,1,0,0,0,2,2,13,"7.70%","7.70%",3.9,10,0,"20.00%","10.00%",2,NA,NA,NA,NA,NA,NA,NA,NA,NA,NA,NA,NA,NA,NA,NA,NA,NA,NA,NA,NA,NA,NA,NA,NA,NA,45,1,"0.00%",0,1,1,"0.00%",1,0,0,0,0,"0.00%",1,1,0,0,0,"FCS",295,295
"Alexander Cossignani","DELWARE ST",30,32.2,"D","DI",2026,"MEAC",53.8,54.9,55.3,NA,0,0,1,1,0,0,1,2,0,0,0,0,0,0,0,2,0,2,5,12,"0","16.70%",12.5,18,0,"22.20%","11.10%",4,NA,NA,NA,NA,NA,NA,NA,NA,NA,NA,NA,NA,NA,NA,NA,NA,NA,NA,NA,NA,NA,NA,NA,NA,NA,95,1,"66.70%",0,0,0,"100%",0,0,1,1,0,"50.00%",3,3,0,0,1,"FCS",114,114
"Trystan Anderson","W CAROLINA",41,32.16,"D","DI",2026,"Southern",52.4,56.5,54.3,55.1,0,1,0,0,0,1,1,2,0,0,0,0,0,0,0,0,1,2,4,19,"5.30%","5.30%",2.6,18,9,"11.10%","0",2,4,0,"0.00%",0,0,0,0,0,0,0,0,0,"0.00%",0,0,0,1,0,"0.00%","0.00%","0.00%","0.00%",0,0,"0.00%",18,2,"33.30%",1,0,0,"0.00%",1,0,0,0,0,"50.00%",3,3,1,0,1,"FCS",29,29
"Tequan Kemp","DRAKE",19,31.93,"D","DI",2026,"Pioneer",66.6,62.7,66.7,NA,0,1,0,0,0,0,0,0,1,0,0,0,0,0,0,0,0,0,1,8,"12.50%","0.00%",0,11,0,"9.10%","9.10%",1,NA,NA,NA,NA,NA,NA,NA,NA,NA,NA,NA,NA,NA,NA,NA,NA,NA,NA,NA,NA,NA,NA,NA,NA,NA,65,1,"0.00%",1,0,0,"0.00%",0,1,0,0,0,"0.00%",1,1,0,0,0,"FCS",342,342
"Alijah Alexander","MCNEESE",19,31.79,"D","DI",2026,"Southland",74.1,77.9,57.2,NA,0,0,2,0,0,0,0,0,0,0,0,0,0,1,0,0,0,2,0,11,"0","0.00%",0,8,-5,"0","25.00%",0,NA,NA,NA,NA,NA,NA,NA,NA,NA,NA,NA,NA,NA,NA,NA,NA,NA,NA,NA,NA,NA,NA,NA,NA,NA,55,2,"0.00%",0,2,1,"0.00%",2,0,0,0,0,"0.00%",2,2,0,0,0,"FCS",136,136
"Jack Reece","RICHMOND",33,31.68,"D","DI",2026,"Patriot",29.4,27.5,62.4,56.7,0,0,1,1,0,0,1,2,0,0,0,0,0,1,0,2,0,3,9,14,"0","14.30%",10.7,19,5,"42.10%","5.30%",8,NA,NA,NA,NA,NA,NA,NA,NA,NA,NA,NA,NA,NA,NA,NA,NA,NA,NA,NA,NA,NA,NA,NA,NA,NA,92,4,"20.00%",0,0,0,"33.30%",2,0,1,1,1,"0.00%",4,5,0,1,0,"FCS",304,304
"Chase Chesser","NICHOLLS",30,31.49,"D","DI",2026,"Southland",65,64.5,61.8,NA,0,0,0,0,0,0,0,0,2,0,0,0,0,0,0,0,0,0,0,21,"9.50%","0.00%",0,9,0,"0","0",0,NA,NA,NA,NA,NA,NA,NA,NA,NA,NA,NA,NA,NA,NA,NA,NA,NA,NA,NA,NA,NA,NA,NA,NA,NA,NA,NA,NA,NA,NA,NA,NA,NA,NA,NA,NA,NA,NA,NA,NA,NA,NA,NA,"FCS",310,310
"Maurice Seals","STNY BROOK",36,31.34,"D","DI",2026,"CAA",65.6,65.3,61.7,NA,1,0,1,0,0,0,0,0,0,0,0,0,0,1,0,0,0,1,1,21,"0","0.00%",0,15,-2,"6.70%","6.70%",1,NA,NA,NA,NA,NA,NA,NA,NA,NA,NA,NA,NA,NA,NA,NA,NA,NA,NA,NA,NA,NA,NA,NA,NA,NA,95,1,"0.00%",0,1,1,"0.00%",1,0,0,0,0,"0.00%",1,1,0,0,0,"FCS",285,285
"Obi Udom","ABILENE CH",57,31.25,"D","DI",2026,"United Athletic",63,67.3,53.9,60,0,0,1,0,0,0,0,0,0,0,0,0,0,0,0,0,0,3,2,30,"0","0.00%",0,27,7.5,"7.40%","7.40%",2,NA,NA,NA,NA,NA,NA,NA,NA,NA,NA,NA,NA,NA,NA,NA,NA,NA,NA,NA,NA,NA,NA,NA,NA,NA,92,5,"0.00%",0,1,0,"0.00%",4,0,0,0,0,"0.00%",5,5,0,1,0,"FCS",184,184
"Capri Martin","VILLANOVA",47,31.08,"D","DI",2026,"Patriot",58.4,64.6,50.6,NA,0,1,2,0,0,0,3,3,0,0,0,0,0,0,0,1,0,1,6,23,"8.70%","13.00%",6.5,24,3,"16.70%","29.20%",4,NA,NA,NA,NA,NA,NA,NA,NA,NA,NA,NA,NA,NA,NA,NA,NA,NA,NA,NA,NA,NA,NA,NA,NA,NA,0,4,"33.30%",1,2,0,"0.00%",3,1,0,0,0,"100%",6,6,0,0,2,"FCS",60,60
"Sebastian Regis","STNY BROOK",54,31.06,"D","DI",2026,"CAA",64.5,70.3,64.6,60,0,0,0,0,0,0,0,0,1,0,0,0,0,0,0,0,0,1,1,34,"2.90%","0.00%",0,20,0,"0","10.00%",0,NA,NA,NA,NA,NA,NA,NA,NA,NA,NA,NA,NA,NA,NA,NA,NA,NA,NA,NA,NA,NA,NA,NA,NA,NA,8,0,"100%",0,0,0,"0.00%",0,0,0,0,0,"100%",1,1,0,0,1,"FCS",213,213
"Keshawn Hayden","E KENTUCKY",22,31.04,"D","DI",2026,"United Athletic",66.3,70.8,54.4,60,0,0,3,0,0,0,0,0,0,0,0,0,0,0,0,0,0,5,1,12,"0","0.00%",0,10,2,"10.00%","30.00%",1,NA,NA,NA,NA,NA,NA,NA,NA,NA,NA,NA,NA,NA,NA,NA,NA,NA,NA,NA,NA,NA,NA,NA,NA,NA,4,5,"0.00%",0,3,0,"0.00%",4,0,0,0,0,"0.00%",5,5,0,1,0,"FCS",63,63
"T'Marrion Phillips","ALABAMA ST",21,31.04,"D","DI",2026,"SWAC",67.9,68.6,57.8,60,0,1,1,0,0,0,0,0,0,0,0,0,0,0,0,0,0,4,1,8,"0","0.00%",0,13,3.5,"7.70%","23.10%",1,NA,NA,NA,NA,NA,NA,NA,NA,NA,NA,NA,NA,NA,NA,NA,NA,NA,NA,NA,NA,NA,NA,NA,NA,NA,47,3,"25.00%",1,1,0,"33.30%",2,0,1,0,0,"0.00%",4,4,1,0,0,"FCS",374,374
"Raymond Jackson","SOUTHERN U",18,30.95,"D","DI",2026,"SWAC",62.8,62.4,59.7,NA,0,2,0,0,0,0,0,0,0,0,0,0,0,0,0,0,0,2,1,2,"0","0.00%",0,16,4.5,"6.30%","0",1,NA,NA,NA,NA,NA,NA,NA,NA,NA,NA,NA,NA,NA,NA,NA,NA,NA,NA,NA,NA,NA,NA,NA,NA,NA,76,4,"0.00%",2,0,0,"0.00%",2,2,0,0,0,"0.00%",4,4,0,0,0,"FCS",413,413
"Cody Moss","W ILLINOIS",20,30.73,"D","DI",2026,"Big South - OVC Football Association",61,62.5,56.4,NA,0,0,3,0,0,0,0,0,0,0,0,0,0,1,0,0,0,4,3,7,"0","0.00%",0,13,1.75,"23.10%","23.10%",3,NA,NA,NA,NA,NA,NA,NA,NA,NA,NA,NA,NA,NA,NA,NA,NA,NA,NA,NA,NA,NA,NA,NA,NA,NA,53,4,"0.00%",0,3,1,"0.00%",4,0,0,0,0,"0.00%",4,4,0,0,0,"FCS",418,418
"Kyle Dillon","HOWARD",25,30.62,"D","DI",2026,"MEAC",66.7,68.9,56.1,NA,0,1,1,0,0,0,0,0,0,0,0,0,0,1,0,0,0,2,0,7,"0","0.00%",0,18,-1,"0","5.60%",0,NA,NA,NA,NA,NA,NA,NA,NA,NA,NA,NA,NA,NA,NA,NA,NA,NA,NA,NA,NA,NA,NA,NA,NA,NA,44,2,"0.00%",1,1,1,"0.00%",1,1,0,0,0,"0.00%",2,2,0,0,0,"FCS",321,321
"DeMarcus Wynn","PRVIEW A&M",20,30.54,"D","DI",2026,"SWAC",64.5,65.6,57.4,NA,0,1,1,0,0,0,0,0,0,0,0,0,0,1,0,0,0,0,1,8,"0","0.00%",0,12,0,"8.30%","16.70%",1,NA,NA,NA,NA,NA,NA,NA,NA,NA,NA,NA,NA,NA,NA,NA,NA,NA,NA,NA,NA,NA,NA,NA,NA,NA,91,2,"0.00%",1,1,1,"0.00%",1,1,0,0,0,"0.00%",2,2,0,0,0,"FCS",246,246
"Nicholas Miano","TOWSON",27,30.47,"D","DI",2026,"CAA",61.1,74.4,56.4,NA,0,0,0,0,0,1,0,1,0,0,0,0,0,0,0,0,0,0,1,14,"7.10%","7.10%",3.6,13,0,"0","23.10%",0,NA,NA,NA,NA,NA,NA,NA,NA,NA,NA,NA,NA,NA,NA,NA,NA,NA,NA,NA,NA,NA,NA,NA,NA,NA,NA,NA,NA,NA,NA,NA,NA,NA,NA,NA,NA,NA,NA,NA,NA,NA,NA,NA,"FCS",287,287
"Asaiah Hamond","TOWSON",43,30.43,"D","DI",2026,"CAA",61.9,63.1,58.2,60,0,2,1,0,0,0,1,1,0,0,0,0,0,0,0,0,0,3,3,19,"5.30%","5.30%",2.6,23,1,"13.00%","13.00%",3,1,0,"0.00%",0,0,0,0,0,0,0,0,0,"0.00%",0,0,0,0,0,"0.00%","0.00%","0.00%","0.00%",0,0,"0.00%",44,3,"0.00%",2,1,0,"0.00%",1,2,0,0,0,"0.00%",3,3,0,0,0,"FCS",286,286
"Kainen White","S DAKOTA",18,30.41,"D","DI",2026,"Missouri Valley",68.4,65.8,64.3,NA,0,0,0,0,0,0,1,1,0,0,0,0,0,0,0,0,0,0,0,8,"12.50%","12.50%",6.3,10,0,"0","0",0,NA,NA,NA,NA,NA,NA,NA,NA,NA,NA,NA,NA,NA,NA,NA,NA,NA,NA,NA,NA,NA,NA,NA,NA,NA,NA,NA,NA,NA,NA,NA,NA,NA,NA,NA,NA,NA,NA,NA,NA,NA,NA,NA,"FCS",313,313
"Jamaal Cherry","TEXAS STHN",20,30.39,"D","DI",2026,"SWAC",65.3,68,56.4,NA,0,2,1,0,0,0,0,0,0,0,0,0,0,0,0,0,0,1,1,10,"0","0.00%",0,10,2,"10.00%","20.00%",1,NA,NA,NA,NA,NA,NA,NA,NA,NA,NA,NA,NA,NA,NA,NA,NA,NA,NA,NA,NA,NA,NA,NA,NA,NA,99,3,"0.00%",2,1,0,"0.00%",1,2,0,0,0,"0.00%",3,3,0,0,0,"FCS",338,338
"Jaice Tupea","E WASHGTON",24,30.34,"D","DI",2026,"Big Sky",71.2,68.6,56.5,65.9,0,1,1,0,0,0,0,0,0,0,0,0,0,1,0,0,0,1,0,10,"0","0.00%",0,14,0,"0","7.10%",0,NA,NA,NA,NA,NA,NA,NA,NA,NA,NA,NA,NA,NA,NA,NA,NA,NA,NA,NA,NA,NA,NA,NA,NA,NA,98,2,"0.00%",1,0,0,"0.00%",0,1,0,1,1,"0.00%",2,2,0,1,0,"FCS",266,266
"Logan Green","S DAK ST",17,30.32,"D","DI",2026,"Missouri Valley",70.5,71.3,57.7,NA,0,0,1,0,0,0,0,0,0,0,0,0,0,1,0,0,0,1,1,5,"0","0.00%",0,12,-1,"8.30%","25.00%",1,NA,NA,NA,NA,NA,NA,NA,NA,NA,NA,NA,NA,NA,NA,NA,NA,NA,NA,NA,NA,NA,NA,NA,NA,NA,51,1,"0.00%",0,1,1,"0.00%",1,0,0,0,0,"0.00%",1,1,0,0,0,"FCS",42,42
"Aidan Miller","N IOWA",26,30.23,"D","DI",2026,"Missouri Valley",62.9,69.3,55.2,NA,0,1,1,0,0,0,0,0,0,0,0,0,0,1,0,0,0,1,1,20,"0","0.00%",0,6,-1,"16.70%","33.30%",1,NA,NA,NA,NA,NA,NA,NA,NA,NA,NA,NA,NA,NA,NA,NA,NA,NA,NA,NA,NA,NA,NA,NA,NA,NA,93,2,"0.00%",1,1,1,"0.00%",1,1,0,0,0,"0.00%",2,2,0,0,0,"FCS",302,302
"Josh Leath","STNY BROOK",24,30.19,"D","DI",2026,"CAA",57.3,58,56.6,60,0,0,1,0,0,1,1,2,0,0,0,0,0,0,0,2,0,1,2,16,"0","12.50%",6.3,8,1,"25.00%","12.50%",2,NA,NA,NA,NA,NA,NA,NA,NA,NA,NA,NA,NA,NA,NA,NA,NA,NA,NA,NA,NA,NA,NA,NA,NA,NA,51,2,"0.00%",0,1,0,"0.00%",1,0,0,0,0,"0.00%",2,2,0,1,0,"FCS",284,284
"Machi Robinson","TEXAS STHN",33,30.16,"D","DI",2026,"SWAC",57.5,59,55.9,NA,0,1,2,0,0,0,0,0,0,0,0,0,0,1,0,0,0,3,3,14,"0","0.00%",0,19,3,"15.80%","10.50%",3,NA,NA,NA,NA,NA,NA,NA,NA,NA,NA,NA,NA,NA,NA,NA,NA,NA,NA,NA,NA,NA,NA,NA,NA,NA,52,3,"0.00%",1,2,1,"0.00%",2,1,0,0,0,"0.00%",3,3,0,0,0,"FCS",326,326
"Orrin Ford III","HOWARD",16,29.92,"D","DI",2026,"MEAC",57.6,58.3,57.7,NA,0,0,0,0,0,0,0,0,0,0,0,0,0,0,0,0,0,1,1,5,"0","0.00%",0,11,14,"9.10%","0",1,NA,NA,NA,NA,NA,NA,NA,NA,NA,NA,NA,NA,NA,NA,NA,NA,NA,NA,NA,NA,NA,NA,NA,NA,NA,22,1,"0.00%",0,0,0,"0.00%",1,0,0,0,0,"0.00%",1,1,0,0,0,"FCS",389,389
"Nicholas Fernandez","CAL POLY",18,29.87,"D","DI",2026,"Big Sky",70.8,71.2,58.4,NA,0,0,1,0,0,0,0,0,0,0,0,0,0,0,0,0,0,0,0,5,"0","0.00%",0,13,4,"0","15.40%",0,NA,NA,NA,NA,NA,NA,NA,NA,NA,NA,NA,NA,NA,NA,NA,NA,NA,NA,NA,NA,NA,NA,NA,NA,NA,99,1,"0.00%",0,1,0,"0.00%",1,0,0,0,0,"0.00%",1,1,0,0,0,"FCS",73,73
"Khamari Brown","SACR HEART",17,29.78,"D","DI",2026,"CAA",61,59,62.2,NA,0,0,0,0,0,0,2,2,0,0,0,0,0,0,0,1,0,0,2,9,"11.10%","22.20%",11.1,8,0,"25.00%","25.00%",2,NA,NA,NA,NA,NA,NA,NA,NA,NA,NA,NA,NA,NA,NA,NA,NA,NA,NA,NA,NA,NA,NA,NA,NA,NA,NA,NA,NA,NA,NA,NA,NA,NA,NA,NA,NA,NA,NA,NA,NA,NA,NA,NA,"FCS",409,409
"Bryce Rooks","MONMOUTH",26,29.74,"D","DI",2026,"CAA",67.5,65.7,63.8,NA,0,0,0,0,0,0,0,0,1,0,0,0,0,0,0,0,0,0,1,10,"10.00%","0.00%",0,16,0,"6.30%","6.30%",1,NA,NA,NA,NA,NA,NA,NA,NA,NA,NA,NA,NA,NA,NA,NA,NA,NA,NA,NA,NA,NA,NA,NA,NA,NA,NA,NA,NA,NA,NA,NA,NA,NA,NA,NA,NA,NA,NA,NA,NA,NA,NA,NA,"FCS",37,37
"Myles Mays","CHATTNOOGA",28,29.55,"D","DI",2026,"Southern",66.6,71.2,53.2,NA,0,0,2,0,0,0,1,1,0,0,0,0,0,0,0,0,1,3,2,11,"0","9.10%",4.5,17,2,"5.90%","23.50%",1,NA,NA,NA,NA,NA,NA,NA,NA,NA,NA,NA,NA,NA,NA,NA,NA,NA,NA,NA,NA,NA,NA,NA,NA,NA,94,2,"33.30%",0,2,0,"0.00%",2,0,0,0,0,"100%",3,3,0,0,1,"FCS",264,264
"Adam Camphor","SE MO ST",42,29.25,"D","DI",2026,"Big South - OVC Football Association",68.4,73.4,55.7,NA,0,1,1,0,0,0,0,0,0,0,0,0,0,1,0,0,0,1,0,21,"0","0.00%",0,21,-5,"0","9.50%",0,NA,NA,NA,NA,NA,NA,NA,NA,NA,NA,NA,NA,NA,NA,NA,NA,NA,NA,NA,NA,NA,NA,NA,NA,NA,92,2,"0.00%",1,1,1,"0.00%",1,1,0,0,0,"0.00%",2,2,0,0,0,"FCS",280,280
"Jae'Von Reels","SAN DIEGO",35,29.24,"D","DI",2026,"Pioneer",62.2,66.3,55.2,NA,0,0,2,0,0,0,0,0,0,0,0,0,0,1,0,0,0,2,1,21,"0","0.00%",0,14,1,"7.10%","14.30%",1,NA,NA,NA,NA,NA,NA,NA,NA,NA,NA,NA,NA,NA,NA,NA,NA,NA,NA,NA,NA,NA,NA,NA,NA,NA,95,2,"0.00%",0,2,1,"0.00%",2,0,0,0,0,"0.00%",2,2,0,0,0,"FCS",196,196
"Rocky Shields","SO UTAH",35,29.2,"D","DI",2026,"Big Sky",62.3,72.1,53.2,59.3,0,1,1,0,0,0,1,1,0,0,0,0,0,0,0,0,0,0,1,21,"4.80%","4.80%",2.4,13,2,"0","15.40%",0,1,0,"0.00%",0,0,0,0,0,0,0,0,0,"100%",0,0,0,0,0,"0.00%","0.00%","0.00%","0.00%",0,0,"0.00%",50,2,"33.30%",1,1,0,"0.00%",1,1,0,0,0,"100%",3,3,0,0,1,"FCS",108,108
"Gabriel Valeros","CHISTA",19,29.17,"D","DI",2026,"IND (FCS)",58.5,49.6,71.3,NA,0,0,0,0,0,0,1,1,1,0,0,0,0,0,0,0,0,1,2,10,"20.00%","10.00%",5,9,0,"22.20%","11.10%",2,NA,NA,NA,NA,NA,NA,NA,NA,NA,NA,NA,NA,NA,NA,NA,NA,NA,NA,NA,NA,NA,NA,NA,NA,NA,NA,NA,NA,NA,NA,NA,NA,NA,NA,NA,NA,NA,NA,NA,NA,NA,NA,NA,"FCS",401,401
"Jordan Campbell","PRVIEW A&M",20,29.07,"D","DI",2026,"SWAC",57.1,55.2,59,60,0,0,2,0,0,1,0,1,0,0,0,0,0,0,0,0,0,1,2,14,"7.10%","7.10%",3.6,6,3.5,"33.30%","16.70%",2,NA,NA,NA,NA,NA,NA,NA,NA,NA,NA,NA,NA,NA,NA,NA,NA,NA,NA,NA,NA,NA,NA,NA,NA,NA,44,3,"0.00%",0,2,0,"0.00%",2,0,0,0,0,"0.00%",3,3,0,1,0,"FCS",86,86
"Shaun Aletor","SAN DIEGO",16,29.02,"D","DI",2026,"Pioneer",61.8,57.5,64.1,NA,0,0,0,0,0,0,0,0,2,0,0,0,0,0,0,0,0,0,1,11,"18.20%","0.00%",0,5,0,"20.00%","0",1,NA,NA,NA,NA,NA,NA,NA,NA,NA,NA,NA,NA,NA,NA,NA,NA,NA,NA,NA,NA,NA,NA,NA,NA,NA,NA,NA,NA,NA,NA,NA,NA,NA,NA,NA,NA,NA,NA,NA,NA,NA,NA,NA,"FCS",195,195
"Marius Landsfeld","TARLETON",33,28.94,"D","DI",2026,"United Athletic",59.7,57.8,61,NA,0,1,0,0,0,0,1,1,1,0,0,0,0,0,0,1,0,0,2,20,"5.00%","5.00%",2.5,13,0,"15.40%","7.70%",2,NA,NA,NA,NA,NA,NA,NA,NA,NA,NA,NA,NA,NA,NA,NA,NA,NA,NA,NA,NA,NA,NA,NA,NA,NA,94,1,"0.00%",1,0,0,"0.00%",0,1,0,0,0,"0.00%",1,1,0,0,0,"FCS",105,105
"O'Shea Miller","TARLETON",28,28.94,"D","DI",2026,"United Athletic",59.1,60.4,56.6,NA,0,3,1,0,0,0,0,0,0,0,0,0,0,0,0,0,0,1,2,14,"0","0.00%",0,14,2,"14.30%","7.10%",2,NA,NA,NA,NA,NA,NA,NA,NA,NA,NA,NA,NA,NA,NA,NA,NA,NA,NA,NA,NA,NA,NA,NA,NA,NA,44,4,"0.00%",3,1,0,"0.00%",1,3,0,0,0,"0.00%",4,4,0,0,0,"FCS",399,399
"Justyce Hathaway","MERRIMACK",24,28.81,"D","DI",2026,"IND (FCS)",62,64.9,54.3,NA,0,0,0,0,0,0,2,2,0,0,0,0,0,0,0,1,1,0,1,9,"0","22.20%",11.1,15,0,"6.70%","0",1,NA,NA,NA,NA,NA,NA,NA,NA,NA,NA,NA,NA,NA,NA,NA,NA,NA,NA,NA,NA,NA,NA,NA,NA,NA,NA,NA,NA,NA,NA,NA,NA,NA,NA,NA,NA,NA,NA,NA,NA,NA,NA,NA,"FCS",212,212
"Rylan Shibley","ELON",43,28.72,"D","DI",2026,"CAA",61.8,61.5,59.9,NA,0,0,1,0,0,1,0,1,0,0,0,0,0,0,0,0,0,1,2,17,"5.90%","5.90%",2.9,26,3,"7.70%","0",2,NA,NA,NA,NA,NA,NA,NA,NA,NA,NA,NA,NA,NA,NA,NA,NA,NA,NA,NA,NA,NA,NA,NA,NA,NA,6,1,"0.00%",0,1,0,"0.00%",1,0,0,0,0,"0.00%",1,1,0,0,0,"FCS",331,331
"Gene Blalock","N IOWA",30,28.63,"D","DI",2026,"Missouri Valley",65,62.8,63,NA,1,0,0,0,0,0,1,1,0,0,0,0,0,0,0,0,0,0,0,25,"4.00%","4.00%",2,5,0,"0","0",0,NA,NA,NA,NA,NA,NA,NA,NA,NA,NA,NA,NA,NA,NA,NA,NA,NA,NA,NA,NA,NA,NA,NA,NA,NA,NA,NA,NA,NA,NA,NA,NA,NA,NA,NA,NA,NA,NA,NA,NA,NA,NA,NA,"FCS",123,123
"John Starman","S DAKOTA",38,28.46,"D","DI",2026,"Missouri Valley",64.8,69.4,57.8,NA,1,1,0,0,0,0,0,0,0,0,0,0,0,0,0,0,0,2,0,27,"0","0.00%",0,11,0,"0","9.10%",0,NA,NA,NA,NA,NA,NA,NA,NA,NA,NA,NA,NA,NA,NA,NA,NA,NA,NA,NA,NA,NA,NA,NA,NA,NA,44,1,"0.00%",1,0,0,"0.00%",0,1,0,0,0,"0.00%",1,1,0,0,0,"FCS",34,34
"Chase Kerns","W CAROLINA",40,28.45,"D","DI",2026,"Southern",62.1,62.3,59.3,60,0,0,0,0,0,0,1,1,1,0,0,0,0,0,0,1,0,1,1,20,"5.00%","5.00%",2.5,19,0,"5.30%","0",1,1,0,"0.00%",0,0,0,0,0,0,0,0,0,"0.00%",0,0,0,0,0,"0.00%","0.00%","0.00%","0.00%",0,0,"0.00%",NA,NA,NA,NA,NA,NA,NA,NA,NA,NA,NA,NA,NA,NA,NA,NA,NA,NA,"FCS",393,393
"Rasheen Duncan","TENN MARTN",18,28.41,"D","DI",2026,"Big South - OVC Football Association",70.2,70.4,58.3,NA,0,0,1,0,0,0,0,0,0,0,0,0,0,0,0,0,0,1,0,4,"0","0.00%",0,14,3,"0","14.30%",0,NA,NA,NA,NA,NA,NA,NA,NA,NA,NA,NA,NA,NA,NA,NA,NA,NA,NA,NA,NA,NA,NA,NA,NA,NA,96,1,"0.00%",0,1,0,"0.00%",1,0,0,0,0,"0.00%",1,1,0,0,0,"FCS",350,350
"Caleb Estrada","CHISTA",21,28.31,"D","DI",2026,"IND (FCS)",66.8,70,56.3,NA,0,0,0,0,0,0,0,0,0,0,0,0,0,0,0,0,0,0,0,11,"0","0.00%",0,10,6,"0","10.00%",0,NA,NA,NA,NA,NA,NA,NA,NA,NA,NA,NA,NA,NA,NA,NA,NA,NA,NA,NA,NA,NA,NA,NA,NA,NA,86,1,"0.00%",0,0,0,"0.00%",1,0,0,0,0,"0.00%",1,1,0,0,0,"FCS",404,404
"Bryce Lee","RICHMOND",49,28.2,"D","DI",2026,"Patriot",53.2,47.6,64.1,NA,0,0,1,0,0,0,1,1,1,0,0,0,0,0,0,0,0,1,4,23,"8.70%","4.30%",2.2,26,5.5,"15.40%","3.90%",4,NA,NA,NA,NA,NA,NA,NA,NA,NA,NA,NA,NA,NA,NA,NA,NA,NA,NA,NA,NA,NA,NA,NA,NA,NA,95,2,"0.00%",0,1,0,"0.00%",2,0,0,0,0,"0.00%",2,2,0,0,0,"FCS",305,305
"Gustavo Bravo","BRYANT",32,28.18,"D","DI",2026,"CAA",66,68.7,56.8,NA,0,0,1,0,0,0,0,0,0,0,0,0,0,1,0,0,0,3,1,16,"0","0.00%",0,16,-1,"6.30%","18.80%",1,NA,NA,NA,NA,NA,NA,NA,NA,NA,NA,NA,NA,NA,NA,NA,NA,NA,NA,NA,NA,NA,NA,NA,NA,NA,98,1,"0.00%",0,1,1,"0.00%",1,0,0,0,0,"0.00%",1,1,0,0,0,"FCS",97,97
"Dh'King Brown","WOFFORD",17,28.17,"D","DI",2026,"Southern",65.2,65.4,58.2,NA,0,0,1,0,0,0,0,0,0,0,0,0,0,1,0,0,0,2,1,3,"0","0.00%",0,14,0,"7.10%","7.10%",1,NA,NA,NA,NA,NA,NA,NA,NA,NA,NA,NA,NA,NA,NA,NA,NA,NA,NA,NA,NA,NA,NA,NA,NA,NA,91,1,"0.00%",0,1,1,"0.00%",1,0,0,0,0,"0.00%",1,1,0,0,0,"FCS",292,292
"Jacob Bobic","CAL POLY",21,28.09,"D","DI",2026,"Big Sky",65.7,68.4,56.8,NA,0,1,1,0,0,0,0,0,0,0,0,0,0,0,0,0,0,1,0,12,"0","0.00%",0,9,2,"0","11.10%",0,NA,NA,NA,NA,NA,NA,NA,NA,NA,NA,NA,NA,NA,NA,NA,NA,NA,NA,NA,NA,NA,NA,NA,NA,NA,50,2,"0.00%",1,1,0,"0.00%",1,1,0,0,0,"0.00%",2,2,0,0,0,"FCS",207,207
"Logyn Eckheart","N DAKOTA",36,28.07,"D","DI",2026,"Missouri Valley",65.6,69.4,56,NA,0,0,1,0,0,0,0,0,0,0,0,0,0,0,0,0,0,2,0,21,"0","0.00%",0,15,4.5,"0","6.70%",0,NA,NA,NA,NA,NA,NA,NA,NA,NA,NA,NA,NA,NA,NA,NA,NA,NA,NA,NA,NA,NA,NA,NA,NA,NA,97,2,"0.00%",0,1,0,"0.00%",2,0,0,0,0,"0.00%",2,2,0,0,0,"FCS",117,117
"Elijah Kongolo","W ILLINOIS",16,27.98,"D","DI",2026,"Big South - OVC Football Association",66.5,68.4,56.9,NA,0,0,2,0,0,0,0,0,0,0,0,0,0,0,0,0,0,2,0,7,"0","0.00%",0,9,3,"0","11.10%",0,NA,NA,NA,NA,NA,NA,NA,NA,NA,NA,NA,NA,NA,NA,NA,NA,NA,NA,NA,NA,NA,NA,NA,NA,NA,86,2,"0.00%",0,2,0,"0.00%",2,0,0,0,0,"0.00%",2,2,0,0,0,"FCS",237,237
"Austin Appiah","PRVIEW A&M",18,27.97,"D","DI",2026,"SWAC",65,65.6,58.1,NA,0,1,0,0,0,0,0,0,0,0,0,0,0,0,0,0,0,1,1,6,"0","0.00%",0,12,4,"8.30%","16.70%",1,NA,NA,NA,NA,NA,NA,NA,NA,NA,NA,NA,NA,NA,NA,NA,NA,NA,NA,NA,NA,NA,NA,NA,NA,NA,97,2,"0.00%",1,0,0,"0.00%",1,1,0,0,0,"0.00%",2,2,0,0,0,"FCS",314,314
"Kingston Watson","CHISTA",16,27.94,"D","DI",2026,"IND (FCS)",65.1,62.5,63.5,60,0,0,0,0,0,0,1,1,0,0,0,0,0,0,0,0,0,0,0,8,"12.50%","12.50%",6.3,7,0,"0","0",0,1,0,"0.00%",0,0,0,0,0,0,0,0,0,"0.00%",0,0,0,0,0,"0.00%","0.00%","0.00%","0.00%",0,0,"0.00%",NA,NA,NA,NA,NA,NA,NA,NA,NA,NA,NA,NA,NA,NA,NA,NA,NA,NA,"FCS",403,403
"Jamesly Jean Louis","W ILLINOIS",19,27.84,"D","DI",2026,"Big South - OVC Football Association",71.5,75.5,55,NA,0,1,0,0,0,0,0,0,0,0,0,0,0,0,0,0,0,1,0,7,"0","0.00%",0,12,0,"0","33.30%",0,NA,NA,NA,NA,NA,NA,NA,NA,NA,NA,NA,NA,NA,NA,NA,NA,NA,NA,NA,NA,NA,NA,NA,NA,NA,90,2,"0.00%",1,0,0,"0.00%",1,1,0,0,0,"0.00%",2,2,0,0,0,"FCS",337,337
"Davi'yon Hawkins-Ingram","E KENTUCKY",45,27.73,"D","DI",2026,"United Athletic",59.6,61.9,56.2,NA,0,1,1,0,0,0,0,0,1,0,0,0,0,0,0,0,0,1,2,24,"4.20%","0.00%",0,21,2,"9.50%","4.80%",2,NA,NA,NA,NA,NA,NA,NA,NA,NA,NA,NA,NA,NA,NA,NA,NA,NA,NA,NA,NA,NA,NA,NA,NA,NA,91,2,"0.00%",1,1,0,"0.00%",1,1,0,0,0,"0.00%",2,2,0,0,0,"FCS",157,157
"Brody Harriff","DRAKE",39,27.71,"D","DI",2026,"Pioneer",57.6,49.2,69.9,NA,0,0,0,0,0,1,0,1,0,0,0,0,0,0,0,0,0,2,4,18,"5.60%","5.60%",2.8,21,5,"19.10%","4.80%",4,NA,NA,NA,NA,NA,NA,NA,NA,NA,NA,NA,NA,NA,NA,NA,NA,NA,NA,NA,NA,NA,NA,NA,NA,NA,52,1,"50.00%",0,0,0,"50.00%",1,0,1,0,0,"0.00%",2,2,0,0,0,"FCS",330,330
"Trey Weems","GARD-WEBB",41,27.64,"D","DI",2026,"Big South - OVC Football Association",58.7,61.7,53.3,NA,0,0,2,0,0,0,1,1,0,0,0,0,0,1,0,0,0,2,1,15,"6.70%","6.70%",3.3,26,0.5,"3.90%","7.70%",1,NA,NA,NA,NA,NA,NA,NA,NA,NA,NA,NA,NA,NA,NA,NA,NA,NA,NA,NA,NA,NA,NA,NA,NA,NA,0,2,"0.00%",0,2,1,"0.00%",2,0,0,0,0,"0.00%",2,2,0,0,0,"FCS",307,307
"Owen Pins","DRAKE",40,27.54,"D","DI",2026,"Pioneer",56.5,66.6,56.3,56.7,0,0,1,0,0,0,0,0,0,0,0,0,0,1,0,0,0,2,2,18,"0","0.00%",0,22,0,"4.50%","4.50%",1,NA,NA,NA,NA,NA,NA,NA,NA,NA,NA,NA,NA,NA,NA,NA,NA,NA,NA,NA,NA,NA,NA,NA,NA,NA,99,1,"0.00%",0,1,1,"0.00%",1,0,0,0,0,"0.00%",1,1,0,0,0,"FCS",329,329
"Jackson Stortz","N IOWA",18,27.5,"D","DI",2026,"Missouri Valley",57.5,61.3,54.7,59.4,0,0,1,0,0,0,1,1,0,0,0,0,0,1,0,1,0,1,0,15,"0","6.70%",3.3,2,0,"0","50.00%",0,1,0,"0.00%",0,0,0,0,0,0,0,0,0,"100%",0,0,0,0,0,"0.00%","0.00%","0.00%","0.00%",0,0,"0.00%",92,1,"0.00%",0,1,1,"0.00%",1,0,0,0,0,"0.00%",1,1,0,0,0,"FCS",65,65
"Colton Francis","MOREHEAD",23,27.49,"D","DI",2026,"Pioneer",70.8,71,58.9,NA,0,1,0,0,0,0,0,0,0,0,0,0,0,0,0,0,0,0,0,5,"0","0.00%",0,18,0,"0","5.60%",0,NA,NA,NA,NA,NA,NA,NA,NA,NA,NA,NA,NA,NA,NA,NA,NA,NA,NA,NA,NA,NA,NA,NA,NA,NA,60,1,"0.00%",1,0,0,"0.00%",0,1,0,0,0,"0.00%",1,1,0,0,0,"FCS",383,383
"Jayden Rogers","SOUTHERN U",20,27.48,"D","DI",2026,"SWAC",68.1,68.2,58.8,NA,0,0,1,0,0,0,0,0,0,0,0,0,0,0,0,0,0,2,0,6,"0","0.00%",0,14,3,"0","7.10%",0,NA,NA,NA,NA,NA,NA,NA,NA,NA,NA,NA,NA,NA,NA,NA,NA,NA,NA,NA,NA,NA,NA,NA,NA,NA,70,1,"0.00%",0,1,0,"0.00%",1,0,0,0,0,"0.00%",1,1,0,0,0,"FCS",132,132
"Moses Bailey","RICHMOND",28,27.48,"D","DI",2026,"Patriot",52.3,55.9,51.5,NA,0,1,1,0,0,0,3,3,0,0,0,0,0,0,0,1,0,3,4,12,"16.70%","25.00%",12.5,16,5,"12.50%","6.30%",2,NA,NA,NA,NA,NA,NA,NA,NA,NA,NA,NA,NA,NA,NA,NA,NA,NA,NA,NA,NA,NA,NA,NA,NA,NA,44,2,"60.00%",1,1,0,"33.30%",1,1,1,0,0,"100%",5,5,0,0,2,"FCS",303,303
"Tyler Lewis","NWSTATE",30,27.44,"D","DI",2026,"Southland",62.9,63.1,58.3,NA,0,1,1,0,0,0,0,0,0,0,0,0,0,0,0,0,0,2,2,9,"0","0.00%",0,21,3,"9.50%","9.50%",2,NA,NA,NA,NA,NA,NA,NA,NA,NA,NA,NA,NA,NA,NA,NA,NA,NA,NA,NA,NA,NA,NA,NA,NA,NA,90,3,"0.00%",1,1,0,"0.00%",2,1,0,0,0,"0.00%",3,3,0,0,0,"FCS",7,7
"Zion Finau","WEBER ST",18,27.35,"D","DI",2026,"Big Sky",62.8,59.4,65.9,NA,0,1,0,0,0,0,0,0,0,0,0,0,1,0,0,0,0,0,1,6,"0","0.00%",0,12,0,"8.30%","0",1,NA,NA,NA,NA,NA,NA,NA,NA,NA,NA,NA,NA,NA,NA,NA,NA,NA,NA,NA,NA,NA,NA,NA,NA,NA,90,1,"0.00%",1,0,0,"0.00%",0,1,0,0,0,"0.00%",1,1,0,0,0,"FCS",306,306
"Osman Kamara","ROB MORRIS",21,27.27,"D","DI",2026,"Northeast",57.8,59.9,56,NA,0,2,1,0,0,0,0,0,0,0,0,0,0,0,0,0,0,1,1,13,"0","0.00%",0,8,4,"12.50%","0",1,NA,NA,NA,NA,NA,NA,NA,NA,NA,NA,NA,NA,NA,NA,NA,NA,NA,NA,NA,NA,NA,NA,NA,NA,NA,98,3,"0.00%",2,1,0,"0.00%",1,2,0,0,0,"0.00%",3,3,0,0,0,"FCS",361,361
"Ivan Murray Jr.","VILLANOVA",45,27,"D","DI",2026,"Patriot",63.2,65.3,56.6,NA,0,0,1,0,0,0,0,0,0,0,0,0,0,1,0,0,0,1,1,22,"0","0.00%",0,23,0,"4.30%","8.70%",1,NA,NA,NA,NA,NA,NA,NA,NA,NA,NA,NA,NA,NA,NA,NA,NA,NA,NA,NA,NA,NA,NA,NA,NA,NA,9,1,"0.00%",0,1,1,"0.00%",1,0,0,0,0,"0.00%",1,1,0,0,0,"FCS",61,61
"Jaggar Tavai","UTAHTC",16,26.96,"D","DI",2026,"Big Sky",62.9,64.4,57.3,NA,0,0,1,0,0,0,0,0,0,0,0,0,0,1,0,0,0,1,0,8,"0","0.00%",0,8,0,"0","0",0,NA,NA,NA,NA,NA,NA,NA,NA,NA,NA,NA,NA,NA,NA,NA,NA,NA,NA,NA,NA,NA,NA,NA,NA,NA,56,1,"0.00%",0,1,1,"0.00%",1,0,0,0,0,"0.00%",1,1,0,0,0,"FCS",395,395
"Trenton Kintigh","WOFFORD",23,26.86,"D","DI",2026,"Southern",45.5,59.9,57.3,56,0,0,0,0,0,0,0,0,0,0,0,0,0,0,0,0,0,0,4,7,"0","0.00%",0,16,10,"18.80%","12.50%",3,NA,NA,NA,NA,NA,NA,NA,NA,NA,NA,NA,NA,NA,NA,NA,NA,NA,NA,NA,NA,NA,NA,NA,NA,NA,48,1,"0.00%",0,0,0,"0.00%",1,0,0,0,0,"0.00%",1,1,0,0,0,"FCS",77,77
"Logan Wright","CAMPBELL",31,26.84,"D","DI",2026,"CAA",58.3,70.3,54.5,NA,0,2,0,0,0,0,0,0,0,0,0,0,0,0,0,0,0,1,2,18,"0","0.00%",0,13,0,"7.70%","23.10%",1,NA,NA,NA,NA,NA,NA,NA,NA,NA,NA,NA,NA,NA,NA,NA,NA,NA,NA,NA,NA,NA,NA,NA,NA,NA,9,2,"0.00%",2,0,0,"0.00%",0,2,0,0,0,"0.00%",2,2,0,0,0,"FCS",101,101
"Frederick Lujan III","IDAHO",23,26.82,"D","DI",2026,"Big Sky",57,65.3,60.8,NA,0,0,0,0,0,0,1,1,0,0,0,0,0,0,0,0,0,0,2,12,"8.30%","8.30%",4.2,11,0,"18.20%","18.20%",2,NA,NA,NA,NA,NA,NA,NA,NA,NA,NA,NA,NA,NA,NA,NA,NA,NA,NA,NA,NA,NA,NA,NA,NA,NA,NA,NA,NA,NA,NA,NA,NA,NA,NA,NA,NA,NA,NA,NA,NA,NA,NA,NA,"FCS",112,112
"Carson Moore","MERCYHURST",24,26.77,"D","DI",2026,"Northeast",67.8,68,58.3,NA,0,2,0,0,0,0,0,0,0,0,0,0,0,0,0,0,0,1,1,5,"0","0.00%",0,19,0,"5.30%","10.50%",1,NA,NA,NA,NA,NA,NA,NA,NA,NA,NA,NA,NA,NA,NA,NA,NA,NA,NA,NA,NA,NA,NA,NA,NA,NA,22,2,"33.30%",2,0,0,"33.30%",0,2,1,0,0,"0.00%",3,3,0,0,0,"FCS",358,358
"Kemarion Ivory","NWSTATE",15,26.76,"D","DI",2026,"Southland",65.8,67.4,56.8,NA,0,2,0,0,0,0,0,0,0,0,0,0,0,0,0,0,0,0,1,6,"0","0.00%",0,9,0,"11.10%","22.20%",1,NA,NA,NA,NA,NA,NA,NA,NA,NA,NA,NA,NA,NA,NA,NA,NA,NA,NA,NA,NA,NA,NA,NA,NA,NA,54,2,"0.00%",2,0,0,"0.00%",0,2,0,0,0,"0.00%",2,2,0,0,0,"FCS",130,130
"Axel Ramazani","N IOWA",25,26.72,"D","DI",2026,"Missouri Valley",43.5,58.2,60,NA,0,0,0,0,0,0,1,1,0,0,0,0,0,0,0,0,0,1,4,17,"5.90%","5.90%",2.9,8,6,"25.00%","12.50%",2,NA,NA,NA,NA,NA,NA,NA,NA,NA,NA,NA,NA,NA,NA,NA,NA,NA,NA,NA,NA,NA,NA,NA,NA,NA,44,1,"0.00%",0,0,0,"0.00%",1,0,0,0,0,"0.00%",1,1,0,0,0,"FCS",254,254
"Mitchel Jaskowiak","IDAHO",38,26.47,"D","DI",2026,"Big Sky",60.4,63.2,54.8,NA,0,1,1,0,0,0,0,0,0,0,0,0,0,0,0,0,0,1,2,18,"0","0.00%",0,20,5,"10.00%","10.00%",2,NA,NA,NA,NA,NA,NA,NA,NA,NA,NA,NA,NA,NA,NA,NA,NA,NA,NA,NA,NA,NA,NA,NA,NA,NA,45,2,"0.00%",1,1,0,"0.00%",1,1,0,0,0,"0.00%",2,2,0,0,0,"FCS",21,21
"Isaiah Hare","TXAMEA",26,26.41,"D","DI",2026,"Southland",63.9,70.7,55.1,NA,0,0,0,0,0,0,1,1,0,0,0,0,0,0,0,0,1,0,0,19,"0","5.30%",2.6,7,0,"0","28.60%",0,NA,NA,NA,NA,NA,NA,NA,NA,NA,NA,NA,NA,NA,NA,NA,NA,NA,NA,NA,NA,NA,NA,NA,NA,NA,NA,NA,NA,NA,NA,NA,NA,NA,NA,NA,NA,NA,NA,NA,NA,NA,NA,NA,"FCS",208,208
"Demetrius Baldwin","FURMAN",42,26.39,"D","DI",2026,"Southern",56.4,66.8,54.1,60,0,0,2,0,0,0,0,0,0,0,0,0,0,1,0,0,0,4,3,23,"0","0.00%",0,19,1,"10.50%","10.50%",2,NA,NA,NA,NA,NA,NA,NA,NA,NA,NA,NA,NA,NA,NA,NA,NA,NA,NA,NA,NA,NA,NA,NA,NA,NA,93,2,"50.00%",0,2,1,"33.30%",2,0,1,0,0,"100%",4,4,0,0,1,"FCS",165,165
"Mac Muller","S DAK ST",15,26.37,"D","DI",2026,"Missouri Valley",69.3,64.2,58.5,61.9,0,0,1,0,0,0,0,0,0,0,0,0,0,1,0,0,0,0,0,6,"0","0.00%",0,9,0,"0","0",0,NA,NA,NA,NA,NA,NA,NA,NA,NA,NA,NA,NA,NA,NA,NA,NA,NA,NA,NA,NA,NA,NA,NA,NA,NA,98,1,"0.00%",0,0,0,"0.00%",0,0,0,1,1,"0.00%",1,1,0,1,0,"FCS",219,219
"Dishawn Misa","E WASHGTON",19,26.23,"D","DI",2026,"Big Sky",62.7,65,56.1,NA,0,1,0,0,0,0,0,0,0,0,0,0,0,0,0,0,0,1,0,8,"0","0.00%",0,11,4,"0","0",0,NA,NA,NA,NA,NA,NA,NA,NA,NA,NA,NA,NA,NA,NA,NA,NA,NA,NA,NA,NA,NA,NA,NA,NA,NA,12,2,"0.00%",1,0,0,"0.00%",1,1,0,0,0,"0.00%",2,2,0,0,0,"FCS",35,35
"Dorian Gates","PRVIEW A&M",24,26.19,"D","DI",2026,"SWAC",61.7,65.8,54.9,NA,0,1,1,0,0,0,0,0,0,0,0,0,0,0,0,0,0,0,0,13,"0","0.00%",0,11,3,"0","0",0,NA,NA,NA,NA,NA,NA,NA,NA,NA,NA,NA,NA,NA,NA,NA,NA,NA,NA,NA,NA,NA,NA,NA,NA,NA,48,2,"0.00%",1,1,0,"0.00%",1,1,0,0,0,"0.00%",2,2,0,0,0,"FCS",27,27
"Javorious Sherrod","GRAMBLING",31,26.15,"D","DI",2026,"SWAC",57.3,57.9,57.1,NA,0,0,2,0,0,0,0,0,0,0,0,0,0,1,0,0,0,2,3,15,"0","0.00%",0,16,1.5,"18.80%","18.80%",3,NA,NA,NA,NA,NA,NA,NA,NA,NA,NA,NA,NA,NA,NA,NA,NA,NA,NA,NA,NA,NA,NA,NA,NA,NA,99,2,"0.00%",0,2,1,"0.00%",2,0,0,0,0,"0.00%",2,2,0,0,0,"FCS",198,198
"Tosin Akinsulire","RHODE ISLD",32,26,"D","DI",2026,"CAA",64.1,65.1,56.8,NA,0,0,2,0,0,0,0,0,0,0,0,0,0,0,0,0,0,4,2,9,"0","0.00%",0,23,4,"8.70%","13.00%",2,NA,NA,NA,NA,NA,NA,NA,NA,NA,NA,NA,NA,NA,NA,NA,NA,NA,NA,NA,NA,NA,NA,NA,NA,NA,92,3,"25.00%",0,2,0,"25.00%",3,0,1,0,0,"0.00%",4,4,0,0,0,"FCS",38,38
"Ke'shawn Reed","NWSTATE",23,25.96,"D","DI",2026,"Southland",54.5,50.8,64,NA,0,2,0,0,0,0,0,0,1,0,0,0,0,0,0,0,0,0,4,11,"9.10%","0.00%",0,12,0,"33.30%","25.00%",4,NA,NA,NA,NA,NA,NA,NA,NA,NA,NA,NA,NA,NA,NA,NA,NA,NA,NA,NA,NA,NA,NA,NA,NA,NA,99,2,"0.00%",2,0,0,"0.00%",0,2,0,0,0,"0.00%",2,2,0,0,0,"FCS",131,131
"Rayne Mayo Jr.","UC DAVIS",26,25.93,"D","DI",2026,"Big Sky",52.5,52.1,57,NA,0,0,0,0,0,1,0,1,0,0,0,0,0,0,0,1,0,0,1,17,"0","5.90%",2.9,9,8,"11.10%","0",1,NA,NA,NA,NA,NA,NA,NA,NA,NA,NA,NA,NA,NA,NA,NA,NA,NA,NA,NA,NA,NA,NA,NA,NA,NA,92,1,"0.00%",0,0,0,"0.00%",1,0,0,0,0,"0.00%",1,1,0,0,0,"FCS",149,149
"Renardo Lewis","GARD-WEBB",28,25.87,"D","DI",2026,"Big South - OVC Football Association",61.9,63.6,54.4,NA,0,0,1,0,0,0,0,0,0,0,0,0,0,1,0,0,0,3,1,8,"0","0.00%",0,20,2.5,"5.00%","5.00%",1,NA,NA,NA,NA,NA,NA,NA,NA,NA,NA,NA,NA,NA,NA,NA,NA,NA,NA,NA,NA,NA,NA,NA,NA,NA,99,2,"33.30%",0,1,1,"33.30%",2,0,1,0,0,"0.00%",3,3,0,0,0,"FCS",137,137
"Travis Jones","ILL STATE",51,25.83,"D","DI",2026,"Missouri Valley",60.5,59.1,60.6,NA,0,0,0,0,0,0,1,1,1,0,0,0,0,0,0,0,0,2,2,32,"6.30%","3.10%",1.6,19,0,"10.50%","5.30%",2,NA,NA,NA,NA,NA,NA,NA,NA,NA,NA,NA,NA,NA,NA,NA,NA,NA,NA,NA,NA,NA,NA,NA,NA,NA,NA,NA,NA,NA,NA,NA,NA,NA,NA,NA,NA,NA,NA,NA,NA,NA,NA,NA,"FCS",116,116
"Justis La'ulu","E WASHGTON",45,25.59,"D","DI",2026,"Big Sky",61.6,60.5,61.1,NA,1,1,0,0,0,0,0,0,0,0,0,0,0,0,0,0,0,0,2,18,"0","0.00%",0,27,0,"7.40%","3.70%",2,NA,NA,NA,NA,NA,NA,NA,NA,NA,NA,NA,NA,NA,NA,NA,NA,NA,NA,NA,NA,NA,NA,NA,NA,NA,90,1,"0.00%",1,0,0,"0.00%",0,1,0,0,0,"0.00%",1,1,0,0,0,"FCS",20,20
"Brady Echols","WM & MARY",48,25.57,"D","DI",2026,"Patriot",64.9,64.8,60.4,NA,0,0,0,0,0,0,1,1,0,0,0,0,1,0,0,0,0,2,2,13,"7.70%","7.70%",3.9,35,0,"5.70%","11.40%",2,NA,NA,NA,NA,NA,NA,NA,NA,NA,NA,NA,NA,NA,NA,NA,NA,NA,NA,NA,NA,NA,NA,NA,NA,NA,96,0,"100%",0,0,0,"100%",0,0,1,0,0,"0.00%",1,1,0,0,0,"FCS",214,214
"Jack Harwell","TXRG",34,25.52,"D","DI",2026,"Southland",63.5,66.4,56.1,NA,0,1,1,0,0,0,0,0,0,0,0,0,0,0,0,0,0,0,1,18,"0","0.00%",0,16,1,"6.30%","12.50%",1,NA,NA,NA,NA,NA,NA,NA,NA,NA,NA,NA,NA,NA,NA,NA,NA,NA,NA,NA,NA,NA,NA,NA,NA,NA,98,2,"0.00%",1,1,0,"0.00%",1,1,0,0,0,"0.00%",2,2,0,0,0,"FCS",339,339
"Dylan Yang","RHODE ISLD",24,25.48,"D","DI",2026,"CAA",51.2,58.3,60.2,NA,0,1,0,0,0,1,0,1,0,0,0,0,0,0,0,0,0,0,2,16,"6.30%","6.30%",3.1,8,0,"25.00%","0",2,NA,NA,NA,NA,NA,NA,NA,NA,NA,NA,NA,NA,NA,NA,NA,NA,NA,NA,NA,NA,NA,NA,NA,NA,NA,98,1,"0.00%",1,0,0,"0.00%",0,1,0,0,0,"0.00%",1,1,0,0,0,"FCS",39,39
"Javez Caldwell","CENT CT ST",32,25.4,"D","DI",2026,"Northeast",58.7,59.3,56.6,NA,0,1,1,0,0,0,0,0,0,0,0,0,0,1,0,0,0,1,3,9,"0","0.00%",0,23,-1,"13.00%","4.30%",3,NA,NA,NA,NA,NA,NA,NA,NA,NA,NA,NA,NA,NA,NA,NA,NA,NA,NA,NA,NA,NA,NA,NA,NA,NA,94,2,"0.00%",1,1,1,"0.00%",1,1,0,0,0,"0.00%",2,2,0,0,0,"FCS",423,423
"Walter Goggins","N ALABAMA",18,25.37,"D","DI",2026,"United Athletic",70.4,70.4,59.1,NA,0,0,0,0,0,0,0,0,0,0,0,0,0,0,0,0,0,0,0,6,"0","0.00%",0,12,0,"0","16.70%",0,NA,NA,NA,NA,NA,NA,NA,NA,NA,NA,NA,NA,NA,NA,NA,NA,NA,NA,NA,NA,NA,NA,NA,NA,NA,NA,NA,NA,NA,NA,NA,NA,NA,NA,NA,NA,NA,NA,NA,NA,NA,NA,NA,"FCS",80,80
"Gabe Flores","HOLY CROSS",29,25.35,"D","DI",2026,"Patriot",56.6,57.2,56.9,NA,0,2,0,0,0,0,1,1,0,0,0,0,0,0,0,0,1,0,2,11,"0","9.10%",4.5,18,0,"11.10%","5.60%",2,NA,NA,NA,NA,NA,NA,NA,NA,NA,NA,NA,NA,NA,NA,NA,NA,NA,NA,NA,NA,NA,NA,NA,NA,NA,50,2,"0.00%",2,0,0,"0.00%",0,2,0,0,0,"0.00%",2,2,0,0,0,"FCS",163,163
"King Smith","LNDNWD",27,25.31,"D","DI",2026,"Big South - OVC Football Association",61.6,64.2,55.7,NA,0,0,1,0,0,0,0,0,0,0,0,0,0,0,0,0,0,2,1,13,"0","0.00%",0,14,5,"7.10%","7.10%",1,NA,NA,NA,NA,NA,NA,NA,NA,NA,NA,NA,NA,NA,NA,NA,NA,NA,NA,NA,NA,NA,NA,NA,NA,NA,53,2,"0.00%",0,1,0,"0.00%",2,0,0,0,0,"0.00%",2,2,0,0,0,"FCS",209,209
"Nick Parisi","WAGNER",15,25.24,"D","DI",2026,"Northeast",57.3,57.4,56.6,60,0,0,0,0,0,0,0,0,0,0,0,0,0,0,0,0,0,0,1,6,"0","0.00%",0,9,8,"11.10%","0",1,NA,NA,NA,NA,NA,NA,NA,NA,NA,NA,NA,NA,NA,NA,NA,NA,NA,NA,NA,NA,NA,NA,NA,NA,NA,58,2,"0.00%",0,0,0,"0.00%",1,0,0,0,0,"0.00%",2,2,0,1,0,"FCS",161,161
"Dawson Rivers","W GEORGIA",37,25.21,"D","DI",2026,"United Athletic",61.6,63.3,56.1,NA,0,0,0,0,0,0,0,0,0,0,0,0,0,0,0,0,0,1,2,14,"0","0.00%",0,23,7,"8.70%","8.70%",2,NA,NA,NA,NA,NA,NA,NA,NA,NA,NA,NA,NA,NA,NA,NA,NA,NA,NA,NA,NA,NA,NA,NA,NA,NA,44,1,"0.00%",0,0,0,"0.00%",1,0,0,0,0,"0.00%",1,1,0,0,0,"FCS",216,216
"Parker Andrus","SO UTAH",31,25.07,"D","DI",2026,"Big Sky",60.8,61.9,56.9,NA,0,3,0,0,0,0,0,0,0,0,0,0,0,0,0,0,0,1,4,13,"0","0.00%",0,18,0,"22.20%","38.90%",4,NA,NA,NA,NA,NA,NA,NA,NA,NA,NA,NA,NA,NA,NA,NA,NA,NA,NA,NA,NA,NA,NA,NA,NA,NA,54,3,"25.00%",3,0,0,"25.00%",0,3,1,0,0,"0.00%",4,4,0,0,0,"FCS",175,175
"Wyatt Boals","ILL STATE",32,25.02,"D","DI",2026,"Missouri Valley",52,51.3,58.5,NA,0,1,2,0,0,0,0,0,0,0,0,0,0,1,0,0,0,4,6,11,"0","0.00%",0,21,1.33,"28.60%","9.50%",6,NA,NA,NA,NA,NA,NA,NA,NA,NA,NA,NA,NA,NA,NA,NA,NA,NA,NA,NA,NA,NA,NA,NA,NA,NA,51,4,"20.00%",1,2,1,"20.00%",3,1,1,0,0,"0.00%",5,5,0,0,0,"FCS",154,154
"Darrell Hamilton","MERRIMACK",21,24.96,"D","DI",2026,"IND (FCS)",70.3,68.2,55.2,62.3,0,0,0,0,0,0,0,0,0,0,0,0,0,0,0,0,0,3,0,10,"0","0.00%",0,11,2,"0","9.10%",0,NA,NA,NA,NA,NA,NA,NA,NA,NA,NA,NA,NA,NA,NA,NA,NA,NA,NA,NA,NA,NA,NA,NA,NA,NA,94,2,"0.00%",0,0,0,"0.00%",1,0,0,0,0,"0.00%",2,2,0,1,0,"FCS",211,211
"Mond Cole","N ALABAMA",27,24.93,"D","DI",2026,"United Athletic",67.3,68.7,57.4,NA,0,0,0,0,0,0,0,0,0,0,0,0,1,0,0,0,0,1,1,9,"0","0.00%",0,18,0,"5.60%","16.70%",1,NA,NA,NA,NA,NA,NA,NA,NA,NA,NA,NA,NA,NA,NA,NA,NA,NA,NA,NA,NA,NA,NA,NA,NA,NA,NA,NA,NA,NA,NA,NA,NA,NA,NA,NA,NA,NA,NA,NA,NA,NA,NA,NA,"FCS",145,145
"Nate Sullivan","VILLANOVA",25,24.93,"D","DI",2026,"Patriot",58,59.7,56,NA,0,1,0,0,0,0,0,0,0,0,0,0,0,0,0,0,0,3,2,12,"0","0.00%",0,13,5.5,"15.40%","7.70%",2,NA,NA,NA,NA,NA,NA,NA,NA,NA,NA,NA,NA,NA,NA,NA,NA,NA,NA,NA,NA,NA,NA,NA,NA,NA,93,3,"0.00%",1,0,0,"0.00%",2,1,0,0,0,"0.00%",3,3,0,0,0,"FCS",320,320
"Jaden Wiggins","SOUTHERN U",19,24.87,"D","DI",2026,"SWAC",49.8,50.2,58.7,NA,0,2,0,0,0,0,1,1,0,0,0,0,0,0,0,0,1,2,3,3,"0","33.30%",16.7,16,0,"18.80%","0",3,NA,NA,NA,NA,NA,NA,NA,NA,NA,NA,NA,NA,NA,NA,NA,NA,NA,NA,NA,NA,NA,NA,NA,NA,NA,57,2,"50.00%",2,0,0,"50.00%",0,2,2,0,0,"0.00%",4,4,0,0,0,"FCS",104,104
"Eddie Becu","LNDNWD",20,24.71,"D","DI",2026,"Big South - OVC Football Association",57.5,57.7,58.2,NA,0,1,1,0,0,0,0,0,0,0,0,0,0,0,0,0,0,0,2,4,"0","0.00%",0,16,4,"12.50%","6.30%",2,NA,NA,NA,NA,NA,NA,NA,NA,NA,NA,NA,NA,NA,NA,NA,NA,NA,NA,NA,NA,NA,NA,NA,NA,NA,99,2,"0.00%",1,1,0,"0.00%",1,1,0,0,0,"0.00%",2,2,0,0,0,"FCS",272,272
"Jaylan Jarrett","ALABAMA ST",40,24.42,"D","DI",2026,"SWAC",58.1,59.6,56.2,NA,0,1,1,0,0,0,0,0,0,0,0,0,0,0,0,0,0,2,3,23,"0","0.00%",0,17,5,"17.60%","11.80%",3,NA,NA,NA,NA,NA,NA,NA,NA,NA,NA,NA,NA,NA,NA,NA,NA,NA,NA,NA,NA,NA,NA,NA,NA,NA,55,3,"25.00%",1,1,0,"25.00%",2,1,1,0,0,"0.00%",4,4,0,0,0,"FCS",90,90
"Lucas Allen","WM & MARY",29,24.4,"D","DI",2026,"Patriot",55.8,56.8,55.5,NA,0,0,2,0,0,0,0,0,0,0,0,0,0,1,0,0,0,2,2,7,"0","0.00%",0,22,1.5,"9.10%","4.50%",2,NA,NA,NA,NA,NA,NA,NA,NA,NA,NA,NA,NA,NA,NA,NA,NA,NA,NA,NA,NA,NA,NA,NA,NA,NA,90,2,"0.00%",0,2,1,"0.00%",2,0,0,0,0,"0.00%",2,2,0,0,0,"FCS",365,365
"Zachary Weaver","TXAMEA",15,24.38,"D","DI",2026,"Southland",63.8,65.6,57,NA,0,0,0,0,0,0,0,0,0,0,0,0,0,0,0,0,0,1,0,8,"0","0.00%",0,7,3.5,"0","0",0,NA,NA,NA,NA,NA,NA,NA,NA,NA,NA,NA,NA,NA,NA,NA,NA,NA,NA,NA,NA,NA,NA,NA,NA,NA,94,2,"0.00%",0,0,0,"0.00%",2,0,0,0,0,"0.00%",2,2,0,0,0,"FCS",241,241
"Jack Ward","DRAKE",21,24.35,"D","DI",2026,"Pioneer",55,55.7,57.1,NA,0,0,1,0,0,0,1,1,0,0,0,0,0,0,0,1,0,0,2,6,"0","16.70%",8.3,15,2,"13.30%","0",2,NA,NA,NA,NA,NA,NA,NA,NA,NA,NA,NA,NA,NA,NA,NA,NA,NA,NA,NA,NA,NA,NA,NA,NA,NA,24,1,"0.00%",0,1,0,"0.00%",1,0,0,0,0,"0.00%",1,1,0,0,0,"FCS",124,124
"Thad Parson","ALABAMA ST",27,24.35,"D","DI",2026,"SWAC",56.3,53.3,64,NA,0,0,0,0,0,1,0,1,0,0,0,0,0,0,0,0,0,2,3,9,"11.10%","11.10%",5.6,18,0,"16.70%","0",3,NA,NA,NA,NA,NA,NA,NA,NA,NA,NA,NA,NA,NA,NA,NA,NA,NA,NA,NA,NA,NA,NA,NA,NA,NA,NA,NA,NA,NA,NA,NA,NA,NA,NA,NA,NA,NA,NA,NA,NA,NA,NA,NA,"FCS",373,373
"Shanard Lo-Ray","MERCYHURST",31,24.27,"D","DI",2026,"Northeast",61.3,63.8,55.2,NA,0,0,1,0,0,0,0,0,0,0,0,0,0,0,0,0,0,2,1,13,"0","0.00%",0,18,4.5,"5.60%","0",1,NA,NA,NA,NA,NA,NA,NA,NA,NA,NA,NA,NA,NA,NA,NA,NA,NA,NA,NA,NA,NA,NA,NA,NA,NA,19,2,"0.00%",0,1,0,"0.00%",2,0,0,0,0,"0.00%",2,2,0,0,0,"FCS",180,180
"Tyler Parker","UC DAVIS",17,24.27,"D","DI",2026,"Big Sky",65.1,67.6,57.1,NA,0,1,0,0,0,0,0,0,0,0,0,0,0,0,0,0,0,0,0,11,"0","0.00%",0,6,0,"0","16.70%",0,NA,NA,NA,NA,NA,NA,NA,NA,NA,NA,NA,NA,NA,NA,NA,NA,NA,NA,NA,NA,NA,NA,NA,NA,NA,99,1,"0.00%",1,0,0,"0.00%",0,1,0,0,0,"0.00%",1,1,0,0,0,"FCS",290,290
"Tavarious Elliott","SE MO ST",18,24.04,"D","DI",2026,"Big South - OVC Football Association",64.8,66.6,57,NA,0,0,0,0,0,0,0,0,0,0,0,0,0,0,0,0,0,1,0,8,"0","0.00%",0,10,3,"0","10.00%",0,NA,NA,NA,NA,NA,NA,NA,NA,NA,NA,NA,NA,NA,NA,NA,NA,NA,NA,NA,NA,NA,NA,NA,NA,NA,90,1,"0.00%",0,0,0,"0.00%",1,0,0,0,0,"0.00%",1,1,0,0,0,"FCS",281,281
"Cade Davis","STETSON",42,23.99,"D","DI",2026,"Pioneer",61.7,63.9,56.1,NA,0,0,1,0,0,0,0,0,0,0,0,0,0,1,0,0,0,1,1,19,"0","0.00%",0,23,-2,"4.30%","0",1,NA,NA,NA,NA,NA,NA,NA,NA,NA,NA,NA,NA,NA,NA,NA,NA,NA,NA,NA,NA,NA,NA,NA,NA,NA,55,1,"0.00%",0,1,1,"0.00%",1,0,0,0,0,"0.00%",1,1,0,0,0,"FCS",282,282
"Aidan Horodnik","HOLY CROSS",26,23.91,"D","DI",2026,"Patriot",52.2,51.3,58,60,0,1,1,0,0,0,0,0,0,0,0,0,0,1,0,0,0,1,4,7,"0","0.00%",0,19,-1,"21.10%","0",4,NA,NA,NA,NA,NA,NA,NA,NA,NA,NA,NA,NA,NA,NA,NA,NA,NA,NA,NA,NA,NA,NA,NA,NA,NA,95,3,"0.00%",1,1,1,"0.00%",1,1,0,0,0,"0.00%",3,3,0,1,0,"FCS",243,243
"Ky Tayo","CHATTNOOGA",47,23.8,"D","DI",2026,"Southern",53.8,51.3,60,NA,0,2,0,0,0,1,0,1,0,0,0,0,0,0,0,0,0,1,5,21,"4.80%","4.80%",2.4,26,0,"19.20%","3.90%",5,NA,NA,NA,NA,NA,NA,NA,NA,NA,NA,NA,NA,NA,NA,NA,NA,NA,NA,NA,NA,NA,NA,NA,NA,NA,55,2,"0.00%",2,0,0,"0.00%",0,2,0,0,0,"0.00%",2,2,0,0,0,"FCS",18,18
"Colin Scharriter","MERCYHURST",47,23.75,"D","DI",2026,"Northeast",61.7,64.7,55.1,NA,0,0,1,0,0,0,0,0,0,0,0,0,0,1,0,0,0,2,2,22,"0","0.00%",0,25,-2,"8.00%","8.00%",2,NA,NA,NA,NA,NA,NA,NA,NA,NA,NA,NA,NA,NA,NA,NA,NA,NA,NA,NA,NA,NA,NA,NA,NA,NA,17,1,"0.00%",0,1,1,"0.00%",1,0,0,0,0,"0.00%",1,1,0,0,0,"FCS",32,32
"Kilas Francis","GRAMBLING",37,23.35,"D","DI",2026,"SWAC",57.6,58.6,56.7,NA,0,0,0,0,0,0,0,0,0,0,0,0,0,0,0,0,0,2,2,24,"0","0.00%",0,13,7,"15.40%","7.70%",2,NA,NA,NA,NA,NA,NA,NA,NA,NA,NA,NA,NA,NA,NA,NA,NA,NA,NA,NA,NA,NA,NA,NA,NA,NA,92,2,"0.00%",0,0,0,"0.00%",2,0,0,0,0,"0.00%",2,2,0,0,0,"FCS",197,197
"Zayden Cook","UTAHTC",50,23.31,"D","DI",2026,"Big Sky",59.5,65.4,53.8,NA,0,0,1,0,0,0,0,0,0,0,0,0,0,0,0,0,0,1,2,33,"0","0.00%",0,17,4,"11.80%","17.60%",2,NA,NA,NA,NA,NA,NA,NA,NA,NA,NA,NA,NA,NA,NA,NA,NA,NA,NA,NA,NA,NA,NA,NA,NA,NA,95,1,"0.00%",0,1,0,"0.00%",1,0,0,0,0,"0.00%",1,1,0,0,0,"FCS",188,188
"Antione Keefer Jr.","SE MO ST",24,23.1,"D","DI",2026,"Big South - OVC Football Association",50.7,60.2,54.7,60,0,1,1,0,0,0,0,0,0,0,0,0,0,0,0,0,0,2,2,12,"0","0.00%",0,12,3,"16.70%","16.70%",2,NA,NA,NA,NA,NA,NA,NA,NA,NA,NA,NA,NA,NA,NA,NA,NA,NA,NA,NA,NA,NA,NA,NA,NA,NA,94,2,"33.30%",1,1,0,"50.00%",1,0,1,0,0,"0.00%",3,3,1,0,0,"FCS",364,364
"Vin Ferrara","HOLY CROSS",37,22.78,"D","DI",2026,"Patriot",56.8,58.7,54.3,NA,0,0,1,0,0,0,1,1,0,0,0,0,0,0,0,0,0,3,5,13,"7.70%","7.70%",3.9,24,4.5,"16.70%","8.30%",4,NA,NA,NA,NA,NA,NA,NA,NA,NA,NA,NA,NA,NA,NA,NA,NA,NA,NA,NA,NA,NA,NA,NA,NA,NA,97,2,"33.30%",0,1,0,"0.00%",2,0,0,0,0,"100%",3,3,0,0,1,"FCS",270,270
"Max Bremer","S ILLINOIS",18,22.76,"D","DI",2026,"Missouri Valley",58.7,59.3,58.1,NA,0,0,1,0,0,0,0,0,0,0,0,0,0,0,0,0,0,1,1,8,"0","0.00%",0,10,4,"10.00%","0",1,NA,NA,NA,NA,NA,NA,NA,NA,NA,NA,NA,NA,NA,NA,NA,NA,NA,NA,NA,NA,NA,NA,NA,NA,NA,49,1,"0.00%",0,1,0,"0.00%",1,0,0,0,0,"0.00%",1,1,0,0,0,"FCS",66,66
"Ramon McCollough Jr.","WOFFORD",36,22.67,"D","DI",2026,"Southern",59.8,63.1,54.5,NA,0,2,0,0,0,0,0,0,0,0,0,0,0,0,0,0,0,0,2,17,"0","0.00%",0,19,0,"10.50%","10.50%",2,NA,NA,NA,NA,NA,NA,NA,NA,NA,NA,NA,NA,NA,NA,NA,NA,NA,NA,NA,NA,NA,NA,NA,NA,NA,66,2,"0.00%",2,0,0,"0.00%",0,2,0,0,0,"0.00%",2,2,0,0,0,"FCS",168,168
"Caldwell Bussey","FURMAN",42,22.55,"D","DI",2026,"Southern",58.8,58,59.4,NA,0,0,1,0,0,0,1,1,0,0,0,0,0,0,0,0,0,2,2,22,"4.50%","4.50%",2.3,20,1,"10.00%","5.00%",2,NA,NA,NA,NA,NA,NA,NA,NA,NA,NA,NA,NA,NA,NA,NA,NA,NA,NA,NA,NA,NA,NA,NA,NA,NA,94,1,"0.00%",0,1,0,"0.00%",1,0,0,0,0,"0.00%",1,1,0,0,0,"FCS",79,79
"AuVon Sager","S DAKOTA",15,22.55,"D","DI",2026,"Missouri Valley",60.6,64.1,55.6,NA,0,0,0,0,0,0,0,0,0,0,0,0,0,0,0,0,0,1,0,10,"0","0.00%",0,5,4,"0","0",0,NA,NA,NA,NA,NA,NA,NA,NA,NA,NA,NA,NA,NA,NA,NA,NA,NA,NA,NA,NA,NA,NA,NA,NA,NA,97,1,"0.00%",0,0,0,"0.00%",1,0,0,0,0,"0.00%",1,1,0,0,0,"FCS",118,118
"Chaz Knox","ELON",33,22.54,"D","DI",2026,"CAA",55,56.1,55.8,NA,0,1,1,0,0,0,0,0,0,0,0,0,0,1,0,0,0,2,2,16,"0","0.00%",0,17,0,"11.80%","17.60%",2,NA,NA,NA,NA,NA,NA,NA,NA,NA,NA,NA,NA,NA,NA,NA,NA,NA,NA,NA,NA,NA,NA,NA,NA,NA,95,2,"33.30%",1,1,1,"33.30%",1,1,1,0,0,"0.00%",3,3,0,0,0,"FCS",267,267
"Josaiah Asuega","MONTANA ST",33,22.47,"D","DI",2026,"Big Sky",57.4,60,54.4,NA,0,1,1,0,0,0,0,0,0,0,0,0,0,0,0,0,0,2,3,17,"0","0.00%",0,16,2.5,"18.80%","12.50%",3,NA,NA,NA,NA,NA,NA,NA,NA,NA,NA,NA,NA,NA,NA,NA,NA,NA,NA,NA,NA,NA,NA,NA,NA,NA,94,3,"0.00%",1,1,0,"0.00%",2,1,0,0,0,"0.00%",3,3,0,0,0,"FCS",277,277
"Lucien Griffin","MERCYHURST",28,22.35,"D","DI",2026,"Northeast",52,58.7,59.7,NA,0,0,0,0,0,0,1,1,0,0,0,0,0,0,0,0,0,1,2,11,"9.10%","9.10%",4.5,17,0,"5.90%","0",1,NA,NA,NA,NA,NA,NA,NA,NA,NA,NA,NA,NA,NA,NA,NA,NA,NA,NA,NA,NA,NA,NA,NA,NA,NA,NA,NA,NA,NA,NA,NA,NA,NA,NA,NA,NA,NA,NA,NA,NA,NA,NA,NA,"FCS",308,308
"Zack Philpott","TOWSON",21,22.35,"D","DI",2026,"CAA",60.8,61.6,57.4,NA,0,0,0,0,0,0,0,0,0,0,0,0,0,0,0,0,0,1,1,7,"0","0.00%",0,14,4,"7.10%","0",1,NA,NA,NA,NA,NA,NA,NA,NA,NA,NA,NA,NA,NA,NA,NA,NA,NA,NA,NA,NA,NA,NA,NA,NA,NA,99,1,"0.00%",0,0,0,"0.00%",1,0,0,0,0,"0.00%",1,1,0,0,0,"FCS",391,391
"Elias Sanders","PRVIEW A&M",24,22.09,"D","DI",2026,"SWAC",61.8,64.8,56.3,NA,0,1,0,0,0,0,0,0,0,0,0,0,0,0,0,0,0,0,0,14,"0","0.00%",0,10,0,"0","0",0,NA,NA,NA,NA,NA,NA,NA,NA,NA,NA,NA,NA,NA,NA,NA,NA,NA,NA,NA,NA,NA,NA,NA,NA,NA,94,1,"0.00%",1,0,0,"0.00%",0,1,0,0,0,"0.00%",1,1,0,0,0,"FCS",22,22
"Cooper Buffington","MONTANA",38,22.08,"D","DI",2026,"Big Sky",51.6,46.4,59.9,60,0,0,1,0,0,0,0,0,1,0,0,0,0,0,0,0,0,1,3,24,"4.20%","0.00%",0,14,5,"21.40%","0",3,NA,NA,NA,NA,NA,NA,NA,NA,NA,NA,NA,NA,NA,NA,NA,NA,NA,NA,NA,NA,NA,NA,NA,NA,NA,91,2,"33.30%",0,0,0,"50.00%",1,0,1,1,0,"0.00%",3,3,0,1,0,"FCS",297,297
"Isaiah Fowler","MCNEESE",37,22.06,"D","DI",2026,"Southland",61,65.1,56,NA,0,1,0,0,0,0,0,0,0,0,0,0,0,0,0,0,0,0,1,26,"0","0.00%",0,11,0,"9.10%","18.20%",1,NA,NA,NA,NA,NA,NA,NA,NA,NA,NA,NA,NA,NA,NA,NA,NA,NA,NA,NA,NA,NA,NA,NA,NA,NA,99,1,"0.00%",1,0,0,"0.00%",0,1,0,0,0,"0.00%",1,1,0,0,0,"FCS",127,127
"Garrett Risley","VALPO",72,22.02,"D","DI",2026,"Pioneer",53.4,46.2,67.1,NA,0,1,0,0,0,0,1,1,1,0,0,0,0,0,0,0,0,1,11,32,"6.30%","3.10%",1.6,40,0,"27.50%","12.50%",11,NA,NA,NA,NA,NA,NA,NA,NA,NA,NA,NA,NA,NA,NA,NA,NA,NA,NA,NA,NA,NA,NA,NA,NA,NA,91,1,"66.70%",1,0,0,"66.70%",0,1,2,0,0,"0.00%",3,3,0,0,0,"FCS",355,355
"Eugene Allen IV","NORFOLK",16,22,"D","DI",2026,"MEAC",59.4,61.5,56.5,NA,0,0,1,0,0,0,0,0,0,0,0,0,0,0,0,0,0,1,1,9,"0","0.00%",0,7,3,"14.30%","14.30%",1,NA,NA,NA,NA,NA,NA,NA,NA,NA,NA,NA,NA,NA,NA,NA,NA,NA,NA,NA,NA,NA,NA,NA,NA,NA,52,1,"0.00%",0,1,0,"0.00%",1,0,0,0,0,"0.00%",1,1,0,0,0,"FCS",380,380
"Jackson Farrell","DUQUESNE",21,21.94,"D","DI",2026,"Northeast",61.8,62.5,58,NA,0,1,0,0,0,0,0,0,0,0,0,0,0,0,0,0,0,0,1,8,"0","0.00%",0,13,0,"7.70%","7.70%",1,NA,NA,NA,NA,NA,NA,NA,NA,NA,NA,NA,NA,NA,NA,NA,NA,NA,NA,NA,NA,NA,NA,NA,NA,NA,54,1,"0.00%",1,0,0,"0.00%",0,1,0,0,0,"0.00%",1,1,0,0,0,"FCS",133,133
"Brendan Bigos","MONMOUTH",31,21.91,"D","DI",2026,"CAA",61.4,65.1,54.7,NA,0,0,1,0,0,0,0,0,0,0,0,0,0,0,0,0,0,1,1,17,"0","0.00%",0,14,2,"7.10%","7.10%",1,NA,NA,NA,NA,NA,NA,NA,NA,NA,NA,NA,NA,NA,NA,NA,NA,NA,NA,NA,NA,NA,NA,NA,NA,NA,90,1,"0.00%",0,1,0,"0.00%",1,0,0,0,0,"0.00%",1,1,0,0,0,"FCS",25,25
"Tyher Howard-Thompson","HAMPTON",41,21.91,"D","DI",2026,"CAA",60.5,61.6,56.3,60,0,1,0,0,0,0,0,0,0,0,0,0,0,0,0,0,0,0,1,19,"0","0.00%",0,22,0,"4.50%","0",1,NA,NA,NA,NA,NA,NA,NA,NA,NA,NA,NA,NA,NA,NA,NA,NA,NA,NA,NA,NA,NA,NA,NA,NA,NA,58,1,"0.00%",1,0,0,"0.00%",0,0,0,0,0,"0.00%",1,1,1,0,0,"FCS",422,422
"Jake Williams","UC DAVIS",16,21.87,"D","DI",2026,"Big Sky",64.6,66.4,57.4,NA,0,0,0,0,0,0,0,0,0,0,0,0,0,0,0,0,0,0,0,11,"0","0.00%",0,5,0,"0","20.00%",0,NA,NA,NA,NA,NA,NA,NA,NA,NA,NA,NA,NA,NA,NA,NA,NA,NA,NA,NA,NA,NA,NA,NA,NA,NA,NA,NA,NA,NA,NA,NA,NA,NA,NA,NA,NA,NA,NA,NA,NA,NA,NA,NA,"FCS",150,150
"Brady Fodor","HOLY CROSS",16,21.72,"D","DI",2026,"Patriot",52.9,59.6,57.8,60,0,0,1,0,0,0,0,0,0,0,0,0,0,0,0,0,0,2,2,6,"0","0.00%",0,10,4,"10.00%","0",1,NA,NA,NA,NA,NA,NA,NA,NA,NA,NA,NA,NA,NA,NA,NA,NA,NA,NA,NA,NA,NA,NA,NA,NA,NA,91,1,"50.00%",0,1,0,"0.00%",1,0,0,0,0,"100%",2,2,0,0,1,"FCS",62,62
"Abram Fofana","BETH COOK",18,21.67,"D","DI",2026,"SWAC",61.7,65,55.7,60,0,1,1,0,0,0,0,0,0,0,0,0,0,0,0,0,0,1,1,15,"0","0.00%",0,3,0,"33.30%","66.70%",1,NA,NA,NA,NA,NA,NA,NA,NA,NA,NA,NA,NA,NA,NA,NA,NA,NA,NA,NA,NA,NA,NA,NA,NA,NA,66,1,"50.00%",1,0,0,"50.00%",0,1,1,0,0,"0.00%",2,2,0,0,0,"FCS",199,199
"Jerry Martin","MURRAY ST",23,21.46,"D","DI",2026,"Missouri Valley",63.2,67.6,55.8,NA,0,0,0,0,0,0,0,0,0,0,0,0,0,0,0,0,0,0,0,15,"0","0.00%",0,8,0,"0","12.50%",0,NA,NA,NA,NA,NA,NA,NA,NA,NA,NA,NA,NA,NA,NA,NA,NA,NA,NA,NA,NA,NA,NA,NA,NA,NA,NA,NA,NA,NA,NA,NA,NA,NA,NA,NA,NA,NA,NA,NA,NA,NA,NA,NA,"FCS",375,375
"Titus Miller","SE MO ST",24,21.4,"D","DI",2026,"Big South - OVC Football Association",64.1,68.7,54.8,NA,0,0,0,0,0,0,0,0,0,0,0,0,0,0,0,0,0,0,0,12,"0","0.00%",0,12,0,"0","8.30%",0,NA,NA,NA,NA,NA,NA,NA,NA,NA,NA,NA,NA,NA,NA,NA,NA,NA,NA,NA,NA,NA,NA,NA,NA,NA,NA,NA,NA,NA,NA,NA,NA,NA,NA,NA,NA,NA,NA,NA,NA,NA,NA,NA,"FCS",203,203
"Rayvon Murray","LIUSHAR",22,21.4,"D","DI",2026,"Northeast",61.6,64.2,55.8,NA,0,1,0,0,0,0,0,0,0,0,0,0,0,0,0,0,0,1,0,10,"0","0.00%",0,12,0,"0","0",0,NA,NA,NA,NA,NA,NA,NA,NA,NA,NA,NA,NA,NA,NA,NA,NA,NA,NA,NA,NA,NA,NA,NA,NA,NA,99,1,"0.00%",1,0,0,"0.00%",0,1,0,0,0,"0.00%",1,1,0,0,0,"FCS",407,407
"AJ Koukou","VILLANOVA",32,21.36,"D","DI",2026,"Patriot",59.5,56.3,55.6,63.9,0,0,1,0,0,0,1,1,0,0,0,0,0,0,0,1,0,1,3,18,"0","5.60%",2.8,14,2,"21.40%","14.30%",3,NA,NA,NA,NA,NA,NA,NA,NA,NA,NA,NA,NA,NA,NA,NA,NA,NA,NA,NA,NA,NA,NA,NA,NA,NA,50,1,"0.00%",0,1,0,"0.00%",1,0,0,0,0,"0.00%",1,1,0,0,0,"FCS",177,177
"Tevita Pekipaki","WEBER ST",34,21.34,"D","DI",2026,"Big Sky",59.3,60.5,56.4,60,0,1,0,0,0,0,0,0,0,0,0,0,0,0,0,0,0,0,1,20,"0","0.00%",0,14,0,"7.10%","0",1,NA,NA,NA,NA,NA,NA,NA,NA,NA,NA,NA,NA,NA,NA,NA,NA,NA,NA,NA,NA,NA,NA,NA,NA,NA,95,1,"0.00%",1,0,0,"0.00%",0,0,0,0,0,"0.00%",1,1,1,0,0,"FCS",414,414
"Amir Dwight","S ILLINOIS",48,21.32,"D","DI",2026,"Missouri Valley",56,60.3,52.6,60.2,0,0,1,0,0,0,0,0,0,0,0,0,0,1,0,0,0,1,1,29,"0","0.00%",0,17,0,"5.90%","0",1,2,0,"0.00%",0,0,0,0,0,0,0,0,0,"50.00%",0,0,0,0,0,"0.00%","0.00%","0.00%","0.00%",0,0,"0.00%",94,1,"0.00%",0,1,1,"0.00%",1,0,0,0,0,"0.00%",1,1,0,0,0,"FCS",67,67
"Chase Robinson","HAMPTON",17,21.06,"D","DI",2026,"CAA",51.9,64.4,57.9,NA,0,0,0,0,0,0,0,0,0,0,0,0,0,0,0,0,0,1,1,6,"0","0.00%",0,11,0,"9.10%","0",1,NA,NA,NA,NA,NA,NA,NA,NA,NA,NA,NA,NA,NA,NA,NA,NA,NA,NA,NA,NA,NA,NA,NA,NA,NA,NA,NA,NA,NA,NA,NA,NA,NA,NA,NA,NA,NA,NA,NA,NA,NA,NA,NA,"FCS",269,269
"Pete Melle","NEWHVN",22,21.02,"D","DI",2026,"Northeast",53.9,51.5,63.1,NA,0,0,0,0,0,0,0,0,1,0,0,0,0,0,0,0,0,0,3,7,"14.30%","0.00%",0,15,0,"20.00%","6.70%",3,NA,NA,NA,NA,NA,NA,NA,NA,NA,NA,NA,NA,NA,NA,NA,NA,NA,NA,NA,NA,NA,NA,NA,NA,NA,NA,NA,NA,NA,NA,NA,NA,NA,NA,NA,NA,NA,NA,NA,NA,NA,NA,NA,"FCS",23,23
"Christopher Harvey","PRVIEW A&M",15,20.96,"D","DI",2026,"SWAC",60,60.9,57.5,NA,0,0,1,0,0,0,0,0,0,0,0,0,0,0,0,0,0,0,1,6,"0","0.00%",0,9,3,"11.10%","11.10%",1,NA,NA,NA,NA,NA,NA,NA,NA,NA,NA,NA,NA,NA,NA,NA,NA,NA,NA,NA,NA,NA,NA,NA,NA,NA,54,1,"50.00%",0,1,0,"50.00%",1,0,1,0,0,"0.00%",2,2,0,0,0,"FCS",5,5
"Sharod Watkins","CENT CT ST",43,20.89,"D","DI",2026,"Northeast",60.9,63.2,55.9,NA,0,1,0,0,0,0,0,0,0,0,0,0,0,0,0,0,0,2,1,21,"0","0.00%",0,22,0,"4.50%","0",1,NA,NA,NA,NA,NA,NA,NA,NA,NA,NA,NA,NA,NA,NA,NA,NA,NA,NA,NA,NA,NA,NA,NA,NA,NA,55,1,"0.00%",1,0,0,"0.00%",0,1,0,0,0,"0.00%",1,1,0,0,0,"FCS",44,44
"Samarion George","TXAMEA",26,20.88,"D","DI",2026,"Southland",63.2,66.6,55.8,NA,0,0,0,0,0,0,0,0,0,0,0,0,0,0,0,0,0,1,0,14,"0","0.00%",0,12,0,"0","8.30%",0,NA,NA,NA,NA,NA,NA,NA,NA,NA,NA,NA,NA,NA,NA,NA,NA,NA,NA,NA,NA,NA,NA,NA,NA,NA,NA,NA,NA,NA,NA,NA,NA,NA,NA,NA,NA,NA,NA,NA,NA,NA,NA,NA,"FCS",171,171
"Israel Lucas","HOWARD",31,20.85,"D","DI",2026,"MEAC",54.9,55.3,56.5,NA,0,0,0,0,0,0,0,0,0,0,0,0,0,0,0,0,0,1,3,10,"0","0.00%",0,21,7,"14.30%","4.80%",3,NA,NA,NA,NA,NA,NA,NA,NA,NA,NA,NA,NA,NA,NA,NA,NA,NA,NA,NA,NA,NA,NA,NA,NA,NA,95,1,"0.00%",0,0,0,"0.00%",1,0,0,0,0,"0.00%",1,1,0,0,0,"FCS",174,174
"BreShun Hall","HAMPTON",20,20.49,"D","DI",2026,"CAA",63.1,63.9,57.5,NA,0,0,0,0,0,0,0,0,0,0,0,0,0,0,0,0,0,0,0,4,"0","0.00%",0,16,0,"0","0",0,NA,NA,NA,NA,NA,NA,NA,NA,NA,NA,NA,NA,NA,NA,NA,NA,NA,NA,NA,NA,NA,NA,NA,NA,NA,NA,NA,NA,NA,NA,NA,NA,NA,NA,NA,NA,NA,NA,NA,NA,NA,NA,NA,"FCS",268,268
"Tyson Shivers","DRAKE",43,20.28,"D","DI",2026,"Pioneer",58.6,62.8,53.8,NA,0,0,2,0,0,0,0,0,0,0,0,0,0,0,0,0,0,3,2,21,"0","0.00%",0,22,2,"9.10%","13.60%",2,NA,NA,NA,NA,NA,NA,NA,NA,NA,NA,NA,NA,NA,NA,NA,NA,NA,NA,NA,NA,NA,NA,NA,NA,NA,93,2,"33.30%",0,2,0,"33.30%",2,0,1,0,0,"0.00%",3,3,0,0,0,"FCS",328,328
"Tyson Toscano","UTAHTC",15,20.28,"D","DI",2026,"Big Sky",60,61.5,56.7,NA,0,0,1,0,0,0,0,0,0,0,0,0,0,0,0,0,0,1,1,5,"0","0.00%",0,10,1,"10.00%","10.00%",1,NA,NA,NA,NA,NA,NA,NA,NA,NA,NA,NA,NA,NA,NA,NA,NA,NA,NA,NA,NA,NA,NA,NA,NA,NA,51,1,"0.00%",0,1,0,"0.00%",1,0,0,0,0,"0.00%",1,1,0,0,0,"FCS",370,370
"Zion Patillo","DUQUESNE",22,20.19,"D","DI",2026,"Northeast",55.7,56.1,57.5,NA,0,1,0,0,0,0,0,0,0,0,0,0,0,0,0,0,0,1,2,14,"0","0.00%",0,8,2,"25.00%","12.50%",2,NA,NA,NA,NA,NA,NA,NA,NA,NA,NA,NA,NA,NA,NA,NA,NA,NA,NA,NA,NA,NA,NA,NA,NA,NA,44,2,"0.00%",1,0,0,"0.00%",1,1,0,0,0,"0.00%",2,2,0,0,0,"FCS",190,190
"Ty Gordon","WM & MARY",38,20.06,"D","DI",2026,"Patriot",58.6,65.5,47.9,NA,0,1,0,0,0,0,1,1,0,0,0,0,0,0,0,1,0,2,2,13,"0","7.70%",3.9,25,0,"4.00%","4.00%",1,NA,NA,NA,NA,NA,NA,NA,NA,NA,NA,NA,NA,NA,NA,NA,NA,NA,NA,NA,NA,NA,NA,NA,NA,NA,9,1,"50.00%",1,0,0,"0.00%",0,1,0,0,0,"100%",2,2,0,0,1,"FCS",103,103
"Keenan Paschall","LNDNWD",15,19.97,"F","DI",2026,"Big South - OVC Football Association",56.8,56.7,60,NA,0,1,0,0,0,0,0,0,0,0,0,0,0,0,0,0,0,2,2,2,"0","0.00%",0,13,0,"15.40%","0",2,NA,NA,NA,NA,NA,NA,NA,NA,NA,NA,NA,NA,NA,NA,NA,NA,NA,NA,NA,NA,NA,NA,NA,NA,NA,95,1,"0.00%",1,0,0,"0.00%",0,1,0,0,0,"0.00%",1,1,0,0,0,"FCS",273,273
"Blake Holmes","NEW HAMP",35,19.88,"F","DI",2026,"CAA",59.9,64.6,54.2,60,0,0,0,0,0,0,0,0,0,0,0,0,0,0,0,0,0,1,0,23,"0","0.00%",0,12,0,"0","0",0,NA,NA,NA,NA,NA,NA,NA,NA,NA,NA,NA,NA,NA,NA,NA,NA,NA,NA,NA,NA,NA,NA,NA,NA,NA,53,1,"0.00%",0,0,0,"0.00%",0,0,0,0,0,"0.00%",1,1,0,1,0,"FCS",300,300
"Malik Butler","MOREHEAD",19,19.84,"F","DI",2026,"Pioneer",61.7,62.3,57.9,NA,0,0,0,0,0,0,0,0,0,0,0,0,0,0,0,0,0,0,1,5,"0","0.00%",0,14,0,"7.10%","0",1,NA,NA,NA,NA,NA,NA,NA,NA,NA,NA,NA,NA,NA,NA,NA,NA,NA,NA,NA,NA,NA,NA,NA,NA,NA,NA,NA,NA,NA,NA,NA,NA,NA,NA,NA,NA,NA,NA,NA,NA,NA,NA,NA,"FCS",384,384
"Kai Baugh","TXAMEA",28,19.73,"F","DI",2026,"Southland",49.5,49.9,55,NA,0,0,0,0,0,0,1,1,0,0,0,0,0,0,0,1,0,0,3,17,"0","5.90%",2.9,11,6,"27.30%","0",3,NA,NA,NA,NA,NA,NA,NA,NA,NA,NA,NA,NA,NA,NA,NA,NA,NA,NA,NA,NA,NA,NA,NA,NA,NA,42,1,"0.00%",0,0,0,"0.00%",1,0,0,0,0,"0.00%",1,1,0,0,0,"FCS",378,378
"Thomas Jolly","YNGTOWN ST",28,19.67,"F","DI",2026,"Missouri Valley",61.8,63.8,56.4,NA,0,0,0,0,0,0,0,0,0,0,0,0,0,0,0,0,0,0,1,13,"0","0.00%",0,15,0,"6.70%","6.70%",1,NA,NA,NA,NA,NA,NA,NA,NA,NA,NA,NA,NA,NA,NA,NA,NA,NA,NA,NA,NA,NA,NA,NA,NA,NA,NA,NA,NA,NA,NA,NA,NA,NA,NA,NA,NA,NA,NA,NA,NA,NA,NA,NA,"FCS",294,294
"Cole Sisson","ALBANY",32,19.65,"F","DI",2026,"CAA",62,63.4,56.7,NA,0,0,0,0,0,0,0,0,0,0,0,0,0,0,0,0,0,1,1,14,"0","0.00%",0,18,0,"5.60%","5.60%",1,NA,NA,NA,NA,NA,NA,NA,NA,NA,NA,NA,NA,NA,NA,NA,NA,NA,NA,NA,NA,NA,NA,NA,NA,NA,NA,NA,NA,NA,NA,NA,NA,NA,NA,NA,NA,NA,NA,NA,NA,NA,NA,NA,"FCS",256,256
"Devin Williams","BRYANT",18,19.56,"F","DI",2026,"CAA",59.6,61.9,56,60,0,0,0,0,0,0,0,0,0,0,0,0,0,0,0,0,0,0,0,14,"0","0.00%",0,4,0,"0","0",0,NA,NA,NA,NA,NA,NA,NA,NA,NA,NA,NA,NA,NA,NA,NA,NA,NA,NA,NA,NA,NA,NA,NA,NA,NA,99,1,"0.00%",0,0,0,"0.00%",0,0,0,0,0,"0.00%",1,1,0,1,0,"FCS",385,385
"Jakoby Diamond","W CAROLINA",22,19.35,"F","DI",2026,"Southern",58.7,59.5,57.5,NA,0,0,0,0,0,0,0,0,0,0,0,0,0,0,0,0,0,1,1,11,"0","0.00%",0,11,2,"9.10%","0",1,NA,NA,NA,NA,NA,NA,NA,NA,NA,NA,NA,NA,NA,NA,NA,NA,NA,NA,NA,NA,NA,NA,NA,NA,NA,91,1,"0.00%",0,0,0,"0.00%",1,0,0,0,0,"0.00%",1,1,0,0,0,"FCS",357,357
"Maximus Tufugafale","SAN DIEGO",24,19.35,"F","DI",2026,"Pioneer",58.3,58.7,57.7,NA,0,0,1,0,0,0,0,0,0,0,0,0,0,0,0,0,0,0,1,11,"0","0.00%",0,13,1,"7.70%","7.70%",1,NA,NA,NA,NA,NA,NA,NA,NA,NA,NA,NA,NA,NA,NA,NA,NA,NA,NA,NA,NA,NA,NA,NA,NA,NA,75,1,"0.00%",0,1,0,"0.00%",1,0,0,0,0,"0.00%",1,1,0,0,0,"FCS",408,408
"Jake Rhodes","MOREHEAD",20,19.11,"F","DI",2026,"Pioneer",60.5,62.6,56.6,NA,0,0,0,0,0,0,0,0,0,0,0,0,0,0,0,0,0,0,0,11,"0","0.00%",0,9,0,"0","0",0,NA,NA,NA,NA,NA,NA,NA,NA,NA,NA,NA,NA,NA,NA,NA,NA,NA,NA,NA,NA,NA,NA,NA,NA,NA,NA,NA,NA,NA,NA,NA,NA,NA,NA,NA,NA,NA,NA,NA,NA,NA,NA,NA,"FCS",125,125
"Broderick Tommie Jr.","TENN MARTN",42,19.1,"F","DI",2026,"Big South - OVC Football Association",60.5,60.3,58.5,NA,0,0,0,0,0,0,0,0,0,0,0,0,0,0,0,0,0,0,2,9,"0","0.00%",0,33,0,"6.10%","0",2,NA,NA,NA,NA,NA,NA,NA,NA,NA,NA,NA,NA,NA,NA,NA,NA,NA,NA,NA,NA,NA,NA,NA,NA,NA,NA,NA,NA,NA,NA,NA,NA,NA,NA,NA,NA,NA,NA,NA,NA,NA,NA,NA,"FCS",121,121
"Dylan Harris","W CAROLINA",18,19.07,"F","DI",2026,"Southern",56.8,56.9,58.8,NA,0,0,1,0,0,0,0,0,0,0,0,0,0,0,0,0,0,1,3,5,"0","0.00%",0,13,1,"23.10%","15.40%",3,NA,NA,NA,NA,NA,NA,NA,NA,NA,NA,NA,NA,NA,NA,NA,NA,NA,NA,NA,NA,NA,NA,NA,NA,NA,47,1,"0.00%",0,1,0,"0.00%",1,0,0,0,0,"0.00%",1,1,0,0,0,"FCS",394,394
"Caleb Larson","STETSON",17,18.86,"F","DI",2026,"Pioneer",59.7,61.8,56.9,NA,0,0,0,0,0,0,0,0,0,0,0,0,0,0,0,0,0,0,0,12,"0","0.00%",0,5,0,"0","0",0,NA,NA,NA,NA,NA,NA,NA,NA,NA,NA,NA,NA,NA,NA,NA,NA,NA,NA,NA,NA,NA,NA,NA,NA,NA,NA,NA,NA,NA,NA,NA,NA,NA,NA,NA,NA,NA,NA,NA,NA,NA,NA,NA,"FCS",411,411
"Jadon Best","CAMPBELL",24,18.85,"F","DI",2026,"CAA",48.1,47.4,57.7,NA,0,1,1,0,0,0,0,0,0,0,0,0,0,0,0,0,0,2,4,10,"0","0.00%",0,14,5.5,"28.60%","7.10%",4,NA,NA,NA,NA,NA,NA,NA,NA,NA,NA,NA,NA,NA,NA,NA,NA,NA,NA,NA,NA,NA,NA,NA,NA,NA,50,3,"25.00%",1,1,0,"25.00%",2,1,1,0,0,"0.00%",3,4,0,0,0,"FCS",336,336
"Manase Tupou","MONTANA",32,18.83,"F","DI",2026,"Big Sky",56.4,57,55.7,60,0,0,1,0,0,0,0,0,0,0,0,0,0,0,0,0,0,2,3,15,"0","0.00%",0,17,3,"17.60%","11.80%",3,NA,NA,NA,NA,NA,NA,NA,NA,NA,NA,NA,NA,NA,NA,NA,NA,NA,NA,NA,NA,NA,NA,NA,NA,NA,95,1,"0.00%",0,0,0,"0.00%",1,0,0,0,0,"0.00%",1,1,0,0,0,"FCS",147,147
"Immanuel Hawkins","PRVIEW A&M",16,18.81,"F","DI",2026,"SWAC",50.7,62.8,56,60,0,0,0,0,0,0,0,0,0,0,0,0,0,0,0,0,0,0,1,7,"0","0.00%",0,9,0,"0","0",0,NA,NA,NA,NA,NA,NA,NA,NA,NA,NA,NA,NA,NA,NA,NA,NA,NA,NA,NA,NA,NA,NA,NA,NA,NA,NA,NA,NA,NA,NA,NA,NA,NA,NA,NA,NA,NA,NA,NA,NA,NA,NA,NA,"FCS",140,140
"Andrew Zook","LNDNWD",33,18.64,"F","DI",2026,"Big South - OVC Football Association",56.1,57.1,55.7,NA,0,2,0,0,0,0,0,0,0,0,0,0,0,0,0,0,0,2,2,13,"0","0.00%",0,20,0,"10.00%","5.00%",2,NA,NA,NA,NA,NA,NA,NA,NA,NA,NA,NA,NA,NA,NA,NA,NA,NA,NA,NA,NA,NA,NA,NA,NA,NA,98,2,"33.30%",2,0,0,"33.30%",0,2,1,0,0,"0.00%",3,3,0,0,0,"FCS",72,72
"Kyran Bourda","LAMAR",23,18.63,"F","DI",2026,"Southland",52.5,55.4,54.1,NA,0,0,1,0,0,0,0,0,0,0,0,0,0,0,0,0,0,2,2,17,"0","0.00%",0,6,4.5,"33.30%","16.70%",2,NA,NA,NA,NA,NA,NA,NA,NA,NA,NA,NA,NA,NA,NA,NA,NA,NA,NA,NA,NA,NA,NA,NA,NA,NA,23,2,"0.00%",0,1,0,"0.00%",2,0,0,0,0,"0.00%",2,2,0,0,0,"FCS",106,106
"Dorian Royal","ALBANY",22,18.06,"F","DI",2026,"CAA",59.2,59.7,57.5,NA,0,0,0,0,0,0,0,0,0,0,0,0,0,0,0,0,0,0,1,7,"0","0.00%",0,15,0,"6.70%","0",1,NA,NA,NA,NA,NA,NA,NA,NA,NA,NA,NA,NA,NA,NA,NA,NA,NA,NA,NA,NA,NA,NA,NA,NA,NA,NA,NA,NA,NA,NA,NA,NA,NA,NA,NA,NA,NA,NA,NA,NA,NA,NA,NA,"FCS",6,6
"Adam DeSantis","COLGATE",24,17.92,"F","DI",2026,"Patriot",55.3,49.9,56.2,60,0,2,0,0,0,0,0,0,0,0,0,0,1,0,0,0,0,0,3,11,"0","0.00%",0,13,0,"23.10%","0",3,NA,NA,NA,NA,NA,NA,NA,NA,NA,NA,NA,NA,NA,NA,NA,NA,NA,NA,NA,NA,NA,NA,NA,NA,NA,96,2,"0.00%",2,0,0,"0.00%",0,2,0,0,0,"0.00%",2,2,0,0,0,"FCS",250,250
"Zevon Shipman","SO UTAH",15,17.79,"F","DI",2026,"Big Sky",58.1,59,57.7,NA,0,0,0,0,0,0,0,0,0,0,0,0,0,0,0,0,0,0,1,7,"0","0.00%",0,8,0,"12.50%","0",1,NA,NA,NA,NA,NA,NA,NA,NA,NA,NA,NA,NA,NA,NA,NA,NA,NA,NA,NA,NA,NA,NA,NA,NA,NA,NA,NA,NA,NA,NA,NA,NA,NA,NA,NA,NA,NA,NA,NA,NA,NA,NA,NA,"FCS",410,410
"Andres Rodriguez","N COLORADO",21,17.56,"F","DI",2026,"Big Sky",55.7,57.7,55.7,NA,0,1,0,0,0,0,0,0,0,0,0,0,0,0,0,0,0,0,1,13,"0","0.00%",0,8,0,"12.50%","0",1,NA,NA,NA,NA,NA,NA,NA,NA,NA,NA,NA,NA,NA,NA,NA,NA,NA,NA,NA,NA,NA,NA,NA,NA,NA,90,1,"0.00%",1,0,0,"0.00%",0,1,0,0,0,"0.00%",1,1,0,0,0,"FCS",279,279
"Duston Chavis","TENN MARTN",42,17.38,"F","DI",2026,"Big South - OVC Football Association",59.4,59.4,58,NA,0,1,0,0,0,0,0,0,0,0,0,0,0,0,0,0,0,3,5,9,"0","0.00%",0,33,0,"15.20%","9.10%",5,NA,NA,NA,NA,NA,NA,NA,NA,NA,NA,NA,NA,NA,NA,NA,NA,NA,NA,NA,NA,NA,NA,NA,NA,NA,23,1,"66.70%",1,0,0,"66.70%",0,1,2,0,0,"0.00%",3,3,0,0,0,"FCS",318,318
"Kiernen Sheehan","STETSON",18,17.38,"F","DI",2026,"Pioneer",57.9,59.5,56.7,NA,0,0,0,0,0,0,0,0,0,0,0,0,0,0,0,0,0,0,1,8,"0","0.00%",0,10,0,"10.00%","0",1,NA,NA,NA,NA,NA,NA,NA,NA,NA,NA,NA,NA,NA,NA,NA,NA,NA,NA,NA,NA,NA,NA,NA,NA,NA,NA,NA,NA,NA,NA,NA,NA,NA,NA,NA,NA,NA,NA,NA,NA,NA,NA,NA,"FCS",352,352
"Nakobi Spurrier","W GEORGIA",27,17.36,"F","DI",2026,"United Athletic",49,48.8,57.1,NA,0,2,0,0,0,0,1,1,0,0,0,0,0,0,0,0,1,2,5,8,"0","0.00%",0,19,0,"26.30%","15.80%",5,NA,NA,NA,NA,NA,NA,NA,NA,NA,NA,NA,NA,NA,NA,NA,NA,NA,NA,NA,NA,NA,NA,NA,NA,NA,98,2,"33.30%",2,0,0,"33.30%",0,2,1,0,0,"0.00%",2,3,0,0,0,"FCS",142,142
"Sam Christensen","S DAK ST",20,17.36,"F","DI",2026,"Missouri Valley",52.3,52.9,57,NA,0,0,1,0,0,0,0,0,0,0,0,0,0,0,0,0,0,1,3,8,"0","0.00%",0,12,3,"25.00%","8.30%",3,NA,NA,NA,NA,NA,NA,NA,NA,NA,NA,NA,NA,NA,NA,NA,NA,NA,NA,NA,NA,NA,NA,NA,NA,NA,57,1,"0.00%",0,1,0,"0.00%",1,0,0,0,0,"0.00%",1,1,0,0,0,"FCS",351,351
"Ashtin Rustemeyer","LNDNWD",39,17.33,"F","DI",2026,"Big South - OVC Football Association",60.3,63,53.7,60,0,0,0,0,0,0,0,0,0,0,0,0,0,0,0,0,0,0,3,16,"0","0.00%",0,23,0,"13.00%","13.00%",3,NA,NA,NA,NA,NA,NA,NA,NA,NA,NA,NA,NA,NA,NA,NA,NA,NA,NA,NA,NA,NA,NA,NA,NA,NA,NA,NA,NA,NA,NA,NA,NA,NA,NA,NA,NA,NA,NA,NA,NA,NA,NA,NA,"FCS",14,14
"Marquan Saddler Jr.","STHLSK",33,17.28,"F","DI",2026,"Northeast",56.2,58,55.3,NA,0,0,1,0,0,0,0,0,0,0,0,0,0,0,0,0,0,1,3,15,"0","0.00%",0,18,1,"16.70%","5.60%",3,NA,NA,NA,NA,NA,NA,NA,NA,NA,NA,NA,NA,NA,NA,NA,NA,NA,NA,NA,NA,NA,NA,NA,NA,NA,99,1,"0.00%",0,1,0,"0.00%",1,0,0,0,0,"0.00%",1,1,0,0,0,"FCS",283,283
"Cidney Johnson","W ILLINOIS",25,17.2,"F","DI",2026,"Big South - OVC Football Association",52,50.3,59.3,NA,0,0,0,0,0,0,1,1,0,0,0,0,0,0,0,0,0,0,3,11,"9.10%","9.10%",4.5,14,0,"21.40%","0",3,NA,NA,NA,NA,NA,NA,NA,NA,NA,NA,NA,NA,NA,NA,NA,NA,NA,NA,NA,NA,NA,NA,NA,NA,NA,NA,NA,NA,NA,NA,NA,NA,NA,NA,NA,NA,NA,NA,NA,NA,NA,NA,NA,"FCS",70,70
"Preston Hamilton","GARD-WEBB",33,16.89,"F","DI",2026,"Big South - OVC Football Association",58.4,60.2,55.4,59.7,0,0,0,0,0,0,0,0,0,0,0,0,0,0,0,0,0,3,2,8,"0","0.00%",0,24,0,"8.30%","8.30%",2,1,0,"0.00%",0,0,0,0,0,0,0,0,0,"100%",0,0,0,0,0,"0.00%","0.00%","0.00%","0.00%",0,0,"0.00%",NA,NA,NA,NA,NA,NA,NA,NA,NA,NA,NA,NA,NA,NA,NA,NA,NA,NA,"FCS",50,50
"Blake Jensen","UTAHTC",16,16.64,"F","DI",2026,"Big Sky",56.4,57.5,57.3,NA,0,0,0,0,0,0,0,0,0,0,0,0,0,0,0,0,0,0,1,6,"0","0.00%",0,10,0,"10.00%","0",1,NA,NA,NA,NA,NA,NA,NA,NA,NA,NA,NA,NA,NA,NA,NA,NA,NA,NA,NA,NA,NA,NA,NA,NA,NA,NA,NA,NA,NA,NA,NA,NA,NA,NA,NA,NA,NA,NA,NA,NA,NA,NA,NA,"FCS",396,396
"Molik Mason","PRVIEW A&M",42,16.49,"F","DI",2026,"SWAC",57.8,60.6,54.5,NA,0,0,0,0,0,0,0,0,0,0,0,0,0,0,0,0,0,1,1,21,"0","0.00%",0,21,0,"4.80%","0",1,NA,NA,NA,NA,NA,NA,NA,NA,NA,NA,NA,NA,NA,NA,NA,NA,NA,NA,NA,NA,NA,NA,NA,NA,NA,NA,NA,NA,NA,NA,NA,NA,NA,NA,NA,NA,NA,NA,NA,NA,NA,NA,NA,"FCS",28,28
"Michael Joiner Jr.","ALABAMA ST",23,16.44,"F","DI",2026,"SWAC",55.7,55.6,58.6,NA,0,0,0,0,0,0,0,0,0,0,0,0,0,0,0,0,0,0,2,6,"0","0.00%",0,17,0,"11.80%","0",2,NA,NA,NA,NA,NA,NA,NA,NA,NA,NA,NA,NA,NA,NA,NA,NA,NA,NA,NA,NA,NA,NA,NA,NA,NA,NA,NA,NA,NA,NA,NA,NA,NA,NA,NA,NA,NA,NA,NA,NA,NA,NA,NA,"FCS",170,170
"Carlos Sanders","MCNEESE",24,16.43,"F","DI",2026,"Southland",53.1,54.1,56,NA,0,0,1,0,0,0,0,0,0,0,0,0,0,0,0,0,0,0,2,18,"0","0.00%",0,6,2,"33.30%","16.70%",2,NA,NA,NA,NA,NA,NA,NA,NA,NA,NA,NA,NA,NA,NA,NA,NA,NA,NA,NA,NA,NA,NA,NA,NA,NA,92,1,"0.00%",0,1,0,"0.00%",1,0,0,0,0,"0.00%",1,1,0,0,0,"FCS",82,82
"Malik Moses","NORFOLK",29,16.37,"F","DI",2026,"MEAC",54.2,54.4,57,NA,0,0,1,0,0,0,0,0,0,0,0,0,0,0,0,0,0,1,3,14,"0","0.00%",0,15,1,"20.00%","6.70%",3,NA,NA,NA,NA,NA,NA,NA,NA,NA,NA,NA,NA,NA,NA,NA,NA,NA,NA,NA,NA,NA,NA,NA,NA,NA,8,1,"0.00%",0,1,0,"0.00%",1,0,0,0,0,"0.00%",1,1,0,0,0,"FCS",206,206
"Jaylin Johnson","SACR HEART",23,16.25,"F","DI",2026,"CAA",54.3,55.8,55.4,NA,0,1,0,0,0,0,0,0,0,0,0,0,0,0,0,0,0,0,2,10,"0","0.00%",0,13,0,"15.40%","0",2,NA,NA,NA,NA,NA,NA,NA,NA,NA,NA,NA,NA,NA,NA,NA,NA,NA,NA,NA,NA,NA,NA,NA,NA,NA,10,1,"0.00%",1,0,0,"0.00%",0,1,0,0,0,"0.00%",1,1,0,0,0,"FCS",119,119
"Jake East","IDAHO ST",38,16.08,"F","DI",2026,"Big Sky",55.3,58.2,55.9,59.5,0,0,0,0,0,0,0,0,0,0,0,0,0,0,0,0,0,0,2,16,"0","0.00%",0,21,0,"9.50%","0",2,1,0,"0.00%",0,0,0,0,0,0,0,0,0,"100%",0,0,0,0,0,"0.00%","0.00%","0.00%","0.00%",0,0,"0.00%",NA,NA,NA,NA,NA,NA,NA,NA,NA,NA,NA,NA,NA,NA,NA,NA,NA,NA,"FCS",239,239
"Adewola Adeniyi","TEXAS STHN",15,15.95,"F","DI",2026,"SWAC",52.4,53.3,57.7,NA,0,0,0,0,0,0,1,1,0,0,0,0,0,0,0,0,0,1,3,6,"0","0.00%",0,9,0,"33.30%","22.20%",3,NA,NA,NA,NA,NA,NA,NA,NA,NA,NA,NA,NA,NA,NA,NA,NA,NA,NA,NA,NA,NA,NA,NA,NA,NA,NA,NA,NA,NA,NA,NA,NA,NA,NA,NA,NA,NA,NA,NA,NA,NA,NA,NA,"FCS",417,417
"Mario Kljajic","CAMPBELL",23,15.88,"F","DI",2026,"CAA",50.9,46.2,64.1,NA,0,0,0,0,0,0,1,1,0,0,0,0,0,0,0,0,0,1,3,11,"9.10%","9.10%",4.5,12,0,"25.00%","8.30%",3,NA,NA,NA,NA,NA,NA,NA,NA,NA,NA,NA,NA,NA,NA,NA,NA,NA,NA,NA,NA,NA,NA,NA,NA,NA,91,0,"100%",0,0,0,"100%",0,0,1,0,0,"0.00%",1,1,0,0,0,"FCS",261,261
"James Dunnemann II","FORDHAM",35,15.87,"F","DI",2026,"Patriot",60.1,61.3,56.3,NA,0,0,0,0,0,0,0,0,0,0,0,0,0,0,0,0,0,0,3,11,"0","0.00%",0,24,0,"12.50%","12.50%",3,NA,NA,NA,NA,NA,NA,NA,NA,NA,NA,NA,NA,NA,NA,NA,NA,NA,NA,NA,NA,NA,NA,NA,NA,NA,96,0,"100%",0,0,0,"100%",0,0,1,0,0,"0.00%",1,1,0,0,0,"FCS",344,344
"Nico Guerra","TEXAS STHN",30,15.73,"F","DI",2026,"SWAC",38.7,37.3,56.1,NA,0,1,1,0,0,0,0,0,0,0,0,0,0,0,0,0,0,0,7,12,"0","0.00%",0,18,7.67,"38.90%","5.60%",7,NA,NA,NA,NA,NA,NA,NA,NA,NA,NA,NA,NA,NA,NA,NA,NA,NA,NA,NA,NA,NA,NA,NA,NA,NA,95,4,"0.00%",1,1,0,"0.00%",3,1,0,0,0,"0.00%",4,4,0,0,0,"FCS",252,252
"Gavin Rowell","W CAROLINA",20,15.69,"F","DI",2026,"Southern",55.3,58.5,55.1,NA,0,0,0,0,0,0,0,0,0,0,0,0,0,0,0,0,0,0,1,12,"0","0.00%",0,8,0,"12.50%","0",1,NA,NA,NA,NA,NA,NA,NA,NA,NA,NA,NA,NA,NA,NA,NA,NA,NA,NA,NA,NA,NA,NA,NA,NA,NA,NA,NA,NA,NA,NA,NA,NA,NA,NA,NA,NA,NA,NA,NA,NA,NA,NA,NA,"FCS",139,139
"Hadley Holmes","DRAKE",15,15.64,"F","DI",2026,"Pioneer",53.3,53.5,59.2,NA,0,0,0,0,0,0,0,0,0,0,0,0,0,0,0,0,0,0,2,5,"0","0.00%",0,10,0,"20.00%","0",2,NA,NA,NA,NA,NA,NA,NA,NA,NA,NA,NA,NA,NA,NA,NA,NA,NA,NA,NA,NA,NA,NA,NA,NA,NA,NA,NA,NA,NA,NA,NA,NA,NA,NA,NA,NA,NA,NA,NA,NA,NA,NA,NA,"FCS",193,193
"Shamir Boyd","TOWSON",30,15.62,"F","DI",2026,"CAA",56.1,57.3,56,NA,0,0,0,0,0,0,0,0,0,0,0,0,0,0,0,0,0,0,2,15,"0","0.00%",0,15,0,"13.30%","6.70%",2,NA,NA,NA,NA,NA,NA,NA,NA,NA,NA,NA,NA,NA,NA,NA,NA,NA,NA,NA,NA,NA,NA,NA,NA,NA,NA,NA,NA,NA,NA,NA,NA,NA,NA,NA,NA,NA,NA,NA,NA,NA,NA,NA,"FCS",92,92
"Jeremiah Shelby","WOFFORD",27,15.62,"F","DI",2026,"Southern",55.7,56.7,56.5,NA,0,0,0,0,0,0,0,0,0,0,0,0,0,0,0,0,0,0,2,15,"0","0.00%",0,12,0,"16.70%","8.30%",2,NA,NA,NA,NA,NA,NA,NA,NA,NA,NA,NA,NA,NA,NA,NA,NA,NA,NA,NA,NA,NA,NA,NA,NA,NA,NA,NA,NA,NA,NA,NA,NA,NA,NA,NA,NA,NA,NA,NA,NA,NA,NA,NA,"FCS",372,372
"Abraham Clinkscales","STNY BROOK",23,15.33,"F","DI",2026,"CAA",43.8,62.2,50,60,0,0,0,0,0,0,1,1,0,0,0,0,0,0,0,1,0,0,2,18,"0","5.60%",2.8,5,0,"0","0",0,NA,NA,NA,NA,NA,NA,NA,NA,NA,NA,NA,NA,NA,NA,NA,NA,NA,NA,NA,NA,NA,NA,NA,NA,NA,55,0,"100%",0,0,0,"0.00%",0,0,0,0,0,"100%",2,2,0,0,2,"FCS",52,52
"Jaylyn Spencer","CENT ARK",15,15.25,"F","DI",2026,"United Athletic",53.5,55.7,56.8,NA,0,0,0,0,0,0,0,0,0,0,0,0,0,0,0,0,0,0,1,11,"0","0.00%",0,4,0,"25.00%","0",1,NA,NA,NA,NA,NA,NA,NA,NA,NA,NA,NA,NA,NA,NA,NA,NA,NA,NA,NA,NA,NA,NA,NA,NA,NA,NA,NA,NA,NA,NA,NA,NA,NA,NA,NA,NA,NA,NA,NA,NA,NA,NA,NA,"FCS",262,262
"Logan Barnes","WAGNER",27,15.16,"F","DI",2026,"Northeast",55.3,56.5,56,NA,0,0,0,0,0,0,0,0,0,0,0,0,0,0,0,0,0,0,2,12,"0","0.00%",0,15,0,"13.30%","0",2,NA,NA,NA,NA,NA,NA,NA,NA,NA,NA,NA,NA,NA,NA,NA,NA,NA,NA,NA,NA,NA,NA,NA,NA,NA,NA,NA,NA,NA,NA,NA,NA,NA,NA,NA,NA,NA,NA,NA,NA,NA,NA,NA,"FCS",58,58
"Tristen Graham","NEW HAMP",24,14.88,"F","DI",2026,"CAA",52.3,53.8,55.1,NA,0,1,0,0,0,0,0,0,0,0,0,0,0,0,0,0,0,0,2,15,"0","0.00%",0,9,0,"22.20%","0",2,NA,NA,NA,NA,NA,NA,NA,NA,NA,NA,NA,NA,NA,NA,NA,NA,NA,NA,NA,NA,NA,NA,NA,NA,NA,5,1,"0.00%",1,0,0,"0.00%",0,1,0,0,0,"0.00%",1,1,0,0,0,"FCS",205,205
"Joshua White","N ALABAMA",20,14.4,"F","DI",2026,"United Athletic",53.3,54,57,NA,0,0,0,0,0,0,0,0,0,0,0,0,0,0,0,0,0,0,2,7,"0","0.00%",0,13,0,"15.40%","0",2,NA,NA,NA,NA,NA,NA,NA,NA,NA,NA,NA,NA,NA,NA,NA,NA,NA,NA,NA,NA,NA,NA,NA,NA,NA,NA,NA,NA,NA,NA,NA,NA,NA,NA,NA,NA,NA,NA,NA,NA,NA,NA,NA,"FCS",17,17
"Tyler Owens","NEWHVN",35,14.35,"F","DI",2026,"Northeast",54.7,55.7,55.5,NA,0,0,0,0,0,0,0,0,0,0,0,0,0,0,0,0,0,0,1,18,"0","0.00%",0,17,0,"5.90%","0",1,NA,NA,NA,NA,NA,NA,NA,NA,NA,NA,NA,NA,NA,NA,NA,NA,NA,NA,NA,NA,NA,NA,NA,NA,NA,NA,NA,NA,NA,NA,NA,NA,NA,NA,NA,NA,NA,NA,NA,NA,NA,NA,NA,"FCS",419,419
"Xavier Perkins","FL A&M",30,14.34,"F","DI",2026,"SWAC",46.4,41.9,61.5,NA,0,0,0,0,0,0,0,0,1,0,0,0,0,0,0,0,0,0,4,14,"7.10%","0.00%",0,16,0,"25.00%","0",4,NA,NA,NA,NA,NA,NA,NA,NA,NA,NA,NA,NA,NA,NA,NA,NA,NA,NA,NA,NA,NA,NA,NA,NA,NA,NA,NA,NA,NA,NA,NA,NA,NA,NA,NA,NA,NA,NA,NA,NA,NA,NA,NA,"FCS",56,56
"Habib Bello","SOUTHERN U",19,13.87,"F","DI",2026,"SWAC",54.2,54.5,59.1,NA,0,0,0,0,0,0,0,0,0,0,0,0,0,0,0,0,0,2,3,2,"0","0.00%",0,17,0,"17.60%","5.90%",3,NA,NA,NA,NA,NA,NA,NA,NA,NA,NA,NA,NA,NA,NA,NA,NA,NA,NA,NA,NA,NA,NA,NA,NA,NA,95,0,"100%",0,0,0,"100%",0,0,1,0,0,"0.00%",1,1,0,0,0,"FCS",74,74
"Brooks Maile","N COLORADO",40,13.84,"F","DI",2026,"Big Sky",43,41.2,55.2,NA,0,1,2,0,0,0,0,0,0,0,0,0,0,0,0,0,0,2,6,16,"0","0.00%",0,24,3,"25.00%","8.30%",6,NA,NA,NA,NA,NA,NA,NA,NA,NA,NA,NA,NA,NA,NA,NA,NA,NA,NA,NA,NA,NA,NA,NA,NA,NA,55,3,"0.00%",1,2,0,"0.00%",2,1,0,0,0,"0.00%",3,3,0,0,0,"FCS",16,16
"Michael Marshall","FL A&M",34,13.71,"F","DI",2026,"SWAC",35.4,32.9,56.1,NA,0,3,0,0,0,0,0,0,0,0,0,0,0,0,0,0,0,4,8,14,"0","0.00%",0,20,6,"40.00%","5.00%",8,NA,NA,NA,NA,NA,NA,NA,NA,NA,NA,NA,NA,NA,NA,NA,NA,NA,NA,NA,NA,NA,NA,NA,NA,NA,55,4,"20.00%",3,0,0,"20.00%",1,3,1,0,0,"0.00%",5,5,0,0,0,"FCS",11,11
"Nathan Moorehead","WAGNER",27,13.59,"F","DI",2026,"Northeast",49.6,49.6,56.4,NA,0,0,1,0,0,0,0,0,0,0,0,0,0,1,0,0,0,2,3,11,"0","0.00%",0,16,-3,"18.80%","6.30%",3,NA,NA,NA,NA,NA,NA,NA,NA,NA,NA,NA,NA,NA,NA,NA,NA,NA,NA,NA,NA,NA,NA,NA,NA,NA,90,1,"50.00%",0,1,1,"50.00%",1,0,1,0,0,"0.00%",2,2,0,0,0,"FCS",160,160
"De'Myrion Johnson","SOUTHERN U",22,13.46,"F","DI",2026,"SWAC",43.6,38.7,63.3,NA,0,0,0,0,0,0,1,1,0,0,0,0,0,0,0,0,0,1,5,10,"10.00%","10.00%",5,12,0,"41.70%","0",5,NA,NA,NA,NA,NA,NA,NA,NA,NA,NA,NA,NA,NA,NA,NA,NA,NA,NA,NA,NA,NA,NA,NA,NA,NA,NA,NA,NA,NA,NA,NA,NA,NA,NA,NA,NA,NA,NA,NA,NA,NA,NA,NA,"FCS",144,144
"Tevita Paongo","WEBER ST",33,12.64,"F","DI",2026,"Big Sky",44.7,51,56.2,NA,0,1,0,0,0,0,0,0,0,0,0,0,0,0,0,0,0,1,3,20,"0","0.00%",0,13,0,"15.40%","0",2,NA,NA,NA,NA,NA,NA,NA,NA,NA,NA,NA,NA,NA,NA,NA,NA,NA,NA,NA,NA,NA,NA,NA,NA,NA,98,1,"50.00%",1,0,0,"50.00%",0,1,1,0,0,"0.00%",2,2,0,0,0,"FCS",392,392
"Brenden LeBlanc","E TENN ST",29,12.3,"F","DI",2026,"Southern",49,48.7,55.9,NA,0,0,1,0,0,0,0,0,0,0,0,0,0,0,0,0,0,1,2,14,"0","0.00%",0,15,1,"13.30%","6.70%",2,NA,NA,NA,NA,NA,NA,NA,NA,NA,NA,NA,NA,NA,NA,NA,NA,NA,NA,NA,NA,NA,NA,NA,NA,NA,91,1,"0.00%",0,1,0,"0.00%",1,0,0,0,0,"0.00%",1,1,0,0,0,"FCS",96,96
"Semaj Fluellyn","W GEORGIA",35,12.25,"F","DI",2026,"United Athletic",50.5,49.8,57.4,NA,0,0,0,0,0,0,0,0,0,0,0,0,0,0,0,0,0,1,5,11,"0","0.00%",0,24,0,"20.80%","4.20%",5,NA,NA,NA,NA,NA,NA,NA,NA,NA,NA,NA,NA,NA,NA,NA,NA,NA,NA,NA,NA,NA,NA,NA,NA,NA,NA,NA,NA,NA,NA,NA,NA,NA,NA,NA,NA,NA,NA,NA,NA,NA,NA,NA,"FCS",420,420
"Dakari Harris","TXAMEA",35,11.46,"F","DI",2026,"Southland",48.9,48.5,54.6,NA,0,1,0,0,0,0,0,0,0,0,0,0,0,0,0,0,0,0,3,21,"0","0.00%",0,14,0,"21.40%","7.10%",3,NA,NA,NA,NA,NA,NA,NA,NA,NA,NA,NA,NA,NA,NA,NA,NA,NA,NA,NA,NA,NA,NA,NA,NA,NA,78,1,"0.00%",1,0,0,"0.00%",0,1,0,0,0,"0.00%",1,1,0,0,0,"FCS",388,388
"D'Shawn Kirby","YNGTOWN ST",19,11.12,"F","DI",2026,"Missouri Valley",51.8,52.5,56.8,NA,0,0,0,0,0,0,0,0,0,0,0,0,0,0,0,0,0,1,1,9,"0","0.00%",0,10,0,"10.00%","0",1,NA,NA,NA,NA,NA,NA,NA,NA,NA,NA,NA,NA,NA,NA,NA,NA,NA,NA,NA,NA,NA,NA,NA,NA,NA,97,0,"100%",0,0,0,"100%",0,0,1,0,0,"0.00%",1,1,0,0,0,"FCS",333,333
"KJ Hardesty","MOREHEAD",24,10.01,"F","DI",2026,"Pioneer",40.6,38.8,55.6,NA,0,0,1,0,0,0,0,0,0,0,0,0,0,1,0,0,0,1,4,14,"0","0.00%",0,10,-1,"40.00%","10.00%",4,NA,NA,NA,NA,NA,NA,NA,NA,NA,NA,NA,NA,NA,NA,NA,NA,NA,NA,NA,NA,NA,NA,NA,NA,NA,54,1,"0.00%",0,1,1,"0.00%",1,0,0,0,0,"0.00%",1,1,0,0,0,"FCS",309,309
"Kannon Matthews","DRAKE",16,9.88,"F","DI",2026,"Pioneer",44.3,45,58,NA,0,0,0,0,0,0,0,0,0,0,0,0,0,0,0,0,0,0,4,4,"0","0.00%",0,12,0,"33.30%","8.30%",4,NA,NA,NA,NA,NA,NA,NA,NA,NA,NA,NA,NA,NA,NA,NA,NA,NA,NA,NA,NA,NA,NA,NA,NA,NA,NA,NA,NA,NA,NA,NA,NA,NA,NA,NA,NA,NA,NA,NA,NA,NA,NA,NA,"FCS",49,49
"Antwan Hogue Jr.","MOREHEAD",18,9.78,"F","DI",2026,"Pioneer",46.4,46.5,56.6,NA,0,0,0,0,0,0,0,0,0,0,0,0,0,0,0,0,0,0,2,11,"0","0.00%",0,7,0,"28.60%","0",2,NA,NA,NA,NA,NA,NA,NA,NA,NA,NA,NA,NA,NA,NA,NA,NA,NA,NA,NA,NA,NA,NA,NA,NA,NA,NA,NA,NA,NA,NA,NA,NA,NA,NA,NA,NA,NA,NA,NA,NA,NA,NA,NA,"FCS",382,382
"Jalen Nicolas","W ILLINOIS",17,9.01,"F","DI",2026,"Big South - OVC Football Association",45.8,47.7,54.5,NA,0,0,0,0,0,0,0,0,0,0,0,0,0,0,0,0,0,0,2,11,"0","0.00%",0,6,0,"33.30%","0",2,NA,NA,NA,NA,NA,NA,NA,NA,NA,NA,NA,NA,NA,NA,NA,NA,NA,NA,NA,NA,NA,NA,NA,NA,NA,NA,NA,NA,NA,NA,NA,NA,NA,NA,NA,NA,NA,NA,NA,NA,NA,NA,NA,"FCS",291,291
"Reece Satterwhite","LNDNWD",27,8.6,"F","DI",2026,"Big South - OVC Football Association",46.4,46.5,54.9,NA,0,0,0,0,0,0,0,0,0,0,0,0,0,0,0,0,0,0,3,13,"0","0.00%",0,14,0,"21.40%","0",3,NA,NA,NA,NA,NA,NA,NA,NA,NA,NA,NA,NA,NA,NA,NA,NA,NA,NA,NA,NA,NA,NA,NA,NA,NA,NA,NA,NA,NA,NA,NA,NA,NA,NA,NA,NA,NA,NA,NA,NA,NA,NA,NA,"FCS",274,274
"Logan Candis","NORFOLK",26,8.23,"F","DI",2026,"MEAC",29.5,28.2,57.6,NA,0,0,0,0,0,0,0,0,0,0,0,0,0,0,0,0,0,1,9,11,"0","0.00%",0,15,11,"60.00%","6.70%",9,NA,NA,NA,NA,NA,NA,NA,NA,NA,NA,NA,NA,NA,NA,NA,NA,NA,NA,NA,NA,NA,NA,NA,NA,NA,65,1,"50.00%",0,0,0,"50.00%",1,0,1,0,0,"0.00%",2,2,0,0,0,"FCS",360,360
"Davis Prichard","CAMPBELL",29,8.19,"F","DI",2026,"CAA",40.7,40.3,53.6,NA,0,1,1,0,0,0,0,0,0,0,0,0,0,0,0,0,0,0,3,14,"0","0.00%",0,15,2,"20.00%","0",3,NA,NA,NA,NA,NA,NA,NA,NA,NA,NA,NA,NA,NA,NA,NA,NA,NA,NA,NA,NA,NA,NA,NA,NA,NA,27,2,"33.30%",1,1,0,"33.30%",1,1,1,0,0,"0.00%",3,3,0,0,0,"FCS",387,387
"Braeden Snavely","NORFOLK",20,8.01,"F","DI",2026,"MEAC",47,47.5,56.5,NA,0,0,0,0,0,0,0,0,0,0,0,0,0,0,0,0,0,2,3,6,"0","0.00%",0,14,0,"21.40%","7.10%",3,NA,NA,NA,NA,NA,NA,NA,NA,NA,NA,NA,NA,NA,NA,NA,NA,NA,NA,NA,NA,NA,NA,NA,NA,NA,40,0,"100%",0,0,0,"100%",0,0,1,0,0,"0.00%",1,1,0,0,0,"FCS",379,379
"Adrian Stone","W CAROLINA",31,7.78,"F","DI",2026,"Southern",44.6,41.5,57.9,NA,0,0,0,0,0,0,0,0,0,0,0,0,0,0,0,0,0,0,5,17,"0","0.00%",0,14,0,"35.70%","0",5,NA,NA,NA,NA,NA,NA,NA,NA,NA,NA,NA,NA,NA,NA,NA,NA,NA,NA,NA,NA,NA,NA,NA,NA,NA,NA,NA,NA,NA,NA,NA,NA,NA,NA,NA,NA,NA,NA,NA,NA,NA,NA,NA,"FCS",167,167
"Jason Seraphin","HOWARD",34,7.71,"F","DI",2026,"MEAC",42.4,41.3,57.2,NA,0,1,0,0,0,0,0,0,0,0,0,0,0,0,0,0,0,2,7,11,"0","0.00%",0,23,0,"30.40%","4.30%",7,NA,NA,NA,NA,NA,NA,NA,NA,NA,NA,NA,NA,NA,NA,NA,NA,NA,NA,NA,NA,NA,NA,NA,NA,NA,9,1,"50.00%",1,0,0,"50.00%",0,1,1,0,0,"0.00%",2,2,0,0,0,"FCS",31,31
"Jordan Jones","CAMPBELL",30,7.55,"F","DI",2026,"CAA",45.5,35.7,55.2,66.1,0,0,1,0,0,0,0,0,0,0,0,0,0,1,0,0,0,1,3,18,"0","0.00%",0,12,0,"25.00%","0",3,NA,NA,NA,NA,NA,NA,NA,NA,NA,NA,NA,NA,NA,NA,NA,NA,NA,NA,NA,NA,NA,NA,NA,NA,NA,15,1,"0.00%",0,0,0,"0.00%",0,0,0,1,1,"0.00%",1,1,0,1,0,"FCS",260,260
"Kai Brown","SOUTHERN U",17,7.41,"F","DI",2026,"SWAC",40.6,40.5,57,NA,0,0,1,0,0,0,0,0,0,0,0,0,0,0,0,0,0,1,3,8,"0","0.00%",0,9,3,"33.30%","11.10%",3,NA,NA,NA,NA,NA,NA,NA,NA,NA,NA,NA,NA,NA,NA,NA,NA,NA,NA,NA,NA,NA,NA,NA,NA,NA,48,1,"66.70%",0,1,0,"66.70%",1,0,2,0,0,"0.00%",3,3,0,0,0,"FCS",315,315
"Jayden Wilson-Abrams","E TENN ST",35,6.99,"F","DI",2026,"Southern",42,32.7,54.9,65.9,0,2,0,0,0,0,0,0,0,0,0,0,0,0,0,0,0,0,5,19,"0","0.00%",0,16,0,"31.30%","0",5,NA,NA,NA,NA,NA,NA,NA,NA,NA,NA,NA,NA,NA,NA,NA,NA,NA,NA,NA,NA,NA,NA,NA,NA,NA,22,2,"0.00%",2,0,0,"0.00%",0,1,0,0,0,"0.00%",2,2,1,0,0,"FCS",151,151
"Chris Smith","WAGNER",22,4.91,"F","DI",2026,"Northeast",39,38.1,56.6,NA,0,0,0,0,0,0,0,0,0,0,0,0,0,0,0,0,0,1,4,10,"0","0.00%",0,12,0,"33.30%","8.30%",4,NA,NA,NA,NA,NA,NA,NA,NA,NA,NA,NA,NA,NA,NA,NA,NA,NA,NA,NA,NA,NA,NA,NA,NA,NA,NA,NA,NA,NA,NA,NA,NA,NA,NA,NA,NA,NA,NA,NA,NA,NA,NA,NA,"FCS",162,162
"Jay Culbreth","W GEORGIA",18,4.2,"F","DI",2026,"United Athletic",34.3,35.2,58,NA,0,0,0,0,0,0,0,0,0,0,0,0,0,0,0,0,0,1,7,3,"0","0.00%",0,15,0,"46.70%","6.70%",7,NA,NA,NA,NA,NA,NA,NA,NA,NA,NA,NA,NA,NA,NA,NA,NA,NA,NA,NA,NA,NA,NA,NA,NA,NA,NA,NA,NA,NA,NA,NA,NA,NA,NA,NA,NA,NA,NA,NA,NA,NA,NA,NA,"FCS",129,129
"Seni Tuiaki","SO UTAH",29,3.24,"F","DI",2026,"Big Sky",35.4,32.2,57.1,NA,0,0,0,0,0,0,0,0,0,0,0,0,0,0,0,0,0,1,5,13,"0","0.00%",0,16,2,"31.30%","6.30%",5,NA,NA,NA,NA,NA,NA,NA,NA,NA,NA,NA,NA,NA,NA,NA,NA,NA,NA,NA,NA,NA,NA,NA,NA,NA,55,1,"0.00%",0,0,0,"0.00%",1,0,0,0,0,"0.00%",1,1,0,0,0,"FCS",8,8
"Garrison Butler","FURMAN",27,3.02,"F","DI",2026,"Southern",28.7,28.7,60.3,NA,0,0,0,0,0,1,0,1,0,0,0,0,0,0,0,0,0,2,6,14,"7.10%","7.10%",3.6,13,0,"38.50%","0",5,NA,NA,NA,NA,NA,NA,NA,NA,NA,NA,NA,NA,NA,NA,NA,NA,NA,NA,NA,NA,NA,NA,NA,NA,NA,7,0,"100%",0,0,0,"100%",0,0,2,0,0,"0.00%",2,2,0,0,0,"FCS",183,183
"Jason Bush Jr.","GRAMBLING",19,2.42,"F","DI",2026,"SWAC",35.5,33.7,56.7,NA,0,0,0,0,0,0,0,0,0,0,0,0,0,0,0,0,0,1,3,10,"0","0.00%",0,9,0,"33.30%","0",3,NA,NA,NA,NA,NA,NA,NA,NA,NA,NA,NA,NA,NA,NA,NA,NA,NA,NA,NA,NA,NA,NA,NA,NA,NA,NA,NA,NA,NA,NA,NA,NA,NA,NA,NA,NA,NA,NA,NA,NA,NA,NA,NA,"FCS",346,346
"Paul Gatley","FL A&M",22,2.3,"F","DI",2026,"SWAC",38.3,37.3,56.8,NA,0,0,0,0,0,0,0,0,0,0,0,0,0,0,0,0,0,1,5,10,"0","0.00%",0,12,0,"41.70%","0",5,NA,NA,NA,NA,NA,NA,NA,NA,NA,NA,NA,NA,NA,NA,NA,NA,NA,NA,NA,NA,NA,NA,NA,NA,NA,96,0,"100%",0,0,0,"100%",0,0,1,0,0,"0.00%",1,1,0,0,0,"FCS",424,424
"Adrien Medine","FL A&M",30,1.51,"F","DI",2026,"SWAC",30.5,28.7,56.8,NA,0,1,0,0,0,0,0,0,0,0,0,0,0,0,0,0,0,0,8,14,"0","0.00%",0,16,0,"50.00%","0",8,NA,NA,NA,NA,NA,NA,NA,NA,NA,NA,NA,NA,NA,NA,NA,NA,NA,NA,NA,NA,NA,NA,NA,NA,NA,93,1,"0.00%",1,0,0,"0.00%",0,1,0,0,0,"0.00%",1,1,0,0,0,"FCS",343,343
"Darren Scott","SOUTHERN U",20,0.38,"F","DI",2026,"SWAC",32.7,30.3,56.6,NA,0,0,0,0,0,0,0,0,0,0,0,0,0,0,0,0,0,0,4,10,"0","0.00%",0,10,0,"40.00%","0",4,NA,NA,NA,NA,NA,NA,NA,NA,NA,NA,NA,NA,NA,NA,NA,NA,NA,NA,NA,NA,NA,NA,NA,NA,NA,NA,NA,NA,NA,NA,NA,NA,NA,NA,NA,NA,NA,NA,NA,NA,NA,NA,NA,"FCS",316,316
"Dantey Menard","NORFOLK",29,0.13,"F","DI",2026,"MEAC",30.3,28.9,57.4,NA,0,0,0,0,0,0,0,0,0,0,0,0,0,0,0,0,0,0,9,12,"0","0.00%",0,17,0,"52.90%","0",9,NA,NA,NA,NA,NA,NA,NA,NA,NA,NA,NA,NA,NA,NA,NA,NA,NA,NA,NA,NA,NA,NA,NA,NA,NA,NA,NA,NA,NA,NA,NA,NA,NA,NA,NA,NA,NA,NA,NA,NA,NA,NA,NA,"FCS",115,115
"Fernando Jeanty","W CAROLINA",41,0,"F","DI",2026,"Southern",35,29.8,55.7,NA,0,1,0,0,0,0,0,0,0,0,0,0,0,0,0,0,0,1,7,21,"0","0.00%",0,20,0,"35.00%","0",7,NA,NA,NA,NA,NA,NA,NA,NA,NA,NA,NA,NA,NA,NA,NA,NA,NA,NA,NA,NA,NA,NA,NA,NA,NA,97,1,"50.00%",1,0,0,"50.00%",0,1,1,0,0,"0.00%",2,2,0,0,0,"FCS",371,371
